cr,topk_total,group_old_total
20,4989.49951171875,5119.794921875
30,7102.8017578125,7259.42529296875
40,9143.2041015625,9241.9443359375
50,11113.990234375,11206.6171875
60,13060.4814453125,13121.654296875
70,14959.2021484375,14995.20703125
80,16785.560546875,16810.34375
90,18544.4296875,18543.771484375
