0
1
3
4
7
9
11
12
13
21
23
24
27
30
32
33
34
35
36
39
41
43
45
47
49
52
53
55
57
59
60
65
67
76
78
81
83
86
87
88
89
92
94
95
102
104
108
109
110
112
113
114
115
118
119
120
124
125
128
129
130
131
132
134
135
136
139
143
144
145
146
150
155
157
158
159
160
162
163
164
165
167
168
169
171
177
183
184
191
193
196
197
200
201
203
204
206
207
209
210
211
212
214
217
218
219
222
224
226
228
234
235
236
238
242
243
245
246
249
250
252
253
254
261
262
263
264
265
267
269
270
272
274
275
278
279
282
283
284
286
288
290
295
297
298
299
300
301
305
308
309
315
316
317
320
321
322
324
326
327
328
333
334
335
336
337
339
342
352
353
354
355
357
358
359
360
361
362
363
364
367
371
375
377
380
381
384
385
387
388
390
392
393
395
397
398
400
403
405
409
410
412
413
416
417
419
420
421
422
425
427
430
431
434
436
439
441
442
448
449
456
459
461
462
463
464
466
467
468
470
471
474
475
476
478
479
480
481
484
486
489
491
493
500
502
503
507
509
510
512
515
516
517
518
520
522
527
529
530
532
535
536
537
538
540
541
542
543
544
545
546
548
549
550
551
553
554
555
556
558
559
560
561
562
563
564
566
567
568
569
572
580
583
586
589
592
595
596
602
604
605
609
610
611
612
613
614
616
618
622
623
624
627
628
629
630
635
636
638
639
640
642
643
645
650
651
655
657
658
660
661
662
664
666
669
670
671
675
676
677
678
680
681
682
683
684
686
687
688
690
691
694
697
698
699
700
701
703
704
709
710
712
713
716
719
724
727
733
734
735
738
740
742
744
745
748
752
753
754
755
756
758
760
762
763
764
768
770
774
777
780
782
783
786
788
790
791
792
794
795
797
799
800
802
804
805
806
807
808
809
812
813
814
818
819
820
823
824
825
827
828
829
831
832
833
835
836
838
840
849
850
851
856
857
860
861
864
865
866
868
869
871
872
873
874
875
878
880
881
883
884
885
887
889
892
893
895
899
902
907
908
909
910
912
913
914
916
917
919
921
925
926
927
931
933
934
935
937
943
944
945
946
948
949
950
952
954
955
956
957
959
960
963
964
967
969
970
972
975
979
982
983
984
985
986
987
989
990
991
992
995
996
999
1002
1003
1004
1005
1006
1008
1009
1012
1015
1016
1018
1019
1020
1027
1028
1029
1031
1033
1034
1036
1037
1039
1040
1046
1049
1050
1051
1054
1058
1061
1062
1063
1065
1066
1070
1071
1072
1079
1082
1085
1086
1089
1091
1095
1096
1097
1099
1101
1102
1105
1107
1108
1109
1114
1116
1118
1120
1123
1125
1128
1130
1131
1132
1133
1137
1138
1139
1141
1142
1143
1144
1145
1146
1149
1150
1151
1154
1155
1156
1164
1165
1167
1171
1174
1175
1176
1177
1180
1183
1185
1186
1187
1188
1192
1194
1198
1199
1200
1207
1213
1214
1219
1221
1222
1223
1224
1227
1230
1231
1232
1233
1234
1235
1236
1237
1239
1243
1244
1246
1252
1257
1259
1260
1263
1265
1271
1274
1275
1277
1278
1280
1281
1283
1285
1286
1287
1288
1289
1292
1293
1295
1296
1300
1301
1304
1305
1308
1309
1312
1313
1314
1316
1318
1321
1323
1324
1326
1328
1331
1332
1336
1337
1339
1340
1341
1342
1344
1351
1352
1353
1357
1361
1362
1365
1367
1368
1369
1370
1374
1375
1377
1382
1383
1384
1385
1386
1387
1390
1395
1397
1400
1401
1402
1403
1412
1418
1419
1420
1421
1422
1424
1425
1426
1428
1431
1432
1438
1439
1440
1442
1443
1444
1445
1448
1449
1450
1451
1452
1455
1464
1468
1471
1473
1476
1477
1479
1481
1484
1485
1488
1489
1490
1493
1494
1495
1497
1500
1502
1503
1504
1505
1506
1507
1511
1512
1514
1516
1517
1518
1525
1528
1536
1538
1539
1543
1544
1545
1546
1548
1550
1553
1554
1558
1562
1563
1566
1567
1569
1571
1572
1573
1574
1575
1576
1580
1582
1584
1585
1586
1587
1590
1594
1596
1598
1603
1604
1606
1608
1612
1615
1616
1617
1619
1621
1626
1627
1628
1629
1631
1632
1639
1643
1647
1649
1651
1653
1656
1657
1659
1660
1661
1662
1667
1672
1674
1676
1677
1678
1681
1683
1685
1686
1690
1691
1692
1696
1697
1700
1703
1704
1708
1709
1713
1715
1718
1721
1722
1724
1727
1731
1732
1733
1734
1736
1737
1738
1740
1741
1743
1744
1745
1746
1748
1751
1753
1756
1758
1764
1765
1766
1768
1770
1773
1774
1775
1776
1778
1779
1780
1781
1783
1786
1790
1792
1793
1794
1795
1796
1797
1798
1800
1802
1805
1806
1807
1808
1811
1812
1813
1815
1816
1817
1818
1819
1826
1828
1830
1831
1832
1836
1838
1840
1841
1842
1843
1844
1846
1849
1850
1853
1857
1859
1860
1862
1864
1865
1867
1868
1869
1871
1875
1877
1878
1879
1880
1882
1883
1884
1886
1887
1891
1892
1893
1895
1897
1898
1899
1900
1902
1904
1906
1908
1909
1910
1912
1918
1920
1921
1922
1923
1924
1925
1929
1930
1933
1936
1938
1942
1943
1944
1946
1947
1948
1952
1953
1954
1955
1956
1959
1960
1966
1967
1968
1974
1976
1978
1979
1982
1984
1987
1988
1989
1993
1995
1996
1998
1999
2002
2003
2007
2008
2009
2011
2014
2017
2018
2020
2023
2024
2027
2029
2031
2033
2037
2039
2042
2047
2049
2052
2053
2054
2059
2063
2064
2066
2070
2072
2077
2079
2080
2081
2082
2083
2084
2086
2090
2092
2093
2095
2096
2098
2101
2102
2105
2107
2108
2110
2113
2117
2118
2121
2122
2124
2125
2128
2129
2131
2134
2138
2139
2140
2141
2142
2145
2148
2149
2150
2152
2155
2157
2158
2159
2165
2166
2168
2169
2171
2174
2175
2176
2177
2179
2182
2187
2188
2189
2190
2192
2193
2195
2196
2199
2201
2202
2203
2204
2205
2206
2210
2214
2215
2218
2221
2229
2230
2231
2232
2233
2234
2236
2237
2248
2250
2252
2253
2255
2256
2258
2259
2260
2261
2263
2264
2266
2267
2269
2270
2272
2275
2276
2279
2285
2287
2289
2291
2292
2293
2294
2297
2300
2301
2302
2305
2306
2307
2309
2312
2313
2315
2316
2318
2319
2321
2322
2325
2329
2333
2334
2337
2342
2343
2344
2346
2349
2351
2353
2354
2357
2359
2362
2364
2366
2368
2369
2370
2372
2373
2374
2375
2376
2379
2380
2383
2385
2387
2388
2393
2395
2396
2397
2399
2400
2402
2405
2406
2407
2408
2409
2411
2416
2418
2422
2424
2427
2428
2430
2433
2434
2435
2436
2437
2438
2440
2441
2443
2444
2447
2450
2451
2452
2455
2458
2460
2461
2463
2467
2468
2469
2471
2472
2475
2476
2478
2479
2481
2483
2484
2485
2487
2488
2489
2490
2492
2500
2503
2504
2506
2510
2511
2512
2515
2518
2519
2521
2522
2523
2530
2535
2536
2538
2541
2543
2544
2545
2546
2547
2548
2551
2553
2554
2557
2558
2559
2560
2563
2564
2565
2568
2569
2570
2572
2574
2578
2581
2582
2584
2586
2587
2588
2590
2592
2596
2597
2599
2600
2602
2603
2605
2607
2609
2611
2612
2614
2615
2616
2621
2623
2625
2626
2630
2631
2633
2634
2637
2640
2641
2645
2646
2647
2651
2654
2655
2657
2659
2660
2662
2664
2666
2667
2668
2673
2674
2675
2678
2679
2681
2683
2684
2688
2690
2693
2694
2697
2699
2700
2701
2702
2704
2705
2706
2708
2709
2712
2714
2717
2718
2720
2721
2722
2723
2725
2730
2731
2732
2733
2734
2735
2738
2739
2741
2742
2744
2746
2747
2748
2749
2752
2753
2755
2756
2760
2761
2762
2765
2767
2769
2770
2774
2776
2778
2779
2781
2784
2787
2789
2792
2796
2797
2798
2799
2802
2803
2804
2805
2806
2807
2808
2809
2811
2813
2814
2815
2819
2820
2821
2822
2823
2824
2826
2829
2830
2833
2835
2836
2838
2840
2842
2843
2844
2845
2848
2849
2850
2851
2853
2854
2855
2859
2860
2861
2864
2865
2866
2867
2868
2869
2870
2871
2872
2873
2876
2878
2879
2880
2882
2884
2885
2886
2888
2890
2891
2892
2893
2897
2902
2903
2905
2908
2910
2912
2913
2918
2919
2921
2922
2923
2930
2932
2934
2935
2936
2938
2940
2941
2942
2943
2944
2946
2948
2951
2952
2954
2955
2956
2957
2958
2959
2960
2961
2962
2963
2964
2966
2967
2969
2971
2978
2982
2983
2988
2989
2990
2991
2992
2993
2997
2998
2999
3000
3008
3011
3012
3013
3015
3017
3018
3020
3027
3028
3029
3030
3031
3034
3035
3036
3037
3041
3042
3043
3044
3045
3046
3047
3048
3050
3051
3052
3056
3058
3062
3063
3064
3066
3073
3074
3075
3077
3079
3081
3082
3083
3084
3085
3086
3087
3092
3096
3097
3099
3101
3102
3103
3105
3111
3112
3113
3118
3119
3121
3124
3128
3131
3132
3133
3134
3135
3136
3137
3141
3142
3145
3146
3147
3148
3153
3155
3158
3161
3164
3165
3166
3169
3173
3174
3175
3176
3179
3181
3185
3187
3188
3189
3190
3191
3192
3193
3194
3197
3198
3200
3202
3203
3204
3207
3208
3209
3210
3212
3213
3214
3217
3219
3220
3222
3223
3224
3225
3226
3231
3232
3233
3237
3238
3243
3244
3245
3251
3252
3254
3256
3258
3260
3262
3263
3264
3265
3266
3272
3274
3276
3277
3278
3279
3280
3285
3286
3287
3290
3296
3297
3298
3303
3306
3307
3308
3311
3312
3314
3315
3316
3318
3321
3324
3325
3328
3329
3331
3333
3338
3341
3342
3351
3357
3358
3359
3361
3364
3365
3368
3370
3372
3375
3380
3383
3384
3385
3387
3390
3394
3396
3398
3399
3400
3401
3402
3403
3406
3408
3411
3412
3413
3414
3418
3419
3423
3424
3425
3426
3431
3434
3437
3438
3440
3441
3443
3446
3447
3449
3450
3451
3454
3456
3458
3461
3463
3464
3466
3467
3468
3472
3477
3478
3479
3483
3485
3489
3490
3491
3492
3493
3496
3497
3503
3507
3508
3509
3510
3513
3515
3518
3520
3523
3524
3529
3531
3532
3533
3534
3537
3539
3542
3543
3545
3547
3550
3553
3555
3556
3557
3559
3560
3561
3562
3565
3566
3569
3570
3574
3576
3577
3579
3581
3582
3583
3584
3585
3586
3588
3589
3590
3591
3594
3599
3600
3602
3603
3606
3607
3608
3609
3611
3613
3614
3616
3617
3620
3621
3623
3624
3625
3627
3628
3630
3631
3632
3635
3637
3638
3642
3643
3644
3648
3649
3650
3653
3654
3656
3658
3659
3660
3663
3664
3666
3669
3670
3671
3673
3674
3675
3676
3680
3681
3682
3683
3684
3686
3689
3692
3694
3695
3697
3700
3702
3704
3706
3707
3709
3712
3714
3716
3719
3720
3726
3727
3728
3735
3737
3738
3739
3741
3742
3743
3744
3748
3749
3750
3751
3754
3755
3758
3761
3765
3766
3768
3770
3773
3774
3775
3777
3780
3781
3782
3783
3788
3789
3790
3793
3794
3797
3798
3799
3802
3804
3807
3808
3809
3811
3812
3814
3817
3818
3822
3825
3826
3828
3833
3835
3836
3843
3844
3845
3847
3850
3851
3853
3854
3855
3857
3862
3863
3865
3868
3869
3870
3875
3876
3879
3881
3882
3883
3884
3885
3888
3890
3891
3895
3896
3899
3902
3903
3904
3905
3909
3910
3912
3913
3917
3918
3921
3922
3923
3924
3928
3929
3932
3933
3934
3938
3939
3942
3943
3947
3950
3954
3955
3957
3960
3961
3962
3963
3964
3966
3971
3974
3975
3976
3977
3982
3983
3984
3985
3986
3988
3990
3991
3992
3993
3994
3995
3996
3998
3999
4002
4004
4005
4007
4008
4011
4012
4013
4014
4017
4020
4021
4023
4026
4027
4028
4030
4033
4035
4036
4037
4038
4040
4041
4042
4044
4045
4048
4049
4050
4054
4056
4057
4058
4062
4065
4066
4067
4069
4071
4073
4076
4077
4078
4081
4082
4083
4084
4085
4088
4090
4091
4093
4095
4099
4102
4103
4106
4108
4109
4110
4112
4114
4121
4122
4125
4126
4127
4132
4135
4136
4138
4139
4140
4141
4144
4147
4149
4152
4153
4154
4158
4160
4165
4166
4168
4169
4171
4172
4174
4176
4179
4181
4183
4185
4189
4190
4194
4195
4196
4197
4199
4201
4202
4204
4209
4212
4213
4214
4215
4218
4220
4222
4224
4229
4230
4233
4234
4235
4236
4239
4240
4243
4244
4245
4248
4250
4251
4252
4253
4254
4259
4261
4264
4265
4267
4268
4274
4275
4277
4278
4279
4280
4281
4282
4285
4289
4292
4293
4294
4295
4296
4297
4299
4303
4305
4306
4307
4312
4313
4314
4316
4318
4319
4324
4326
4327
4328
4330
4331
4333
4335
4338
4341
4342
4347
4348
4349
4353
4355
4360
4364
4369
4371
4372
4374
4375
4376
4380
4384
4386
4388
4389
4390
4393
4394
4399
4400
4403
4406
4408
4413
4422
4423
4424
4425
4426
4427
4428
4429
4430
4441
4443
4446
4447
4448
4450
4451
4454
4456
4457
4461
4462
4464
4466
4471
4472
4474
4477
4479
4480
4481
4483
4484
4485
4486
4487
4488
4496
4504
4505
4506
4507
4512
4513
4515
4516
4517
4518
4519
4520
4521
4522
4524
4525
4526
4529
4530
4532
4536
4540
4542
4543
4544
4546
4547
4549
4551
4554
4555
4556
4557
4559
4560
4561
4562
4564
4567
4568
4569
4573
4576
4577
4579
4580
4582
4583
4585
4587
4593
4594
4597
4598
4601
4603
4607
4608
4609
4611
4612
4613
4614
4617
4619
4621
4623
4625
4626
4631
4632
4639
4642
4643
4644
4645
4647
4649
4650
4655
4658
4659
4661
4663
4664
4669
4672
4673
4675
4677
4678
4679
4681
4683
4684
4685
4686
4690
4692
4694
4696
4697
4700
4702
4703
4704
4705
4707
4709
4712
4714
4718
4719
4720
4724
4727
4728
4729
4733
4734
4739
4741
4744
4745
4746
4747
4749
4752
4755
4757
4759
4761
4762
4763
4765
4768
4770
4772
4775
4776
4777
4781
4783
4784
4785
4786
4787
4789
4790
4791
4798
4799
4802
4803
4804
4805
4806
4810
4815
4818
4823
4826
4829
4831
4832
4835
4836
4841
4842
4846
4848
4850
4851
4852
4855
4856
4857
4858
4859
4865
4866
4867
4871
4876
4878
4879
4882
4883
4884
4885
4888
4889
4891
4893
4897
4898
4899
4900
4901
4903
4905
4907
4909
4913
4914
4915
4918
4919
4921
4926
4927
4930
4932
4933
4934
4938
4939
4940
4943
4944
4948
4949
4950
4953
4956
4959
4960
4961
4962
4963
4965
4966
4967
4968
4969
4974
4979
4981
4984
4986
4988
4990
4991
4992
4994
4995
4996
4997
4998
5002
5004
5006
5007
5009
5013
5016
5017
5026
5028
5031
5032
5036
5039
5040
5041
5042
5044
5045
5048
5050
5054
5055
5056
5058
5059
5060
5061
5064
5067
5068
5071
5073
5077
5079
5081
5082
5083
5087
5088
5089
5090
5091
5094
5097
5102
5104
5105
5106
5108
5110
5111
5112
5113
5114
5115
5116
5117
5122
5123
5125
5126
5128
5129
5134
5138
5139
5140
5141
5143
5144
5147
5150
5151
5153
5159
5160
5161
5163
5164
5166
5168
5171
5176
5177
5178
5179
5180
5183
5184
5185
5187
5188
5190
5192
5194
5196
5197
5198
5200
5203
5204
5205
5208
5210
5213
5214
5219
5220
5221
5222
5226
5227
5228
5229
5230
5231
5232
5233
5234
5236
5238
5239
5240
5243
5245
5246
5247
5249
5254
5255
5256
5262
5265
5266
5268
5269
5272
5273
5274
5276
5279
5280
5281
5282
5284
5286
5288
5290
5292
5294
5295
5296
5298
5299
5300
5302
5307
5310
5313
5316
5317
5321
5324
5326
5330
5331
5332
5334
5336
5337
5338
5340
5343
5345
5347
5348
5351
5354
5359
5361
5362
5366
5367
5371
5373
5374
5375
5376
5381
5382
5384
5386
5387
5389
5390
5391
5392
5393
5394
5399
5401
5405
5406
5407
5409
5413
5415
5416
5421
5423
5424
5426
5427
5429
5434
5435
5436
5437
5438
5439
5441
5443
5444
5445
5447
5448
5451
5452
5454
5457
5459
5460
5461
5465
5468
5470
5471
5474
5476
5477
5480
5481
5483
5485
5487
5488
5489
5491
5493
5494
5496
5497
5500
5501
5502
5504
5506
5507
5508
5510
5511
5514
5515
5518
5520
5521
5523
5528
5529
5533
5534
5535
5536
5538
5539
5551
5553
5555
5556
5557
5558
5559
5560
5561
5565
5566
5568
5569
5573
5579
5580
5582
5583
5586
5589
5590
5591
5594
5595
5599
5602
5603
5604
5607
5608
5609
5616
5621
5622
5625
5627
5629
5630
5631
5635
5637
5640
5641
5642
5644
5649
5653
5656
5657
5661
5662
5664
5665
5670
5671
5672
5673
5676
5679
5680
5683
5686
5689
5690
5691
5693
5694
5695
5696
5697
5698
5702
5704
5706
5707
5708
5709
5710
5713
5715
5718
5720
5722
5725
5726
5727
5730
5731
5732
5734
5735
5736
5737
5738
5742
5743
5745
5746
5748
5754
5759
5761
5762
5765
5768
5769
5770
5771
5772
5774
5775
5778
5779
5780
5782
5783
5784
5786
5787
5788
5789
5790
5795
5797
5798
5800
5801
5802
5803
5804
5805
5807
5813
5816
5817
5818
5820
5824
5826
5828
5829
5830
5831
5835
5836
5838
5841
5843
5844
5848
5850
5852
5853
5856
5857
5860
5861
5864
5866
5868
5871
5872
5873
5874
5876
5877
5882
5883
5884
5886
5887
5889
5891
5892
5898
5900
5901
5905
5908
5917
5918
5919
5920
5923
5928
5929
5932
5936
5938
5939
5941
5942
5946
5947
5948
5949
5960
5961
5963
5969
5973
5974
5975
5976
5977
5981
5983
5985
5986
5987
5988
5989
5991
5995
5996
5997
5998
6000
6001
6003
6004
6005
6007
6008
6009
6011
6013
6017
6018
6021
6024
6027
6029
6035
6038
6040
6043
6044
6045
6046
6052
6053
6054
6055
6056
6058
6060
6063
6064
6065
6071
6072
6074
6078
6084
6085
6086
6087
6088
6089
6091
6093
6094
6095
6096
6097
6100
6101
6103
6104
6105
6106
6109
6111
6112
6113
6115
6118
6119
6125
6127
6129
6130
6134
6136
6137
6138
6139
6140
6141
6142
6143
6145
6150
6151
6153
6154
6157
6160
6163
6165
6166
6168
6170
6173
6177
6179
6180
6182
6185
6186
6188
6189
6191
6192
6196
6200
6201
6202
6203
6205
6206
6207
6209
6211
6213
6214
6215
6216
6217
6218
6223
6229
6230
6235
6236
6237
6238
6239
6240
6241
6245
6246
6248
6251
6252
6253
6255
6256
6259
6260
6261
6264
6265
6266
6267
6272
6275
6276
6278
6280
6282
6283
6284
6285
6286
6287
6292
6293
6294
6297
6298
6300
6301
6302
6304
6306
6307
6310
6312
6315
6316
6319
6320
6322
6324
6326
6327
6328
6332
6334
6335
6338
6349
6351
6352
6357
6358
6359
6368
6370
6372
6373
6374
6375
6379
6382
6391
6393
6394
6397
6398
6400
6404
6408
6409
6410
6414
6415
6423
6425
6426
6429
6430
6431
6432
6434
6435
6438
6439
6440
6441
6442
6443
6445
6446
6451
6453
6455
6456
6458
6459
6464
6465
6466
6468
6470
6472
6474
6477
6481
6482
6484
6486
6489
6490
6494
6496
6498
6500
6502
6503
6506
6507
6508
6509
6510
6512
6515
6516
6519
6520
6521
6523
6524
6526
6532
6533
6534
6535
6537
6538
6543
6544
6546
6549
6552
6553
6554
6556
6563
6564
6566
6567
6568
6570
6571
6573
6576
6579
6580
6583
6586
6587
6589
6590
6592
6593
6595
6598
6601
6602
6605
6606
6607
6608
6609
6612
6613
6616
6617
6620
6621
6623
6625
6627
6629
6631
6638
6640
6641
6648
6649
6650
6652
6654
6656
6660
6662
6664
6665
6668
6669
6671
6674
6678
6679
6685
6688
6691
6692
6693
6694
6696
6700
6703
6704
6706
6707
6710
6713
6715
6717
6718
6721
6722
6724
6726
6728
6729
6731
6734
6735
6736
6737
6738
6739
6742
6746
6747
6748
6751
6752
6754
6756
6757
6761
6762
6764
6766
6768
6770
6772
6774
6775
6778
6779
6784
6785
6786
6787
6788
6790
6793
6795
6796
6797
6799
6801
6802
6803
6805
6808
6810
6811
6812
6813
6814
6816
6821
6824
6826
6830
6832
6833
6834
6836
6839
6841
6843
6844
6846
6851
6853
6854
6855
6857
6859
6862
6864
6869
6874
6876
6877
6879
6880
6882
6885
6886
6888
6889
6890
6891
6895
6896
6897
6899
6901
6904
6905
6909
6910
6911
6914
6915
6916
6918
6921
6922
6923
6924
6927
6928
6930
6932
6935
6936
6940
6941
6946
6948
6951
6954
6955
6956
6957
6959
6961
6965
6966
6967
6968
6969
6970
6973
6974
6975
6976
6978
6979
6980
6981
6983
6984
6990
6996
6998
7004
7007
7011
7013
7016
7017
7022
7024
7026
7029
7030
7032
7033
7035
7038
7039
7041
7043
7044
7046
7047
7048
7049
7051
7056
7059
7060
7062
7064
7067
7068
7073
7075
7076
7078
7080
7081
7084
7086
7089
7091
7092
7093
7094
7096
7100
7101
7102
7103
7104
7105
7107
7109
7110
7111
7113
7114
7118
7119
7120
7121
7124
7125
7126
7127
7131
7133
7135
7136
7137
7140
7141
7142
7143
7144
7145
7147
7150
7152
7153
7158
7162
7164
7168
7169
7170
7171
7173
7175
7177
7178
7180
7181
7183
7189
7190
7192
7195
7197
7199
7200
7201
7206
7208
7210
7213
7214
7215
7217
7219
7221
7223
7225
7226
7230
7233
7234
7235
7236
7238
7246
7247
7248
7249
7251
7252
7255
7257
7261
7262
7266
7267
7268
7269
7270
7277
7279
7281
7282
7284
7287
7288
7293
7294
7295
7297
7301
7303
7305
7306
7308
7311
7312
7313
7315
7319
7323
7324
7325
7326
7328
7332
7334
7336
7337
7338
7339
7340
7342
7343
7347
7352
7354
7355
7357
7360
7364
7367
7368
7370
7371
7372
7374
7375
7378
7380
7383
7385
7388
7390
7391
7392
7393
7394
7400
7401
7402
7405
7407
7408
7409
7413
7414
7416
7418
7419
7425
7427
7429
7432
7434
7435
7436
7438
7439
7440
7441
7445
7446
7448
7451
7452
7454
7457
7464
7466
7469
7470
7471
7472
7473
7474
7475
7476
7480
7481
7488
7493
7495
7496
7497
7499
7500
7502
7503
7504
7507
7508
7511
7513
7514
7518
7519
7520
7523
7524
7528
7530
7532
7534
7537
7539
7542
7545
7547
7551
7555
7556
7557
7560
7561
7562
7566
7570
7571
7572
7573
7574
7575
7576
7577
7579
7580
7583
7586
7588
7590
7593
7594
7600
7601
7603
7604
7605
7612
7613
7616
7617
7618
7620
7625
7628
7633
7634
7635
7638
7640
7641
7643
7644
7645
7647
7652
7654
7656
7657
7658
7659
7660
7662
7665
7667
7669
7672
7673
7674
7675
7676
7677
7678
7682
7683
7691
7693
7696
7697
7698
7699
7702
7703
7704
7709
7717
7720
7722
7724
7726
7728
7730
7731
7735
7736
7738
7739
7740
7743
7745
7751
7752
7754
7755
7757
7759
7763
7765
7768
7770
7775
7777
7778
7779
7780
7781
7782
7783
7784
7787
7788
7790
7792
7793
7795
7800
7801
7803
7805
7806
7809
7810
7812
7814
7815
7816
7817
7818
7819
7821
7822
7824
7825
7827
7828
7835
7837
7838
7839
7842
7844
7845
7847
7848
7855
7861
7863
7865
7866
7868
7872
7873
7874
7878
7879
7880
7882
7883
7884
7886
7887
7889
7890
7892
7893
7895
7896
7898
7901
7903
7906
7910
7912
7913
7916
7917
7919
7921
7923
7925
7926
7928
7929
7931
7932
7935
7937
7939
7940
7942
7944
7945
7946
7956
7959
7961
7962
7965
7966
7975
7979
7982
7986
7991
7993
7994
7996
7998
7999
8000
8002
8003
8004
8007
8008
8009
8012
8013
8014
8015
8017
8018
8019
8020
8023
8024
8028
8031
8032
8034
8036
8038
8039
8040
8041
8042
8049
8050
8052
8053
8055
8056
8057
8058
8060
8061
8063
8064
8069
8072
8076
8078
8080
8081
8082
8083
8084
8087
8088
8089
8090
8092
8093
8094
8095
8097
8099
8100
8103
8114
8115
8116
8117
8121
8124
8126
8127
8128
8129
8130
8133
8134
8137
8138
8140
8141
8142
8143
8144
8145
8148
8151
8154
8155
8157
8158
8159
8160
8162
8165
8167
8168
8170
8173
8175
8178
8179
8180
8181
8183
8184
8185
8186
8189
8190
8191
8194
8197
8198
8199
8203
8205
8206
8207
8208
8209
8210
8212
8214
8216
8217
8219
8220
8221
8223
8224
8231
8233
8234
8235
8236
8237
8239
8240
8245
8246
8248
8249
8250
8251
8253
8254
8255
8258
8261
8262
8264
8265
8268
8271
8273
8274
8277
8280
8283
8286
8287
8288
8290
8292
8293
8297
8298
8299
8300
8301
8304
8305
8306
8307
8308
8309
8310
8311
8313
8314
8317
8318
8319
8321
8322
8324
8325
8327
8328
8329
8330
8331
8332
8333
8334
8335
8337
8340
8341
8342
8344
8345
8347
8352
8354
8359
8360
8363
8364
8365
8366
8369
8370
8371
8372
8373
8374
8376
8377
8379
8381
8383
8384
8386
8389
8391
8394
8399
8401
8408
8409
8410
8417
8418
8421
8422
8423
8424
8425
8427
8431
8432
8434
8435
8436
8438
8439
8446
8447
8448
8450
8451
8452
8454
8455
8456
8459
8460
8461
8462
8464
8467
8468
8469
8470
8472
8477
8481
8482
8484
8486
8487
8488
8490
8491
8492
8493
8494
8499
8501
8502
8503
8504
8507
8509
8510
8514
8516
8519
8520
8522
8523
8526
8527
8529
8532
8533
8535
8538
8540
8543
8545
8546
8547
8548
8549
8550
8552
8556
8558
8560
8564
8567
8568
8569
8570
8571
8575
8577
8579
8580
8582
8583
8584
8586
8587
8589
8591
8592
8594
8595
8598
8601
8602
8604
8605
8607
8608
8609
8612
8615
8616
8618
8619
8621
8623
8624
8625
8626
8631
8634
8635
8636
8637
8638
8639
8640
8641
8645
8646
8648
8653
8657
8658
8659
8665
8666
8667
8668
8669
8671
8672
8674
8676
8679
8683
8686
8693
8694
8696
8697
8698
8699
8700
8701
8704
8705
8707
8709
8711
8712
8714
8715
8717
8719
8720
8721
8722
8724
8727
8728
8731
8733
8735
8737
8738
8740
8742
8744
8746
8749
8750
8751
8758
8759
8762
8765
8770
8771
8772
8773
8775
8776
8777
8778
8780
8784
8785
8790
8793
8794
8795
8798
8799
8800
8801
8802
8803
8810
8812
8813
8814
8815
8817
8818
8820
8821
8822
8823
8832
8835
8836
8839
8841
8842
8844
8846
8849
8850
8853
8858
8859
8861
8864
8865
8870
8874
8876
8877
8878
8881
8891
8897
8900
8902
8903
8904
8905
8906
8907
8908
8911
8913
8918
8919
8921
8922
8926
8927
8929
8930
8931
8932
8933
8935
8937
8938
8940
8941
8942
8947
8948
8951
8952
8957
8958
8960
8961
8965
8967
8968
8979
8980
8983
8984
8988
8992
8996
8998
8999
9000
9001
9002
9004
9005
9006
9008
9009
9010
9011
9012
9013
9014
9015
9016
9019
9022
9024
9026
9028
9030
9032
9033
9034
9037
9040
9041
9042
9043
9044
9045
9047
9050
9051
9052
9054
9055
9056
9057
9061
9066
9067
9068
9070
9072
9073
9075
9078
9079
9082
9083
9085
9088
9090
9092
9093
9095
9103
9110
9113
9115
9116
9117
9118
9125
9126
9127
9128
9133
9136
9137
9139
9140
9141
9142
9144
9145
9152
9157
9158
9159
9160
9163
9167
9168
9172
9173
9174
9175
9176
9178
9180
9181
9184
9185
9186
9187
9188
9190
9191
9192
9194
9195
9198
9201
9204
9205
9206
9210
9212
9215
9217
9218
9219
9221
9223
9224
9226
9227
9229
9230
9232
9236
9237
9238
9241
9242
9246
9247
9252
9255
9257
9258
9259
9260
9262
9265
9269
9270
9277
9279
9280
9281
9282
9284
9286
9290
9292
9293
9294
9298
9301
9303
9307
9309
9310
9312
9316
9320
9321
9323
9325
9327
9329
9330
9331
9334
9336
9339
9342
9344
9346
9347
9348
9349
9350
9352
9354
9358
9359
9361
9364
9365
9366
9367
9369
9371
9373
9376
9377
9380
9385
9387
9390
9393
9398
9400
9401
9407
9408
9409
9410
9415
9416
9420
9422
9424
9425
9426
9427
9430
9435
9436
9438
9440
9443
9444
9451
9452
9453
9454
9455
9457
9459
9460
9461
9462
9463
9464
9468
9469
9472
9473
9475
9476
9477
9480
9486
9488
9489
9491
9493
9494
9496
9497
9499
9500
9501
9504
9505
9507
9508
9509
9510
9511
9513
9514
9516
9518
9519
9520
9521
9523
9524
9526
9527
9530
9536
9537
9538
9540
9542
9544
9546
9548
9549
9550
9551
9555
9556
9558
9559
9561
9565
9569
9570
9571
9573
9577
9579
9580
9581
9582
9583
9585
9586
9588
9589
9590
9591
9592
9593
9594
9595
9596
9597
9599
9600
9601
9602
9606
9607
9608
9609
9610
9612
9617
9618
9621
9622
9623
9624
9625
9628
9631
9632
9633
9636
9638
9639
9641
9642
9644
9645
9646
9647
9649
9650
9652
9653
9659
9660
9661
9664
9665
9666
9670
9671
9672
9673
9674
9677
9678
9680
9681
9683
9686
9688
9691
9692
9697
9698
9699
9702
9704
9705
9710
9711
9717
9719
9720
9721
9727
9728
9729
9730
9732
9733
9734
9735
9736
9738
9740
9747
9750
9751
9752
9753
9755
9756
9758
9760
9763
9764
9766
9768
9769
9771
9776
9777
9778
9780
9783
9786
9787
9788
9789
9790
9793
9798
9801
9806
9809
9811
9812
9814
9820
9822
9823
9826
9829
9833
9834
9835
9837
9841
9844
9846
9848
9850
9852
9853
9854
9856
9857
9858
9859
9860
9861
9863
9865
9869
9874
9876
9877
9880
9882
9883
9885
9886
9888
9891
9892
9893
9894
9895
9896
9898
9900
9902
9903
9906
9907
9908
9913
9915
9918
9920
9921
9922
9924
9925
9926
9927
9928
9934
9938
9939
9941
9942
9943
9944
9950
9952
9953
9959
9960
9964
9965
9966
9967
9972
9973
9974
9975
9978
9984
9988
9990
9991
9993
9994
9996
9998
10001
10002
10006
10008
10009
10010
10013
10014
10018
10020
10024
10026
10030
10031
10034
10037
10038
10040
10041
10043
10044
10045
10047
10048
10050
10051
10054
10055
10059
10060
10061
10062
10063
10066
10067
10068
10069
10072
10074
10077
10080
10081
10089
10090
10091
10093
10094
10095
10096
10098
10103
10106
10108
10109
10110
10112
10113
10116
10117
10118
10121
10122
10123
10126
10127
10128
10129
10130
10131
10132
10135
10136
10137
10139
10145
10146
10147
10149
10150
10151
10152
10154
10155
10159
10160
10161
10162
10163
10167
10168
10172
10173
10176
10180
10181
10189
10190
10194
10196
10198
10200
10204
10205
10209
10210
10214
10215
10216
10220
10221
10222
10224
10231
10241
10242
10243
10246
10250
10251
10252
10253
10254
10255
10256
10257
10260
10262
10263
10264
10266
10267
10269
10272
10276
10278
10279
10283
10284
10286
10287
10288
10289
10294
10297
10298
10301
10305
10307
10309
10310
10311
10312
10313
10314
10317
10318
10320
10322
10325
10326
10331
10333
10335
10337
10340
10341
10344
10345
10346
10348
10350
10353
10354
10355
10358
10359
10365
10372
10373
10376
10380
10381
10382
10386
10388
10389
10391
10392
10393
10394
10396
10398
10403
10407
10409
10415
10416
10417
10418
10419
10420
10421
10423
10424
10428
10429
10430
10432
10433
10434
10435
10436
10438
10439
10442
10443
10444
10445
10446
10449
10453
10454
10455
10462
10463
10464
10465
10466
10467
10472
10473
10477
10478
10479
10481
10483
10487
10489
10490
10494
10497
10498
10499
10500
10501
10502
10503
10506
10507
10508
10509
10516
10517
10520
10522
10530
10532
10533
10535
10536
10541
10543
10544
10545
10546
10552
10558
10559
10561
10562
10565
10566
10568
10571
10572
10573
10574
10576
10579
10581
10582
10583
10584
10586
10589
10590
10594
10595
10598
10599
10600
10601
10602
10603
10604
10605
10606
10612
10614
10616
10617
10619
10620
10622
10623
10624
10625
10626
10631
10634
10638
10640
10641
10645
10646
10647
10649
10650
10651
10655
10656
10660
10662
10664
10665
10666
10668
10670
10671
10674
10675
10680
10690
10691
10699
10700
10701
10702
10705
10706
10707
10711
10712
10713
10715
10717
10720
10721
10725
10728
10730
10733
10736
10737
10738
10740
10743
10746
10747
10748
10750
10752
10754
10755
10756
10757
10760
10761
10762
10764
10766
10768
10769
10771
10775
10779
10781
10783
10784
10788
10789
10792
10793
10798
10805
10808
10812
10814
10815
10824
10826
10827
10828
10829
10833
10835
10839
10840
10841
10842
10845
10846
10847
10848
10849
10853
10854
10856
10857
10860
10865
10866
10867
10870
10872
10873
10874
10876
10880
10882
10883
10884
10886
10887
10890
10891
10894
10895
10896
10898
10900
10901
10902
10903
10904
10905
10906
10908
10909
10910
10911
10914
10915
10916
10917
10918
10921
10922
10925
10930
10931
10932
10933
10935
10936
10939
10940
10942
10945
10947
10949
10954
10955
10957
10959
10962
10963
10964
10965
10966
10968
10969
10970
10974
10977
10984
10986
10988
10989
10991
10993
10994
10995
10997
10999
11000
11001
11002
11003
11004
11006
11008
11009
11011
11013
11014
11016
11019
11021
11022
11023
11024
11027
11028
11030
11032
11034
11035
11036
11037
11038
11039
11043
11046
11051
11052
11053
11054
11056
11057
11058
11059
11062
11064
11065
11067
11070
11071
11073
11075
11077
11078
11079
11080
11081
11084
11086
11087
11088
11089
11090
11092
11093
11094
11096
11099
11101
11103
11104
11106
11107
11109
11111
11113
11115
11117
11118
11119
11123
11125
11126
11127
11131
11132
11133
11138
11139
11142
11145
11148
11149
11150
11155
11158
11159
11160
11163
11166
11167
11168
11169
11171
11173
11174
11178
11179
11181
11182
11185
11189
11190
11194
11196
11197
11203
11204
11206
11208
11211
11214
11215
11217
11222
11223
11224
11225
11227
11228
11230
11231
11233
11234
11235
11237
11238
11240
11241
11242
11243
11244
11245
11246
11248
11249
11250
11252
11254
11257
11259
11261
11262
11266
11267
11271
11275
11278
11279
11280
11281
11283
11284
11286
11290
11292
11293
11294
11295
11298
11300
11302
11304
11305
11307
11308
11310
11311
11312
11314
11319
11321
11323
11324
11330
11335
11337
11339
11341
11342
11343
11344
11348
11349
11350
11354
11355
11356
11357
11358
11360
11362
11363
11364
11366
11370
11372
11374
11382
11385
11387
11388
11390
11392
11396
11400
11401
11410
11416
11417
11418
11420
11424
11425
11430
11432
11433
11436
11437
11438
11439
11440
11442
11445
11450
11452
11453
11454
11455
11457
11459
11460
11461
11463
11465
11466
11467
11468
11469
11472
11476
11480
11481
11482
11483
11485
11486
11488
11494
11495
11496
11498
11500
11503
11506
11509
11511
11512
11516
11520
11522
11524
11525
11529
11533
11534
11536
11543
11544
11546
11552
11553
11554
11555
11558
11561
11564
11566
11567
11570
11571
11574
11575
11576
11579
11582
11583
11584
11586
11588
11592
11594
11599
11600
11601
11603
11604
11607
11611
11612
11613
11615
11617
11618
11620
11624
11626
11628
11629
11630
11632
11637
11640
11642
11644
11649
11652
11653
11654
11656
11660
11661
11662
11664
11665
11667
11668
11670
11672
11673
11674
11675
11676
11677
11678
11680
11681
11682
11684
11686
11690
11691
11692
11693
11695
11696
11697
11698
11699
11702
11703
11707
11709
11710
11711
11716
11719
11723
11724
11725
11726
11728
11729
11730
11734
11735
11739
11741
11742
11749
11750
11752
11753
11754
11755
11756
11757
11759
11762
11763
11765
11768
11769
11772
11774
11776
11778
11779
11784
11785
11786
11787
11788
11789
11793
11798
11800
11802
11804
11805
11806
11808
11811
11812
11814
11815
11817
11819
11820
11821
11823
11830
11832
11833
11836
11837
11839
11840
11841
11842
11844
11845
11846
11848
11850
11851
11852
11853
11854
11857
11861
11864
11865
11870
11871
11873
11875
11878
11879
11881
11883
11886
11891
11892
11894
11898
11899
11900
11906
11907
11908
11909
11910
11911
11913
11917
11919
11921
11925
11926
11927
11928
11931
11932
11933
11934
11935
11936
11939
11940
11941
11942
11946
11948
11951
11953
11954
11956
11957
11958
11962
11963
11965
11968
11969
11972
11975
11979
11981
11983
11984
11988
11989
11997
11998
12000
12007
12008
12009
12010
12013
12014
12016
12017
12021
12022
12024
12025
12027
12034
12035
12037
12038
12039
12040
12042
12043
12046
12050
12051
12052
12053
12056
12058
12060
12061
12062
12066
12067
12068
12072
12073
12078
12082
12086
12087
12088
12089
12092
12098
12102
12103
12104
12106
12108
12109
12111
12114
12115
12117
12118
12119
12120
12122
12125
12126
12129
12133
12134
12135
12136
12138
12142
12143
12144
12148
12149
12150
12152
12154
12158
12160
12161
12167
12168
12170
12175
12176
12178
12180
12183
12185
12186
12187
12188
12189
12191
12194
12195
12198
12199
12201
12202
12203
12207
12208
12210
12212
12213
12214
12215
12216
12217
12222
12223
12224
12226
12227
12231
12235
12238
12239
12245
12246
12248
12249
12251
12252
12253
12254
12255
12258
12259
12260
12261
12264
12266
12268
12270
12272
12273
12275
12276
12279
12280
12285
12286
12290
12292
12293
12295
12298
12302
12304
12306
12309
12310
12311
12312
12313
12325
12326
12327
12329
12333
12335
12338
12341
12343
12344
12345
12346
12347
12350
12355
12356
12357
12365
12367
12370
12371
12372
12374
12375
12376
12377
12378
12380
12382
12383
12385
12387
12389
12392
12393
12395
12397
12398
12399
12400
12402
12404
12407
12408
12409
12411
12414
12418
12420
12421
12422
12423
12426
12427
12428
12429
12432
12433
12437
12439
12440
12441
12442
12444
12445
12446
12447
12448
12449
12450
12452
12455
12460
12465
12469
12471
12475
12477
12478
12479
12480
12481
12483
12485
12486
12489
12491
12493
12494
12497
12498
12500
12503
12504
12505
12506
12508
12511
12513
12514
12515
12516
12521
12524
12526
12530
12533
12539
12540
12542
12543
12545
12547
12548
12553
12557
12558
12559
12561
12562
12563
12564
12568
12569
12570
12575
12578
12581
12585
12586
12587
12588
12589
12592
12593
12598
12601
12603
12605
12609
12610
12614
12620
12621
12622
12624
12628
12629
12630
12631
12632
12634
12637
12638
12639
12640
12644
12649
12650
12651
12652
12653
12654
12655
12656
12657
12658
12660
12661
12663
12664
12669
12670
12676
12677
12679
12681
12682
12683
12690
12692
12693
12695
12697
12701
12703
12704
12705
12708
12709
12711
12712
12715
12716
12719
12725
12726
12727
12731
12733
12735
12736
12738
12742
12747
12748
12750
12753
12756
12757
12758
12764
12766
12767
12768
12770
12771
12773
12774
12775
12776
12778
12779
12780
12782
12783
12787
12790
12792
12794
12798
12799
12801
12804
12805
12806
12810
12811
12812
12813
12815
12816
12817
12819
12820
12821
12823
12824
12825
12826
12828
12829
12830
12833
12834
12835
12839
12842
12844
12847
12849
12850
12851
12852
12853
12855
12856
12857
12858
12859
12861
12863
12864
12873
12874
12875
12877
12878
12879
12880
12881
12882
12884
12885
12886
12890
12893
12895
12900
12904
12909
12910
12911
12914
12915
12918
12919
12922
12924
12925
12928
12930
12931
12932
12934
12935
12937
12940
12941
12943
12944
12945
12947
12949
12950
12954
12957
12959
12961
12968
12969
12971
12973
12974
12976
12978
12979
12983
12984
12985
12986
12987
12991
12999
13000
13005
13006
13007
13009
13010
13011
13012
13016
13017
13018
13019
13020
13026
13027
13028
13031
13033
13034
13037
13040
13043
13044
13046
13048
13050
13051
13052
13054
13055
13056
13057
13059
13062
13067
13068
13069
13070
13071
13074
13077
13079
13080
13084
13085
13086
13087
13088
13089
13090
13091
13092
13093
13094
13097
13098
13102
13106
13108
13110
13114
13115
13119
13121
13124
13128
13129
13130
13131
13133
13134
13135
13137
13139
13140
13141
13145
13146
13150
13153
13156
13157
13159
13161
13164
13165
13166
13167
13170
13171
13173
13174
13175
13177
13181
13182
13184
13186
13188
13189
13191
13193
13194
13195
13196
13197
13199
13203
13208
13209
13214
13216
13219
13220
13221
13222
13226
13227
13234
13236
13237
13238
13239
13244
13246
13248
13249
13250
13251
13254
13255
13256
13260
13267
13269
13270
13271
13277
13278
13280
13281
13285
13286
13287
13289
13291
13292
13297
13300
13302
13304
13305
13309
13310
13312
13313
13318
13319
13320
13321
13322
13324
13327
13334
13335
13338
13340
13342
13343
13348
13349
13351
13352
13353
13355
13356
13360
13362
13365
13366
13367
13368
13370
13372
13374
13375
13376
13377
13378
13380
13381
13384
13386
13387
13389
13392
13394
13395
13399
13400
13401
13403
13405
13406
13409
13411
13416
13417
13420
13423
13425
13426
13428
13429
13431
13432
13433
13436
13438
13440
13441
13442
13446
13447
13448
13449
13453
13454
13456
13457
13458
13459
13462
13464
13465
13466
13468
13470
13472
13473
13474
13476
13477
13478
13479
13482
13485
13486
13487
13488
13490
13493
13495
13496
13498
13501
13503
13505
13507
13508
13511
13513
13515
13519
13520
13523
13524
13525
13526
13528
13529
13530
13532
13534
13539
13540
13542
13544
13549
13550
13551
13554
13555
13556
13558
13559
13560
13562
13563
13566
13568
13574
13576
13577
13578
13579
13580
13582
13585
13586
13587
13588
13590
13593
13596
13598
13599
13601
13602
13606
13611
13612
13613
13614
13615
13617
13618
13623
13625
13626
13628
13629
13630
13631
13634
13635
13636
13638
13639
13640
13641
13647
13653
13655
13657
13659
13661
13664
13665
13666
13668
13671
13674
13676
13677
13678
13680
13681
13682
13684
13688
13689
13691
13692
13693
13695
13697
13700
13703
13704
13706
13708
13710
13711
13714
13716
13717
13718
13722
13723
13725
13726
13727
13728
13729
13732
13733
13734
13736
13737
13740
13741
13743
13747
13750
13751
13753
13754
13755
13756
13757
13761
13762
13766
13767
13770
13772
13774
13775
13777
13779
13780
13781
13783
13784
13786
13790
13794
13795
13796
13797
13798
13800
13802
13803
13805
13807
13811
13814
13819
13820
13824
13825
13826
13828
13829
13830
13832
13833
13834
13835
13838
13839
13840
13842
13847
13849
13850
13851
13854
13857
13860
13861
13869
13870
13871
13875
13876
13877
13879
13881
13882
13884
13885
13886
13889
13890
13891
13892
13894
13895
13897
13898
13901
13903
13905
13907
13909
13913
13914
13917
13918
13920
13921
13924
13925
13928
13929
13930
13932
13933
13937
13939
13941
13944
13946
13947
13948
13951
13954
13955
13956
13959
13962
13965
13968
13969
13970
13974
13977
13978
13982
13984
13987
13990
13991
13992
13993
13995
14003
14004
14007
14008
14009
14010
14011
14019
14021
14022
14023
14024
14025
14026
14027
14033
14034
14036
14037
14043
14044
14046
14049
14054
14055
14059
14062
14064
14065
14066
14067
14076
14077
14078
14080
14082
14083
14087
14089
14091
14097
14098
14099
14100
14103
14104
14105
14108
14116
14117
14127
14129
14130
14131
14134
14135
14136
14137
14138
14141
14145
14146
14148
14149
14151
14152
14154
14155
14157
14158
14160
14162
14163
14165
14166
14167
14169
14171
14173
14175
14176
14177
14178
14181
14185
14186
14190
14192
14193
14195
14197
14198
14199
14200
14201
14202
14206
14207
14208
14209
14210
14212
14214
14215
14216
14217
14218
14219
14225
14226
14229
14232
14234
14238
14239
14240
14241
14243
14249
14251
14252
14253
14254
14258
14263
14264
14265
14267
14269
14270
14274
14275
14278
14279
14280
14286
14287
14288
14289
14290
14292
14293
14294
14296
14298
14300
14301
14304
14309
14311
14313
14315
14320
14321
14323
14324
14325
14326
14327
14328
14329
14334
14335
14337
14338
14342
14344
14346
14348
14349
14350
14351
14354
14358
14359
14361
14362
14363
14365
14366
14367
14368
14370
14373
14376
14377
14378
14382
14384
14387
14388
14389
14390
14396
14397
14398
14399
14400
14404
14405
14406
14407
14409
14412
14414
14416
14417
14420
14423
14424
14425
14427
14428
14429
14430
14432
14435
14439
14442
14444
14445
14447
14450
14451
14454
14457
14458
14461
14463
14466
14467
14469
14470
14471
14475
14476
14478
14479
14481
14482
14483
14485
14489
14491
14494
14495
14500
14502
14503
14505
14506
14508
14509
14511
14512
14515
14516
14517
14518
14525
14526
14527
14530
14533
14535
14538
14539
14540
14541
14543
14544
14545
14546
14555
14556
14558
14559
14560
14562
14563
14565
14568
14571
14572
14573
14574
14575
14577
14578
14581
14582
14587
14588
14590
14592
14593
14595
14596
14602
14608
14610
14612
14613
14614
14615
14616
14619
14622
14624
14626
14627
14630
14632
14633
14636
14640
14641
14642
14644
14645
14646
14649
14650
14651
14652
14653
14654
14655
14656
14658
14659
14661
14662
14664
14666
14667
14670
14675
14677
14678
14681
14682
14683
14684
14686
14687
14690
14692
14696
14698
14699
14704
14706
14707
14708
14709
14714
14715
14716
14717
14718
14720
14721
14723
14724
14725
14726
14731
14733
14740
14741
14750
14751
14752
14754
14756
14763
14769
14771
14772
14778
14779
14782
14784
14785
14787
14788
14789
14790
14791
14792
14793
14795
14796
14799
14803
14804
14806
14807
14808
14809
14813
14816
14818
14820
14821
14822
14824
14827
14830
14831
14835
14836
14837
14839
14841
14842
14844
14845
14846
14848
14850
14853
14854
14855
14857
14858
14859
14861
14862
14863
14864
14866
14869
14871
14872
14873
14878
14879
14880
14882
14883
14886
14887
14888
14890
14891
14893
14895
14897
14900
14902
14903
14904
14905
14909
14912
14914
14915
14917
14922
14926
14927
14933
14936
14938
14943
14946
14947
14948
14949
14951
14953
14955
14958
14960
14962
14965
14971
14975
14979
14980
14981
14984
14986
14987
14988
14989
14991
14992
14993
14995
14999
15001
15004
15005
15009
15011
15012
15014
15018
15019
15021
15023
15027
15028
15034
15036
15037
15041
15042
15046
15048
15050
15054
15059
15064
15068
15069
15070
15071
15078
15079
15081
15082
15084
15089
15092
15093
15095
15097
15098
15099
15101
15102
15105
15108
15111
15114
15115
15117
15120
15123
15124
15126
15128
15129
15130
15131
15133
15134
15135
15137
15139
15140
15142
15143
15144
15148
15149
15151
15156
15158
15159
15160
15161
15163
15166
15167
15170
15174
15175
15177
15179
15180
15181
15182
15183
15184
15186
15187
15190
15191
15192
15194
15200
15201
15202
15203
15206
15209
15210
15211
15213
15214
15215
15217
15218
15219
15221
15222
15223
15225
15227
15228
15229
15231
15232
15234
15237
15243
15244
15246
15248
15250
15251
15252
15253
15254
15255
15256
15257
15258
15264
15265
15266
15267
15268
15270
15271
15272
15273
15275
15276
15278
15279
15281
15282
15283
15286
15287
15289
15290
15291
15292
15293
15297
15298
15300
15301
15302
15304
15305
15306
15311
15312
15313
15314
15316
15319
15320
15321
15322
15325
15326
15328
15329
15336
15338
15339
15340
15342
15343
15344
15345
15350
15352
15353
15354
15356
15359
15361
15362
15363
15366
15368
15369
15370
15372
15373
15375
15376
15378
15380
15381
15384
15387
15388
15389
15390
15391
15395
15396
15397
15398
15400
15404
15405
15412
15414
15415
15417
15421
15424
15425
15426
15427
15430
15431
15432
15433
15434
15437
15439
15440
15441
15442
15444
15446
15447
15449
15452
15454
15458
15459
15463
15469
15470
15473
15474
15476
15477
15480
15483
15484
15485
15489
15491
15492
15494
15497
15499
15501
15502
15504
15506
15507
15508
15509
15510
15512
15513
15515
15516
15519
15520
15521
15523
15524
15529
15530
15531
15532
15534
15535
15536
15538
15544
15547
15548
15549
15551
15552
15554
15555
15559
15562
15563
15564
15566
15568
15569
15572
15574
15577
15578
15579
15580
15581
15584
15585
15587
15588
15589
15591
15592
15593
15595
15601
15603
15604
15608
15609
15610
15611
15612
15614
15615
15616
15618
15620
15621
15622
15623
15625
15626
15628
15630
15633
15634
15637
15641
15642
15643
15644
15645
15646
15650
15658
15659
15660
15662
15664
15665
15668
15669
15671
15672
15673
15678
15681
15682
15687
15688
15689
15690
15691
15692
15695
15697
15698
15699
15700
15702
15707
15708
15711
15714
15715
15716
15719
15721
15722
15723
15725
15727
15728
15731
15736
15743
15744
15745
15746
15747
15749
15751
15754
15755
15756
15758
15759
15761
15764
15767
15768
15769
15770
15772
15773
15775
15776
15779
15781
15782
15784
15785
15788
15790
15792
15794
15795
15797
15800
15803
15805
15806
15808
15811
15813
15818
15819
15822
15826
15827
15828
15831
15834
15835
15836
15837
15841
15843
15844
15847
15849
15853
15854
15859
15860
15863
15864
15865
15866
15871
15872
15874
15876
15877
15879
15880
15882
15883
15884
15888
15891
15892
15894
15897
15900
15903
15904
15907
15909
15911
15912
15915
15917
15919
15923
15924
15925
15928
15930
15932
15933
15938
15941
15942
15945
15946
15947
15950
15952
15954
15956
15957
15961
15962
15963
15964
15965
15966
15967
15968
15971
15973
15974
15978
15979
15980
15982
15985
15987
15993
16001
16002
16007
16009
16012
16015
16017
16020
16021
16024
16026
16027
16029
16031
16036
16037
16040
16045
16046
16048
16049
16051
16052
16053
16057
16060
16061
16064
16065
16072
16073
16074
16075
16076
16077
16081
16084
16085
16088
16090
16093
16094
16098
16099
16100
16101
16103
16108
16109
16110
16113
16114
16116
16118
16119
16120
16122
16131
16132
16135
16136
16137
16140
16142
16143
16146
16147
16150
16153
16154
16157
16158
16159
16161
16162
16163
16164
16165
16167
16168
16170
16171
16173
16175
16178
16179
16181
16183
16185
16186
16188
16190
16191
16192
16196
16197
16203
16204
16209
16210
16211
16212
16219
16223
16224
16226
16228
16230
16231
16232
16233
16234
16239
16242
16243
16244
16252
16254
16258
16260
16264
16268
16271
16272
16274
16279
16280
16281
16282
16285
16286
16289
16290
16291
16292
16294
16295
16297
16298
16301
16304
16306
16309
16310
16312
16314
16315
16317
16318
16319
16321
16323
16325
16327
16332
16333
16335
16338
16340
16341
16342
16343
16345
16348
16350
16351
16355
16357
16358
16359
16360
16361
16363
16364
16365
16367
16369
16370
16371
16374
16376
16377
16378
16380
16382
16383
16384
16385
16387
16389
16390
16391
16393
16396
16397
16398
16399
16400
16402
16403
16406
16409
16410
16411
16419
16422
16424
16425
16426
16427
16428
16429
16433
16435
16436
16438
16439
16440
16441
16442
16443
16444
16445
16447
16450
16451
16453
16460
16465
16466
16467
16470
16472
16474
16477
16480
16485
16487
16488
16489
16490
16491
16493
16495
16496
16497
16498
16499
16500
16501
16502
16503
16506
16507
16508
16510
16511
16512
16515
16516
16517
16518
16521
16522
16524
16530
16533
16538
16543
16544
16545
16548
16551
16552
16553
16554
16555
16557
16558
16560
16562
16563
16566
16568
16570
16575
16578
16580
16581
16583
16585
16586
16587
16588
16590
16591
16592
16593
16594
16596
16599
16602
16607
16610
16612
16614
16617
16618
16619
16622
16623
16624
16625
16632
16634
16635
16636
16638
16639
16640
16641
16642
16643
16644
16646
16648
16651
16652
16655
16656
16657
16664
16665
16666
16667
16669
16672
16673
16674
16677
16678
16683
16686
16688
16689
16693
16695
16696
16699
16700
16703
16708
16709
16710
16713
16714
16715
16716
16719
16720
16721
16722
16723
16724
16726
16728
16730
16731
16732
16735
16736
16738
16742
16745
16747
16750
16751
16753
16755
16756
16757
16760
16761
16764
16765
16767
16768
16771
16776
16781
16785
16786
16788
16789
16793
16794
16798
16799
16802
16806
16807
16808
16809
16810
16811
16813
16815
16816
16817
16820
16822
16823
16824
16825
16826
16827
16828
16829
16833
16834
16838
16839
16841
16842
16843
16846
16847
16852
16853
16855
16856
16857
16858
16859
16860
16861
16862
16865
16866
16867
16868
16869
16870
16871
16873
16874
16876
16877
16886
16887
16889
16891
16893
16894
16895
16896
16897
16900
16901
16902
16903
16904
16905
16907
16908
16909
16910
16911
16916
16917
16919
16921
16922
16923
16928
16931
16934
16935
16936
16937
16938
16940
16944
16945
16947
16949
16950
16952
16954
16956
16957
16959
16960
16962
16967
16969
16971
16974
16975
16976
16977
16978
16983
16988
16989
16991
16993
16994
16995
16996
16997
17002
17004
17005
17006
17007
17009
17011
17015
17016
17018
17021
17022
17024
17025
17028
17029
17032
17036
17038
17039
17041
17042
17046
17047
17048
17050
17053
17056
17058
17061
17063
17064
17069
17070
17071
17074
17076
17079
17080
17081
17082
17086
17090
17091
17092
17093
17094
17095
17098
17102
17103
17106
17110
17112
17114
17116
17123
17124
17125
17129
17130
17132
17133
17134
17136
17138
17140
17141
17142
17145
17148
17153
17154
17156
17159
17162
17163
17164
17168
17170
17173
17174
17178
17182
17187
17188
17189
17190
17191
17192
17193
17194
17197
17200
17201
17202
17204
17206
17207
17208
17210
17211
17214
17219
17220
17222
17226
17228
17231
17232
17233
17235
17236
17237
17238
17240
17241
17242
17245
17246
17248
17250
17256
17262
17263
17264
17265
17269
17270
17272
17274
17275
17277
17278
17279
17281
17282
17283
17286
17287
17288
17291
17295
17296
17299
17301
17302
17304
17307
17310
17312
17314
17316
17319
17320
17323
17324
17326
17331
17332
17333
17335
17336
17339
17340
17343
17344
17346
17347
17353
17356
17357
17358
17359
17360
17362
17366
17370
17371
17373
17374
17379
17383
17384
17385
17386
17387
17388
17389
17390
17391
17392
17394
17395
17398
17399
17400
17402
17403
17404
17406
17407
17408
17412
17414
17419
17420
17421
17422
17423
17424
17426
17427
17432
17433
17434
17435
17439
17440
17441
17442
17443
17444
17449
17450
17451
17452
17455
17456
17458
17460
17462
17464
17465
17466
17467
17469
17471
17475
17479
17482
17484
17485
17486
17487
17492
17493
17497
17500
17505
17506
17508
17509
17512
17514
17515
17517
17520
17521
17522
17523
17526
17528
17529
17533
17536
17537
17538
17539
17540
17541
17542
17546
17549
17550
17552
17553
17555
17556
17558
17559
17560
17561
17564
17565
17566
17568
17569
17570
17580
17581
17582
17585
17586
17587
17590
17591
17595
17597
17599
17600
17602
17603
17606
17607
17608
17609
17610
17611
17612
17613
17614
17617
17622
17623
17624
17627
17628
17631
17636
17637
17642
17644
17646
17648
17650
17653
17654
17658
17659
17661
17662
17663
17665
17666
17667
17668
17672
17673
17674
17677
17679
17680
17681
17682
17683
17684
17687
17689
17691
17695
17696
17697
17699
17701
17702
17706
17707
17711
17712
17713
17714
17715
17717
17718
17719
17722
17723
17724
17727
17728
17729
17734
17736
17739
17740
17741
17742
17744
17746
17748
17749
17750
17751
17752
17753
17754
17761
17762
17764
17765
17771
17774
17777
17778
17783
17784
17785
17787
17791
17792
17793
17795
17796
17798
17799
17800
17801
17808
17809
17813
17814
17818
17819
17824
17826
17827
17829
17831
17832
17833
17835
17837
17838
17839
17840
17841
17843
17845
17846
17847
17850
17853
17856
17858
17860
17863
17864
17866
17868
17869
17875
17879
17881
17884
17886
17890
17891
17892
17896
17897
17898
17899
17900
17903
17904
17906
17908
17911
17912
17916
17917
17920
17923
17924
17926
17927
17928
17930
17931
17932
17933
17934
17935
17937
17939
17944
17947
17948
17951
17955
17956
17957
17958
17959
17961
17962
17964
17965
17966
17968
17972
17973
17974
17976
17980
17983
17984
17985
17986
17988
17989
17991
17995
17996
17998
18001
18002
18005
18007
18011
18014
18015
18018
18019
18020
18024
18025
18026
18028
18029
18031
18032
18033
18035
18036
18039
18041
18042
18043
18044
18047
18048
18049
18052
18053
18054
18055
18056
18058
18059
18063
18067
18068
18070
18071
18072
18073
18078
18079
18080
18082
18084
18085
18087
18088
18090
18091
18095
18096
18097
18100
18101
18104
18105
18111
18113
18119
18123
18124
18126
18129
18130
18134
18135
18136
18137
18139
18140
18141
18142
18146
18149
18150
18154
18156
18157
18159
18160
18161
18162
18163
18165
18167
18170
18174
18175
18176
18177
18179
18180
18181
18183
18184
18185
18188
18193
18197
18198
18203
18205
18208
18209
18213
18214
18215
18218
18220
18221
18223
18225
18226
18227
18228
18232
18233
18234
18235
18236
18238
18239
18242
18243
18245
18248
18251
18253
18254
18256
18258
18259
18260
18262
18263
18269
18273
18275
18276
18281
18282
18283
18285
18286
18288
18289
18291
18292
18293
18294
18295
18300
18304
18305
18307
18308
18315
18318
18320
18322
18331
18338
18339
18340
18344
18345
18346
18347
18351
18352
18353
18355
18358
18364
18365
18366
18372
18373
18375
18377
18378
18380
18381
18385
18389
18391
18392
18393
18395
18396
18397
18400
18401
18402
18403
18406
18407
18408
18409
18410
18411
18412
18413
18415
18416
18419
18420
18424
18430
18431
18432
18434
18437
18441
18443
18444
18446
18452
18460
18463
18464
18466
18467
18469
18473
18474
18475
18477
18480
18481
18483
18484
18486
18487
18488
18490
18494
18496
18498
18500
18502
18503
18504
18505
18506
18508
18512
18513
18514
18516
18517
18520
18521
18522
18523
18524
18525
18528
18530
18533
18535
18536
18537
18538
18545
18547
18548
18549
18550
18552
18554
18555
18558
18559
18561
18562
18564
18565
18568
18569
18572
18573
18574
18576
18578
18581
18582
18583
18586
18588
18590
18592
18596
18598
18601
18605
18608
18609
18611
18617
18620
18624
18629
18630
18631
18632
18633
18636
18638
18639
18642
18643
18645
18646
18647
18648
18649
18650
18651
18652
18655
18660
18662
18663
18665
18667
18671
18672
18673
18675
18676
18680
18681
18686
18687
18690
18693
18694
18698
18710
18713
18714
18715
18716
18723
18724
18725
18727
18729
18730
18731
18733
18734
18737
18739
18740
18742
18743
18744
18746
18747
18748
18749
18751
18755
18758
18760
18765
18768
18770
18772
18773
18776
18780
18782
18783
18785
18786
18787
18790
18792
18793
18795
18796
18797
18800
18801
18804
18805
18806
18807
18808
18809
18810
18812
18813
18816
18817
18818
18823
18824
18829
18831
18832
18833
18835
18836
18837
18839
18840
18842
18844
18846
18848
18850
18852
18855
18857
18860
18861
18864
18867
18869
18870
18874
18875
18876
18885
18887
18888
18890
18891
18893
18896
18897
18901
18903
18904
18909
18912
18917
18918
18919
18920
18921
18924
18925
18927
18928
18929
18931
18933
18934
18935
18937
18942
18944
18945
18946
18951
18952
18954
18955
18956
18957
18959
18961
18962
18963
18964
18967
18968
18970
18972
18973
18974
18975
18977
18980
18982
18987
18990
18991
18994
18996
18998
19000
19003
19005
19008
19009
19012
19015
19018
19019
19022
19023
19024
19025
19026
19027
19028
19029
19030
19031
19032
19033
19034
19035
19036
19037
19038
19041
19042
19044
19046
19050
19051
19054
19057
19058
19059
19060
19063
19066
19068
19070
19071
19072
19073
19075
19077
19078
19083
19084
19085
19086
19087
19088
19089
19091
19092
19094
19096
19097
19101
19103
19106
19107
19109
19112
19113
19114
19115
19116
19117
19119
19120
19124
19125
19130
19131
19133
19134
19136
19138
19142
19144
19145
19146
19148
19149
19151
19154
19156
19158
19163
19168
19169
19179
19180
19181
19184
19189
19193
19194
19195
19196
19197
19199
19201
19204
19211
19215
19216
19217
19218
19220
19221
19222
19223
19226
19227
19230
19231
19239
19240
19245
19246
19248
19249
19250
19252
19253
19257
19258
19260
19263
19265
19268
19269
19273
19275
19276
19277
19278
19279
19280
19282
19284
19286
19287
19288
19289
19290
19291
19292
19293
19297
19298
19299
19302
19303
19305
19307
19308
19310
19311
19314
19315
19316
19318
19320
19322
19323
19328
19329
19331
19332
19333
19334
19338
19340
19342
19345
19348
19350
19351
19352
19353
19355
19356
19357
19358
19361
19365
19368
19369
19371
19373
19374
19375
19377
19379
19381
19383
19387
19388
19389
19392
19396
19400
19401
19402
19403
19404
19406
19409
19410
19414
19415
19420
19421
19424
19426
19427
19429
19432
19434
19435
19437
19439
19441
19442
19446
19447
19448
19449
19450
19451
19453
19455
19460
19461
19462
19463
19464
19465
19467
19468
19469
19470
19475
19477
19478
19480
19481
19483
19484
19485
19486
19488
19489
19490
19494
19495
19498
19502
19506
19509
19516
19518
19519
19520
19521
19523
19524
19525
19528
19531
19532
19533
19539
19540
19541
19543
19544
19545
19546
19547
19548
19549
19550
19551
19556
19557
19562
19566
19567
19569
19571
19572
19574
19575
19576
19577
19578
19579
19580
19581
19584
19588
19589
19590
19591
19592
19595
19596
19597
19602
19603
19604
19606
19608
19611
19614
19616
19618
19619
19620
19622
19624
19631
19632
19633
19636
19638
19639
19642
19643
19647
19648
19649
19650
19651
19652
19658
19662
19664
19666
19667
19669
19675
19676
19681
19683
19686
19687
19688
19689
19691
19695
19696
19697
19699
19701
19703
19704
19709
19711
19712
19714
19717
19718
19719
19720
19723
19724
19725
19727
19729
19731
19732
19733
19735
19740
19742
19744
19745
19746
19750
19752
19756
19757
19758
19759
19762
19763
19765
19766
19767
19768
19770
19772
19773
19774
19775
19779
19780
19782
19783
19784
19785
19793
19795
19796
19800
19803
19804
19806
19808
19810
19811
19813
19814
19815
19818
19820
19821
19822
19824
19825
19826
19832
19833
19835
19837
19838
19839
19840
19841
19842
19843
19854
19855
19856
19857
19858
19862
19863
19864
19865
19866
19867
19870
19872
19875
19877
19878
19879
19880
19881
19882
19884
19885
19888
19891
19892
19893
19899
19901
19903
19904
19905
19906
19908
19911
19916
19917
19920
19922
19927
19928
19929
19930
19933
19934
19935
19936
19937
19938
19939
19941
19943
19948
19950
19952
19954
19959
19960
19967
19968
19969
19970
19975
19977
19978
19979
19980
19981
19984
19985
19986
19987
19989
19990
19991
19996
20003
20004
20008
20009
20011
20013
20017
20018
20019
20020
20022
20023
20024
20026
20028
20029
20034
20035
20036
20037
20038
20040
20041
20046
20049
20050
20051
20053
20054
20059
20060
20061
20063
20064
20065
20069
20076
20078
20079
20081
20084
20087
20089
20090
20091
20092
20095
20097
20098
20099
20100
20103
20106
20108
20111
20112
20113
20114
20115
20118
20121
20124
20128
20135
20136
20137
20138
20140
20141
20142
20145
20149
20150
20152
20154
20155
20156
20159
20162
20165
20166
20168
20169
20170
20172
20173
20175
20177
20182
20183
20185
20191
20192
20193
20194
20198
20199
20205
20206
20208
20209
20210
20215
20216
20217
20218
20221
20223
20224
20225
20226
20227
20228
20230
20231
20233
20237
20238
20239
20240
20244
20246
20248
20249
20250
20252
20253
20255
20258
20263
20264
20265
20266
20267
20268
20269
20270
20273
20276
20279
20280
20281
20282
20283
20286
20287
20288
20290
20291
20292
20297
20300
20301
20306
20308
20309
20313
20315
20327
20330
20333
20334
20336
20338
20342
20344
20345
20346
20348
20349
20351
20353
20356
20358
20362
20363
20365
20367
20368
20369
20372
20374
20375
20378
20379
20381
20382
20383
20386
20389
20393
20394
20395
20397
20400
20406
20407
20408
20409
20412
20416
20418
20419
20420
20424
20426
20429
20430
20433
20434
20437
20440
20441
20442
20445
20446
20447
20449
20452
20453
20454
20455
20458
20461
20463
20465
20467
20469
20472
20474
20479
20485
20486
20488
20489
20491
20494
20497
20498
20500
20501
20502
20503
20504
20506
20507
20510
20512
20514
20515
20516
20518
20519
20520
20525
20527
20529
20534
20536
20540
20541
20543
20547
20548
20549
20550
20552
20554
20556
20557
20558
20563
20565
20568
20569
20570
20573
20575
20576
20581
20582
20584
20585
20586
20587
20588
20589
20591
20593
20599
20600
20603
20604
20606
20607
20608
20609
20610
20611
20613
20614
20619
20620
20633
20635
20636
20639
20640
20643
20644
20645
20646
20651
20652
20654
20655
20656
20657
20658
20660
20661
20662
20667
20669
20670
20674
20675
20679
20684
20685
20686
20687
20689
20691
20692
20693
20696
20697
20700
20701
20703
20705
20707
20709
20713
20714
20719
20720
20721
20723
20724
20726
20728
20729
20731
20732
20733
20734
20737
20738
20740
20742
20745
20746
20747
20748
20750
20751
20752
20754
20755
20756
20757
20761
20767
20769
20770
20772
20774
20778
20780
20784
20785
20787
20789
20790
20793
20796
20800
20801
20802
20803
20809
20811
20813
20816
20818
20820
20823
20824
20825
20827
20828
20829
20835
20838
20841
20843
20845
20846
20848
20850
20851
20852
20853
20854
20857
20861
20862
20863
20866
20868
20872
20877
20878
20880
20883
20884
20886
20888
20890
20892
20893
20894
20895
20898
20899
20900
20901
20902
20906
20909
20910
20912
20914
20915
20916
20917
20919
20921
20922
20923
20927
20928
20930
20931
20932
20933
20938
20939
20940
20943
20944
20945
20946
20947
20948
20951
20954
20955
20956
20957
20959
20964
20965
20966
20967
20970
20974
20978
20981
20983
20985
20986
20987
20988
20989
20993
20997
20998
21002
21003
21010
21014
21015
21016
21017
21023
21026
21028
21029
21031
21032
21033
21034
21036
21038
21041
21042
21043
21044
21048
21050
21051
21058
21060
21064
21068
21069
21070
21071
21072
21075
21079
21080
21081
21082
21083
21085
21088
21089
21090
21094
21095
21096
21097
21098
21099
21100
21102
21103
21104
21108
21109
21111
21115
21116
21117
21121
21124
21125
21127
21128
21129
21130
21133
21134
21135
21136
21137
21140
21143
21144
21145
21147
21149
21151
21155
21156
21157
21158
21159
21161
21163
21164
21168
21169
21170
21171
21172
21173
21175
21176
21177
21179
21181
21183
21186
21187
21188
21189
21191
21193
21194
21196
21198
21201
21205
21206
21209
21212
21214
21215
21219
21220
21223
21224
21226
21227
21229
21230
21231
21234
21235
21236
21241
21242
21243
21247
21249
21251
21252
21256
21258
21259
21260
21261
21262
21263
21264
21265
21266
21267
21270
21271
21272
21276
21278
21281
21283
21285
21286
21288
21289
21290
21293
21296
21298
21299
21300
21302
21306
21307
21309
21313
21315
21319
21320
21322
21325
21326
21327
21328
21329
21331
21334
21336
21337
21340
21341
21342
21345
21346
21347
21350
21351
21354
21355
21356
21358
21359
21362
21363
21364
21365
21369
21370
21371
21373
21374
21378
21381
21384
21386
21389
21392
21394
21395
21396
21397
21400
21404
21409
21410
21416
21418
21419
21420
21423
21425
21427
21429
21431
21432
21433
21441
21444
21448
21451
21452
21454
21455
21456
21457
21461
21465
21466
21468
21469
21471
21476
21477
21478
21481
21483
21492
21493
21494
21495
21496
21497
21498
21499
21502
21505
21506
21507
21508
21510
21512
21513
21517
21519
21520
21522
21524
21526
21527
21528
21531
21534
21535
21537
21538
21539
21542
21543
21545
21547
21548
21555
21556
21557
21558
21559
21562
21563
21564
21565
21567
21570
21571
21572
21573
21574
21576
21581
21587
21592
21593
21595
21596
21599
21600
21602
21603
21604
21605
21606
21607
21613
21615
21617
21618
21620
21622
21623
21627
21628
21635
21636
21637
21638
21643
21646
21647
21648
21649
21650
21652
21655
21656
21658
21660
21661
21665
21666
21668
21670
21672
21673
21674
21676
21678
21685
21688
21691
21695
21696
21699
21701
21702
21703
21704
21706
21709
21710
21711
21714
21715
21717
21719
21721
21723
21726
21727
21732
21734
21735
21736
21737
21738
21739
21741
21743
21745
21746
21747
21748
21749
21750
21751
21755
21757
21758
21759
21761
21762
21764
21766
21768
21769
21770
21772
21773
21774
21775
21777
21778
21780
21782
21784
21786
21788
21791
21792
21794
21797
21802
21804
21805
21807
21811
21812
21816
21818
21820
21821
21823
21825
21826
21827
21828
21832
21833
21839
21840
21841
21842
21843
21844
21846
21848
21853
21855
21856
21858
21860
21861
21864
21865
21866
21867
21869
21873
21875
21876
21878
21880
21881
21882
21884
21887
21889
21890
21891
21892
21894
21896
21898
21899
21900
21902
21903
21904
21909
21910
21911
21912
21913
21914
21915
21916
21917
21918
21919
21921
21922
21923
21926
21929
21930
21936
21937
21938
21939
21940
21943
21948
21949
21950
21951
21952
21955
21956
21957
21958
21961
21962
21963
21964
21965
21971
21972
21973
21975
21981
21982
21983
21987
21990
21992
21993
21994
21996
21997
21999
22001
22002
22003
22007
22008
22009
22011
22012
22014
22018
22020
22025
22026
22029
22030
22031
22033
22034
22037
22038
22039
22041
22043
22044
22046
22047
22050
22051
22055
22059
22062
22064
22065
22076
22078
22085
22087
22089
22090
22091
22092
22094
22098
22101
22105
22106
22107
22109
22111
22112
22113
22114
22115
22116
22117
22118
22119
22121
22122
22123
22126
22130
22132
22135
22136
22138
22139
22141
22143
22144
22146
22147
22148
22151
22152
22153
22154
22156
22157
22158
22159
22160
22161
22163
22167
22170
22171
22172
22173
22175
22177
22179
22183
22184
22186
22189
22191
22194
22198
22199
22201
22202
22204
22207
22209
22210
22211
22214
22215
22218
22222
22223
22226
22230
22231
22233
22234
22236
22237
22238
22244
22246
22249
22250
22252
22257
22258
22259
22262
22263
22269
22272
22273
22274
22275
22276
22277
22279
22281
22282
22283
22285
22287
22292
22294
22295
22296
22298
22300
22303
22304
22305
22306
22309
22310
22314
22316
22317
22319
22321
22322
22328
22330
22332
22333
22336
22338
22340
22341
22342
22343
22344
22345
22348
22349
22351
22355
22356
22357
22358
22362
22364
22366
22367
22369
22370
22375
22376
22377
22380
22382
22383
22384
22385
22386
22391
22392
22393
22394
22398
22399
22401
22402
22404
22405
22410
22412
22415
22418
22419
22426
22427
22428
22431
22432
22435
22437
22438
22439
22440
22441
22443
22444
22446
22448
22449
22450
22453
22455
22456
22457
22458
22460
22463
22464
22465
22468
22470
22471
22472
22473
22476
22479
22482
22485
22487
22489
22490
22492
22496
22497
22498
22499
22501
22504
22508
22510
22511
22512
22516
22517
22520
22521
22522
22524
22531
22534
22536
22538
22539
22540
22542
22543
22544
22546
22548
22550
22551
22553
22557
22558
22562
22564
22565
22568
22569
22575
22576
22577
22582
22583
22587
22595
22596
22599
22600
22603
22604
22605
22606
22607
22608
22610
22611
22614
22615
22617
22621
22622
22623
22625
22626
22627
22631
22632
22633
22637
22639
22642
22643
22648
22649
22650
22653
22655
22656
22657
22658
22661
22662
22663
22664
22671
22674
22675
22676
22678
22680
22683
22686
22687
22688
22690
22695
22699
22700
22701
22702
22703
22706
22710
22712
22720
22724
22727
22729
22730
22732
22734
22735
22737
22738
22745
22746
22748
22751
22754
22755
22757
22761
22763
22765
22766
22768
22770
22771
22774
22775
22779
22780
22781
22784
22785
22786
22787
22788
22790
22792
22794
22799
22801
22803
22804
22805
22806
22807
22808
22810
22815
22816
22819
22821
22823
22824
22826
22828
22830
22831
22833
22837
22838
22840
22843
22846
22847
22851
22852
22855
22856
22857
22859
22861
22863
22865
22866
22871
22875
22876
22878
22882
22885
22886
22887
22889
22890
22894
22895
22896
22897
22901
22904
22909
22910
22911
22912
22915
22916
22919
22920
22921
22922
22923
22924
22927
22928
22929
22930
22931
22932
22933
22934
22937
22939
22940
22944
22946
22948
22950
22953
22954
22956
22957
22961
22963
22964
22965
22966
22968
22971
22972
22973
22974
22975
22979
22982
22986
22987
22990
22992
22993
22994
22995
22998
22999
23001
23003
23004
23006
23009
23010
23012
23015
23016
23017
23018
23022
23031
23033
23034
23035
23036
23039
23041
23043
23044
23045
23046
23047
23048
23055
23057
23058
23060
23063
23064
23067
23073
23076
23077
23078
23081
23083
23088
23089
23090
23091
23095
23097
23099
23101
23102
23104
23108
23115
23116
23117
23118
23119
23121
23123
23124
23125
23126
23127
23129
23133
23135
23136
23137
23140
23144
23145
23146
23148
23149
23153
23154
23155
23157
23159
23160
23161
23164
23166
23167
23168
23171
23172
23174
23176
23180
23186
23188
23190
23194
23195
23196
23198
23199
23206
23207
23208
23209
23210
23212
23213
23216
23219
23222
23223
23224
23225
23226
23227
23233
23235
23236
23240
23241
23242
23243
23244
23247
23250
23251
23254
23255
23257
23259
23261
23263
23266
23270
23271
23272
23274
23275
23276
23277
23281
23282
23284
23285
23287
23289
23291
23292
23295
23296
23299
23301
23302
23303
23304
23309
23311
23318
23319
23323
23324
23330
23332
23333
23334
23336
23337
23339
23341
23347
23349
23350
23351
23352
23355
23356
23357
23358
23359
23361
23362
23364
23365
23367
23369
23371
23378
23379
23380
23387
23395
23399
23402
23404
23405
23407
23409
23412
23413
23416
23417
23419
23420
23426
23429
23430
23431
23435
23436
23438
23439
23440
23441
23443
23445
23446
23447
23451
23455
23457
23458
23463
23464
23467
23468
23471
23473
23476
23480
23481
23484
23489
23492
23493
23494
23496
23497
23498
23500
23506
23507
23508
23511
23514
23516
23517
23519
23521
23522
23523
23524
23525
23526
23528
23532
23533
23535
23538
23539
23541
23542
23543
23544
23546
23549
23550
23551
23553
23554
23555
23556
23559
23560
23562
23563
23565
23566
23568
23573
23574
23577
23578
23579
23581
23583
23585
23586
23588
23589
23590
23592
23595
23599
23601
23602
23603
23605
23606
23607
23608
23609
23611
23613
23614
23615
23616
23617
23618
23619
23621
23623
23626
23628
23629
23631
23635
23637
23638
23640
23641
23642
23644
23645
23647
23651
23652
23653
23655
23656
23657
23659
23664
23666
23667
23670
23671
23672
23674
23677
23679
23680
23687
23689
23694
23695
23700
23701
23706
23707
23709
23710
23715
23717
23721
23722
23723
23724
23726
23731
23733
23734
23737
23742
23743
23744
23746
23747
23750
23751
23752
23755
23756
23759
23762
23763
23764
23765
23769
23777
23778
23782
23783
23786
23787
23790
23791
23792
23793
23794
23801
23802
23803
23804
23805
23806
23807
23808
23810
23814
23816
23817
23819
23820
23821
23823
23826
23827
23833
23834
23836
23841
23851
23852
23855
23856
23857
23859
23861
23866
23867
23868
23870
23874
23879
23880
23881
23886
23887
23888
23890
23891
23892
23893
23895
23900
23902
23903
23904
23908
23910
23912
23913
23915
23918
23921
23923
23924
23926
23930
23931
23932
23933
23936
23937
23939
23940
23941
23943
23944
23945
23947
23949
23950
23954
23957
23962
23963
23970
23972
23973
23974
23977
23978
23980
23982
23984
23985
23989
23991
23992
23993
23994
23997
23999
24001
24003
24007
24008
24009
24015
24017
24018
24019
24022
24024
24031
24033
24036
24037
24038
24040
24041
24044
24045
24047
24048
24052
24057
24058
24060
24061
24062
24063
24067
24068
24069
24071
24072
24075
24076
24077
24078
24081
24083
24084
24085
24088
24090
24091
24093
24094
24096
24097
24098
24099
24100
24101
24104
24105
24106
24107
24108
24110
24112
24114
24116
24119
24121
24124
24125
24126
24127
24128
24129
24130
24134
24135
24138
24140
24142
24146
24147
24150
24154
24156
24158
24160
24163
24166
24167
24169
24170
24173
24175
24176
24179
24180
24181
24187
24191
24192
24195
24196
24197
24198
24199
24200
24202
24203
24204
24207
24208
24209
24210
24212
24213
24214
24217
24219
24220
24222
24224
24225
24229
24233
24234
24237
24239
24241
24242
24243
24245
24246
24248
24249
24250
24251
24252
24253
24254
24259
24261
24262
24264
24265
24266
24269
24270
24271
24272
24275
24276
24278
24279
24284
24286
24287
24297
24300
24303
24304
24305
24306
24307
24308
24309
24311
24316
24317
24318
24321
24322
24324
24326
24332
24333
24334
24338
24341
24342
24347
24348
24349
24350
24355
24358
24359
24360
24361
24363
24364
24368
24370
24371
24375
24377
24378
24380
24381
24382
24383
24384
24385
24386
24389
24390
24391
24392
24393
24394
24396
24397
24399
24400
24401
24403
24404
24408
24409
24411
24412
24413
24416
24419
24423
24426
24427
24430
24431
24434
24435
24436
24438
24440
24445
24446
24448
24450
24452
24453
24456
24458
24460
24461
24462
24463
24464
24465
24466
24467
24471
24472
24473
24474
24476
24477
24479
24480
24483
24484
24485
24487
24488
24496
24497
24498
24499
24501
24504
24507
24510
24513
24514
24515
24516
24517
24519
24521
24523
24526
24529
24531
24534
24535
24538
24541
24542
24543
24546
24547
24548
24549
24551
24552
24553
24554
24556
24557
24558
24560
24564
24566
24567
24569
24570
24573
24574
24575
24579
24581
24582
24583
24586
24588
24589
24592
24593
24594
24595
24596
24598
24610
24611
24612
24615
24616
24618
24619
24622
24624
24626
24627
24632
24636
24638
24639
24640
24641
24643
24644
24645
24650
24654
24657
24658
24661
24662
24663
24665
24667
24670
24671
24673
24674
24676
24677
24682
24683
24684
24688
24689
24690
24691
24692
24693
24696
24697
24699
24700
24701
24702
24703
24704
24707
24709
24710
24712
24715
24719
24727
24728
24729
24732
24734
24735
24736
24739
24741
24742
24743
24744
24746
24749
24751
24753
24754
24755
24757
24758
24759
24760
24764
24767
24768
24769
24771
24775
24777
24781
24782
24785
24787
24789
24790
24791
24792
24796
24797
24799
24801
24802
24804
24805
24807
24811
24812
24814
24818
24819
24820
24821
24824
24825
24827
24829
24830
24831
24832
24836
24837
24838
24841
24847
24848
24850
24852
24853
24855
24860
24862
24863
24865
24866
24868
24869
24871
24876
24879
24881
24882
24886
24887
24889
24890
24892
24893
24894
24895
24901
24902
24904
24907
24912
24914
24918
24920
24921
24922
24924
24926
24927
24929
24934
24935
24936
24937
24939
24942
24946
24950
24953
24954
24957
24961
24962
24963
24964
24965
24966
24969
24971
24972
24973
24974
24982
24983
24984
24985
24986
24987
24990
24991
24992
24993
24997
24998
25001
25004
25005
25006
25007
25008
25009
25011
25013
25014
25015
25018
25020
25021
25022
25025
25026
25027
25031
25035
25041
25043
25045
25047
25049
25051
25052
25054
25055
25056
25063
25064
25065
25069
25070
25071
25073
25076
25078
25079
25082
25083
25087
25090
25094
25095
25097
25099
25100
25103
25104
25105
25107
25108
25109
25110
25112
25114
25118
25119
25122
25123
25124
25126
25127
25128
25129
25131
25137
25142
25148
25149
25152
25153
25156
25157
25163
25165
25166
25168
25172
25178
25179
25181
25182
25183
25184
25185
25186
25187
25188
25189
25190
25195
25199
25200
25201
25202
25205
25213
25214
25215
25216
25218
25219
25220
25224
25226
25228
25230
25233
25234
25236
25237
25239
25241
25243
25244
25245
25246
25249
25254
25258
25262
25269
25270
25271
25272
25273
25275
25276
25277
25278
25283
25285
25289
25290
25291
25292
25293
25296
25298
25299
25301
25302
25306
25310
25311
25315
25316
25319
25323
25324
25326
25327
25328
25329
25331
25333
25334
25335
25336
25340
25342
25345
25348
25350
25352
25353
25359
25361
25363
25365
25366
25370
25371
25372
25374
25376
25384
25385
25389
25390
25392
25396
25399
25401
25402
25405
25406
25411
25412
25413
25416
25418
25422
25429
25432
25434
25436
25439
25440
25441
25442
25444
25445
25447
25449
25453
25457
25459
25461
25462
25464
25466
25467
25469
25473
25479
25482
25483
25485
25487
25489
25491
25492
25499
25506
25507
25509
25511
25512
25514
25515
25517
25521
25522
25524
25525
25526
25530
25531
25534
25535
25540
25543
25545
25546
25550
25551
25552
25558
25562
25563
25564
25566
25567
25570
25572
25574
25575
25577
25578
25579
25582
25586
25587
25588
25590
25592
25593
25595
25597
25598
25599
25600
25602
25603
25605
25607
25608
25609
25612
25618
25619
25621
25622
25623
25626
25628
25629
25630
25632
25633
25636
25638
25640
25644
25645
25648
25651
25652
25653
25655
25657
25658
25661
25663
25665
25666
25667
25668
25670
25675
25676
25679
25680
25682
25683
25684
25687
25688
25692
25697
25698
25699
25701
25702
25703
25704
25706
25707
25708
25710
25711
25713
25715
25716
25718
25720
25723
25728
25733
25735
25736
25740
25745
25746
25747
25748
25751
25753
25754
25755
25757
25758
25760
25762
25766
25767
25771
25773
25774
25776
25782
25785
25786
25787
25789
25790
25792
25793
25795
25796
25797
25798
25799
25800
25803
25805
25806
25807
25809
25810
25814
25816
25817
25818
25819
25825
25828
25831
25832
25835
25837
25838
25839
25840
25843
25844
25846
25847
25848
25849
25850
25851
25854
25856
25857
25858
25861
25864
25865
25872
25874
25875
25876
25877
25878
25881
25884
25885
25886
25895
25896
25897
25903
25906
25907
25909
25911
25912
25913
25916
25917
25918
25919
25920
25923
25928
25931
25933
25935
25936
25937
25939
25948
25949
25950
25951
25953
25955
25958
25959
25960
25964
25965
25967
25971
25972
25976
25979
25980
25982
25983
25985
25986
25988
25993
25994
25995
25996
25998
25999
26001
26002
26006
26010
26011
26013
26014
26017
26019
26020
26022
26026
26027
26028
26030
26031
26032
26033
26036
26039
26040
26041
26042
26044
26048
26051
26052
26054
26057
26061
26064
26067
26068
26070
26073
26074
26076
26084
26087
26089
26090
26097
26103
26105
26106
26107
26111
26112
26118
26119
26122
26124
26125
26127
26131
26132
26136
26140
26146
26147
26150
26151
26155
26156
26162
26165
26167
26168
26182
26184
26185
26186
26187
26188
26191
26192
26196
26198
26199
26200
26202
26204
26206
26207
26210
26211
26212
26213
26214
26220
26221
26226
26227
26229
26230
26231
26234
26236
26237
26238
26240
26244
26246
26247
26248
26249
26250
26252
26254
26255
26256
26258
26260
26261
26264
26268
26269
26272
26274
26275
26276
26277
26278
26279
26280
26282
26283
26284
26286
26292
26294
26297
26302
26305
26306
26307
26308
26309
26311
26314
26315
26316
26317
26322
26324
26325
26326
26327
26328
26329
26331
26333
26334
26335
26338
26340
26341
26343
26346
26347
26349
26350
26354
26355
26356
26358
26359
26363
26366
26369
26373
26374
26375
26377
26379
26380
26381
26382
26385
26389
26390
26392
26393
26394
26399
26400
26403
26404
26406
26407
26410
26411
26413
26414
26417
26419
26420
26421
26422
26423
26425
26431
26433
26434
26436
26439
26440
26441
26442
26443
26444
26446
26448
26449
26450
26453
26459
26460
26461
26464
26466
26468
26471
26476
26479
26482
26483
26486
26487
26489
26491
26492
26494
26495
26496
26501
26502
26503
26504
26507
26510
26511
26512
26513
26514
26517
26518
26520
26521
26523
26524
26526
26529
26530
26531
26534
26536
26539
26541
26542
26545
26546
26547
26548
26549
26553
26554
26556
26557
26559
26560
26563
26564
26567
26569
26571
26572
26573
26576
26578
26579
26580
26582
26584
26586
26590
26591
26595
26596
26599
26602
26610
26611
26612
26614
26620
26621
26623
26630
26631
26632
26633
26636
26637
26641
26642
26645
26646
26647
26648
26649
26652
26654
26655
26657
26658
26660
26661
26663
26666
26667
26669
26671
26673
26675
26676
26679
26680
26685
26686
26688
26689
26691
26692
26693
26694
26695
26701
26702
26704
26706
26712
26713
26714
26716
26717
26719
26721
26722
26723
26725
26728
26729
26731
26732
26738
26740
26744
26746
26748
26751
26756
26757
26758
26760
26761
26766
26767
26769
26771
26775
26776
26777
26779
26780
26781
26782
26794
26796
26798
26799
26800
26801
26802
26803
26805
26806
26807
26810
26814
26816
26817
26818
26819
26821
26826
26830
26833
26836
26839
26840
26842
26844
26845
26846
26847
26848
26849
26850
26851
26852
26861
26862
26863
26865
26868
26870
26871
26872
26876
26877
26882
26883
26884
26885
26886
26888
26890
26895
26897
26901
26902
26906
26907
26908
26909
26910
26912
26913
26916
26918
26919
26921
26928
26930
26931
26932
26935
26936
26937
26939
26940
26941
26945
26946
26948
26950
26952
26956
26958
26959
26960
26962
26964
26966
26969
26971
26972
26974
26976
26977
26979
26980
26981
26983
26984
26992
26995
26998
27000
27004
27006
27009
27011
27013
27014
27017
27019
27023
27025
27026
27027
27029
27032
27039
27043
27049
27050
27052
27054
27056
27060
27062
27063
27066
27068
27070
27074
27076
27080
27082
27084
27085
27088
27089
27090
27091
27092
27093
27094
27095
27097
27098
27099
27100
27102
27103
27105
27107
27112
27113
27114
27115
27116
27119
27120
27121
27125
27132
27138
27139
27141
27142
27143
27146
27147
27151
27153
27156
27159
27160
27161
27166
27171
27172
27174
27175
27176
27177
27182
27183
27184
27186
27188
27190
27192
27197
27202
27203
27206
27207
27210
27211
27212
27215
27219
27220
27223
27224
27226
27227
27233
27234
27235
27238
27239
27240
27241
27244
27245
27247
27249
27251
27252
27253
27254
27259
27260
27261
27263
27264
27265
27268
27269
27270
27272
27273
27276
27277
27279
27286
27287
27288
27291
27293
27295
27296
27298
27299
27300
27302
27304
27305
27306
27307
27311
27314
27315
27317
27322
27323
27325
27326
27327
27329
27330
27337
27340
27344
27345
27346
27348
27352
27356
27357
27358
27359
27361
27363
27365
27372
27373
27379
27380
27381
27384
27385
27388
27389
27395
27396
27398
27399
27400
27402
27403
27408
27409
27410
27414
27415
27416
27417
27418
27419
27420
27421
27422
27424
27428
27430
27431
27434
27435
27438
27440
27441
27446
27447
27448
27449
27451
27453
27454
27455
27457
27460
27462
27463
27464
27467
27468
27469
27472
27473
27474
27476
27477
27478
27479
27480
27481
27482
27483
27484
27487
27490
27491
27495
27496
27498
27499
27503
27504
27505
27510
27514
27515
27516
27518
27519
27522
27523
27524
27526
27533
27541
27542
27545
27550
27553
27554
27556
27557
27561
27562
27565
27567
27568
27569
27571
27572
27574
27575
27576
27577
27581
27584
27588
27594
27596
27597
27600
27601
27605
27606
27607
27608
27609
27610
27611
27612
27613
27614
27616
27617
27618
27619
27622
27623
27626
27627
27628
27630
27631
27632
27633
27634
27636
27641
27642
27643
27644
27646
27647
27651
27652
27653
27654
27661
27662
27664
27669
27676
27677
27678
27679
27680
27681
27683
27684
27692
27693
27694
27698
27701
27702
27704
27707
27712
27715
27717
27719
27720
27722
27727
27728
27730
27731
27735
27736
27737
27739
27740
27743
27750
27752
27753
27756
27758
27760
27762
27766
27767
27768
27769
27771
27773
27774
27775
27778
27781
27782
27788
27791
27792
27794
27795
27796
27798
27800
27803
27804
27810
27812
27813
27816
27817
27818
27821
27824
27825
27830
27831
27832
27833
27834
27839
27840
27843
27847
27848
27857
27858
27862
27865
27866
27869
27871
27873
27874
27875
27877
27879
27882
27883
27886
27888
27889
27893
27896
27897
27898
27899
27901
27902
27903
27906
27909
27912
27913
27915
27917
27919
27921
27922
27923
27927
27929
27932
27937
27939
27940
27942
27945
27946
27948
27949
27950
27954
27955
27956
27960
27961
27963
27964
27965
27966
27967
27968
27970
27971
27972
27973
27975
27977
27978
27980
27981
27982
27983
27984
27986
27987
27988
27991
27992
27995
27998
28002
28003
28004
28005
28006
28008
28011
28014
28016
28022
28024
28032
28034
28035
28037
28038
28039
28042
28045
28046
28047
28049
28050
28051
28054
28055
28064
28066
28068
28070
28071
28075
28078
28079
28081
28083
28085
28086
28088
28090
28091
28094
28095
28097
28098
28100
28101
28105
28108
28111
28113
28115
28117
28121
28124
28125
28126
28127
28128
28130
28131
28132
28133
28136
28137
28138
28140
28143
28144
28145
28146
28148
28149
28154
28155
28156
28157
28158
28162
28164
28165
28169
28170
28172
28174
28176
28177
28182
28183
28184
28185
28186
28187
28190
28191
28193
28195
28196
28199
28202
28203
28208
28210
28212
28215
28219
28221
28222
28225
28226
28229
28231
28233
28235
28236
28238
28240
28241
28248
28249
28250
28255
28257
28259
28262
28263
28265
28266
28269
28271
28272
28273
28274
28276
28278
28281
28282
28283
28285
28289
28291
28293
28297
28298
28299
28300
28305
28307
28308
28311
28313
28315
28316
28317
28325
28329
28330
28331
28333
28335
28337
28340
28342
28344
28346
28347
28348
28349
28351
28352
28353
28354
28361
28362
28363
28364
28365
28369
28371
28372
28373
28376
28377
28378
28379
28380
28383
28384
28385
28386
28391
28393
28394
28395
28396
28400
28402
28406
28407
28408
28411
28413
28415
28416
28424
28425
28431
28432
28433
28434
28436
28437
28438
28440
28441
28443
28449
28450
28451
28452
28454
28455
28457
28458
28460
28461
28464
28465
28466
28468
28470
28472
28473
28474
28475
28476
28477
28480
28481
28483
28484
28485
28490
28491
28495
28496
28497
28499
28502
28503
28504
28507
28508
28512
28514
28515
28516
28518
28528
28529
28531
28534
28537
28540
28541
28542
28544
28546
28549
28554
28556
28559
28561
28562
28564
28566
28568
28575
28576
28582
28583
28584
28585
28586
28588
28590
28592
28595
28596
28597
28599
28600
28601
28603
28604
28606
28607
28609
28610
28612
28614
28615
28627
28628
28630
28631
28632
28633
28634
28635
28636
28639
28640
28642
28643
28644
28645
28646
28647
28648
28649
28655
28656
28657
28658
28660
28661
28662
28663
28664
28666
28667
28671
28672
28673
28676
28677
28680
28681
28682
28684
28685
28686
28687
28688
28689
28690
28691
28694
28697
28699
28700
28701
28703
28704
28708
28712
28714
28715
28716
28718
28719
28721
28722
28723
28725
28726
28735
28737
28738
28739
28740
28741
28742
28745
28746
28751
28754
28756
28757
28758
28759
28760
28761
28764
28767
28768
28769
28771
28774
28775
28776
28778
28779
28781
28782
28783
28784
28785
28790
28791
28793
28794
28797
28798
28802
28804
28806
28807
28808
28811
28813
28817
28820
28821
28824
28825
28827
28828
28829
28830
28833
28834
28835
28836
28837
28841
28842
28844
28848
28849
28850
28851
28852
28853
28854
28855
28856
28859
28860
28861
28862
28863
28864
28865
28866
28867
28868
28872
28873
28875
28877
28878
28879
28881
28882
28883
28884
28889
28890
28902
28903
28905
28906
28908
28911
28912
28917
28918
28919
28920
28924
28927
28928
28929
28930
28931
28933
28935
28936
28938
28941
28942
28946
28947
28955
28956
28958
28963
28969
28970
28972
28973
28974
28975
28976
28979
28981
28982
28983
28986
28988
28989
28991
28992
28997
28998
29004
29010
29012
29013
29014
29017
29021
29023
29024
29026
29028
29029
29030
29033
29034
29040
29041
29046
29047
29048
29050
29051
29052
29053
29056
29057
29058
29059
29062
29064
29065
29066
29067
29068
29072
29073
29081
29083
29084
29086
29088
29090
29092
29093
29095
29096
29098
29099
29100
29103
29104
29105
29107
29108
29109
29112
29114
29116
29117
29118
29124
29125
29126
29127
29129
29130
29133
29135
29137
29139
29140
29142
29143
29144
29146
29147
29148
29150
29151
29155
29156
29157
29158
29162
29164
29165
29166
29168
29170
29171
29173
29174
29178
29179
29181
29186
29187
29188
29189
29190
29191
29192
29193
29194
29195
29197
29199
29200
29201
29203
29204
29206
29207
29208
29209
29213
29214
29215
29216
29218
29219
29220
29224
29226
29228
29232
29233
29234
29239
29240
29241
29242
29247
29248
29249
29251
29252
29253
29254
29259
29262
29263
29264
29266
29269
29272
29274
29275
29280
29283
29284
29286
29287
29290
29291
29294
29296
29298
29303
29304
29308
29309
29313
29314
29318
29320
29324
29327
29328
29329
29331
29333
29334
29336
29337
29338
29341
29343
29346
29347
29351
29352
29354
29358
29361
29363
29364
29365
29366
29367
29370
29371
29373
29374
29377
29382
29383
29385
29386
29389
29392
29395
29396
29397
29401
29403
29404
29405
29406
29409
29412
29413
29414
29415
29419
29420
29422
29423
29424
29425
29426
29429
29430
29431
29432
29435
29436
29438
29440
29441
29443
29446
29448
29450
29453
29454
29459
29461
29462
29463
29464
29465
29466
29467
29468
29469
29470
29471
29472
29474
29475
29479
29483
29485
29487
29489
29492
29493
29495
29498
29500
29501
29502
29504
29505
29506
29508
29511
29512
29513
29514
29519
29520
29521
29523
29524
29525
29536
29538
29540
29541
29542
29543
29547
29548
29550
29553
29554
29557
29562
29563
29565
29566
29567
29570
29571
29572
29573
29576
29583
29585
29587
29588
29589
29590
29591
29592
29594
29596
29598
29599
29600
29602
29606
29607
29608
29609
29610
29611
29612
29613
29616
29617
29622
29626
29628
29629
29630
29633
29634
29635
29639
29642
29643
29648
29649
29651
29653
29655
29656
29665
29666
29667
29669
29674
29676
29677
29683
29684
29685
29686
29689
29690
29692
29693
29694
29697
29699
29703
29705
29706
29707
29713
29715
29719
29721
29722
29723
29724
29728
29729
29731
29737
29738
29739
29743
29745
29746
29752
29754
29755
29756
29760
29764
29767
29769
29771
29772
29773
29777
29778
29779
29781
29786
29787
29790
29793
29794
29799
29802
29804
29807
29810
29811
29813
29816
29817
29818
29820
29822
29824
29826
29827
29831
29832
29833
29834
29835
29836
29838
29839
29840
29841
29842
29843
29847
29848
29853
29857
29859
29860
29862
29866
29872
29873
29874
29877
29878
29881
29884
29886
29888
29889
29892
29893
29894
29895
29896
29897
29898
29900
29901
29904
29906
29907
29908
29913
29914
29918
29919
29920
29922
29923
29924
29925
29928
29930
29932
29934
29935
29936
29937
29938
29940
29941
29943
29946
29947
29948
29951
29953
29954
29955
29958
29959
29960
29961
29962
29969
29974
29977
29978
29979
29981
29982
29983
29985
29987
29991
29993
29994
29996
29997
29998
29999
30001
30003
30006
30008
30010
30013
30014
30015
30016
30017
30019
30020
30023
30024
30025
30026
30027
30032
30035
30036
30037
30038
30041
30042
30043
30044
30045
30046
30047
30049
30050
30051
30052
30053
30054
30059
30066
30067
30070
30072
30073
30074
30075
30076
30077
30078
30080
30081
30083
30084
30086
30089
30091
30092
30093
30096
30098
30099
30100
30101
30105
30106
30107
30109
30111
30112
30114
30115
30116
30118
30119
30120
30125
30126
30128
30129
30132
30134
30137
30138
30145
30148
30150
30151
30153
30156
30157
30159
30161
30167
30168
30170
30172
30173
30174
30175
30176
30177
30178
30179
30180
30181
30183
30185
30187
30188
30191
30193
30194
30201
30203
30205
30206
30210
30211
30213
30214
30215
30216
30218
30220
30221
30223
30225
30227
30228
30230
30231
30232
30234
30236
30237
30238
30240
30242
30243
30250
30252
30253
30255
30256
30257
30259
30260
30262
30264
30266
30268
30269
30273
30275
30278
30279
30281
30282
30285
30286
30287
30288
30289
30291
30293
30296
30297
30301
30302
30303
30306
30308
30311
30315
30319
30321
30325
30326
30328
30329
30332
30334
30335
30338
30339
30342
30343
30345
30346
30347
30349
30351
30353
30354
30355
30356
30358
30360
30364
30366
30368
30369
30372
30375
30377
30378
30380
30381
30385
30387
30393
30394
30396
30402
30404
30406
30407
30408
30410
30412
30413
30414
30415
30418
30419
30421
30422
30423
30425
30427
30428
30429
30430
30441
30442
30443
30444
30449
30450
30451
30452
30453
30459
30468
30469
30471
30472
30476
30478
30480
30484
30485
30486
30488
30489
30490
30492
30493
30494
30495
30501
30502
30503
30504
30505
30507
30508
30509
30510
30512
30513
30514
30515
30516
30517
30518
30522
30524
30526
30527
30531
30535
30538
30539
30541
30543
30546
30549
30551
30555
30558
30559
30564
30565
30567
30571
30572
30573
30574
30575
30576
30577
30582
30585
30589
30593
30594
30597
30602
30603
30604
30605
30606
30608
30609
30611
30612
30616
30617
30618
30620
30622
30624
30626
30627
30629
30633
30634
30636
30638
30641
30642
30644
30645
30647
30653
30654
30655
30661
30663
30665
30668
30670
30671
30673
30676
30680
30682
30686
30692
30693
30699
30700
30702
30703
30706
30707
30710
30712
30713
30714
30719
30720
30721
30724
30725
30727
30729
30735
30738
30739
30740
30743
30744
30745
30747
30749
30752
30753
30754
30755
30756
30757
30759
30760
30761
30762
30763
30764
30766
30768
30769
30772
30775
30778
30782
30783
30786
30787
30789
30790
30793
30794
30795
30796
30798
30800
30801
30802
30804
30807
30810
30811
30812
30813
30817
30818
30821
30822
30824
30826
30830
30831
30832
30833
30834
30835
30837
30842
30843
30847
30849
30850
30851
30852
30854
30858
30859
30860
30861
30864
30865
30868
30871
30872
30873
30874
30880
30882
30887
30888
30890
30893
30897
30899
30903
30905
30906
30908
30909
30911
30912
30913
30914
30915
30916
30919
30921
30922
30923
30924
30926
30928
30930
30931
30935
30937
30938
30942
30943
30944
30946
30947
30948
30949
30951
30954
30956
30960
30964
30966
30967
30970
30972
30973
30974
30975
30978
30980
30981
30986
30987
30988
30989
30990
30992
30996
30997
31003
31004
31012
31014
31015
31016
31017
31019
31022
31023
31026
31030
31033
31034
31037
31040
31041
31042
31043
31044
31047
31048
31049
31051
31057
31059
31064
31068
31070
31071
31073
31075
31076
31078
31079
31080
31083
31085
31086
31087
31089
31090
31093
31095
31096
31097
31099
31100
31103
31105
31106
31108
31111
31112
31113
31115
31120
31121
31124
31125
31126
31127
31128
31131
31132
31133
31134
31135
31137
31140
31141
31142
31143
31146
31149
31151
31154
31155
31159
31160
31161
31162
31163
31166
31167
31168
31169
31171
31176
31178
31182
31185
31186
31187
31188
31189
31191
31194
31196
31197
31198
31199
31203
31204
31205
31207
31213
31214
31215
31217
31218
31220
31226
31227
31229
31230
31232
31234
31236
31237
31238
31240
31243
31246
31249
31254
31255
31256
31257
31258
31260
31261
31267
31269
31274
31280
31284
31286
31288
31290
31294
31295
31296
31297
31299
31300
31303
31304
31305
31307
31309
31310
31314
31316
31319
31321
31323
31326
31327
31333
31334
31335
31338
31339
31342
31343
31350
31352
31355
31356
31359
31364
31369
31371
31375
31377
31378
31379
31382
31383
31386
31387
31388
31389
31391
31392
31393
31396
31398
31400
31405
31406
31408
31409
31410
31411
31412
31413
31414
31418
31420
31423
31424
31426
31431
31432
31435
31436
31438
31439
31442
31444
31446
31447
31450
31453
31454
31455
31456
31457
31464
31465
31467
31469
31471
31472
31475
31479
31482
31484
31485
31486
31487
31488
31490
31491
31493
31494
31495
31497
31498
31499
31501
31503
31506
31507
31508
31512
31513
31515
31518
31519
31521
31524
31525
31526
31527
31529
31532
31533
31534
31535
31536
31538
31540
31541
31543
31544
31546
31548
31549
31553
31554
31562
31563
31564
31566
31567
31569
31570
31571
31572
31573
31575
31577
31579
31580
31581
31584
31585
31589
31590
31591
31594
31595
31596
31598
31600
31605
31608
31609
31611
31612
31614
31616
31619
31621
31625
31628
31630
31631
31633
31635
31640
31641
31643
31644
31646
31647
31649
31654
31657
31660
31664
31665
31667
31668
31669
31670
31671
31674
31675
31678
31681
31683
31686
31689
31690
31691
31692
31694
31696
31699
31700
31706
31707
31711
31715
31716
31719
31721
31723
31726
31727
31729
31732
31735
31739
31740
31741
31742
31743
31745
31746
31748
31755
31757
31759
31766
31767
31768
31773
31777
31778
31779
31780
31781
31785
31786
31787
31793
31797
31798
31800
31801
31802
31805
31806
31808
31809
31811
31814
31815
31816
31817
31822
31823
31828
31829
31830
31831
31835
31836
31837
31838
31839
31842
31846
31850
31851
31852
31853
31858
31859
31860
31863
31865
31869
31873
31877
31878
31880
31881
31884
31887
31888
31889
31891
31894
31895
31897
31898
31899
31901
31902
31904
31905
31906
31907
31912
31918
31920
31922
31923
31924
31926
31928
31929
31930
31931
31932
31933
31936
31937
31941
31942
31943
31944
31945
31946
31947
31949
31952
31953
31954
31957
31958
31961
31963
31964
31965
31967
31969
31970
31973
31975
31976
31977
31982
31984
31985
31987
31989
31994
31998
32002
32003
32004
32010
32013
32014
32016
32017
32019
32020
32021
32022
32023
32024
32025
32026
32028
32029
32031
32039
32040
32041
32043
32044
32045
32051
32053
32055
32057
32058
32059
32062
32064
32067
32069
32070
32071
32072
32074
32075
32077
32078
32081
32082
32083
32084
32085
32086
32087
32088
32089
32090
32092
32093
32094
32095
32096
32100
32102
32106
32107
32108
32110
32112
32114
32116
32117
32119
32120
32122
32123
32124
32125
32127
32128
32129
32135
32137
32138
32139
32140
32142
32144
32152
32153
32154
32155
32156
32157
32159
32160
32161
32164
32165
32168
32169
32171
32172
32174
32178
32179
32180
32181
32183
32189
32192
32193
32194
32195
32196
32198
32202
32204
32205
32206
32208
32209
32211
32212
32213
32215
32216
32217
32218
32219
32223
32225
32226
32227
32228
32232
32236
32237
32245
32247
32248
32250
32251
32254
32257
32258
32260
32262
32263
32268
32269
32270
32272
32273
32275
32276
32278
32280
32283
32284
32286
32287
32288
32290
32291
32292
32295
32298
32300
32302
32304
32305
32306
32307
32309
32310
32311
32312
32313
32314
32315
32316
32317
32318
32319
32320
32321
32322
32323
32324
32325
32328
32330
32332
32334
32337
32338
32339
32340
32342
32350
32352
32353
32355
32356
32360
32361
32364
32365
32366
32370
32374
32375
32376
32377
32378
32380
32384
32385
32389
32390
32393
32394
32395
32401
32404
32407
32410
32413
32416
32420
32421
32423
32428
32429
32430
32431
32432
32435
32436
32437
32439
32447
32449
32453
32455
32456
32458
32464
32466
32467
32469
32472
32474
32475
32476
32481
32482
32484
32485
32487
32489
32491
32493
32494
32495
32496
32497
32498
32499
32501
32502
32506
32507
32508
32516
32517
32519
32520
32525
32530
32531
32532
32534
32537
32539
32540
32541
32542
32543
32544
32545
32547
32553
32555
32557
32558
32559
32563
32564
32566
32569
32571
32573
32574
32577
32579
32581
32583
32585
32586
32588
32593
32594
32595
32596
32598
32599
32601
32604
32606
32607
32613
32615
32616
32618
32619
32620
32624
32625
32626
32630
32631
32633
32635
32637
32639
32640
32641
32642
32645
32648
32650
32651
32652
32655
32656
32657
32660
32661
32663
32666
32668
32673
32675
32676
32678
32684
32686
32692
32693
32694
32697
32698
32699
32700
32704
32705
32708
32711
32712
32713
32714
32716
32719
32721
32723
32724
32725
32729
32730
32732
32735
32738
32742
32743
32744
32745
32747
32749
32750
32751
32752
32755
32757
32759
32760
32762
32763
32764
32767
32769
32770
32773
32775
32776
32779
32783
32785
32788
32789
32791
32792
32794
32795
32797
32800
32801
32802
32803
32806
32808
32810
32811
32812
32814
32816
32817
32818
32820
32822
32824
32825
32826
32830
32833
32834
32835
32837
32839
32844
32848
32849
32850
32851
32853
32854
32855
32858
32859
32863
32864
32865
32866
32868
32869
32870
32872
32873
32874
32875
32878
32880
32881
32882
32883
32884
32885
32886
32887
32888
32890
32892
32894
32896
32903
32904
32905
32907
32908
32910
32913
32915
32920
32922
32923
32924
32928
32929
32931
32932
32933
32935
32936
32937
32939
32940
32941
32943
32944
32948
32950
32951
32954
32955
32956
32957
32958
32962
32963
32964
32966
32967
32971
32972
32973
32976
32977
32978
32982
32984
32987
32988
32989
32991
32995
32998
33001
33002
33003
33005
33007
33009
33010
33011
33012
33013
33017
33018
33020
33023
33026
33027
33028
33029
33033
33034
33036
33037
33038
33042
33043
33045
33050
33051
33052
33053
33054
33055
33058
33062
33065
33066
33068
33069
33071
33072
33075
33079
33082
33083
33084
33085
33087
33092
33095
33097
33098
33104
33107
33108
33111
33113
33114
33119
33121
33122
33126
33128
33132
33140
33141
33143
33145
33148
33149
33154
33155
33156
33158
33160
33161
33162
33165
33167
33168
33171
33175
33176
33178
33179
33180
33181
33186
33187
33192
33194
33195
33197
33199
33201
33202
33203
33204
33205
33206
33208
33209
33210
33211
33212
33213
33216
33218
33220
33226
33227
33228
33229
33231
33232
33234
33237
33238
33239
33240
33244
33246
33247
33252
33253
33261
33262
33263
33265
33266
33267
33268
33271
33273
33274
33275
33277
33278
33280
33281
33282
33284
33286
33287
33288
33290
33291
33293
33294
33295
33296
33297
33298
33299
33300
33301
33302
33304
33310
33311
33312
33313
33315
33316
33320
33323
33324
33326
33327
33330
33331
33332
33333
33334
33337
33341
33342
33345
33346
33348
33356
33357
33358
33359
33361
33365
33368
33370
33371
33373
33374
33375
33377
33382
33383
33384
33385
33391
33393
33394
33395
33396
33398
33400
33409
33410
33411
33412
33414
33415
33416
33418
33419
33420
33421
33423
33425
33429
33434
33435
33436
33437
33440
33441
33443
33445
33446
33447
33448
33449
33451
33456
33457
33458
33459
33461
33465
33466
33467
33470
33471
33472
33473
33475
33480
33483
33484
33489
33491
33493
33494
33495
33496
33498
33499
33501
33505
33506
33507
33510
33511
33512
33513
33515
33517
33521
33522
33523
33525
33526
33527
33530
33533
33534
33536
33539
33540
33541
33543
33546
33547
33548
33551
33553
33554
33560
33562
33564
33565
33566
33567
33570
33571
33572
33573
33574
33577
33578
33580
33581
33582
33583
33584
33585
33587
33591
33596
33597
33598
33600
33601
33602
33604
33606
33609
33610
33611
33612
33614
33615
33616
33617
33619
33621
33623
33626
33627
33629
33634
33635
33636
33638
33639
33642
33643
33646
33648
33651
33660
33661
33662
33669
33670
33671
33673
33677
33678
33679
33686
33687
33689
33693
33695
33696
33698
33701
33702
33704
33707
33708
33711
33712
33715
33718
33719
33720
33721
33722
33726
33727
33729
33731
33737
33738
33739
33740
33743
33744
33745
33746
33748
33749
33750
33751
33752
33753
33756
33764
33766
33767
33771
33773
33778
33780
33782
33784
33786
33791
33792
33795
33796
33797
33798
33799
33800
33803
33805
33808
33810
33812
33813
33814
33815
33817
33819
33820
33821
33825
33826
33827
33829
33830
33831
33832
33837
33843
33847
33848
33849
33851
33852
33853
33854
33856
33857
33860
33861
33863
33864
33865
33868
33869
33870
33872
33875
33877
33879
33881
33884
33888
33889
33893
33895
33896
33897
33899
33900
33901
33902
33904
33907
33909
33910
33914
33916
33917
33919
33920
33921
33922
33923
33924
33926
33933
33934
33935
33936
33940
33941
33942
33943
33945
33948
33950
33951
33953
33954
33957
33959
33961
33962
33963
33965
33966
33967
33969
33982
33985
33986
33987
33992
33993
33995
33996
34002
34004
34005
34007
34012
34014
34016
34017
34022
34025
34028
34032
34033
34035
34036
34037
34038
34041
34042
34045
34046
34047
34051
34052
34053
34054
34055
34056
34058
34059
34061
34062
34063
34065
34066
34068
34069
34070
34072
34076
34077
34078
34081
34082
34083
34085
34087
34089
34090
34092
34093
34095
34096
34098
34102
34107
34108
34109
34112
34113
34116
34119
34122
34126
34127
34129
34132
34133
34137
34138
34139
34142
34144
34145
34146
34147
34148
34149
34151
34156
34157
34158
34159
34161
34162
34163
34164
34165
34167
34169
34170
34171
34172
34173
34174
34176
34177
34178
34184
34185
34186
34202
34204
34205
34206
34207
34208
34209
34216
34217
34218
34219
34220
34221
34222
34224
34227
34230
34232
34235
34236
34237
34240
34243
34250
34252
34253
34254
34255
34262
34264
34265
34267
34271
34277
34278
34279
34284
34286
34289
34290
34293
34297
34298
34299
34303
34304
34305
34306
34307
34308
34310
34311
34312
34313
34315
34316
34318
34322
34324
34335
34336
34337
34340
34342
34343
34345
34346
34350
34353
34356
34360
34361
34362
34363
34365
34366
34367
34369
34373
34379
34382
34384
34385
34386
34389
34390
34392
34393
34394
34395
34398
34399
34400
34402
34403
34404
34408
34409
34411
34412
34415
34417
34422
34423
34429
34430
34431
34434
34436
34437
34438
34439
34440
34442
34443
34444
34446
34455
34456
34457
34458
34460
34461
34462
34463
34466
34477
34483
34484
34489
34491
34494
34495
34496
34500
34501
34502
34503
34506
34507
34508
34510
34512
34513
34514
34515
34516
34517
34518
34519
34521
34522
34526
34533
34535
34536
34539
34540
34543
34548
34549
34553
34554
34555
34558
34559
34560
34561
34565
34567
34568
34569
34570
34571
34572
34574
34577
34580
34581
34582
34584
34585
34586
34588
34592
34595
34597
34598
34599
34601
34603
34604
34607
34608
34609
34614
34615
34616
34620
34621
34627
34629
34631
34632
34634
34635
34636
34637
34640
34645
34646
34648
34651
34652
34660
34663
34665
34669
34670
34678
34680
34681
34682
34683
34685
34687
34689
34693
34694
34695
34696
34701
34704
34705
34707
34712
34713
34716
34717
34719
34721
34722
34723
34726
34727
34729
34730
34733
34734
34737
34738
34739
34741
34742
34743
34745
34747
34748
34749
34751
34752
34753
34754
34756
34758
34764
34769
34774
34775
34776
34779
34780
34781
34784
34786
34790
34791
34792
34793
34795
34797
34798
34801
34802
34803
34804
34808
34813
34816
34818
34820
34821
34823
34825
34827
34829
34834
34835
34836
34842
34847
34848
34850
34853
34854
34861
34862
34865
34868
34869
34870
34872
34877
34879
34885
34888
34891
34893
34895
34898
34900
34901
34902
34903
34904
34907
34909
34910
34911
34912
34913
34914
34919
34920
34923
34924
34926
34931
34935
34937
34941
34946
34949
34955
34957
34958
34963
34965
34966
34967
34968
34969
34970
34974
34976
34977
34978
34982
34983
34985
34987
34989
34990
34991
34992
34994
34995
34996
34997
34998
34999
35000
35003
35004
35009
35011
35012
35016
35017
35018
35019
35020
35021
35023
35025
35026
35030
35031
35032
35033
35034
35035
35037
35040
35041
35042
35044
35046
35048
35049
35051
35054
35055
35056
35058
35060
35063
35064
35065
35067
35069
35070
35071
35072
35075
35076
35078
35079
35080
35082
35085
35087
35092
35093
35094
35095
35099
35100
35101
35104
35106
35108
35109
35110
35115
35119
35123
35125
35126
35132
35135
35136
35138
35140
35142
35144
35146
35147
35148
35149
35150
35152
35153
35155
35160
35162
35163
35164
35167
35168
35169
35170
35172
35174
35175
35177
35178
35179
35180
35181
35182
35183
35184
35185
35187
35188
35190
35191
35192
35193
35194
35195
35196
35197
35199
35200
35201
35203
35205
35207
35211
35212
35213
35214
35220
35222
35223
35225
35226
35227
35229
35234
35235
35236
35237
35242
35243
35244
35246
35247
35248
35254
35255
35256
35259
35260
35261
35264
35265
35270
35271
35273
35277
35278
35279
35281
35283
35284
35285
35286
35288
35291
35292
35293
35294
35295
35296
35297
35298
35299
35300
35303
35312
35313
35314
35315
35316
35317
35318
35320
35324
35327
35329
35331
35332
35333
35334
35337
35339
35340
35342
35343
35346
35347
35351
35352
35355
35356
35360
35361
35362
35364
35366
35367
35370
35371
35372
35373
35376
35377
35378
35379
35380
35382
35383
35387
35392
35393
35396
35397
35401
35402
35403
35404
35407
35409
35412
35414
35417
35421
35423
35426
35429
35430
35431
35432
35434
35435
35438
35439
35441
35449
35451
35452
35455
35456
35459
35460
35462
35463
35464
35467
35473
35475
35477
35480
35483
35484
35487
35488
35489
35490
35491
35492
35495
35496
35499
35500
35502
35503
35510
35511
35512
35513
35519
35525
35526
35528
35531
35532
35533
35535
35536
35537
35538
35539
35541
35543
35544
35545
35549
35550
35551
35552
35555
35556
35557
35562
35565
35566
35568
35569
35574
35575
35577
35578
35580
35581
35584
35585
35586
35589
35591
35592
35593
35603
35604
35605
35611
35613
35615
35616
35618
35620
35621
35623
35629
35631
35633
35634
35636
35637
35640
35642
35645
35646
35649
35650
35651
35653
35654
35655
35656
35659
35660
35664
35665
35667
35668
35671
35672
35673
35674
35675
35678
35681
35683
35685
35687
35689
35692
35694
35695
35697
35698
35702
35706
35708
35709
35713
35717
35718
35719
35722
35724
35727
35733
35734
35738
35739
35740
35745
35746
35749
35751
35752
35753
35754
35756
35758
35759
35761
35762
35764
35766
35767
35768
35769
35770
35771
35772
35773
35775
35780
35784
35786
35788
35791
35792
35795
35796
35799
35800
35801
35802
35804
35805
35806
35807
35808
35809
35813
35814
35815
35817
35818
35819
35820
35821
35823
35824
35825
35826
35827
35830
35832
35834
35835
35836
35838
35841
35842
35843
35844
35845
35846
35854
35858
35864
35865
35868
35871
35872
35873
35876
35878
35879
35881
35883
35884
35885
35887
35888
35889
35891
35896
35897
35898
35899
35901
35902
35903
35904
35906
35912
35914
35915
35916
35918
35920
35922
35923
35925
35926
35928
35929
35932
35933
35934
35935
35936
35944
35947
35950
35951
35952
35955
35957
35958
35959
35961
35963
35966
35969
35973
35975
35977
35981
35982
35984
35985
35986
35988
35989
35991
35992
35993
35994
35996
35997
35998
35999
36001
36002
36003
36007
36010
36020
36023
36024
36026
36027
36031
36032
36034
36035
36036
36037
36039
36041
36042
36043
36044
36045
36046
36047
36048
36049
36050
36053
36054
36057
36059
36060
36065
36066
36067
36070
36074
36075
36077
36078
36083
36087
36088
36090
36093
36098
36102
36103
36105
36106
36109
36110
36114
36115
36116
36118
36124
36125
36127
36128
36132
36136
36137
36147
36150
36152
36153
36155
36159
36160
36161
36162
36163
36166
36167
36168
36169
36170
36172
36173
36174
36177
36178
36180
36181
36182
36184
36187
36188
36189
36190
36192
36195
36197
36198
36201
36205
36208
36209
36210
36214
36216
36218
36219
36221
36225
36227
36229
36230
36231
36233
36236
36238
36240
36241
36243
36244
36245
36246
36248
36250
36251
36256
36257
36259
36260
36262
36264
36268
36273
36275
36276
36280
36281
36283
36287
36288
36294
36296
36299
36302
36303
36304
36306
36307
36310
36311
36312
36313
36314
36315
36316
36321
36323
36324
36325
36327
36330
36331
36333
36334
36335
36336
36337
36338
36341
36342
36343
36346
36347
36348
36351
36353
36355
36356
36360
36363
36366
36368
36369
36370
36372
36373
36375
36377
36378
36379
36381
36385
36386
36392
36393
36395
36396
36403
36406
36407
36408
36413
36415
36419
36420
36421
36423
36426
36430
36434
36436
36438
36439
36441
36444
36445
36447
36449
36450
36452
36454
36455
36456
36458
36466
36467
36469
36470
36476
36483
36488
36494
36495
36497
36498
36499
36500
36501
36505
36506
36507
36508
36511
36515
36518
36519
36520
36523
36526
36529
36530
36532
36533
36534
36538
36540
36543
36544
36545
36549
36553
36554
36555
36556
36561
36562
36567
36568
36573
36574
36578
36579
36580
36582
36585
36586
36589
36596
36597
36598
36599
36600
36601
36604
36608
36612
36613
36615
36616
36617
36621
36622
36623
36624
36626
36627
36631
36632
36636
36640
36643
36645
36646
36648
36651
36652
36653
36657
36658
36659
36660
36662
36663
36665
36670
36671
36672
36676
36678
36680
36681
36684
36687
36688
36689
36690
36693
36694
36697
36698
36702
36703
36705
36706
36709
36712
36716
36717
36718
36720
36723
36726
36727
36732
36734
36735
36739
36741
36742
36745
36747
36748
36750
36751
36753
36754
36756
36759
36762
36764
36765
36769
36770
36774
36775
36784
36786
36788
36790
36791
36793
36794
36795
36796
36797
36799
36802
36803
36804
36806
36812
36815
36818
36821
36822
36823
36825
36828
36829
36832
36834
36836
36837
36838
36839
36840
36842
36843
36846
36849
36850
36854
36855
36856
36857
36858
36859
36860
36862
36867
36868
36871
36872
36875
36876
36879
36880
36881
36886
36887
36888
36889
36890
36893
36894
36895
36898
36900
36901
36902
36903
36906
36907
36908
36909
36911
36912
36913
36915
36918
36921
36923
36924
36925
36927
36928
36931
36932
36934
36936
36937
36938
36939
36941
36943
36946
36947
36948
36949
36951
36956
36960
36961
36962
36966
36967
36968
36969
36972
36974
36975
36976
36977
36981
36982
36985
36986
36988
36991
36994
36995
36996
37000
37002
37003
37004
37007
37008
37010
37015
37016
37018
37021
37025
37027
37032
37036
37038
37042
37046
37051
37052
37054
37055
37058
37062
37063
37065
37067
37068
37070
37072
37073
37074
37075
37076
37079
37082
37085
37086
37087
37089
37091
37095
37096
37098
37099
37102
37103
37107
37108
37111
37112
37113
37116
37117
37118
37119
37121
37126
37127
37128
37129
37133
37134
37136
37137
37138
37139
37145
37146
37147
37148
37151
37152
37153
37155
37158
37159
37160
37164
37165
37166
37168
37171
37173
37174
37175
37176
37179
37180
37181
37182
37184
37185
37186
37190
37193
37196
37197
37198
37200
37205
37208
37214
37215
37216
37219
37223
37224
37225
37233
37234
37235
37236
37238
37243
37244
37247
37255
37257
37261
37267
37272
37274
37276
37279
37280
37282
37283
37286
37287
37288
37289
37290
37291
37293
37297
37299
37300
37301
37304
37305
37306
37309
37311
37312
37313
37316
37319
37327
37329
37332
37333
37337
37339
37340
37343
37344
37346
37347
37349
37351
37353
37356
37357
37358
37361
37366
37367
37369
37371
37372
37373
37375
37376
37378
37379
37382
37385
37386
37387
37388
37390
37391
37393
37394
37395
37399
37401
37402
37404
37405
37415
37416
37422
37424
37425
37427
37428
37431
37434
37435
37436
37442
37445
37446
37447
37450
37451
37454
37456
37457
37458
37459
37460
37462
37463
37466
37468
37471
37472
37474
37476
37477
37479
37481
37485
37486
37488
37489
37493
37497
37498
37501
37503
37504
37505
37506
37507
37508
37510
37511
37513
37514
37515
37516
37517
37518
37521
37524
37526
37528
37529
37530
37532
37534
37537
37538
37540
37543
37546
37547
37548
37550
37551
37552
37554
37555
37556
37557
37558
37562
37564
37569
37570
37571
37572
37575
37576
37578
37579
37581
37584
37589
37592
37593
37594
37596
37598
37603
37606
37607
37608
37609
37610
37611
37612
37616
37617
37619
37620
37624
37626
37627
37629
37632
37634
37638
37639
37640
37643
37644
37647
37648
37657
37658
37660
37664
37665
37669
37670
37671
37672
37675
37676
37678
37684
37685
37687
37688
37691
37694
37695
37696
37697
37699
37700
37701
37704
37706
37707
37709
37712
37714
37715
37719
37720
37722
37724
37727
37730
37732
37733
37734
37735
37737
37738
37744
37746
37748
37750
37752
37754
37756
37758
37761
37764
37767
37769
37773
37774
37775
37776
37778
37779
37780
37781
37782
37784
37787
37788
37790
37791
37795
37796
37797
37798
37799
37800
37801
37802
37803
37804
37805
37806
37807
37808
37810
37812
37813
37815
37818
37819
37820
37826
37830
37831
37832
37834
37835
37836
37839
37842
37846
37848
37851
37854
37855
37857
37858
37862
37864
37865
37866
37867
37868
37869
37870
37872
37874
37878
37879
37880
37881
37882
37883
37888
37890
37898
37903
37904
37905
37907
37911
37912
37914
37915
37918
37919
37920
37921
37922
37923
37925
37926
37927
37928
37929
37935
37939
37940
37941
37944
37945
37948
37950
37951
37954
37955
37956
37960
37962
37965
37967
37969
37970
37973
37976
37977
37980
37986
37987
37988
37989
37999
38001
38002
38003
38004
38006
38009
38014
38015
38017
38019
38025
38028
38029
38030
38031
38035
38037
38038
38045
38046
38047
38049
38051
38052
38053
38056
38059
38060
38061
38062
38063
38064
38065
38066
38070
38072
38075
38077
38079
38082
38083
38084
38085
38086
38089
38090
38091
38092
38094
38096
38098
38105
38107
38108
38109
38110
38111
38115
38117
38119
38120
38121
38122
38128
38131
38132
38133
38134
38135
38136
38137
38138
38140
38143
38145
38146
38148
38150
38153
38154
38156
38157
38158
38165
38168
38171
38172
38174
38176
38178
38181
38182
38184
38186
38189
38191
38192
38195
38197
38201
38204
38205
38206
38208
38212
38213
38215
38216
38217
38218
38219
38221
38224
38225
38226
38228
38229
38232
38233
38234
38235
38236
38238
38239
38244
38245
38246
38248
38249
38251
38252
38253
38258
38260
38261
38263
38270
38271
38272
38275
38276
38277
38278
38282
38284
38287
38288
38289
38294
38295
38296
38298
38306
38308
38309
38310
38311
38317
38323
38326
38327
38331
38333
38334
38335
38336
38342
38346
38347
38348
38350
38351
38352
38356
38358
38360
38362
38364
38365
38368
38369
38372
38373
38377
38380
38381
38383
38384
38385
38387
38388
38389
38390
38392
38393
38394
38397
38398
38403
38405
38406
38407
38408
38413
38414
38419
38422
38424
38426
38429
38433
38436
38437
38438
38439
38440
38443
38444
38445
38446
38449
38451
38452
38453
38454
38455
38457
38458
38459
38461
38462
38463
38464
38466
38468
38470
38471
38473
38477
38480
38481
38482
38483
38484
38485
38486
38491
38493
38495
38498
38499
38502
38503
38504
38507
38509
38510
38511
38516
38520
38521
38522
38524
38525
38526
38528
38529
38532
38535
38539
38541
38545
38549
38552
38555
38559
38563
38565
38568
38572
38573
38575
38578
38579
38581
38582
38585
38587
38590
38592
38593
38595
38596
38597
38598
38600
38601
38604
38605
38608
38609
38610
38613
38614
38615
38618
38619
38621
38624
38625
38633
38634
38636
38639
38641
38642
38646
38647
38648
38651
38652
38657
38660
38662
38664
38666
38668
38669
38671
38672
38673
38674
38678
38679
38680
38681
38682
38683
38684
38685
38688
38689
38692
38693
38695
38698
38700
38701
38702
38704
38706
38708
38709
38711
38712
38713
38715
38720
38721
38722
38723
38724
38725
38726
38728
38729
38730
38733
38735
38738
38739
38741
38743
38746
38747
38750
38752
38753
38754
38755
38758
38760
38762
38763
38765
38767
38768
38769
38770
38771
38772
38773
38774
38776
38778
38780
38781
38783
38784
38787
38789
38790
38792
38797
38804
38806
38807
38809
38810
38811
38812
38814
38815
38816
38819
38820
38823
38824
38831
38832
38835
38836
38838
38839
38840
38841
38843
38844
38846
38848
38850
38851
38852
38855
38857
38860
38861
38862
38863
38864
38869
38870
38871
38874
38875
38876
38878
38880
38885
38886
38889
38890
38893
38895
38899
38900
38901
38902
38905
38906
38907
38908
38910
38911
38913
38917
38918
38919
38921
38922
38924
38926
38927
38930
38936
38937
38938
38941
38943
38944
38947
38948
38951
38952
38955
38956
38957
38958
38960
38961
38963
38965
38966
38967
38968
38972
38973
38976
38978
38980
38982
38983
38984
38985
38986
38987
38988
38989
38990
38993
38994
38995
38997
38998
38999
39000
39001
39004
39005
39006
39009
39011
39012
39014
39015
39016
39019
39020
39021
39022
39024
39026
39027
39030
39033
39035
39036
39037
39046
39047
39048
39049
39050
39051
39052
39053
39055
39058
39059
39060
39061
39062
39063
39065
39066
39068
39075
39076
39077
39079
39081
39084
39085
39086
39087
39089
39092
39094
39097
39098
39099
39100
39102
39105
39108
39110
39111
39114
39116
39117
39118
39119
39121
39125
39126
39127
39128
39129
39131
39132
39135
39137
39138
39139
39141
39146
39147
39149
39151
39153
39154
39155
39156
39159
39160
39161
39162
39163
39164
39166
39168
39169
39173
39174
39180
39182
39186
39187
39188
39189
39192
39193
39194
39196
39198
39199
39203
39204
39208
39209
39212
39216
39217
39220
39221
39225
39227
39228
39230
39234
39236
39237
39238
39239
39243
39244
39245
39248
39249
39250
39253
39257
39258
39262
39264
39265
39266
39267
39269
39272
39274
39275
39277
39278
39279
39285
39289
39290
39291
39292
39293
39295
39297
39299
39300
39301
39303
39304
39305
39306
39307
39308
39311
39312
39314
39315
39316
39317
39318
39319
39320
39321
39324
39325
39328
39329
39330
39331
39334
39335
39336
39339
39340
39342
39343
39345
39346
39348
39350
39352
39355
39356
39357
39359
39364
39365
39368
39372
39373
39374
39376
39377
39378
39381
39383
39386
39387
39389
39393
39394
39396
39397
39398
39399
39406
39407
39408
39409
39411
39412
39413
39417
39420
39423
39427
39428
39429
39430
39432
39433
39434
39438
39439
39441
39444
39445
39446
39447
39448
39449
39452
39453
39462
39463
39465
39466
39468
39469
39470
39471
39472
39473
39476
39477
39479
39484
39485
39488
39493
39495
39499
39501
39502
39504
39505
39506
39507
39509
39510
39513
39514
39516
39517
39518
39519
39520
39523
39524
39525
39526
39527
39531
39532
39533
39534
39535
39538
39542
39543
39548
39550
39551
39554
39555
39556
39560
39561
39562
39564
39565
39569
39571
39572
39573
39574
39575
39576
39577
39581
39582
39585
39587
39592
39594
39595
39596
39597
39599
39601
39605
39606
39607
39608
39609
39611
39612
39614
39615
39620
39621
39624
39625
39627
39629
39632
39633
39635
39636
39637
39639
39641
39642
39643
39644
39646
39647
39649
39650
39651
39653
39657
39659
39661
39662
39663
39664
39668
39669
39671
39672
39675
39677
39678
39680
39681
39682
39683
39684
39685
39686
39687
39692
39694
39696
39698
39700
39702
39704
39706
39708
39709
39710
39713
39714
39716
39717
39728
39730
39732
39734
39735
39737
39739
39740
39741
39743
39744
39746
39747
39754
39755
39756
39757
39759
39763
39764
39766
39768
39769
39770
39772
39774
39777
39778
39780
39781
39782
39783
39784
39787
39791
39793
39794
39795
39797
39800
39803
39804
39806
39808
39811
39814
39815
39819
39820
39825
39826
39827
39828
39829
39830
39832
39834
39835
39837
39838
39839
39841
39842
39844
39845
39846
39847
39848
39851
39852
39855
39856
39857
39858
39859
39860
39861
39862
39863
39864
39865
39866
39873
39874
39877
39878
39879
39883
39885
39888
39889
39890
39891
39892
39896
39897
39899
39902
39903
39906
39909
39910
39911
39918
39919
39920
39923
39924
39926
39928
39933
39934
39938
39940
39941
39942
39945
39946
39947
39948
39949
39951
39952
39954
39955
39957
39959
39960
39961
39963
39964
39966
39968
39969
39970
39971
39972
39976
39979
39980
39981
39982
39984
39985
39986
39987
39990
39992
39995
39996
39997
39998
40000
40001
40002
40008
40010
40013
40015
40019
40021
40022
40023
40025
40026
40027
40028
40031
40033
40036
40037
40038
40040
40041
40043
40044
40047
40052
40053
40054
40055
40056
40057
40061
40063
40064
40066
40067
40069
40070
40071
40072
40073
40076
40077
40078
40082
40083
40086
40087
40090
40091
40093
40094
40095
40096
40097
40098
40104
40105
40107
40108
40112
40113
40115
40116
40119
40121
40122
40124
40125
40126
40128
40130
40133
40134
40138
40139
40141
40143
40146
40147
40148
40150
40152
40157
40158
40159
40160
40162
40164
40165
40166
40167
40169
40170
40172
40174
40175
40177
40179
40181
40182
40184
40185
40186
40189
40192
40193
40198
40200
40206
40207
40212
40213
40214
40216
40218
40219
40220
40222
40223
40224
40227
40228
40229
40233
40237
40238
40240
40242
40244
40245
40250
40251
40252
40253
40259
40261
40263
40266
40267
40268
40269
40271
40272
40275
40279
40281
40282
40286
40290
40296
40298
40301
40303
40305
40310
40312
40320
40322
40323
40324
40326
40327
40328
40331
40334
40335
40339
40341
40342
40343
40344
40345
40347
40349
40350
40353
40356
40357
40358
40363
40364
40367
40368
40369
40371
40372
40373
40374
40375
40376
40377
40378
40380
40382
40383
40384
40388
40389
40390
40391
40392
40394
40396
40397
40401
40403
40404
40406
40407
40415
40416
40417
40418
40421
40423
40424
40427
40433
40435
40437
40439
40442
40443
40444
40448
40453
40454
40456
40461
40463
40464
40469
40470
40473
40475
40476
40477
40478
40479
40485
40487
40488
40491
40492
40494
40496
40498
40501
40504
40507
40510
40511
40512
40514
40517
40519
40522
40524
40525
40526
40527
40529
40530
40531
40534
40536
40537
40538
40539
40540
40543
40545
40546
40548
40549
40550
40552
40556
40557
40558
40559
40563
40564
40565
40566
40568
40569
40570
40571
40574
40577
40579
40580
40581
40582
40584
40585
40586
40587
40590
40591
40593
40594
40597
40598
40599
40600
40602
40604
40607
40616
40617
40618
40619
40620
40621
40622
40623
40626
40628
40629
40630
40631
40632
40633
40635
40637
40639
40640
40641
40644
40647
40648
40649
40650
40652
40655
40656
40658
40660
40664
40665
40670
40674
40677
40680
40681
40682
40685
40687
40688
40690
40691
40694
40695
40697
40699
40700
40703
40705
40707
40709
40712
40713
40714
40716
40717
40718
40720
40722
40723
40725
40729
40731
40732
40734
40735
40736
40737
40739
40740
40742
40745
40747
40748
40751
40752
40753
40755
40758
40759
40760
40762
40764
40767
40773
40774
40776
40777
40779
40780
40781
40782
40784
40787
40788
40791
40796
40797
40798
40804
40807
40811
40813
40814
40816
40817
40818
40821
40824
40827
40829
40831
40835
40836
40841
40843
40848
40849
40850
40853
40854
40855
40857
40858
40860
40865
40866
40872
40874
40875
40876
40880
40881
40882
40883
40885
40890
40894
40897
40899
40904
40907
40908
40909
40910
40912
40914
40915
40916
40917
40919
40922
40923
40924
40925
40926
40927
40928
40930
40932
40933
40936
40940
40942
40943
40945
40946
40947
40949
40950
40952
40954
40956
40957
40962
40963
40964
40965
40966
40967
40968
40969
40970
40972
40973
40978
40979
40986
40987
40991
40992
40995
40997
40999
41000
41001
41003
41004
41006
41007
41008
41010
41011
41012
41016
41017
41020
41021
41022
41026
41027
41029
41031
41032
41033
41036
41040
41044
41045
41046
41047
41048
41057
41058
41059
41060
41061
41064
41065
41069
41075
41076
41077
41079
41080
41084
41090
41092
41093
41095
41096
41098
41099
41100
41102
41103
41104
41105
41106
41107
41108
41110
41111
41112
41115
41118
41120
41128
41131
41134
41135
41136
41139
41140
41141
41142
41144
41145
41147
41148
41150
41151
41153
41155
41156
41158
41160
41161
41165
41166
41172
41176
41177
41180
41183
41184
41185
41186
41188
41189
41191
41193
41195
41198
41199
41202
41206
41207
41208
41212
41213
41216
41217
41221
41222
41223
41224
41229
41230
41232
41236
41240
41241
41243
41244
41245
41247
41249
41251
41252
41253
41254
41258
41266
41269
41275
41279
41280
41281
41282
41287
41289
41291
41295
41296
41298
41300
41301
41302
41305
41307
41308
41310
41311
41318
41319
41320
41321
41323
41325
41327
41328
41330
41332
41333
41335
41337
41338
41339
41343
41345
41348
41351
41352
41358
41359
41360
41361
41365
41366
41367
41368
41370
41374
41377
41378
41381
41382
41383
41384
41386
41389
41390
41391
41396
41398
41400
41402
41403
41406
41409
41412
41415
41416
41418
41419
41420
41421
41422
41425
41426
41427
41428
41429
41434
41438
41442
41444
41445
41446
41447
41448
41449
41451
41452
41453
41458
41461
41463
41465
41466
41467
41469
41472
41473
41474
41475
41476
41479
41481
41482
41483
41484
41485
41487
41490
41495
41497
41499
41502
41505
41507
41508
41509
41512
41513
41514
41517
41518
41519
41521
41522
41526
41529
41530
41531
41533
41535
41538
41539
41540
41541
41542
41543
41546
41548
41549
41550
41552
41553
41560
41562
41563
41566
41568
41572
41573
41575
41576
41577
41583
41588
41589
41590
41591
41592
41595
41603
41605
41607
41609
41610
41611
41622
41623
41624
41625
41626
41627
41628
41629
41635
41637
41642
41645
41646
41649
41652
41653
41658
41661
41663
41664
41668
41673
41674
41677
41680
41681
41682
41683
41684
41685
41687
41688
41689
41691
41692
41697
41698
41700
41701
41704
41705
41707
41708
41709
41710
41713
41714
41717
41719
41723
41725
41728
41729
41733
41734
41735
41736
41737
41738
41743
41744
41745
41746
41748
41750
41751
41755
41757
41760
41761
41762
41763
41764
41765
41767
41768
41769
41770
41772
41773
41774
41781
41782
41787
41788
41789
41794
41795
41796
41797
41798
41799
41800
41803
41804
41808
41812
41813
41815
41816
41817
41818
41819
41822
41823
41824
41825
41827
41828
41829
41836
41837
41838
41839
41841
41844
41847
41851
41853
41857
41858
41859
41860
41861
41862
41863
41864
41865
41866
41868
41869
41871
41872
41873
41875
41876
41878
41880
41881
41882
41883
41885
41891
41893
41896
41898
41899
41900
41902
41903
41904
41905
41906
41908
41910
41914
41916
41917
41920
41921
41927
41929
41930
41931
41932
41934
41937
41946
41947
41951
41953
41954
41955
41956
41958
41960
41961
41963
41967
41968
41971
41972
41974
41975
41977
41978
41979
41980
41983
41986
41990
41991
41992
41994
41995
41996
41997
41998
42003
42005
42007
42008
42010
42016
42018
42021
42022
42024
42028
42031
42036
42037
42038
42039
42041
42042
42045
42046
42052
42053
42062
42065
42066
42074
42077
42078
42082
42083
42085
42086
42088
42092
42096
42097
42098
42100
42101
42102
42103
42104
42105
42112
42115
42120
42124
42125
42126
42128
42131
42132
42133
42136
42138
42142
42143
42144
42146
42147
42148
42150
42151
42154
42155
42156
42157
42158
42159
42161
42162
42163
42164
42165
42167
42168
42170
42171
42174
42176
42177
42178
42180
42182
42184
42186
42187
42189
42195
42196
42198
42200
42201
42202
42204
42205
42207
42209
42210
42211
42214
42217
42220
42221
42222
42224
42228
42229
42230
42231
42232
42235
42237
42238
42241
42242
42244
42248
42249
42251
42252
42254
42256
42257
42258
42259
42263
42265
42271
42272
42274
42275
42277
42279
42281
42283
42287
42288
42289
42290
42292
42293
42297
42299
42300
42301
42302
42305
42306
42309
42311
42312
42314
42315
42316
42319
42321
42323
42324
42326
42327
42328
42330
42332
42333
42336
42339
42340
42341
42342
42343
42344
42345
42346
42348
42353
42354
42360
42361
42363
42366
42368
42370
42371
42372
42374
42375
42376
42378
42379
42382
42383
42384
42386
42387
42388
42390
42393
42395
42402
42404
42407
42408
42412
42414
42415
42416
42418
42419
42421
42424
42425
42426
42427
42428
42429
42430
42431
42434
42438
42439
42441
42443
42445
42446
42447
42448
42449
42450
42451
42458
42460
42462
42463
42464
42466
42467
42468
42469
42470
42472
42476
42478
42479
42483
42487
42488
42489
42490
42500
42503
42504
42505
42506
42507
42509
42511
42512
42515
42516
42518
42520
42522
42523
42524
42525
42527
42528
42529
42532
42537
42538
42542
42543
42544
42545
42546
42548
42549
42550
42551
42552
42562
42566
42567
42570
42571
42576
42577
42578
42580
42581
42584
42586
42587
42588
42589
42590
42594
42596
42599
42601
42607
42608
42609
42610
42612
42614
42615
42616
42617
42618
42619
42623
42624
42626
42629
42632
42633
42634
42635
42638
42641
42645
42647
42649
42651
42655
42661
42662
42664
42665
42669
42675
42677
42679
42680
42681
42682
42685
42690
42694
42696
42700
42701
42707
42708
42713
42719
42720
42721
42724
42726
42728
42729
42734
42736
42738
42741
42743
42745
42747
42751
42752
42753
42756
42757
42758
42761
42763
42764
42765
42766
42767
42768
42769
42770
42771
42773
42775
42777
42779
42780
42783
42785
42786
42789
42790
42793
42795
42797
42799
42800
42801
42802
42804
42805
42806
42807
42808
42811
42812
42814
42816
42820
42822
42824
42827
42831
42832
42834
42837
42839
42840
42844
42853
42859
42860
42861
42862
42863
42864
42871
42872
42873
42874
42875
42876
42877
42879
42880
42881
42884
42886
42887
42888
42890
42891
42893
42895
42897
42899
42900
42901
42902
42903
42907
42908
42909
42913
42915
42916
42919
42920
42921
42922
42924
42925
42926
42928
42929
42930
42931
42933
42934
42935
42937
42938
42941
42942
42943
42945
42947
42948
42950
42952
42953
42955
42956
42957
42958
42960
42961
42964
42968
42969
42970
42974
42975
42977
42979
42984
42985
42988
42990
42991
42994
42995
42997
42998
43000
43001
43004
43006
43009
43010
43012
43017
43020
43021
43022
43026
43027
43028
43030
43032
43035
43037
43039
43040
43045
43046
43048
43050
43052
43055
43056
43060
43061
43065
43066
43068
43071
43072
43076
43080
43082
43083
43085
43086
43088
43093
43094
43095
43097
43098
43100
43101
43105
43106
43108
43109
43110
43112
43113
43115
43121
43123
43126
43128
43132
43133
43134
43135
43136
43138
43140
43142
43143
43144
43145
43146
43149
43150
43151
43152
43153
43154
43155
43160
43161
43163
43166
43168
43170
43173
43174
43175
43176
43178
43182
43185
43189
43195
43197
43199
43201
43202
43203
43204
43206
43207
43208
43209
43210
43211
43212
43214
43216
43217
43219
43220
43222
43223
43224
43226
43227
43228
43229
43230
43232
43234
43235
43236
43238
43241
43244
43245
43249
43255
43257
43266
43270
43271
43274
43278
43279
43280
43281
43282
43284
43285
43287
43288
43290
43291
43292
43293
43295
43298
43301
43303
43304
43305
43306
43308
43309
43310
43316
43317
43320
43323
43324
43329
43331
43333
43338
43339
43340
43341
43344
43347
43349
43350
43352
43354
43355
43356
43357
43358
43359
43360
43361
43362
43363
43366
43367
43370
43373
43375
43376
43377
43378
43381
43382
43383
43384
43386
43387
43388
43390
43391
43392
43399
43400
43405
43406
43407
43408
43411
43412
43413
43414
43417
43419
43420
43422
43424
43426
43427
43430
43431
43433
43435
43436
43438
43441
43442
43444
43445
43447
43448
43449
43450
43451
43453
43454
43455
43457
43461
43464
43467
43469
43471
43473
43475
43476
43478
43480
43481
43482
43483
43488
43490
43492
43493
43494
43498
43501
43502
43506
43507
43509
43512
43514
43517
43519
43520
43521
43522
43524
43526
43529
43531
43533
43534
43535
43537
43538
43541
43542
43544
43545
43546
43547
43550
43551
43552
43554
43555
43556
43558
43561
43562
43563
43564
43565
43566
43567
43568
43569
43570
43571
43572
43580
43581
43582
43583
43585
43586
43588
43593
43594
43596
43597
43602
43603
43605
43607
43608
43609
43611
43619
43622
43625
43626
43627
43628
43630
43631
43633
43634
43636
43641
43643
43644
43647
43648
43650
43651
43655
43656
43657
43662
43664
43667
43670
43671
43672
43673
43676
43678
43680
43681
43682
43685
43686
43688
43689
43690
43691
43693
43694
43695
43697
43698
43699
43700
43702
43704
43707
43708
43709
43714
43715
43718
43719
43721
43722
43724
43725
43727
43728
43729
43730
43734
43736
43739
43740
43741
43744
43747
43751
43753
43755
43756
43759
43760
43761
43762
43763
43764
43765
43767
43769
43770
43771
43773
43774
43776
43777
43778
43779
43780
43781
43783
43784
43785
43787
43788
43791
43797
43800
43802
43808
43810
43811
43813
43817
43818
43819
43824
43825
43827
43830
43836
43837
43838
43839
43841
43842
43843
43844
43848
43851
43858
43863
43867
43869
43871
43874
43877
43878
43879
43880
43881
43883
43887
43889
43890
43892
43897
43898
43900
43902
43903
43904
43905
43906
43909
43911
43912
43913
43916
43918
43919
43920
43923
43924
43925
43926
43931
43933
43935
43940
43941
43945
43946
43947
43948
43949
43950
43952
43953
43961
43962
43966
43968
43969
43972
43974
43975
43976
43977
43979
43980
43981
43982
43983
43985
43988
43989
43990
43991
43992
43993
43994
43996
43997
43998
43999
44000
44002
44003
44008
44009
44010
44011
44012
44013
44014
44015
44019
44021
44022
44025
44030
44032
44033
44037
44038
44039
44040
44044
44049
44052
44056
44058
44059
44061
44062
44064
44066
44067
44068
44073
44074
44076
44078
44080
44082
44086
44088
44094
44099
44100
44101
44102
44105
44106
44111
44112
44113
44116
44118
44123
44125
44128
44129
44131
44133
44136
44137
44138
44140
44141
44142
44144
44145
44146
44147
44148
44149
44151
44152
44153
44156
44157
44158
44160
44161
44165
44167
44169
44170
44172
44176
44178
44179
44180
44181
44184
44185
44186
44189
44191
44194
44195
44202
44203
44204
44205
44208
44209
44211
44214
44216
44218
44219
44220
44222
44223
44224
44225
44226
44228
44231
44236
44240
44244
44247
44251
44252
44253
44254
44255
44257
44258
44260
44262
44266
44267
44268
44270
44272
44276
44277
44278
44279
44280
44281
44288
44289
44290
44292
44293
44297
44298
44299
44301
44302
44303
44305
44309
44312
44321
44322
44323
44324
44325
44326
44327
44330
44331
44332
44334
44335
44338
44339
44340
44342
44347
44349
44354
44355
44356
44359
44361
44362
44363
44364
44365
44366
44367
44368
44374
44375
44380
44382
44386
44387
44388
44390
44391
44392
44393
44394
44395
44396
44400
44402
44403
44404
44405
44406
44409
44414
44416
44417
44418
44419
44420
44422
44423
44426
44427
44434
44438
44439
44440
44441
44442
44445
44447
44450
44454
44456
44457
44458
44461
44462
44463
44464
44466
44467
44471
44476
44477
44478
44480
44481
44483
44484
44492
44493
44494
44495
44497
44498
44501
44502
44503
44506
44508
44509
44510
44512
44517
44520
44521
44523
44524
44530
44533
44534
44539
44541
44545
44550
44554
44556
44558
44559
44560
44561
44565
44566
44569
44570
44571
44572
44573
44578
44579
44581
44585
44586
44587
44591
44594
44595
44598
44601
44605
44608
44609
44610
44611
44613
44614
44616
44618
44620
44626
44627
44630
44632
44635
44636
44639
44640
44641
44642
44645
44648
44649
44650
44655
44656
44658
44659
44660
44662
44663
44664
44672
44673
44676
44678
44682
44683
44684
44686
44687
44688
44689
44690
44692
44694
44695
44697
44698
44702
44705
44706
44708
44711
44714
44715
44717
44720
44721
44722
44723
44724
44725
44726
44728
44730
44732
44735
44736
44737
44738
44739
44740
44746
44748
44750
44753
44754
44755
44756
44757
44758
44760
44762
44769
44771
44773
44774
44775
44779
44781
44782
44784
44785
44787
44788
44789
44790
44791
44793
44799
44801
44805
44808
44809
44811
44812
44814
44817
44818
44819
44820
44821
44822
44823
44827
44829
44830
44831
44833
44837
44838
44839
44844
44845
44849
44850
44851
44852
44853
44856
44857
44858
44859
44862
44867
44869
44871
44872
44873
44874
44875
44876
44879
44881
44885
44886
44889
44892
44894
44895
44896
44901
44902
44904
44905
44908
44910
44912
44915
44917
44918
44922
44923
44924
44925
44927
44928
44929
44931
44932
44933
44939
44940
44941
44942
44943
44944
44945
44947
44948
44949
44952
44953
44955
44959
44961
44964
44965
44966
44967
44970
44972
44973
44976
44977
44980
44981
44984
44985
44988
44990
44992
44994
44995
44999
45001
45003
45008
45011
45012
45016
45018
45020
45021
45022
45025
45028
45029
45031
45033
45035
45036
45037
45038
45041
45042
45043
45044
45045
45047
45050
45051
45052
45053
45056
45057
45059
45060
45061
45062
45067
45068
45069
45074
45075
45076
45077
45078
45079
45080
45081
45083
45087
45088
45091
45094
45095
45096
45097
45100
45101
45103
45104
45106
45108
45109
45110
45111
45113
45115
45116
45117
45119
45120
45121
45125
45127
45128
45129
45131
45135
45138
45143
45144
45146
45149
45150
45153
45154
45155
45156
45159
45161
45162
45164
45165
45166
45169
45170
45172
45173
45175
45178
45179
45180
45181
45182
45184
45185
45186
45188
45189
45190
45192
45193
45195
45197
45200
45202
45205
45206
45207
45210
45211
45213
45215
45216
45217
45218
45220
45222
45223
45224
45226
45227
45228
45229
45230
45232
45233
45234
45235
45236
45237
45238
45239
45240
45247
45253
45254
45260
45262
45264
45267
45268
45269
45274
45275
45277
45278
45279
45284
45286
45288
45295
45297
45298
45300
45301
45305
45309
45311
45314
45315
45320
45323
45324
45326
45327
45328
45331
45333
45337
45339
45343
45345
45347
45348
45349
45350
45351
45354
45355
45356
45359
45360
45362
45365
45367
45372
45374
45375
45376
45377
45378
45379
45380
45381
45383
45386
45387
45388
45389
45392
45393
45398
45399
45400
45401
45404
45405
45408
45409
45410
45413
45414
45415
45416
45419
45422
45425
45427
45428
45429
45431
45433
45435
45440
45448
45455
45457
45460
45461
45462
45465
45466
45467
45469
45471
45477
45478
45480
45482
45483
45484
45486
45487
45488
45489
45491
45492
45495
45498
45500
45501
45502
45504
45505
45506
45508
45509
45510
45515
45516
45521
45523
45524
45526
45527
45528
45529
45530
45531
45532
45535
45537
45540
45541
45542
45543
45544
45545
45548
45551
45552
45555
45556
45557
45560
45563
45568
45569
45570
45573
45574
45575
45576
45577
45579
45580
45581
45583
45584
45588
45593
45598
45601
45602
45604
45607
45608
45611
45613
45616
45617
45618
45621
45624
45625
45628
45629
45630
45632
45634
45636
45638
45641
45643
45644
45645
45647
45650
45655
45657
45658
45660
45661
45663
45665
45666
45669
45671
45672
45673
45677
45678
45679
45681
45684
45685
45686
45693
45694
45697
45702
45703
45704
45707
45711
45712
45714
45716
45717
45718
45720
45721
45722
45725
45726
45727
45729
45730
45733
45734
45737
45738
45739
45741
45742
45744
45748
45749
45750
45755
45756
45759
45760
45761
45763
45770
45771
45772
45775
45776
45778
45782
45785
45786
45787
45791
45792
45793
45796
45798
45799
45803
45804
45805
45806
45809
45812
45813
45814
45815
45817
45818
45819
45824
45825
45828
45831
45834
45835
45837
45839
45841
45846
45847
45851
45852
45854
45855
45857
45860
45861
45862
45864
45865
45866
45868
45869
45876
45878
45879
45880
45883
45885
45886
45887
45888
45890
45891
45896
45900
45901
45902
45904
45906
45907
45909
45910
45912
45913
45914
45921
45922
45923
45924
45927
45930
45932
45939
45940
45941
45942
45943
45944
45946
45948
45951
45952
45953
45955
45957
45961
45962
45963
45964
45966
45967
45969
45972
45973
45980
45981
45983
45984
45989
45990
45992
45993
45997
45999
46001
46002
46003
46004
46006
46008
46009
46010
46011
46015
46016
46017
46018
46020
46022
46024
46025
46026
46029
46031
46032
46033
46035
46038
46039
46043
46044
46048
46050
46061
46065
46067
46068
46071
46073
46074
46075
46076
46077
46078
46080
46081
46084
46085
46087
46089
46090
46095
46098
46100
46101
46103
46104
46110
46111
46113
46115
46116
46118
46122
46123
46124
46126
46129
46130
46132
46135
46137
46138
46140
46141
46142
46144
46146
46147
46149
46150
46151
46152
46153
46154
46155
46156
46159
46160
46161
46165
46167
46168
46170
46171
46172
46174
46175
46176
46177
46178
46182
46183
46187
46189
46191
46193
46195
46198
46201
46206
46207
46209
46210
46215
46216
46217
46220
46221
46222
46224
46228
46231
46233
46234
46239
46243
46245
46250
46253
46256
46257
46258
46262
46263
46267
46268
46269
46270
46271
46273
46275
46279
46280
46284
46285
46288
46291
46292
46296
46297
46298
46299
46300
46303
46306
46307
46308
46311
46315
46318
46319
46320
46321
46322
46325
46328
46333
46334
46335
46336
46339
46340
46341
46342
46343
46344
46346
46347
46348
46351
46352
46357
46358
46360
46361
46362
46365
46367
46368
46369
46372
46374
46376
46377
46379
46380
46381
46384
46385
46387
46390
46391
46392
46393
46396
46397
46402
46404
46405
46407
46408
46409
46411
46412
46414
46415
46418
46420
46423
46428
46432
46433
46436
46438
46441
46444
46445
46447
46449
46450
46452
46453
46455
46457
46458
46459
46460
46461
46464
46469
46471
46474
46475
46479
46483
46487
46488
46490
46493
46494
46495
46496
46500
46502
46504
46505
46506
46507
46508
46509
46514
46516
46520
46523
46525
46527
46529
46530
46531
46532
46534
46536
46537
46539
46540
46541
46544
46545
46548
46549
46551
46552
46556
46557
46558
46559
46562
46564
46566
46568
46571
46575
46576
46578
46580
46581
46582
46583
46586
46588
46589
46590
46593
46595
46597
46599
46601
46604
46607
46612
46613
46614
46616
46619
46620
46622
46624
46625
46627
46631
46632
46633
46640
46641
46642
46643
46648
46649
46650
46651
46656
46661
46662
46663
46665
46666
46667
46668
46670
46671
46673
46674
46675
46678
46679
46680
46681
46682
46683
46686
46687
46693
46694
46697
46702
46706
46709
46711
46713
46716
46718
46720
46721
46723
46724
46725
46727
46728
46729
46730
46732
46734
46737
46739
46740
46748
46750
46755
46756
46757
46759
46760
46761
46762
46766
46770
46771
46776
46777
46780
46783
46784
46786
46791
46792
46793
46795
46797
46800
46802
46804
46810
46811
46812
46814
46816
46817
46818
46820
46821
46823
46824
46826
46829
46830
46835
46837
46839
46840
46841
46842
46843
46847
46851
46854
46855
46856
46858
46859
46862
46863
46864
46865
46867
46871
46872
46873
46876
46878
46881
46882
46884
46891
46892
46893
46894
46896
46897
46898
46899
46904
46907
46909
46912
46913
46914
46915
46918
46919
46920
46922
46924
46925
46927
46930
46932
46934
46935
46937
46938
46941
46942
46944
46945
46946
46947
46949
46951
46953
46954
46955
46956
46957
46958
46959
46962
46965
46969
46972
46973
46975
46976
46978
46979
46980
46981
46982
46983
46985
46986
46987
46992
46993
46996
46997
47001
47002
47004
47007
47010
47011
47014
47015
47016
47021
47026
47030
47031
47032
47033
47034
47035
47037
47038
47040
47046
47047
47048
47049
47050
47051
47052
47053
47057
47058
47060
47062
47063
47064
47068
47071
47072
47073
47075
47076
47079
47080
47081
47085
47089
47090
47092
47093
47095
47096
47099
47100
47101
47102
47104
47105
47108
47110
47111
47113
47114
47115
47116
47117
47121
47122
47123
47125
47126
47127
47133
47134
47136
47137
47139
47140
47141
47143
47144
47147
47149
47153
47154
47155
47157
47159
47164
47165
47166
47167
47170
47172
47173
47175
47179
47180
47186
47188
47190
47191
47192
47193
47198
47199
47200
47202
47206
47208
47210
47214
47215
47216
47218
47224
47225
47226
47228
47231
47232
47233
47238
47239
47240
47242
47243
47244
47245
47246
47249
47250
47252
47253
47255
47257
47258
47260
47262
47264
47267
47271
47272
47273
47274
47275
47279
47281
47282
47283
47285
47288
47291
47294
47296
47299
47301
47302
47304
47306
47307
47309
47310
47314
47315
47316
47317
47320
47321
47325
47326
47330
47334
47335
47338
47341
47343
47344
47345
47347
47349
47350
47352
47356
47359
47361
47362
47366
47371
47372
47376
47379
47384
47385
47386
47389
47390
47391
47394
47400
47403
47404
47405
47406
47407
47408
47410
47413
47414
47415
47416
47417
47418
47419
47420
47422
47423
47424
47427
47428
47429
47430
47432
47433
47437
47439
47440
47441
47446
47448
47452
47453
47454
47456
47457
47458
47459
47460
47463
47467
47470
47471
47472
47477
47479
47480
47482
47483
47486
47487
47494
47496
47498
47499
47500
47502
47505
47506
47509
47511
47512
47515
47516
47517
47518
47519
47520
47521
47525
47526
47529
47531
47536
47537
47538
47539
47540
47541
47542
47543
47545
47547
47549
47551
47552
47553
47558
47559
47560
47561
47565
47568
47569
47570
47571
47572
47573
47577
47578
47582
47586
47587
47588
47589
47592
47593
47595
47597
47599
47603
47604
47605
47607
47608
47609
47612
47613
47616
47617
47618
47619
47620
47621
47624
47626
47630
47631
47634
47636
47639
47640
47641
47642
47643
47647
47648
47651
47654
47657
47660
47664
47666
47667
47669
47670
47673
47675
47680
47681
47683
47689
47694
47695
47702
47707
47708
47709
47716
47719
47720
47724
47726
47727
47731
47732
47734
47736
47737
47739
47740
47742
47743
47744
47747
47750
47751
47752
47755
47759
47760
47761
47762
47764
47766
47768
47769
47770
47774
47784
47789
47790
47791
47795
47796
47797
47799
47800
47801
47803
47806
47807
47808
47811
47812
47813
47815
47818
47819
47820
47827
47829
47830
47832
47835
47836
47837
47838
47839
47845
47847
47848
47852
47854
47858
47860
47861
47862
47863
47865
47866
47869
47871
47873
47876
47877
47879
47880
47881
47886
47888
47889
47891
47892
47895
47896
47901
47902
47903
47908
47910
47911
47913
47914
47915
47916
47922
47923
47924
47925
47928
47929
47930
47933
47934
47935
47938
47940
47941
47943
47945
47946
47947
47948
47951
47952
47953
47954
47955
47956
47957
47958
47961
47962
47963
47965
47966
47968
47971
47975
47977
47979
47983
47985
47990
47994
47996
48000
48002
48003
48004
48005
48006
48008
48009
48011
48013
48014
48015
48016
48018
48019
48020
48022
48024
48025
48027
48028
48032
48033
48035
48037
48039
48041
48046
48047
48049
48050
48051
48053
48057
48059
48060
48062
48063
48064
48066
48068
48069
48073
48075
48077
48078
48083
48084
48086
48087
48088
48091
48092
48093
48097
48098
48099
48100
48101
48102
48103
48104
48105
48107
48109
48111
48112
48113
48115
48116
48118
48120
48121
48122
48123
48124
48126
48127
48130
48131
48132
48133
48134
48136
48137
48138
48140
48143
48144
48145
48150
48151
48152
48153
48154
48155
48158
48159
48163
48164
48166
48167
48168
48169
48172
48175
48176
48180
48184
48186
48191
48195
48196
48198
48199
48200
48204
48209
48210
48213
48217
48221
48222
48225
48226
48230
48231
48232
48234
48235
48238
48239
48240
48242
48244
48245
48249
48251
48253
48254
48255
48256
48259
48264
48268
48269
48275
48276
48278
48282
48285
48286
48287
48289
48290
48292
48294
48295
48296
48297
48298
48299
48301
48302
48303
48305
48306
48307
48309
48311
48312
48314
48318
48319
48323
48326
48327
48333
48336
48337
48340
48342
48343
48344
48345
48346
48347
48349
48351
48353
48355
48357
48358
48361
48362
48363
48365
48366
48368
48372
48375
48376
48377
48378
48379
48380
48384
48387
48390
48392
48393
48394
48398
48400
48401
48403
48404
48405
48407
48408
48409
48411
48413
48414
48415
48416
48419
48420
48423
48424
48425
48427
48428
48431
48432
48435
48436
48437
48440
48443
48444
48446
48447
48448
48449
48450
48452
48454
48456
48458
48462
48463
48464
48471
48473
48477
48478
48479
48482
48483
48484
48486
48487
48492
48496
48497
48498
48499
48500
48501
48503
48504
48506
48507
48509
48510
48511
48515
48517
48518
48521
48522
48523
48524
48529
48530
48533
48537
48539
48540
48541
48542
48546
48548
48549
48552
48553
48554
48559
48560
48562
48563
48568
48569
48571
48572
48577
48581
48584
48585
48586
48587
48588
48592
48593
48595
48597
48599
48600
48604
48605
48607
48608
48609
48610
48612
48613
48615
48618
48621
48622
48623
48626
48627
48628
48631
48635
48636
48637
48638
48644
48645
48646
48649
48650
48652
48654
48655
48656
48657
48661
48662
48663
48670
48671
48672
48673
48674
48675
48678
48681
48682
48683
48687
48690
48691
48692
48693
48694
48696
48697
48698
48699
48701
48702
48704
48705
48707
48708
48710
48711
48713
48714
48716
48717
48718
48720
48721
48722
48723
48726
48727
48730
48731
48733
48738
48739
48740
48742
48746
48747
48750
48751
48753
48754
48755
48756
48758
48759
48762
48763
48764
48766
48769
48770
48773
48774
48776
48778
48779
48781
48782
48785
48787
48789
48792
48794
48795
48797
48798
48805
48807
48808
48810
48812
48814
48817
48819
48821
48822
48825
48826
48828
48831
48835
48839
48841
48846
48849
48853
48855
48856
48857
48859
48860
48862
48863
48869
48870
48871
48872
48874
48877
48878
48881
48883
48884
48887
48891
48893
48896
48898
48900
48905
48911
48912
48913
48914
48915
48916
48918
48920
48921
48924
48925
48927
48928
48929
48931
48932
48934
48935
48937
48938
48939
48940
48941
48942
48944
48945
48947
48948
48949
48950
48952
48954
48958
48966
48967
48969
48970
48971
48972
48973
48974
48977
48978
48979
48980
48983
48984
48985
48986
48991
48995
48996
48997
48999
49000
49003
49004
49005
49006
49007
49010
49011
49012
49013
49014
49015
49016
49019
49020
49022
49023
49025
49030
49032
49034
49035
49038
49039
49042
49043
49045
49049
49050
49051
49052
49054
49055
49059
49060
49061
49063
49064
49069
49070
49076
49078
49081
49085
49086
49089
49093
49096
49100
49101
49102
49103
49105
49106
49108
49109
49113
49116
49117
49119
49120
49124
49126
49127
49128
49129
49131
49136
49143
49144
49146
49147
49149
49150
49151
49153
49154
49156
49157
49158
49159
49160
49162
49163
49164
49165
49166
49167
49168
49171
49172
49176
49177
49179
49181
49182
49183
49185
49188
49189
49190
49191
49192
49193
49195
49196
49198
49199
49200
49201
49203
49204
49205
49208
49215
49218
49220
49221
49223
49224
49229
49233
49234
49235
49236
49237
49238
49239
49240
49241
49242
49243
49244
49246
49251
49253
49258
49259
49261
49262
49264
49265
49266
49273
49274
49275
49282
49284
49288
49289
49290
49291
49292
49295
49298
49299
49301
49303
49307
49309
49310
49311
49316
49317
49318
49321
49325
49326
49329
49330
49333
49334
49335
49337
49338
49342
49355
49356
49357
49361
49364
49365
49366
49367
49370
49372
49380
49382
49383
49385
49389
49390
49392
49394
49395
49396
49397
49398
49399
49401
49403
49404
49405
49408
49409
49410
49411
49414
49415
49416
49417
49419
49422
49423
49424
49425
49431
49432
49433
49435
49437
49438
49439
49440
49442
49444
49450
49451
49456
49458
49463
49465
49466
49467
49469
49471
49474
49476
49478
49480
49481
49482
49483
49484
49486
49488
49490
49491
49495
49497
49498
49501
49502
49503
49505
49506
49507
49508
49510
49512
49518
49519
49526
49527
49529
49530
49533
49537
49539
49540
49541
49544
49545
49546
49547
49549
49550
49553
49557
49558
49561
49563
49565
49567
49568
49570
49572
49576
49577
49579
49580
49583
49587
49588
49593
49595
49596
49599
49601
49603
49604
49606
49609
49611
49612
49614
49617
49618
49621
49626
49628
49629
49631
49633
49645
49646
49647
49648
49649
49650
49653
49655
49656
49658
49660
49661
49664
49665
49668
49669
49677
49679
49680
49681
49683
49684
49685
49687
49689
49690
49691
49696
49697
49699
49700
49704
49705
49707
49709
49710
49715
49716
49720
49721
49722
49724
49725
49726
49728
49731
49734
49736
49737
49738
49739
49741
49743
49744
49745
49747
49749
49750
49752
49755
49757
49760
49762
49763
49764
49766
49768
49771
49772
49773
49775
49776
49782
49786
49788
49791
49792
49793
49794
49795
49796
49797
49800
49802
49805
49813
49817
49821
49823
49827
49832
49833
49834
49838
49839
49841
49842
49843
49847
49848
49851
49853
49855
49857
49859
49860
49861
49867
49868
49869
49870
49872
49873
49876
49878
49879
49880
49881
49882
49886
49887
49888
49889
49890
49891
49897
49903
49905
49906
49908
49914
49915
49916
49917
49918
49919
49921
49922
49927
49928
49933
49935
49938
49941
49944
49945
49951
49953
49954
49955
49956
49957
49959
49960
49962
49963
49965
49969
49970
49972
49974
49975
49976
49983
49986
49987
49988
49994
49997
49999
