6
7
8
9
15
19
21
23
25
27
29
30
31
32
35
36
43
44
45
47
51
53
54
56
58
59
61
62
65
67
69
71
74
75
78
80
81
82
83
87
88
89
90
94
96
106
107
110
112
114
115
116
118
119
120
121
123
126
131
134
137
138
139
140
142
143
144
146
147
149
151
156
159
160
161
164
165
166
174
177
178
180
182
183
184
187
188
190
191
192
194
196
197
198
199
200
203
205
206
207
208
211
212
213
214
216
217
219
220
229
230
231
232
236
238
239
244
246
248
251
253
254
258
264
266
267
268
270
273
277
278
279
280
281
282
283
284
286
287
288
291
292
294
295
296
297
298
299
301
302
304
307
308
311
313
314
318
319
320
322
323
324
329
331
332
335
338
341
344
345
346
347
348
351
354
355
357
358
360
361
363
364
366
368
375
376
378
381
382
383
384
387
389
391
393
400
402
403
407
408
409
411
413
414
415
416
419
422
423
425
426
427
428
429
430
431
433
435
436
437
438
439
440
442
444
445
449
452
454
457
458
462
465
466
469
474
478
479
481
484
485
490
491
494
495
497
498
499
502
504
505
506
509
511
512
513
520
521
523
525
526
527
528
531
532
535
536
537
538
539
540
544
545
546
549
551
552
553
554
555
557
560
562
564
566
567
569
575
578
579
580
581
583
585
588
589
591
593
595
596
597
598
601
602
604
607
608
609
612
615
616
622
624
625
630
632
633
634
635
636
639
640
641
642
646
649
650
651
652
653
654
655
656
659
660
663
665
668
669
671
672
673
676
678
679
680
683
684
686
690
691
694
697
700
701
702
703
704
705
707
708
710
711
715
718
720
721
722
723
724
725
726
728
729
730
732
734
737
743
744
745
746
747
748
749
750
752
753
755
759
760
761
763
764
765
766
768
769
770
771
774
776
777
778
779
780
781
782
788
789
791
792
796
797
798
799
804
805
807
810
814
818
819
821
826
827
829
830
831
832
833
835
838
839
841
842
844
848
849
852
853
854
855
857
860
863
866
869
871
872
873
874
875
879
880
881
882
883
887
888
889
891
892
893
895
896
898
901
903
906
909
912
913
914
915
916
919
920
921
926
927
929
930
935
936
937
938
940
942
943
944
945
946
947
951
955
959
963
969
971
972
974
975
980
981
982
983
984
985
987
988
989
991
992
993
995
999
1000
1001
1002
1003
1004
1007
1008
1009
1011
1012
1013
1016
1019
1024
1027
1028
1029
1030
1031
1034
1035
1036
1039
1043
1044
1046
1048
1052
1053
1055
1056
1057
1059
1060
1061
1062
1063
1065
1066
1067
1069
1071
1072
1075
1076
1078
1079
1080
1081
1084
1086
1087
1088
1091
1092
1093
1095
1096
1101
1103
1107
1109
1110
1114
1115
1116
1118
1119
1120
1122
1126
1130
1131
1133
1135
1137
1139
1142
1143
1145
1152
1153
1154
1155
1158
1160
1162
1163
1168
1170
1173
1174
1175
1176
1181
1183
1184
1186
1188
1189
1190
1192
1193
1194
1196
1198
1200
1201
1203
1204
1205
1206
1208
1214
1215
1218
1219
1221
1222
1224
1225
1226
1227
1229
1231
1232
1234
1235
1242
1243
1245
1246
1247
1248
1249
1250
1251
1253
1254
1255
1256
1257
1266
1267
1269
1270
1271
1272
1274
1276
1278
1279
1281
1283
1284
1285
1286
1287
1288
1289
1292
1293
1296
1304
1305
1307
1308
1312
1313
1316
1319
1321
1322
1323
1325
1328
1330
1332
1333
1334
1335
1336
1338
1341
1343
1344
1346
1349
1352
1355
1357
1358
1360
1361
1366
1367
1368
1369
1373
1374
1376
1377
1378
1379
1380
1381
1382
1385
1387
1388
1389
1390
1391
1394
1395
1397
1402
1403
1405
1410
1411
1412
1417
1418
1420
1421
1422
1423
1426
1428
1429
1430
1431
1432
1433
1434
1436
1438
1443
1444
1445
1450
1452
1457
1458
1460
1463
1464
1469
1470
1471
1472
1473
1475
1477
1480
1481
1483
1485
1489
1491
1493
1494
1495
1496
1497
1498
1499
1501
1502
1503
1505
1506
1507
1511
1512
1515
1517
1519
1520
1521
1523
1525
1527
1528
1530
1531
1533
1535
1536
1537
1538
1542
1543
1546
1550
1551
1554
1555
1557
1560
1561
1562
1563
1564
1565
1566
1567
1569
1570
1571
1572
1574
1576
1577
1579
1582
1583
1584
1586
1590
1591
1594
1596
1599
1601
1605
1606
1608
1610
1611
1612
1613
1614
1617
1618
1620
1625
1626
1628
1631
1632
1634
1640
1641
1644
1646
1647
1649
1651
1652
1654
1655
1659
1662
1663
1664
1668
1669
1670
1671
1673
1675
1677
1678
1679
1681
1682
1684
1685
1686
1687
1688
1692
1698
1700
1702
1704
1706
1707
1711
1712
1715
1717
1722
1725
1727
1731
1732
1733
1734
1736
1740
1742
1745
1746
1750
1751
1752
1753
1755
1759
1761
1763
1764
1767
1768
1769
1770
1771
1772
1778
1779
1784
1786
1791
1792
1794
1795
1797
1799
1800
1801
1802
1804
1805
1806
1808
1809
1810
1811
1814
1815
1823
1824
1826
1829
1832
1834
1835
1839
1840
1841
1843
1844
1845
1846
1847
1848
1849
1853
1854
1855
1856
1857
1858
1861
1862
1863
1866
1867
1870
1871
1873
1876
1877
1878
1880
1882
1883
1884
1885
1887
1888
1889
1890
1891
1895
1897
1898
1899
1900
1902
1903
1904
1911
1913
1915
1917
1919
1920
1921
1923
1925
1927
1930
1931
1936
1937
1941
1944
1946
1948
1949
1951
1952
1955
1957
1958
1959
1963
1964
1965
1968
1969
1970
1976
1981
1982
1983
1984
1986
1987
1989
1995
1998
1999
2000
2007
2009
2011
2012
2013
2014
2015
2018
2020
2024
2027
2031
2033
2035
2036
2039
2040
2042
2044
2046
2050
2051
2052
2055
2059
2063
2064
2067
2068
2069
2080
2081
2082
2085
2088
2089
2090
2093
2095
2096
2098
2099
2100
2101
2102
2103
2104
2105
2106
2107
2110
2111
2113
2115
2118
2119
2121
2122
2123
2125
2131
2132
2137
2138
2140
2142
2146
2149
2150
2151
2152
2155
2160
2165
2169
2170
2172
2175
2178
2181
2183
2184
2185
2188
2192
2194
2196
2202
2203
2209
2212
2213
2214
2216
2220
2221
2223
2226
2228
2229
2234
2238
2239
2240
2242
2243
2244
2247
2248
2249
2251
2255
2257
2259
2263
2264
2271
2275
2278
2280
2281
2287
2288
2289
2291
2293
2294
2296
2299
2300
2303
2308
2309
2310
2311
2312
2313
2314
2315
2319
2320
2321
2323
2327
2328
2336
2337
2338
2340
2343
2351
2353
2354
2355
2356
2357
2358
2362
2364
2365
2366
2367
2368
2372
2376
2380
2383
2384
2386
2388
2389
2390
2391
2393
2394
2395
2397
2399
2402
2403
2404
2406
2409
2410
2411
2412
2416
2417
2418
2419
2420
2422
2423
2425
2428
2429
2431
2432
2433
2438
2442
2443
2445
2446
2451
2452
2454
2455
2456
2461
2462
2463
2466
2467
2468
2469
2471
2473
2477
2483
2485
2489
2493
2494
2496
2499
2501
2502
2503
2504
2505
2507
2509
2511
2512
2513
2514
2515
2516
2517
2519
2526
2527
2530
2531
2534
2535
2536
2543
2544
2545
2546
2548
2550
2552
2553
2555
2556
2561
2562
2563
2564
2566
2567
2568
2571
2572
2573
2574
2575
2579
2580
2585
2586
2589
2590
2596
2601
2605
2611
2614
2615
2618
2620
2623
2625
2626
2628
2629
2630
2633
2635
2639
2640
2641
2642
2644
2649
2651
2657
2659
2661
2662
2665
2670
2671
2675
2676
2678
2679
2681
2684
2687
2688
2689
2690
2691
2695
2697
2703
2704
2705
2706
2708
2715
2717
2718
2721
2722
2723
2725
2728
2731
2732
2736
2737
2740
2741
2743
2750
2755
2760
2762
2763
2765
2771
2772
2773
2774
2775
2776
2778
2780
2783
2786
2788
2789
2790
2792
2793
2794
2795
2796
2798
2801
2802
2804
2805
2807
2808
2810
2812
2815
2816
2817
2821
2823
2828
2831
2833
2834
2837
2840
2842
2848
2849
2852
2854
2856
2858
2860
2864
2865
2867
2869
2870
2872
2875
2876
2878
2880
2882
2884
2891
2893
2897
2901
2903
2906
2907
2909
2910
2912
2913
2914
2915
2917
2918
2920
2922
2923
2924
2927
2928
2929
2931
2932
2933
2934
2936
2937
2938
2939
2940
2941
2943
2944
2948
2953
2954
2955
2957
2959
2960
2965
2971
2976
2979
2981
2982
2983
2987
2988
2992
2994
2995
2999
3001
3002
3005
3006
3007
3010
3011
3012
3013
3014
3017
3018
3019
3022
3023
3027
3029
3032
3034
3035
3036
3038
3039
3040
3041
3043
3048
3049
3059
3060
3062
3063
3064
3065
3066
3068
3069
3070
3071
3073
3078
3080
3081
3082
3083
3085
3087
3089
3090
3091
3093
3094
3096
3097
3098
3099
3101
3103
3104
3105
3106
3109
3112
3113
3114
3115
3116
3122
3123
3131
3133
3134
3139
3140
3141
3143
3145
3151
3157
3158
3159
3161
3163
3166
3167
3168
3171
3172
3173
3175
3176
3177
3180
3182
3184
3185
3186
3187
3189
3193
3195
3196
3197
3199
3200
3203
3204
3205
3206
3209
3211
3212
3214
3216
3221
3222
3224
3225
3228
3231
3232
3234
3236
3237
3238
3240
3242
3244
3246
3247
3249
3252
3255
3257
3259
3261
3264
3265
3268
3269
3271
3275
3278
3281
3283
3284
3286
3291
3292
3293
3294
3296
3297
3300
3302
3303
3307
3313
3319
3321
3324
3325
3328
3330
3331
3333
3335
3336
3337
3338
3339
3341
3343
3345
3346
3347
3349
3350
3352
3354
3356
3359
3365
3366
3371
3372
3373
3374
3376
3379
3381
3388
3389
3390
3394
3395
3397
3401
3404
3405
3406
3407
3408
3411
3416
3419
3422
3426
3427
3430
3431
3432
3435
3436
3437
3439
3440
3441
3443
3444
3445
3446
3448
3451
3453
3455
3459
3460
3461
3462
3464
3465
3467
3469
3470
3471
3472
3474
3475
3476
3477
3478
3482
3484
3487
3488
3489
3490
3492
3494
3496
3501
3502
3504
3505
3506
3508
3509
3510
3511
3513
3514
3516
3518
3519
3520
3521
3525
3526
3528
3529
3530
3531
3532
3534
3536
3537
3539
3541
3542
3544
3546
3547
3549
3551
3556
3557
3558
3559
3560
3565
3570
3573
3576
3578
3579
3580
3581
3582
3586
3591
3593
3595
3596
3597
3602
3604
3609
3612
3613
3614
3615
3617
3618
3621
3625
3627
3629
3630
3631
3633
3634
3635
3637
3641
3644
3645
3646
3647
3648
3653
3654
3656
3657
3659
3661
3665
3668
3669
3672
3673
3675
3676
3678
3680
3681
3684
3685
3686
3687
3688
3690
3695
3698
3699
3704
3706
3708
3710
3711
3712
3714
3715
3716
3717
3719
3720
3723
3728
3730
3732
3737
3739
3743
3744
3746
3747
3748
3749
3750
3752
3754
3755
3761
3762
3764
3765
3766
3769
3771
3780
3781
3782
3785
3786
3787
3790
3793
3795
3796
3798
3799
3800
3801
3802
3804
3805
3807
3811
3813
3814
3818
3819
3820
3821
3823
3824
3825
3827
3829
3831
3832
3835
3837
3838
3839
3841
3842
3845
3847
3848
3850
3851
3854
3863
3864
3865
3867
3871
3872
3875
3879
3880
3885
3887
3889
3890
3891
3893
3894
3896
3900
3901
3902
3907
3909
3911
3917
3918
3920
3921
3923
3929
3932
3937
3940
3941
3942
3945
3946
3947
3948
3949
3951
3954
3957
3958
3961
3962
3967
3968
3971
3975
3977
3978
3979
3980
3984
3985
3986
3987
3988
3989
3990
3991
3995
3997
3999
4002
4004
4005
4007
4010
4012
4013
4014
4015
4016
4018
4021
4022
4023
4026
4027
4032
4034
4037
4040
4045
4047
4048
4050
4056
4058
4060
4061
4065
4066
4070
4075
4077
4078
4079
4085
4086
4088
4090
4091
4092
4093
4094
4095
4098
4100
4101
4102
4104
4106
4107
4109
4110
4112
4113
4115
4117
4118
4121
4122
4123
4126
4128
4129
4134
4135
4137
4138
4141
4142
4146
4147
4149
4150
4152
4154
4159
4160
4161
4165
4166
4167
4171
4173
4174
4177
4179
4181
4183
4184
4185
4186
4187
4190
4192
4193
4204
4205
4206
4207
4210
4215
4216
4218
4219
4220
4222
4223
4224
4225
4226
4227
4228
4230
4231
4234
4235
4237
4242
4247
4248
4249
4250
4251
4254
4256
4257
4261
4263
4267
4268
4269
4270
4271
4272
4274
4275
4277
4278
4279
4281
4283
4285
4286
4290
4291
4294
4296
4297
4298
4299
4301
4304
4306
4308
4309
4310
4314
4316
4317
4318
4322
4331
4332
4333
4334
4338
4342
4344
4348
4351
4352
4353
4355
4360
4361
4362
4364
4366
4367
4369
4371
4372
4373
4375
4376
4378
4379
4381
4386
4387
4389
4390
4392
4397
4400
4401
4404
4407
4408
4409
4410
4413
4415
4416
4421
4423
4427
4429
4431
4434
4438
4442
4444
4447
4448
4457
4459
4461
4462
4463
4464
4466
4467
4468
4469
4471
4472
4475
4477
4479
4480
4482
4483
4485
4487
4492
4493
4495
4498
4500
4504
4505
4508
4510
4512
4513
4514
4515
4520
4524
4527
4528
4530
4535
4536
4541
4544
4545
4546
4550
4551
4553
4554
4555
4556
4557
4558
4559
4560
4562
4563
4564
4565
4566
4567
4569
4573
4574
4577
4578
4579
4585
4586
4588
4589
4590
4592
4594
4595
4596
4603
4604
4607
4611
4613
4617
4618
4619
4620
4622
4626
4629
4630
4631
4633
4635
4636
4639
4642
4649
4650
4651
4653
4657
4659
4660
4661
4664
4666
4667
4669
4670
4671
4673
4676
4679
4680
4681
4691
4693
4694
4695
4696
4697
4701
4704
4705
4709
4711
4712
4714
4716
4720
4721
4722
4723
4724
4728
4729
4731
4732
4733
4736
4738
4743
4744
4746
4749
4750
4754
4756
4757
4759
4762
4763
4767
4768
4769
4771
4772
4774
4775
4777
4781
4783
4785
4789
4790
4791
4792
4795
4796
4797
4800
4803
4804
4808
4812
4813
4814
4819
4820
4821
4822
4826
4827
4830
4834
4835
4836
4838
4842
4849
4850
4852
4853
4854
4856
4857
4869
4872
4874
4877
4878
4879
4880
4881
4882
4884
4886
4887
4888
4889
4891
4892
4894
4895
4896
4900
4901
4902
4903
4906
4910
4911
4913
4914
4916
4920
4921
4922
4924
4926
4927
4929
4931
4932
4933
4934
4941
4944
4945
4946
4947
4948
4951
4954
4957
4958
4960
4962
4964
4966
4970
4971
4972
4973
4974
4977
4978
4979
4981
4984
4985
4987
4988
4991
4994
4996
4998
4999
5001
5004
5006
5008
5009
5010
5012
5013
5014
5016
5019
5020
5023
5027
5031
5032
5034
5035
5038
5040
5042
5043
5044
5047
5048
5049
5050
5052
5055
5056
5058
5059
5061
5062
5063
5065
5068
5071
5072
5075
5077
5081
5082
5083
5085
5086
5087
5090
5091
5092
5094
5095
5096
5097
5099
5102
5103
5107
5109
5110
5112
5115
5116
5118
5119
5120
5121
5123
5125
5127
5129
5130
5132
5133
5134
5135
5136
5138
5140
5141
5143
5144
5146
5147
5149
5150
5151
5153
5154
5155
5156
5157
5160
5161
5162
5163
5167
5168
5169
5172
5173
5174
5175
5176
5177
5178
5182
5183
5186
5187
5188
5191
5193
5197
5198
5200
5203
5204
5205
5206
5207
5208
5211
5212
5213
5217
5218
5220
5221
5222
5225
5226
5229
5230
5231
5232
5234
5236
5237
5239
5241
5243
5244
5250
5252
5254
5258
5261
5262
5263
5266
5269
5270
5271
5274
5275
5276
5277
5280
5283
5284
5285
5287
5289
5291
5292
5293
5295
5299
5304
5309
5310
5311
5312
5313
5314
5315
5316
5317
5318
5319
5322
5325
5326
5330
5331
5333
5335
5336
5338
5339
5343
5344
5345
5347
5348
5349
5351
5354
5358
5361
5364
5365
5366
5368
5369
5373
5376
5377
5380
5383
5384
5386
5387
5388
5389
5392
5393
5397
5398
5399
5400
5402
5403
5404
5405
5406
5407
5414
5415
5417
5419
5420
5422
5426
5430
5431
5432
5433
5434
5436
5437
5439
5441
5447
5453
5454
5455
5456
5459
5460
5461
5462
5464
5465
5467
5468
5469
5472
5474
5481
5482
5485
5486
5487
5494
5499
5502
5503
5506
5507
5509
5510
5512
5515
5517
5519
5520
5523
5524
5528
5530
5532
5535
5536
5539
5540
5542
5544
5547
5548
5549
5550
5551
5552
5555
5557
5562
5563
5564
5566
5569
5572
5573
5574
5575
5576
5578
5581
5583
5584
5585
5590
5591
5596
5597
5602
5606
5608
5610
5611
5612
5613
5616
5618
5619
5620
5621
5622
5624
5625
5626
5629
5630
5633
5634
5635
5636
5641
5643
5644
5645
5646
5647
5649
5651
5654
5656
5658
5660
5661
5666
5667
5676
5678
5679
5681
5683
5684
5686
5687
5689
5690
5691
5693
5694
5695
5696
5697
5699
5700
5701
5702
5703
5704
5705
5708
5709
5712
5714
5716
5718
5721
5722
5723
5724
5725
5726
5727
5728
5729
5731
5732
5733
5742
5744
5746
5751
5753
5754
5756
5758
5760
5765
5767
5768
5770
5772
5778
5779
5783
5789
5791
5792
5795
5799
5801
5804
5805
5808
5810
5813
5814
5818
5820
5821
5822
5823
5824
5825
5827
5830
5833
5834
5835
5836
5839
5841
5843
5844
5847
5849
5850
5852
5855
5856
5858
5859
5862
5866
5869
5870
5871
5873
5874
5875
5876
5878
5880
5881
5882
5883
5885
5888
5889
5890
5892
5902
5903
5908
5910
5911
5912
5914
5916
5917
5919
5920
5923
5924
5925
5928
5931
5933
5934
5935
5936
5938
5940
5941
5943
5944
5945
5946
5948
5949
5952
5955
5957
5958
5960
5962
5963
5965
5966
5971
5973
5974
5976
5977
5978
5979
5980
5981
5982
5983
5984
5985
5986
5988
5989
5990
5992
5993
5995
6000
6001
6002
6003
6004
6006
6007
6008
6009
6011
6012
6015
6016
6018
6019
6022
6023
6024
6025
6026
6033
6034
6035
6036
6038
6042
6045
6046
6047
6048
6053
6058
6060
6062
6063
6064
6066
6067
6069
6070
6082
6083
6084
6085
6086
6087
6088
6093
6094
6095
6098
6100
6101
6102
6103
6105
6106
6107
6108
6109
6112
6115
6119
6120
6123
6129
6130
6131
6132
6137
6142
6144
6147
6148
6152
6155
6156
6158
6162
6164
6168
6169
6171
6172
6173
6174
6175
6176
6177
6180
6182
6183
6185
6189
6190
6191
6192
6195
6196
6197
6198
6200
6201
6203
6204
6205
6206
6209
6211
6213
6216
6217
6219
6222
6225
6228
6231
6232
6233
6234
6236
6238
6240
6242
6243
6244
6245
6249
6250
6253
6254
6255
6262
6266
6272
6276
6277
6279
6281
6283
6284
6285
6290
6292
6293
6295
6296
6305
6307
6308
6311
6312
6317
6318
6321
6322
6323
6325
6326
6329
6331
6332
6334
6335
6336
6337
6340
6343
6346
6347
6348
6356
6361
6363
6366
6369
6372
6373
6374
6375
6376
6378
6382
6383
6387
6389
6390
6391
6393
6395
6396
6401
6403
6404
6405
6407
6408
6409
6410
6412
6415
6417
6422
6429
6430
6432
6434
6436
6438
6439
6441
6442
6443
6448
6453
6455
6456
6457
6459
6460
6461
6464
6465
6466
6467
6470
6471
6473
6476
6478
6480
6485
6486
6487
6488
6490
6493
6494
6499
6500
6501
6508
6509
6510
6512
6513
6514
6516
6517
6518
6519
6520
6523
6525
6529
6533
6537
6538
6540
6541
6543
6544
6545
6546
6547
6554
6556
6563
6564
6565
6567
6568
6569
6570
6572
6573
6576
6578
6579
6580
6581
6583
6584
6585
6588
6592
6593
6594
6595
6603
6604
6605
6606
6607
6608
6610
6611
6612
6614
6615
6620
6622
6625
6626
6629
6630
6633
6635
6637
6643
6644
6645
6646
6648
6649
6650
6652
6653
6654
6655
6656
6658
6659
6662
6667
6668
6670
6671
6672
6673
6674
6682
6685
6688
6689
6691
6692
6693
6695
6700
6706
6708
6710
6714
6716
6719
6720
6721
6722
6723
6725
6726
6727
6729
6730
6736
6737
6738
6741
6742
6747
6748
6749
6750
6751
6753
6755
6756
6763
6764
6765
6767
6768
6769
6770
6771
6772
6773
6775
6776
6780
6782
6786
6789
6791
6792
6793
6795
6796
6797
6799
6801
6804
6805
6806
6807
6810
6812
6814
6816
6817
6821
6822
6823
6824
6825
6827
6832
6833
6834
6845
6846
6847
6855
6857
6861
6863
6864
6866
6868
6869
6870
6872
6873
6877
6880
6881
6882
6884
6885
6887
6888
6889
6891
6896
6897
6898
6899
6901
6903
6905
6907
6908
6909
6910
6911
6912
6913
6916
6918
6919
6922
6923
6924
6927
6931
6933
6935
6937
6939
6940
6942
6944
6945
6947
6949
6951
6952
6953
6955
6956
6959
6963
6965
6966
6967
6971
6972
6974
6976
6978
6979
6980
6981
6983
6984
6987
6988
6989
6992
6994
6995
6998
7001
7002
7003
7004
7005
7006
7007
7008
7010
7011
7021
7023
7025
7026
7027
7032
7033
7034
7037
7042
7043
7045
7047
7048
7053
7055
7056
7057
7059
7061
7062
7065
7066
7067
7068
7069
7070
7071
7072
7073
7074
7077
7078
7079
7080
7083
7084
7088
7089
7093
7095
7096
7097
7098
7100
7102
7103
7105
7106
7107
7108
7109
7110
7111
7113
7114
7117
7119
7120
7121
7122
7123
7126
7127
7129
7130
7132
7133
7134
7136
7137
7138
7141
7142
7145
7146
7148
7153
7159
7161
7162
7165
7172
7173
7174
7179
7180
7181
7184
7185
7187
7191
7193
7196
7197
7198
7199
7200
7204
7206
7207
7209
7210
7211
7212
7213
7214
7215
7217
7219
7222
7225
7227
7229
7230
7232
7234
7235
7237
7238
7240
7243
7244
7245
7248
7249
7250
7254
7255
7256
7257
7259
7262
7264
7265
7266
7267
7268
7269
7270
7272
7273
7277
7278
7280
7281
7282
7283
7289
7290
7291
7293
7294
7295
7296
7297
7299
7301
7304
7305
7307
7309
7311
7312
7313
7316
7317
7318
7319
7321
7327
7331
7333
7334
7338
7341
7342
7343
7344
7346
7348
7351
7354
7355
7359
7363
7366
7367
7370
7372
7373
7379
7380
7383
7384
7386
7388
7389
7394
7395
7396
7398
7399
7400
7403
7404
7405
7407
7415
7417
7418
7419
7420
7422
7423
7424
7425
7428
7429
7430
7432
7434
7438
7439
7441
7442
7446
7447
7448
7449
7452
7455
7456
7457
7458
7459
7461
7462
7465
7470
7471
7473
7474
7478
7481
7483
7484
7485
7486
7487
7488
7490
7491
7493
7500
7503
7504
7505
7507
7510
7511
7513
7514
7515
7522
7523
7528
7530
7531
7532
7534
7536
7539
7543
7545
7546
7547
7549
7550
7551
7552
7554
7556
7560
7561
7565
7567
7571
7572
7573
7575
7576
7577
7578
7579
7581
7582
7583
7584
7585
7586
7588
7591
7592
7599
7600
7603
7605
7607
7608
7615
7617
7619
7621
7622
7624
7627
7628
7631
7633
7636
7637
7643
7645
7646
7647
7649
7654
7658
7662
7663
7669
7673
7675
7677
7679
7681
7685
7688
7689
7690
7694
7695
7698
7699
7703
7706
7708
7709
7710
7713
7714
7720
7721
7724
7725
7726
7728
7730
7731
7739
7740
7741
7742
7744
7747
7748
7749
7750
7751
7754
7758
7759
7761
7762
7763
7765
7767
7770
7773
7775
7776
7777
7779
7780
7781
7786
7789
7791
7793
7794
7799
7800
7801
7802
7803
7809
7811
7812
7815
7816
7817
7818
7819
7821
7822
7823
7824
7827
7828
7831
7832
7833
7835
7837
7838
7839
7840
7841
7842
7847
7852
7854
7857
7858
7859
7861
7862
7863
7867
7868
7873
7875
7876
7879
7881
7883
7884
7885
7889
7890
7896
7897
7900
7901
7902
7903
7905
7909
7911
7913
7914
7917
7918
7919
7920
7927
7931
7933
7934
7937
7938
7940
7942
7943
7945
7946
7949
7951
7952
7955
7956
7957
7962
7965
7966
7967
7968
7969
7974
7975
7976
7977
7981
7983
7984
7985
7988
7990
7991
7992
7993
7994
7996
7997
7998
7999
8000
8002
8004
8006
8010
8011
8012
8013
8014
8015
8016
8022
8024
8025
8028
8031
8033
8034
8038
8040
8041
8042
8047
8050
8053
8054
8055
8056
8057
8061
8062
8063
8064
8066
8068
8069
8072
8073
8075
8077
8081
8082
8087
8088
8089
8090
8092
8094
8097
8098
8100
8103
8104
8105
8110
8111
8112
8124
8125
8127
8130
8133
8134
8136
8138
8139
8140
8148
8149
8151
8152
8153
8154
8155
8157
8158
8159
8164
8165
8167
8168
8171
8172
8173
8175
8177
8179
8181
8184
8188
8189
8191
8192
8196
8197
8198
8200
8201
8204
8207
8209
8211
8213
8215
8216
8217
8219
8220
8221
8222
8223
8224
8231
8232
8233
8234
8237
8240
8243
8245
8246
8249
8253
8256
8259
8260
8262
8264
8265
8266
8274
8275
8276
8277
8278
8279
8280
8281
8282
8284
8286
8287
8288
8290
8291
8292
8293
8295
8299
8301
8302
8304
8305
8307
8309
8312
8314
8317
8318
8322
8326
8327
8330
8331
8333
8336
8339
8341
8342
8343
8344
8345
8346
8348
8349
8352
8354
8355
8356
8358
8359
8362
8363
8364
8369
8370
8371
8372
8373
8374
8377
8379
8380
8381
8382
8384
8389
8391
8392
8393
8395
8398
8406
8407
8409
8413
8414
8415
8417
8421
8423
8425
8426
8427
8429
8431
8437
8438
8439
8440
8441
8442
8444
8445
8446
8447
8451
8452
8454
8455
8456
8459
8460
8461
8462
8465
8471
8473
8474
8475
8476
8477
8479
8480
8482
8487
8490
8491
8492
8495
8496
8499
8500
8501
8502
8503
8504
8505
8507
8509
8510
8513
8515
8517
8523
8525
8530
8532
8533
8535
8536
8538
8539
8543
8551
8552
8554
8556
8557
8558
8559
8562
8563
8565
8567
8570
8573
8574
8576
8578
8579
8584
8586
8587
8588
8590
8591
8592
8594
8595
8596
8600
8605
8606
8608
8609
8613
8614
8615
8616
8619
8620
8623
8626
8627
8629
8630
8632
8633
8635
8638
8640
8641
8643
8644
8645
8648
8651
8652
8653
8658
8660
8663
8665
8667
8668
8669
8670
8671
8673
8674
8675
8683
8684
8685
8689
8691
8693
8695
8696
8698
8703
8704
8706
8707
8708
8711
8713
8714
8715
8717
8720
8722
8723
8724
8726
8729
8732
8733
8734
8737
8739
8743
8744
8746
8748
8750
8752
8754
8755
8759
8761
8762
8763
8764
8770
8772
8773
8774
8776
8777
8778
8780
8785
8786
8789
8792
8793
8795
8799
8800
8801
8802
8804
8807
8808
8811
8813
8816
8817
8818
8820
8821
8823
8824
8825
8827
8832
8833
8836
8837
8840
8841
8842
8843
8847
8848
8852
8853
8854
8855
8858
8859
8860
8861
8862
8869
8873
8874
8881
8882
8887
8888
8892
8893
8894
8895
8898
8899
8900
8901
8902
8903
8906
8910
8911
8912
8913
8916
8917
8918
8920
8921
8922
8923
8928
8931
8934
8936
8937
8939
8941
8944
8945
8946
8947
8949
8951
8952
8953
8955
8956
8957
8959
8961
8962
8964
8965
8967
8968
8969
8970
8973
8976
8977
8978
8979
8980
8982
8983
8984
8985
8988
8989
8990
8992
8993
8995
8998
8999
9000
9001
9002
9003
9006
9007
9009
9012
9013
9016
9017
9018
9021
9022
9025
9027
9031
9034
9036
9037
9038
9039
9042
9044
9046
9047
9048
9051
9053
9054
9057
9059
9061
9064
9065
9067
9069
9070
9072
9075
9076
9077
9078
9079
9081
9084
9085
9086
9087
9089
9090
9091
9092
9094
9095
9101
9102
9103
9106
9108
9109
9110
9111
9112
9114
9115
9116
9122
9128
9129
9130
9131
9133
9134
9136
9139
9140
9141
9143
9146
9147
9149
9151
9153
9157
9158
9160
9161
9163
9168
9172
9177
9178
9180
9183
9184
9185
9186
9187
9188
9189
9191
9195
9202
9203
9204
9205
9208
9209
9210
9212
9216
9217
9218
9220
9221
9222
9223
9225
9226
9229
9230
9231
9233
9240
9241
9243
9245
9247
9251
9252
9256
9258
9259
9261
9264
9266
9267
9268
9269
9270
9271
9278
9279
9284
9285
9286
9288
9289
9296
9298
9301
9302
9304
9310
9312
9314
9315
9317
9318
9320
9322
9325
9326
9330
9333
9335
9338
9340
9342
9346
9347
9353
9355
9356
9357
9358
9359
9360
9368
9370
9374
9375
9376
9377
9380
9381
9382
9383
9385
9386
9388
9389
9390
9393
9395
9398
9400
9401
9402
9410
9411
9412
9413
9414
9416
9417
9423
9428
9430
9432
9434
9435
9438
9440
9441
9446
9451
9453
9454
9455
9456
9458
9460
9463
9464
9466
9469
9470
9476
9481
9484
9489
9491
9494
9501
9502
9505
9506
9508
9509
9511
9513
9514
9515
9516
9520
9521
9527
9528
9529
9531
9532
9534
9536
9537
9540
9541
9547
9548
9550
9551
9560
9562
9563
9564
9565
9566
9568
9570
9571
9577
9578
9579
9580
9582
9584
9585
9586
9588
9589
9592
9595
9596
9598
9599
9603
9606
9609
9611
9612
9613
9614
9615
9617
9621
9622
9625
9628
9629
9630
9632
9637
9638
9640
9641
9642
9646
9647
9650
9651
9652
9654
9655
9656
9658
9659
9660
9662
9663
9664
9667
9669
9670
9671
9672
9678
9681
9682
9683
9684
9686
9688
9690
9694
9696
9701
9702
9708
9709
9710
9712
9715
9717
9718
9721
9723
9725
9727
9729
9730
9734
9735
9736
9737
9738
9739
9740
9742
9743
9744
9749
9750
9753
9755
9756
9758
9761
9762
9763
9766
9767
9769
9772
9776
9777
9783
9785
9788
9793
9796
9798
9799
9802
9803
9807
9808
9810
9813
9814
9815
9817
9819
9820
9824
9826
9827
9829
9830
9832
9834
9836
9837
9838
9839
9842
9845
9848
9849
9850
9851
9855
9856
9857
9863
9865
9869
9871
9873
9874
9875
9876
9877
9879
9881
9884
9885
9886
9888
9889
9893
9895
9896
9899
9900
9903
9906
9907
9908
9910
9913
9914
9915
9916
9917
9918
9921
9923
9936
9937
9939
9940
9941
9942
9948
9950
9957
9958
9959
9961
9964
9965
9966
9967
9968
9970
9973
9975
9977
9978
9981
9985
9987
9988
9991
9992
9993
9995
9997
9998
9999
10003
10004
10007
10012
10013
10016
10021
10024
10027
10029
10033
10034
10035
10039
10047
10049
10050
10051
10053
10055
10057
10058
10059
10061
10064
10065
10066
10068
10069
10075
10077
10078
10079
10080
10081
10084
10085
10088
10089
10090
10091
10092
10094
10096
10098
10099
10102
10104
10107
10109
10111
10113
10115
10120
10121
10122
10123
10127
10129
10131
10132
10133
10140
10141
10144
10145
10146
10148
10151
10154
10156
10158
10159
10162
10164
10171
10175
10177
10178
10180
10181
10183
10186
10189
10190
10195
10196
10197
10199
10202
10204
10206
10207
10209
10212
10217
10220
10221
10222
10224
10225
10226
10229
10231
10232
10233
10236
10238
10239
10242
10247
10248
10251
10252
10253
10255
10259
10260
10261
10263
10264
10268
10271
10272
10273
10274
10277
10279
10280
10281
10282
10283
10288
10294
10295
10296
10297
10298
10302
10308
10309
10310
10311
10313
10315
10316
10317
10320
10322
10324
10326
10327
10330
10331
10333
10336
10338
10341
10343
10344
10345
10346
10347
10348
10356
10357
10359
10360
10361
10364
10366
10368
10371
10373
10375
10379
10380
10383
10384
10390
10391
10392
10394
10395
10396
10399
10407
10408
10409
10410
10411
10412
10413
10418
10419
10421
10422
10424
10425
10427
10429
10431
10433
10437
10438
10439
10440
10442
10443
10446
10449
10450
10451
10453
10455
10456
10457
10458
10459
10460
10461
10465
10467
10468
10471
10475
10477
10478
10481
10482
10483
10484
10487
10488
10491
10493
10494
10496
10500
10502
10504
10505
10507
10511
10513
10515
10516
10517
10518
10520
10521
10522
10523
10526
10535
10536
10539
10540
10542
10547
10549
10553
10554
10557
10558
10559
10560
10561
10562
10563
10564
10565
10566
10569
10570
10571
10572
10576
10577
10580
10581
10583
10585
10586
10589
10590
10592
10593
10594
10598
10601
10602
10604
10605
10606
10607
10609
10616
10620
10621
10624
10625
10626
10628
10629
10630
10633
10637
10640
10642
10643
10647
10648
10650
10652
10653
10654
10659
10660
10662
10664
10666
10667
10668
10671
10673
10674
10675
10676
10680
10683
10684
10685
10686
10687
10689
10690
10691
10693
10697
10699
10702
10705
10707
10708
10709
10712
10714
10715
10716
10717
10718
10719
10720
10721
10723
10726
10727
10728
10730
10732
10736
10738
10739
10740
10741
10744
10746
10749
10751
10754
10760
10762
10763
10765
10767
10768
10769
10772
10774
10779
10782
10784
10786
10789
10790
10791
10794
10796
10799
10800
10801
10803
10807
10808
10809
10812
10817
10818
10819
10821
10823
10825
10826
10830
10832
10834
10835
10836
10838
10840
10841
10842
10843
10845
10846
10847
10848
10849
10851
10852
10854
10856
10857
10858
10861
10866
10873
10875
10876
10879
10881
10883
10887
10892
10893
10895
10897
10899
10904
10905
10906
10910
10911
10913
10915
10916
10917
10918
10919
10923
10924
10925
10927
10932
10934
10936
10945
10947
10949
10951
10953
10956
10957
10959
10960
10962
10963
10964
10969
10971
10973
10974
10977
10979
10981
10984
10985
10986
10987
10989
10990
10991
10994
10997
10998
11002
11004
11007
11008
11009
11010
11012
11013
11015
11016
11019
11020
11021
11023
11031
11035
11037
11043
11047
11054
11057
11058
11060
11061
11065
11066
11068
11069
11070
11071
11074
11077
11078
11079
11080
11084
11087
11088
11089
11099
11103
11104
11105
11106
11109
11110
11111
11115
11116
11121
11122
11124
11125
11127
11128
11131
11132
11134
11135
11141
11142
11143
11144
11145
11146
11148
11150
11151
11152
11154
11155
11158
11162
11163
11165
11169
11170
11172
11173
11178
11179
11182
11183
11184
11185
11187
11189
11190
11191
11192
11195
11196
11197
11202
11205
11210
11212
11213
11215
11216
11220
11222
11226
11227
11229
11230
11231
11233
11234
11236
11239
11244
11248
11254
11258
11261
11262
11263
11264
11266
11268
11269
11271
11273
11275
11277
11282
11285
11287
11288
11290
11292
11294
11297
11300
11302
11305
11306
11308
11310
11311
11313
11314
11315
11317
11319
11320
11322
11325
11326
11328
11329
11333
11336
11337
11341
11342
11345
11347
11350
11356
11360
11362
11363
11364
11367
11371
11375
11376
11380
11382
11383
11385
11387
11388
11389
11390
11391
11396
11398
11400
11401
11402
11403
11405
11406
11409
11411
11412
11413
11415
11416
11418
11419
11420
11422
11423
11427
11428
11431
11434
11436
11437
11440
11441
11443
11446
11448
11449
11452
11454
11457
11458
11459
11461
11466
11467
11472
11474
11475
11476
11477
11480
11481
11484
11485
11486
11489
11493
11494
11495
11496
11499
11500
11501
11502
11504
11505
11506
11507
11510
11512
11520
11521
11522
11523
11527
11528
11529
11530
11532
11536
11537
11538
11541
11542
11545
11547
11548
11549
11550
11551
11554
11557
11566
11567
11568
11573
11577
11578
11580
11584
11588
11592
11593
11594
11595
11596
11599
11600
11605
11608
11611
11615
11616
11620
11623
11624
11631
11632
11638
11639
11640
11643
11646
11649
11653
11656
11657
11658
11661
11665
11668
11674
11679
11681
11682
11684
11685
11686
11687
11689
11690
11691
11692
11693
11695
11696
11697
11700
11705
11706
11707
11710
11712
11713
11715
11716
11719
11724
11732
11735
11736
11737
11740
11741
11742
11743
11744
11745
11748
11753
11754
11755
11756
11760
11762
11764
11766
11768
11769
11773
11777
11780
11785
11786
11791
11794
11795
11796
11797
11798
11800
11801
11802
11803
11805
11806
11808
11809
11810
11812
11821
11823
11825
11827
11836
11837
11840
11841
11843
11846
11848
11849
11851
11852
11853
11858
11859
11861
11865
11866
11867
11868
11870
11872
11877
11881
11882
11884
11885
11886
11887
11889
11891
11895
11897
11898
11903
11905
11906
11907
11911
11914
11915
11916
11920
11922
11923
11924
11926
11930
11931
11932
11934
11936
11937
11938
11939
11941
11943
11945
11948
11951
11952
11954
11956
11957
11959
11960
11966
11969
11970
11971
11975
11977
11978
11979
11980
11981
11982
11984
11985
11986
11989
11990
11991
11992
11993
11994
11996
12000
12002
12005
12006
12010
12013
12016
12017
12018
12020
12021
12022
12024
12025
12031
12033
12034
12035
12040
12042
12043
12044
12045
12048
12050
12053
12058
12059
12061
12063
12065
12066
12069
12070
12071
12072
12073
12078
12079
12081
12083
12084
12088
12092
12093
12094
12095
12103
12104
12105
12106
12108
12110
12112
12114
12115
12117
12118
12121
12122
12123
12124
12127
12128
12129
12130
12131
12136
12138
12140
12141
12144
12148
12151
12152
12154
12155
12156
12157
12158
12160
12161
12163
12164
12166
12174
12175
12176
12177
12180
12181
12184
12186
12187
12189
12190
12195
12196
12197
12200
12208
12209
12212
12215
12217
12218
12220
12221
12222
12227
12228
12230
12233
12235
12236
12238
12240
12244
12245
12248
12250
12251
12252
12253
12255
12257
12261
12262
12266
12268
12270
12271
12275
12276
12277
12278
12279
12280
12282
12286
12287
12291
12292
12293
12294
12295
12297
12298
12300
12303
12304
12306
12307
12309
12317
12325
12326
12327
12329
12330
12332
12333
12338
12339
12340
12341
12342
12343
12344
12346
12348
12350
12353
12354
12359
12361
12362
12365
12368
12371
12372
12373
12375
12382
12383
12387
12390
12392
12396
12400
12401
12402
12403
12406
12407
12408
12409
12412
12423
12424
12425
12426
12428
12429
12430
12431
12433
12435
12436
12437
12439
12441
12443
12444
12447
12448
12449
12451
12452
12453
12454
12456
12457
12459
12461
12462
12463
12464
12465
12470
12474
12475
12476
12477
12479
12480
12483
12484
12485
12489
12490
12491
12492
12494
12496
12497
12500
12501
12504
12511
12513
12517
12522
12523
12524
12526
12528
12529
12530
12531
12532
12534
12535
12536
12537
12542
12545
12547
12550
12553
12554
12555
12557
12558
12560
12563
12564
12566
12568
12577
12581
12582
12583
12586
12587
12590
12591
12592
12593
12598
12603
12604
12606
12608
12610
12613
12618
12619
12620
12622
12624
12626
12627
12631
12632
12633
12637
12638
12639
12640
12643
12644
12647
12648
12650
12651
12652
12657
12663
12665
12666
12669
12670
12671
12672
12673
12676
12677
12679
12682
12685
12688
12689
12690
12691
12693
12698
12702
12705
12706
12707
12711
12713
12717
12718
12720
12721
12724
12726
12728
12729
12730
12731
12732
12734
12735
12736
12737
12739
12741
12745
12746
12747
12748
12749
12751
12752
12753
12759
12761
12762
12763
12765
12769
12770
12772
12773
12775
12777
12780
12785
12795
12796
12797
12799
12800
12801
12802
12803
12804
12805
12806
12807
12809
12812
12813
12814
12815
12816
12818
12819
12821
12822
12826
12827
12829
12831
12832
12834
12837
12841
12842
12843
12844
12845
12846
12848
12850
12851
12852
12854
12856
12860
12861
12863
12865
12868
12869
12870
12871
12872
12873
12875
12876
12881
12882
12883
12884
12887
12888
12889
12890
12892
12893
12896
12897
12898
12900
12903
12904
12907
12908
12909
12910
12911
12913
12914
12915
12921
12924
12925
12927
12932
12934
12935
12937
12939
12941
12943
12944
12946
12947
12949
12951
12954
12956
12957
12958
12959
12960
12964
12966
12967
12968
12969
12971
12973
12976
12978
12982
12985
12987
12988
12990
12992
12994
12995
12996
12998
12999
13002
13003
13010
13011
13013
13014
13015
13020
13021
13023
13024
13025
13026
13027
13030
13033
13034
13035
13036
13038
13039
13042
13044
13045
13047
13048
13049
13052
13054
13055
13056
13058
13062
13063
13065
13066
13069
13070
13073
13076
13077
13078
13083
13084
13087
13089
13091
13092
13094
13099
13100
13102
13104
13111
13113
13114
13115
13118
13121
13126
13127
13133
13136
13137
13139
13141
13144
13147
13149
13152
13153
13154
13156
13158
13159
13165
13166
13168
13172
13174
13176
13177
13178
13180
13182
13183
13184
13187
13191
13192
13194
13198
13199
13201
13203
13205
13206
13208
13209
13212
13214
13215
13217
13219
13220
13222
13224
13225
13226
13228
13229
13231
13232
13233
13235
13237
13239
13240
13244
13247
13248
13250
13251
13252
13253
13254
13255
13258
13262
13264
13265
13266
13268
13269
13270
13276
13277
13280
13281
13284
13286
13287
13290
13291
13292
13295
13296
13298
13299
13300
13301
13303
13304
13305
13307
13308
13309
13311
13313
13316
13317
13321
13323
13325
13328
13330
13331
13336
13340
13341
13344
13345
13348
13349
13351
13352
13357
13360
13362
13363
13365
13367
13369
13370
13371
13374
13377
13380
13382
13386
13387
13389
13392
13393
13394
13396
13397
13400
13401
13410
13412
13414
13418
13420
13424
13425
13427
13432
13434
13438
13439
13440
13441
13442
13443
13444
13445
13446
13448
13449
13455
13456
13459
13460
13461
13462
13464
13467
13468
13469
13470
13471
13475
13478
13480
13482
13484
13485
13489
13490
13491
13495
13496
13497
13498
13500
13502
13503
13504
13507
13508
13510
13512
13518
13521
13522
13523
13524
13526
13527
13528
13529
13533
13535
13540
13541
13543
13544
13545
13546
13547
13549
13550
13551
13552
13553
13556
13557
13558
13559
13560
13564
13565
13567
13568
13571
13573
13574
13575
13576
13578
13584
13586
13592
13594
13595
13596
13604
13611
13613
13615
13616
13620
13621
13622
13623
13626
13629
13632
13633
13634
13640
13643
13644
13645
13651
13652
13654
13662
13668
13671
13673
13674
13677
13678
13680
13682
13683
13684
13685
13687
13688
13689
13690
13691
13692
13696
13697
13699
13700
13703
13708
13709
13710
13713
13714
13715
13717
13720
13722
13724
13725
13727
13729
13730
13734
13735
13736
13737
13741
13742
13743
13744
13747
13749
13750
13753
13754
13755
13756
13757
13758
13762
13765
13766
13774
13776
13777
13778
13779
13782
13787
13793
13796
13797
13798
13799
13800
13804
13806
13807
13809
13811
13812
13813
13818
13819
13821
13827
13831
13835
13839
13843
13847
13848
13849
13851
13853
13856
13858
13860
13862
13863
13866
13869
13870
13872
13875
13876
13877
13878
13881
13883
13884
13885
13887
13890
13891
13893
13894
13897
13898
13901
13902
13903
13905
13906
13907
13910
13915
13919
13921
13924
13926
13928
13929
13930
13933
13934
13935
13938
13939
13940
13941
13944
13946
13948
13952
13953
13954
13956
13959
13961
13963
13968
13969
13976
13977
13978
13980
13981
13982
13983
13986
13987
13988
13989
13991
13992
13994
13995
14001
14002
14003
14004
14006
14008
14009
14010
14015
14017
14018
14022
14024
14027
14030
14034
14035
14036
14037
14040
14041
14045
14046
14047
14048
14050
14055
14059
14062
14065
14067
14068
14069
14070
14071
14072
14073
14074
14076
14077
14078
14079
14082
14083
14093
14095
14096
14097
14098
14101
14104
14106
14108
14109
14113
14114
14116
14121
14122
14124
14125
14129
14130
14131
14132
14133
14134
14135
14140
14141
14142
14144
14147
14152
14154
14160
14162
14165
14166
14173
14175
14176
14178
14180
14181
14183
14184
14185
14187
14189
14190
14191
14196
14197
14199
14201
14203
14204
14206
14208
14209
14210
14211
14212
14214
14215
14216
14218
14224
14225
14227
14228
14229
14230
14231
14232
14233
14235
14239
14240
14242
14244
14246
14250
14255
14259
14261
14263
14265
14269
14270
14273
14276
14277
14278
14279
14281
14283
14284
14286
14287
14288
14289
14290
14292
14293
14297
14299
14300
14301
14302
14303
14305
14307
14308
14312
14313
14314
14315
14317
14318
14320
14321
14322
14323
14324
14326
14328
14330
14331
14336
14337
14340
14341
14343
14345
14347
14350
14351
14352
14353
14354
14355
14356
14359
14364
14368
14369
14371
14373
14374
14375
14383
14390
14393
14394
14397
14398
14400
14402
14406
14408
14412
14415
14417
14419
14420
14422
14423
14425
14432
14433
14435
14439
14441
14442
14445
14446
14447
14449
14455
14457
14461
14462
14463
14465
14467
14468
14470
14471
14472
14473
14477
14479
14480
14482
14484
14485
14486
14488
14489
14490
14492
14494
14495
14497
14499
14500
14504
14505
14506
14508
14510
14511
14514
14515
14517
14521
14522
14523
14527
14531
14533
14534
14535
14540
14541
14542
14544
14548
14549
14553
14555
14556
14557
14559
14560
14561
14562
14563
14564
14565
14566
14567
14569
14570
14573
14574
14575
14577
14580
14582
14583
14587
14589
14590
14591
14592
14595
14596
14601
14603
14605
14612
14615
14616
14617
14618
14620
14624
14625
14626
14630
14633
14634
14636
14637
14638
14639
14642
14643
14644
14649
14651
14652
14653
14654
14655
14658
14659
14660
14661
14664
14665
14667
14669
14670
14671
14674
14677
14681
14685
14687
14688
14689
14690
14693
14696
14698
14706
14707
14709
14711
14712
14715
14716
14719
14720
14721
14723
14724
14726
14727
14730
14732
14735
14736
14742
14746
14747
14753
14754
14757
14758
14759
14762
14764
14765
14766
14767
14773
14776
14778
14779
14781
14782
14784
14786
14787
14789
14791
14794
14795
14797
14799
14800
14803
14805
14806
14807
14810
14811
14813
14815
14817
14819
14823
14826
14833
14835
14839
14840
14841
14842
14843
14844
14845
14847
14849
14855
14856
14857
14863
14864
14868
14869
14870
14873
14875
14877
14881
14882
14884
14887
14889
14890
14891
14893
14900
14903
14904
14906
14907
14908
14909
14910
14911
14912
14916
14917
14918
14919
14920
14921
14922
14923
14924
14930
14931
14933
14934
14937
14938
14941
14943
14948
14949
14950
14951
14953
14956
14957
14958
14959
14963
14964
14965
14969
14970
14977
14985
14986
14987
14988
14989
14993
14995
14996
14997
14998
15000
15001
15002
15003
15007
15009
15010
15011
15014
15017
15018
15020
15021
15022
15024
15028
15029
15031
15034
15035
15036
15050
15055
15061
15063
15066
15069
15070
15071
15072
15073
15074
15076
15077
15078
15079
15081
15083
15087
15088
15089
15091
15094
15096
15100
15101
15103
15104
15105
15107
15109
15110
15111
15113
15114
15118
15121
15124
15125
15128
15130
15131
15133
15134
15138
15140
15141
15143
15145
15146
15149
15152
15154
15155
15157
15158
15161
15162
15163
15165
15166
15167
15168
15170
15171
15172
15173
15175
15176
15179
15181
15182
15186
15188
15191
15192
15193
15194
15195
15201
15204
15210
15212
15213
15214
15215
15216
15217
15218
15220
15221
15223
15224
15225
15228
15230
15231
15232
15234
15235
15240
15242
15243
15246
15247
15248
15250
15251
15253
15254
15257
15258
15260
15261
15262
15265
15266
15268
15269
15272
15273
15275
15276
15277
15279
15287
15288
15289
15290
15291
15292
15296
15298
15301
15305
15307
15308
15313
15315
15321
15324
15326
15327
15328
15329
15331
15333
15335
15338
15339
15340
15344
15346
15348
15351
15355
15357
15359
15360
15361
15363
15364
15366
15367
15368
15369
15372
15374
15375
15376
15378
15381
15382
15384
15387
15390
15391
15393
15394
15395
15396
15399
15401
15402
15409
15410
15412
15417
15418
15419
15420
15421
15422
15427
15430
15434
15438
15441
15442
15443
15445
15447
15448
15449
15452
15455
15457
15459
15460
15461
15462
15464
15465
15469
15470
15473
15474
15476
15478
15479
15480
15481
15484
15488
15490
15491
15495
15497
15498
15500
15501
15502
15503
15504
15506
15507
15514
15521
15525
15529
15530
15531
15532
15534
15535
15536
15537
15540
15541
15543
15544
15546
15549
15550
15551
15556
15557
15559
15560
15561
15563
15565
15566
15568
15575
15576
15577
15578
15579
15582
15583
15584
15586
15588
15590
15592
15593
15595
15598
15599
15600
15601
15603
15605
15607
15612
15613
15614
15616
15618
15621
15623
15628
15629
15630
15631
15633
15635
15637
15639
15641
15642
15643
15648
15652
15653
15656
15658
15659
15660
15661
15662
15664
15666
15672
15675
15676
15677
15679
15681
15682
15684
15685
15689
15690
15691
15693
15695
15696
15697
15698
15701
15704
15705
15707
15709
15710
15711
15714
15715
15717
15722
15723
15724
15725
15726
15727
15731
15732
15736
15737
15738
15743
15744
15745
15747
15748
15749
15752
15755
15759
15760
15763
15765
15766
15767
15768
15769
15770
15776
15777
15779
15780
15782
15784
15785
15787
15788
15792
15795
15798
15799
15801
15802
15806
15807
15811
15812
15815
15816
15818
15821
15822
15824
15825
15826
15827
15830
15831
15832
15834
15836
15843
15844
15846
15849
15850
15851
15852
15853
15854
15855
15856
15858
15861
15863
15866
15871
15872
15874
15875
15876
15881
15883
15888
15889
15890
15891
15896
15897
15901
15905
15906
15911
15913
15915
15916
15917
15918
15919
15922
15924
15925
15926
15929
15931
15932
15933
15937
15939
15944
15945
15946
15949
15950
15951
15952
15953
15956
15957
15958
15959
15960
15961
15962
15964
15966
15968
15970
15973
15974
15975
15977
15978
15979
15980
15982
15983
15987
15990
15991
15992
15994
15995
15998
15999
16002
16003
16004
16007
16008
16009
16014
16019
16022
16024
16028
16030
16032
16033
16035
16036
16037
16041
16042
16043
16044
16046
16050
16051
16053
16054
16060
16063
16068
16069
16073
16075
16078
16079
16080
16082
16084
16085
16088
16090
16092
16093
16094
16096
16097
16098
16100
16102
16105
16107
16109
16110
16114
16116
16117
16123
16124
16125
16126
16127
16130
16131
16133
16134
16135
16137
16144
16145
16146
16147
16148
16149
16150
16152
16153
16156
16157
16159
16160
16163
16166
16167
16168
16170
16172
16175
16176
16178
16180
16182
16183
16184
16185
16187
16190
16191
16193
16195
16196
16197
16202
16203
16204
16205
16207
16211
16212
16213
16214
16215
16216
16218
16221
16224
16225
16227
16229
16231
16233
16236
16238
16240
16242
16243
16244
16245
16247
16248
16249
16253
16255
16259
16260
16261
16266
16267
16271
16275
16276
16277
16278
16279
16282
16283
16284
16285
16290
16293
16294
16301
16302
16303
16305
16306
16309
16312
16313
16314
16317
16318
16319
16323
16324
16325
16326
16329
16331
16332
16333
16336
16338
16343
16346
16349
16350
16351
16352
16355
16356
16357
16359
16361
16362
16363
16365
16372
16373
16379
16382
16384
16385
16388
16390
16393
16395
16396
16397
16399
16403
16404
16406
16407
16408
16409
16410
16411
16414
16415
16416
16418
16419
16424
16426
16428
16429
16431
16434
16435
16436
16438
16443
16444
16446
16448
16450
16451
16452
16455
16456
16457
16460
16461
16462
16463
16464
16466
16468
16469
16470
16471
16474
16476
16479
16480
16481
16483
16485
16489
16491
16492
16495
16498
16501
16502
16504
16505
16507
16508
16510
16515
16517
16518
16521
16522
16526
16530
16531
16532
16533
16536
16538
16540
16544
16545
16546
16547
16548
16549
16550
16551
16552
16554
16555
16556
16557
16558
16562
16564
16565
16566
16569
16570
16571
16572
16574
16578
16579
16580
16583
16584
16585
16586
16587
16588
16589
16590
16591
16592
16595
16596
16598
16600
16601
16603
16604
16605
16606
16609
16611
16614
16617
16619
16627
16628
16629
16632
16633
16639
16642
16645
16647
16648
16649
16651
16658
16660
16661
16665
16667
16670
16671
16673
16674
16676
16677
16679
16680
16682
16684
16686
16689
16691
16692
16694
16696
16697
16698
16699
16700
16703
16704
16705
16706
16707
16708
16711
16714
16719
16720
16724
16729
16730
16731
16732
16733
16734
16738
16739
16740
16741
16742
16743
16744
16745
16747
16750
16751
16752
16753
16754
16757
16758
16760
16762
16769
16771
16772
16774
16776
16779
16783
16784
16785
16786
16789
16790
16791
16794
16795
16796
16798
16799
16801
16802
16803
16806
16807
16808
16812
16816
16818
16819
16820
16821
16824
16825
16827
16828
16829
16835
16836
16837
16839
16841
16843
16845
16846
16848
16849
16851
16852
16857
16859
16860
16862
16863
16868
16869
16871
16874
16878
16883
16884
16888
16890
16891
16895
16897
16898
16899
16900
16901
16902
16903
16905
16907
16908
16910
16911
16912
16915
16916
16921
16922
16923
16925
16926
16928
16930
16932
16933
16937
16940
16942
16944
16947
16949
16954
16955
16957
16958
16959
16961
16967
16968
16973
16975
16976
16979
16981
16984
16985
16986
16987
16988
16992
17001
17002
17016
17017
17019
17021
17022
17023
17026
17030
17032
17034
17035
17036
17037
17039
17040
17042
17043
17044
17047
17050
17051
17052
17056
17059
17060
17062
17064
17065
17066
17067
17068
17069
17070
17071
17073
17075
17077
17079
17080
17081
17082
17083
17084
17086
17087
17088
17090
17091
17093
17094
17101
17106
17107
17108
17109
17112
17114
17116
17117
17118
17119
17125
17126
17127
17130
17131
17132
17136
17138
17139
17140
17141
17142
17143
17144
17145
17149
17150
17151
17153
17155
17156
17157
17158
17161
17164
17165
17167
17169
17170
17171
17172
17173
17174
17176
17177
17178
17181
17182
17183
17186
17188
17190
17191
17195
17196
17202
17207
17213
17214
17215
17216
17219
17221
17222
17224
17225
17227
17229
17230
17231
17233
17234
17235
17237
17238
17239
17242
17244
17245
17246
17247
17249
17250
17251
17252
17255
17257
17258
17259
17260
17262
17265
17267
17268
17269
17273
17274
17275
17276
17279
17282
17286
17287
17288
17291
17294
17300
17301
17302
17304
17305
17306
17307
17309
17310
17311
17312
17315
17316
17317
17322
17325
17327
17329
17331
17332
17333
17335
17338
17341
17344
17346
17348
17349
17350
17351
17354
17355
17357
17358
17359
17363
17364
17365
17368
17371
17373
17374
17377
17383
17384
17385
17387
17389
17390
17391
17392
17393
17395
17402
17404
17407
17409
17411
17413
17419
17420
17422
17424
17426
17430
17433
17436
17437
17444
17445
17448
17449
17450
17451
17452
17457
17461
17462
17463
17474
17475
17477
17479
17480
17484
17486
17489
17491
17492
17493
17494
17496
17501
17503
17505
17507
17509
17512
17513
17516
17519
17520
17521
17523
17525
17526
17528
17530
17532
17534
17539
17541
17543
17545
17546
17547
17550
17551
17552
17554
17555
17556
17558
17559
17563
17566
17567
17568
17569
17570
17572
17573
17575
17577
17578
17582
17583
17584
17587
17590
17592
17594
17595
17597
17598
17600
17603
17608
17612
17613
17614
17616
17617
17620
17622
17623
17624
17627
17629
17630
17634
17636
17640
17641
17646
17647
17648
17650
17651
17652
17654
17657
17658
17659
17660
17661
17662
17668
17669
17670
17671
17672
17673
17674
17675
17676
17681
17684
17687
17689
17690
17691
17692
17693
17694
17696
17698
17700
17702
17705
17707
17709
17710
17711
17713
17714
17717
17718
17719
17720
17721
17723
17724
17726
17728
17730
17731
17732
17734
17738
17744
17745
17746
17747
17749
17750
17751
17752
17753
17754
17757
17758
17759
17761
17762
17763
17765
17768
17769
17771
17772
17773
17777
17781
17788
17789
17794
17796
17798
17799
17801
17804
17806
17807
17812
17814
17816
17817
17819
17820
17821
17823
17825
17830
17831
17834
17837
17839
17840
17844
17846
17847
17851
17852
17853
17854
17856
17858
17859
17863
17864
17865
17866
17868
17870
17872
17873
17874
17875
17876
17879
17881
17883
17887
17888
17889
17891
17894
17896
17900
17902
17904
17906
17907
17912
17916
17918
17919
17920
17924
17925
17928
17929
17934
17937
17940
17942
17946
17950
17951
17952
17955
17958
17960
17963
17965
17968
17969
17970
17971
17973
17978
17980
17983
17986
17987
17995
17997
18001
18002
18004
18005
18008
18009
18010
18012
18016
18019
18021
18025
18028
18029
18030
18031
18033
18035
18037
18039
18040
18045
18046
18050
18052
18054
18056
18057
18059
18060
18061
18064
18067
18068
18071
18072
18073
18074
18075
18079
18083
18085
18086
18088
18090
18092
18096
18097
18098
18100
18101
18102
18106
18107
18109
18110
18112
18115
18116
18117
18118
18119
18121
18122
18127
18128
18129
18131
18132
18133
18135
18138
18139
18143
18144
18145
18147
18148
18149
18150
18152
18160
18166
18167
18168
18171
18172
18174
18176
18178
18181
18185
18186
18187
18188
18189
18190
18191
18195
18198
18200
18201
18203
18204
18206
18208
18210
18212
18213
18214
18215
18217
18218
18219
18222
18225
18228
18229
18234
18236
18238
18243
18244
18246
18248
18251
18252
18255
18256
18258
18260
18262
18263
18264
18265
18270
18272
18274
18277
18279
18281
18285
18286
18287
18288
18289
18290
18291
18294
18295
18296
18297
18303
18306
18309
18312
18313
18315
18318
18323
18324
18326
18329
18332
18334
18336
18337
18338
18339
18341
18343
18344
18345
18347
18350
18351
18354
18356
18357
18358
18359
18360
18361
18362
18365
18369
18372
18373
18374
18376
18377
18378
18379
18381
18383
18385
18386
18388
18391
18392
18400
18402
18403
18405
18406
18409
18411
18412
18416
18418
18420
18421
18424
18427
18429
18430
18434
18436
18438
18439
18442
18445
18447
18448
18450
18453
18461
18462
18465
18466
18469
18471
18472
18473
18474
18475
18476
18481
18485
18486
18487
18488
18489
18491
18494
18497
18499
18500
18501
18502
18504
18505
18509
18510
18511
18512
18513
18514
18516
18518
18521
18522
18523
18525
18527
18531
18532
18533
18534
18537
18538
18539
18540
18541
18543
18545
18549
18550
18552
18556
18557
18559
18560
18562
18563
18564
18566
18568
18571
18572
18574
18577
18578
18579
18585
18588
18589
18590
18591
18593
18594
18595
18596
18597
18598
18600
18603
18604
18612
18619
18623
18624
18625
18626
18628
18629
18633
18635
18636
18637
18638
18641
18643
18647
18649
18650
18651
18652
18653
18658
18659
18660
18661
18662
18663
18664
18665
18666
18670
18671
18672
18673
18674
18675
18676
18680
18682
18685
18686
18687
18689
18691
18692
18693
18694
18695
18696
18697
18699
18701
18702
18703
18704
18705
18707
18710
18713
18714
18716
18717
18718
18719
18722
18724
18726
18727
18728
18731
18732
18733
18735
18736
18738
18743
18744
18745
18746
18747
18748
18749
18753
18754
18756
18758
18759
18761
18764
18765
18768
18772
18773
18774
18775
18776
18778
18780
18784
18785
18793
18794
18795
18801
18804
18807
18808
18810
18811
18813
18814
18815
18817
18819
18823
18830
18832
18834
18835
18839
18841
18842
18843
18845
18847
18849
18851
18853
18854
18855
18856
18858
18859
18860
18861
18862
18865
18867
18869
18870
18872
18874
18875
18876
18877
18879
18880
18882
18884
18886
18888
18889
18890
18891
18894
18897
18898
18901
18902
18903
18904
18907
18909
18910
18911
18912
18913
18917
18920
18921
18922
18924
18926
18927
18928
18935
18938
18939
18945
18947
18948
18949
18950
18956
18957
18961
18962
18963
18965
18966
18967
18969
18971
18972
18973
18974
18975
18976
18980
18983
18984
18985
18989
18991
18993
18994
18997
18998
19002
19004
19005
19012
19013
19015
19016
19017
19018
19020
19023
19024
19028
19029
19031
19032
19033
19034
19040
19043
19044
19046
19048
19049
19050
19053
19055
19056
19057
19058
19059
19060
19061
19065
19066
19067
19069
19071
19075
19076
19080
19081
19086
19087
19092
19095
19097
19098
19099
19101
19103
19104
19106
19111
19112
19113
19114
19115
19117
19118
19119
19121
19122
19123
19125
19132
19133
19135
19142
19143
19146
19147
19148
19150
19151
19152
19153
19156
19157
19159
19160
19162
19167
19168
19171
19174
19180
19183
19185
19186
19188
19189
19193
19194
19197
19198
19199
19204
19208
19209
19211
19213
19215
19217
19221
19222
19224
19225
19226
19227
19229
19230
19231
19232
19233
19234
19235
19236
19237
19239
19242
19243
19245
19246
19248
19250
19251
19254
19256
19257
19258
19261
19262
19263
19265
19266
19268
19271
19273
19274
19276
19278
19281
19289
19290
19291
19294
19295
19296
19297
19298
19299
19301
19302
19305
19308
19309
19310
19313
19314
19315
19316
19317
19318
19321
19323
19324
19325
19329
19330
19331
19333
19336
19337
19339
19343
19345
19346
19348
19349
19350
19351
19352
19353
19356
19358
19359
19364
19367
19368
19370
19372
19373
19374
19375
19380
19383
19386
19389
19390
19392
19396
19397
19398
19399
19401
19403
19406
19407
19410
19411
19412
19414
19415
19416
19417
19418
19420
19421
19422
19425
19426
19427
19428
19435
19437
19439
19440
19442
19443
19445
19449
19450
19452
19455
19457
19459
19461
19463
19465
19467
19468
19470
19472
19473
19474
19475
19477
19478
19479
19482
19484
19485
19487
19488
19489
19494
19495
19496
19497
19498
19500
19501
19502
19503
19506
19508
19509
19510
19512
19514
19515
19516
19517
19520
19522
19523
19524
19531
19532
19536
19537
19542
19543
19545
19546
19550
19551
19552
19554
19556
19559
19560
19561
19562
19563
19565
19568
19571
19573
19575
19577
19578
19585
19586
19587
19588
19589
19592
19593
19594
19595
19597
19598
19599
19600
19602
19607
19611
19614
19615
19616
19618
19620
19623
19624
19625
19628
19629
19631
19633
19636
19638
19640
19641
19643
19645
19646
19650
19651
19655
19657
19658
19659
19661
19664
19666
19667
19671
19673
19677
19678
19680
19684
19685
19687
19690
19694
19695
19697
19698
19699
19701
19706
19707
19709
19710
19713
19718
19719
19720
19722
19726
19732
19733
19734
19735
19736
19740
19745
19746
19750
19751
19752
19753
19755
19757
19758
19759
19760
19762
19763
19767
19770
19771
19773
19775
19777
19781
19785
19786
19788
19791
19792
19793
19798
19799
19801
19804
19807
19813
19814
19816
19817
19819
19820
19822
19824
19825
19826
19827
19829
19830
19832
19833
19834
19836
19837
19839
19840
19841
19843
19844
19846
19849
19850
19851
19852
19853
19854
19855
19856
19857
19858
19860
19861
19862
19863
19864
19865
19867
19868
19875
19876
19877
19878
19882
19883
19887
19888
19891
19893
19895
19896
19898
19899
19902
19905
19907
19908
19909
19910
19912
19916
19917
19918
19920
19921
19923
19924
19926
19930
19936
19941
19942
19945
19946
19947
19948
19949
19950
19951
19953
19954
19955
19957
19961
19962
19964
19966
19968
19969
19970
19971
19972
19974
19979
19980
19982
19985
19986
19987
19989
19992
19993
19995
19999
20003
20004
20006
20008
20010
20012
20013
20015
20016
20018
20020
20024
20026
20029
20030
20033
20036
20037
20038
20039
20040
20043
20045
20046
20049
20050
20052
20054
20055
20060
20061
20062
20063
20065
20069
20070
20072
20074
20076
20077
20078
20082
20083
20084
20086
20087
20088
20089
20090
20092
20094
20096
20100
20101
20102
20103
20107
20111
20113
20114
20115
20116
20117
20118
20123
20130
20131
20132
20134
20135
20137
20141
20142
20144
20146
20151
20156
20158
20160
20161
20163
20164
20168
20173
20174
20175
20176
20178
20179
20180
20181
20183
20185
20186
20187
20189
20190
20192
20198
20199
20201
20202
20204
20205
20207
20210
20211
20214
20216
20219
20222
20223
20224
20225
20226
20231
20232
20233
20234
20236
20237
20238
20239
20240
20244
20248
20249
20250
20251
20253
20255
20258
20259
20262
20263
20266
20271
20278
20280
20281
20282
20284
20285
20286
20287
20288
20291
20292
20293
20295
20296
20297
20298
20299
20300
20301
20303
20305
20307
20308
20310
20311
20314
20315
20319
20320
20322
20323
20324
20325
20326
20329
20331
20332
20337
20339
20340
20341
20342
20343
20347
20350
20351
20352
20353
20355
20357
20358
20363
20364
20365
20366
20367
20370
20373
20376
20380
20382
20386
20389
20390
20391
20392
20394
20395
20398
20403
20405
20406
20407
20408
20412
20413
20415
20416
20417
20419
20420
20421
20425
20427
20428
20429
20432
20433
20437
20439
20441
20443
20444
20446
20448
20450
20452
20454
20455
20461
20463
20465
20466
20467
20469
20471
20474
20479
20481
20483
20492
20493
20496
20498
20500
20501
20503
20504
20506
20507
20509
20510
20513
20515
20516
20517
20518
20523
20525
20526
20527
20528
20530
20535
20537
20544
20547
20550
20551
20552
20553
20554
20556
20559
20562
20564
20565
20568
20570
20573
20574
20575
20576
20577
20578
20581
20582
20584
20585
20587
20588
20590
20592
20597
20599
20602
20603
20604
20605
20607
20609
20610
20612
20614
20615
20616
20620
20621
20623
20624
20625
20629
20630
20631
20633
20634
20636
20640
20642
20645
20646
20647
20648
20650
20651
20652
20654
20657
20659
20661
20668
20669
20670
20671
20674
20675
20677
20678
20680
20683
20684
20685
20686
20687
20688
20691
20692
20693
20695
20696
20697
20698
20699
20700
20702
20703
20706
20707
20710
20711
20713
20714
20715
20716
20719
20722
20723
20725
20733
20735
20737
20738
20740
20742
20746
20747
20748
20752
20753
20754
20757
20762
20763
20765
20768
20770
20771
20774
20776
20778
20779
20780
20781
20788
20789
20792
20793
20795
20798
20801
20802
20805
20806
20809
20811
20813
20814
20815
20816
20819
20821
20822
20825
20828
20831
20832
20835
20837
20838
20840
20842
20843
20845
20847
20849
20850
20853
20854
20857
20858
20860
20865
20866
20867
20868
20869
20871
20874
20876
20881
20882
20884
20885
20887
20888
20889
20890
20891
20892
20894
20896
20897
20899
20902
20903
20906
20907
20908
20909
20910
20911
20913
20914
20915
20916
20917
20920
20921
20922
20923
20924
20926
20927
20929
20931
20932
20933
20937
20938
20939
20941
20942
20943
20944
20945
20949
20951
20952
20954
20955
20960
20961
20962
20963
20964
20965
20966
20967
20968
20969
20970
20971
20974
20976
20977
20978
20982
20984
20989
20992
20996
20997
20999
21000
21001
21002
21004
21005
21007
21013
21015
21021
21023
21025
21026
21029
21031
21032
21033
21036
21040
21041
21042
21046
21047
21049
21051
21053
21057
21058
21060
21063
21064
21065
21068
21069
21070
21071
21072
21076
21077
21078
21084
21085
21087
21088
21090
21091
21096
21097
21098
21103
21104
21105
21107
21108
21110
21112
21113
21114
21118
21119
21120
21121
21122
21123
21124
21126
21128
21134
21137
21138
21139
21140
21141
21144
21146
21147
21148
21149
21150
21151
21153
21155
21157
21158
21159
21164
21166
21167
21168
21170
21171
21172
21174
21175
21180
21184
21186
21188
21190
21191
21197
21200
21201
21202
21203
21205
21206
21207
21208
21213
21214
21216
21217
21218
21220
21223
21229
21233
21234
21235
21236
21237
21240
21242
21243
21244
21248
21249
21251
21252
21255
21256
21259
21260
21261
21265
21269
21273
21274
21276
21279
21281
21290
21294
21295
21298
21299
21300
21304
21305
21307
21308
21310
21311
21317
21320
21323
21324
21325
21326
21327
21328
21329
21331
21332
21333
21334
21335
21336
21337
21338
21341
21345
21346
21349
21350
21352
21353
21357
21359
21360
21361
21363
21365
21371
21373
21374
21380
21381
21382
21384
21387
21388
21391
21392
21395
21399
21400
21401
21405
21407
21411
21413
21414
21415
21418
21419
21420
21421
21422
21424
21425
21426
21428
21430
21432
21434
21435
21437
21438
21442
21444
21446
21447
21448
21450
21453
21455
21456
21457
21459
21461
21462
21463
21464
21468
21469
21471
21473
21475
21477
21482
21485
21486
21487
21489
21490
21491
21492
21493
21495
21496
21500
21501
21504
21505
21506
21508
21509
21515
21516
21517
21518
21521
21525
21526
21533
21538
21541
21544
21545
21547
21548
21556
21557
21558
21562
21564
21566
21567
21570
21573
21577
21578
21592
21594
21596
21597
21599
21600
21605
21606
21612
21613
21614
21615
21616
21617
21618
21619
21634
21635
21637
21638
21639
21640
21643
21648
21649
21650
21651
21653
21655
21656
21662
21663
21664
21665
21668
21673
21679
21680
21681
21685
21688
21689
21695
21697
21703
21707
21708
21709
21710
21712
21714
21716
21717
21719
21720
21721
21724
21726
21727
21728
21732
21734
21737
21738
21739
21740
21741
21742
21743
21744
21746
21748
21750
21751
21752
21755
21756
21758
21760
21762
21763
21764
21767
21768
21770
21775
21780
21781
21782
21784
21785
21788
21790
21795
21797
21801
21802
21803
21805
21808
21811
21812
21814
21815
21816
21817
21818
21822
21823
21824
21825
21826
21828
21829
21830
21831
21834
21839
21842
21847
21850
21853
21855
21856
21857
21858
21860
21861
21862
21864
21865
21866
21867
21870
21871
21873
21874
21875
21876
21880
21885
21889
21893
21894
21896
21898
21899
21901
21902
21903
21905
21906
21907
21908
21911
21912
21913
21914
21916
21919
21920
21921
21922
21924
21925
21926
21927
21928
21929
21930
21931
21932
21936
21937
21938
21939
21942
21943
21944
21947
21948
21950
21952
21953
21954
21959
21960
21961
21962
21963
21965
21966
21969
21970
21971
21972
21974
21976
21978
21979
21980
21981
21983
21985
21987
21990
21992
21994
21995
22002
22003
22004
22006
22007
22009
22011
22015
22020
22023
22026
22029
22030
22033
22035
22037
22039
22043
22044
22045
22046
22047
22051
22052
22053
22054
22057
22062
22063
22067
22068
22069
22071
22074
22076
22077
22081
22085
22086
22093
22095
22097
22098
22099
22102
22103
22107
22108
22109
22110
22114
22115
22116
22117
22119
22120
22121
22125
22126
22127
22129
22130
22131
22136
22138
22142
22145
22147
22149
22150
22152
22153
22157
22158
22160
22161
22162
22164
22165
22167
22168
22170
22171
22172
22174
22176
22178
22186
22188
22189
22193
22197
22198
22201
22204
22206
22207
22211
22213
22214
22217
22218
22219
22220
22222
22223
22224
22225
22227
22228
22230
22234
22236
22239
22242
22243
22245
22246
22251
22252
22254
22256
22257
22259
22260
22262
22263
22265
22266
22269
22270
22271
22274
22275
22276
22277
22278
22279
22282
22283
22284
22286
22291
22293
22294
22296
22297
22301
22306
22308
22311
22313
22316
22318
22319
22321
22322
22324
22325
22327
22329
22330
22331
22332
22337
22338
22339
22342
22343
22346
22347
22348
22349
22356
22358
22359
22360
22361
22363
22365
22368
22370
22373
22374
22376
22381
22382
22384
22385
22386
22387
22389
22391
22392
22393
22395
22397
22398
22399
22401
22402
22403
22404
22407
22415
22416
22417
22419
22420
22421
22422
22424
22425
22426
22428
22430
22432
22442
22443
22447
22450
22451
22458
22459
22460
22461
22462
22465
22468
22469
22470
22473
22474
22475
22476
22478
22479
22484
22487
22489
22491
22492
22493
22494
22495
22496
22497
22498
22506
22507
22508
22509
22513
22514
22517
22519
22524
22525
22529
22530
22532
22535
22536
22537
22538
22539
22540
22541
22543
22544
22545
22546
22548
22549
22550
22551
22553
22554
22555
22556
22557
22558
22559
22561
22563
22565
22566
22567
22571
22572
22573
22575
22582
22584
22585
22587
22589
22590
22593
22595
22596
22599
22600
22601
22605
22606
22608
22610
22612
22616
22618
22620
22621
22622
22624
22626
22628
22630
22631
22632
22636
22638
22640
22641
22645
22647
22650
22654
22658
22660
22661
22662
22664
22665
22667
22669
22670
22672
22678
22679
22681
22682
22685
22687
22688
22689
22690
22693
22694
22696
22698
22700
22702
22703
22704
22705
22707
22708
22712
22715
22719
22724
22725
22726
22727
22728
22732
22733
22735
22736
22738
22741
22742
22747
22748
22749
22750
22753
22754
22755
22756
22759
22762
22764
22765
22766
22770
22771
22772
22773
22774
22776
22777
22778
22779
22781
22782
22783
22784
22786
22787
22789
22790
22792
22794
22796
22799
22801
22802
22803
22810
22811
22817
22819
22820
22825
22826
22831
22832
22833
22834
22838
22839
22842
22843
22844
22847
22853
22856
22858
22859
22862
22863
22864
22865
22867
22868
22870
22871
22872
22873
22875
22877
22884
22885
22887
22888
22890
22892
22900
22902
22903
22904
22909
22910
22913
22914
22916
22917
22918
22919
22920
22923
22925
22929
22930
22931
22932
22933
22935
22936
22937
22941
22942
22946
22947
22948
22949
22951
22952
22953
22955
22958
22959
22960
22966
22970
22974
22975
22979
22980
22981
22983
22984
22987
22990
22992
23000
23003
23006
23007
23008
23010
23011
23012
23014
23015
23018
23020
23021
23022
23023
23024
23025
23028
23029
23032
23033
23037
23038
23039
23040
23042
23043
23047
23048
23049
23052
23053
23054
23058
23059
23064
23067
23068
23069
23070
23071
23074
23076
23077
23080
23081
23082
23083
23085
23086
23089
23090
23093
23094
23100
23101
23105
23106
23107
23109
23110
23111
23115
23117
23119
23121
23122
23127
23131
23132
23135
23136
23137
23139
23140
23142
23146
23147
23149
23153
23154
23157
23160
23162
23163
23164
23166
23167
23168
23171
23173
23174
23175
23177
23179
23180
23182
23183
23185
23186
23187
23188
23189
23190
23193
23197
23200
23201
23204
23207
23212
23214
23219
23220
23221
23222
23224
23225
23228
23229
23233
23237
23239
23242
23243
23246
23251
23253
23254
23257
23261
23262
23263
23265
23266
23267
23270
23271
23274
23275
23276
23278
23279
23280
23281
23284
23286
23289
23290
23291
23292
23293
23297
23300
23304
23305
23307
23308
23310
23311
23312
23313
23314
23317
23319
23320
23322
23323
23324
23326
23328
23329
23330
23331
23333
23334
23336
23337
23342
23343
23344
23345
23346
23348
23350
23354
23357
23360
23361
23362
23365
23366
23369
23370
23371
23372
23373
23374
23376
23380
23383
23386
23387
23389
23394
23395
23396
23402
23403
23404
23405
23406
23407
23408
23410
23411
23420
23421
23422
23425
23428
23429
23431
23432
23437
23438
23440
23442
23444
23447
23448
23449
23450
23451
23452
23453
23455
23458
23459
23460
23461
23463
23465
23466
23469
23471
23472
23474
23477
23481
23484
23487
23488
23490
23492
23494
23495
23498
23500
23501
23510
23514
23517
23518
23519
23520
23521
23524
23525
23527
23528
23529
23531
23533
23534
23536
23537
23543
23544
23545
23546
23548
23549
23550
23551
23553
23555
23557
23559
23561
23563
23567
23569
23572
23573
23575
23577
23578
23579
23580
23581
23582
23584
23586
23587
23588
23590
23594
23596
23603
23604
23605
23608
23610
23613
23615
23618
23621
23623
23624
23626
23627
23628
23629
23631
23633
23634
23636
23638
23640
23641
23642
23644
23645
23648
23649
23653
23654
23657
23661
23662
23665
23667
23668
23670
23671
23675
23680
23682
23683
23684
23685
23688
23689
23693
23695
23696
23699
23700
23701
23706
23708
23710
23711
23713
23716
23718
23719
23720
23721
23724
23728
23729
23733
23734
23737
23741
23742
23743
23744
23752
23755
23756
23758
23761
23763
23764
23766
23767
23768
23769
23770
23771
23773
23774
23776
23778
23779
23785
23787
23788
23789
23790
23792
23793
23794
23795
23799
23802
23805
23806
23807
23808
23810
23811
23814
23818
23820
23823
23825
23826
23828
23829
23833
23834
23836
23837
23840
23843
23844
23847
23848
23850
23853
23855
23856
23857
23860
23861
23862
23864
23865
23867
23870
23873
23874
23875
23876
23878
23881
23883
23884
23885
23886
23889
23890
23892
23898
23899
23900
23901
23903
23904
23905
23906
23907
23908
23911
23912
23913
23915
23916
23918
23920
23922
23924
23925
23927
23929
23933
23934
23935
23937
23940
23941
23942
23944
23945
23948
23949
23952
23953
23954
23955
23959
23960
23962
23963
23965
23969
23970
23974
23975
23978
23979
23982
23983
23988
23990
23992
23993
23994
23995
23996
23997
24000
24001
24002
24004
24007
24008
24017
24019
24020
24023
24026
24030
24031
24032
24033
24035
24036
24037
24040
24041
24042
24045
24046
24047
24050
24053
24054
24056
24058
24059
24063
24065
24071
24074
24075
24076
24077
24079
24081
24083
24088
24089
24090
24093
24096
24097
24100
24103
24109
24110
24113
24114
24115
24116
24119
24121
24125
24128
24133
24134
24137
24138
24140
24141
24142
24144
24145
24146
24148
24155
24157
24158
24159
24161
24163
24164
24165
24167
24169
24170
24173
24175
24179
24182
24186
24187
24189
24190
24193
24200
24203
24204
24205
24207
24209
24210
24211
24214
24217
24218
24221
24225
24229
24230
24231
24233
24235
24236
24237
24239
24240
24241
24242
24250
24251
24253
24254
24256
24262
24263
24264
24267
24270
24277
24279
24280
24281
24282
24285
24286
24287
24289
24290
24291
24292
24293
24294
24297
24299
24300
24301
24303
24304
24305
24307
24308
24314
24315
24316
24319
24320
24322
24326
24327
24329
24330
24333
24335
24336
24340
24341
24343
24344
24346
24349
24350
24352
24353
24355
24356
24357
24358
24359
24360
24361
24362
24364
24366
24367
24368
24370
24371
24373
24374
24376
24377
24378
24379
24382
24383
24385
24386
24387
24388
24392
24395
24396
24400
24401
24402
24405
24407
24410
24411
24412
24414
24415
24416
24417
24418
24420
24422
24423
24425
24426
24427
24428
24430
24432
24433
24436
24439
24441
24442
24443
24447
24448
24455
24456
24460
24461
24462
24463
24466
24469
24470
24471
24472
24475
24476
24477
24479
24480
24481
24482
24484
24485
24486
24491
24492
24493
24495
24496
24499
24502
24503
24504
24505
24506
24508
24509
24510
24512
24513
24514
24515
24518
24519
24520
24521
24522
24523
24524
24527
24529
24532
24535
24537
24538
24539
24540
24542
24543
24546
24547
24550
24552
24554
24558
24562
24563
24564
24568
24569
24571
24573
24574
24576
24578
24579
24580
24582
24584
24585
24588
24590
24592
24596
24597
24599
24601
24604
24605
24607
24608
24609
24612
24613
24614
24616
24618
24621
24623
24624
24625
24629
24633
24636
24640
24642
24645
24646
24647
24649
24652
24654
24656
24657
24658
24659
24661
24662
24663
24667
24673
24674
24675
24678
24679
24682
24683
24684
24689
24693
24694
24697
24698
24699
24700
24703
24705
24706
24708
24711
24712
24713
24714
24717
24718
24719
24721
24724
24725
24726
24728
24729
24731
24732
24733
24734
24737
24738
24740
24741
24743
24746
24747
24751
24752
24753
24754
24755
24757
24758
24759
24760
24761
24763
24765
24766
24767
24769
24771
24772
24773
24775
24776
24777
24778
24779
24782
24784
24787
24788
24789
24790
24791
24794
24798
24799
24800
24801
24802
24803
24804
24807
24808
24809
24811
24815
24818
24821
24822
24826
24832
24834
24837
24838
24841
24842
24843
24844
24847
24848
24849
24851
24856
24857
24858
24861
24863
24864
24867
24869
24870
24871
24874
24877
24878
24883
24887
24889
24891
24893
24894
24896
24897
24900
24901
24903
24904
24905
24907
24911
24912
24913
24914
24915
24916
24917
24918
24919
24924
24925
24926
24929
24931
24934
24935
24937
24943
24944
24945
24946
24947
24951
24953
24958
24961
24963
24964
24965
24966
24967
24968
24970
24972
24973
24974
24975
24976
24979
24980
24983
24984
24985
24988
24989
24993
24995
24996
24997
24999
25001
25002
25006
25007
25008
25009
25012
25013
25014
25015
25016
25019
25020
25021
25024
25029
25030
25032
25033
25035
25036
25037
25039
25042
25044
25048
25050
25055
25058
25061
25062
25064
25065
25071
25075
25080
25083
25085
25086
25087
25089
25091
25093
25094
25095
25096
25097
25098
25099
25100
25103
25104
25106
25108
25109
25111
25112
25117
25118
25120
25121
25124
25125
25127
25129
25130
25131
25134
25138
25139
25141
25143
25144
25146
25151
25152
25156
25158
25159
25160
25162
25164
25165
25166
25167
25168
25169
25170
25171
25173
25174
25178
25179
25184
25185
25186
25188
25189
25196
25197
25199
25200
25201
25202
25203
25207
25208
25209
25210
25211
25212
25215
25216
25218
25220
25224
25225
25227
25228
25232
25233
25237
25241
25242
25249
25250
25254
25255
25256
25258
25260
25261
25264
25265
25266
25267
25269
25271
25275
25277
25279
25280
25281
25284
25286
25287
25292
25294
25296
25298
25299
25300
25301
25302
25304
25307
25311
25313
25314
25316
25318
25320
25322
25323
25326
25328
25330
25334
25337
25339
25342
25344
25345
25346
25351
25353
25355
25356
25357
25360
25361
25362
25363
25365
25368
25371
25372
25373
25376
25377
25378
25379
25380
25383
25385
25386
25387
25388
25391
25392
25393
25394
25395
25399
25400
25404
25405
25407
25411
25412
25417
25421
25425
25426
25431
25435
25436
25442
25443
25444
25446
25450
25451
25452
25454
25455
25456
25460
25462
25463
25464
25470
25471
25473
25474
25481
25482
25486
25488
25491
25493
25496
25497
25499
25500
25503
25509
25510
25514
25515
25518
25520
25521
25523
25524
25525
25526
25528
25531
25533
25534
25535
25536
25539
25540
25543
25546
25547
25548
25549
25552
25554
25555
25557
25558
25561
25562
25564
25567
25569
25573
25575
25579
25580
25582
25590
25591
25592
25593
25598
25599
25600
25601
25604
25605
25608
25615
25618
25619
25621
25622
25623
25627
25630
25633
25635
25636
25637
25638
25643
25647
25653
25654
25657
25658
25659
25660
25661
25662
25664
25666
25671
25672
25673
25675
25676
25678
25679
25682
25683
25685
25686
25688
25691
25693
25694
25696
25699
25700
25701
25703
25705
25706
25708
25709
25711
25712
25714
25715
25716
25717
25719
25720
25721
25724
25726
25728
25731
25733
25736
25739
25742
25743
25744
25745
25746
25747
25750
25756
25757
25763
25764
25765
25766
25769
25770
25771
25772
25773
25774
25779
25782
25783
25784
25786
25787
25788
25790
25791
25792
25794
25795
25800
25807
25808
25809
25810
25813
25814
25815
25818
25820
25822
25824
25825
25826
25828
25829
25832
25835
25837
25838
25839
25844
25848
25849
25850
25851
25854
25855
25856
25858
25861
25863
25866
25867
25868
25870
25872
25877
25882
25884
25888
25893
25896
25898
25902
25903
25904
25905
25906
25907
25908
25909
25910
25911
25913
25915
25917
25920
25923
25930
25932
25935
25936
25937
25938
25939
25940
25942
25943
25946
25948
25950
25951
25952
25953
25954
25955
25957
25959
25962
25970
25972
25973
25975
25980
25983
25984
25985
25986
25987
25989
25990
25991
25992
25995
25996
25997
25999
26000
26001
26002
26003
26004
26008
26009
26010
26012
26013
26016
26017
26019
26022
26024
26025
26028
26031
26037
26039
26042
26045
26046
26047
26048
26049
26051
26052
26053
26055
26056
26057
26058
26061
26063
26064
26065
26066
26068
26069
26075
26077
26081
26082
26084
26085
26086
26087
26088
26089
26091
26092
26094
26097
26098
26099
26101
26102
26104
26105
26106
26107
26110
26112
26113
26116
26117
26118
26119
26120
26121
26123
26125
26126
26128
26130
26139
26141
26142
26144
26145
26149
26150
26152
26153
26154
26155
26156
26158
26159
26160
26162
26165
26166
26172
26173
26175
26176
26177
26178
26179
26180
26183
26187
26189
26193
26194
26195
26196
26197
26205
26208
26210
26214
26216
26217
26218
26219
26221
26222
26223
26226
26228
26232
26233
26235
26237
26238
26241
26244
26245
26252
26254
26256
26259
26260
26264
26265
26266
26267
26268
26270
26272
26274
26278
26279
26281
26283
26285
26287
26289
26290
26292
26293
26295
26296
26297
26298
26300
26301
26302
26304
26305
26306
26307
26308
26309
26310
26312
26314
26317
26318
26320
26321
26322
26323
26324
26326
26327
26328
26330
26331
26333
26334
26338
26340
26341
26342
26346
26347
26348
26349
26350
26351
26354
26355
26357
26358
26359
26362
26364
26365
26368
26370
26372
26375
26376
26382
26383
26384
26385
26389
26394
26396
26397
26398
26400
26402
26404
26405
26406
26410
26412
26413
26414
26416
26417
26418
26419
26421
26429
26431
26434
26435
26439
26440
26441
26443
26447
26448
26449
26451
26452
26459
26460
26461
26462
26464
26465
26468
26472
26476
26480
26481
26482
26485
26486
26487
26489
26491
26492
26493
26494
26495
26498
26500
26505
26506
26507
26512
26518
26521
26522
26523
26524
26525
26526
26528
26530
26535
26536
26538
26544
26546
26547
26548
26550
26551
26553
26554
26556
26557
26558
26559
26560
26561
26562
26563
26568
26571
26572
26574
26575
26576
26577
26579
26581
26584
26587
26588
26589
26590
26592
26593
26595
26597
26598
26599
26602
26603
26605
26606
26607
26608
26609
26610
26611
26614
26615
26616
26618
26620
26621
26622
26624
26628
26631
26633
26639
26641
26647
26648
26652
26654
26656
26658
26661
26662
26663
26664
26665
26667
26669
26670
26671
26672
26673
26679
26680
26682
26687
26688
26689
26698
26703
26707
26708
26710
26712
26716
26722
26723
26725
26728
26730
26732
26733
26735
26738
26740
26742
26746
26747
26748
26749
26753
26755
26758
26760
26762
26766
26767
26768
26771
26772
26774
26775
26777
26778
26779
26780
26781
26784
26785
26786
26788
26789
26790
26791
26792
26793
26798
26800
26803
26808
26810
26812
26814
26815
26816
26818
26821
26823
26824
26825
26826
26830
26833
26834
26835
26837
26839
26840
26849
26850
26851
26852
26853
26855
26857
26859
26861
26862
26863
26870
26874
26875
26876
26880
26881
26884
26886
26888
26891
26892
26893
26894
26898
26899
26900
26901
26904
26906
26910
26911
26915
26919
26920
26921
26922
26926
26929
26931
26934
26937
26939
26942
26945
26951
26953
26955
26956
26958
26959
26961
26962
26964
26968
26973
26974
26975
26977
26979
26981
26982
26985
26989
26990
26993
26994
26996
26997
26998
26999
27001
27002
27004
27005
27006
27009
27011
27012
27013
27014
27015
27016
27017
27018
27019
27021
27023
27025
27026
27028
27031
27034
27036
27038
27039
27040
27041
27045
27046
27047
27049
27050
27051
27053
27057
27059
27060
27061
27062
27064
27065
27067
27069
27072
27074
27076
27077
27079
27080
27082
27084
27085
27088
27089
27091
27092
27094
27095
27100
27102
27103
27110
27112
27113
27114
27115
27119
27120
27121
27122
27125
27130
27131
27133
27134
27135
27136
27138
27140
27145
27147
27149
27152
27153
27155
27156
27157
27158
27162
27164
27165
27172
27176
27177
27180
27181
27182
27183
27184
27185
27186
27190
27192
27194
27195
27197
27199
27202
27203
27204
27205
27208
27209
27211
27212
27213
27214
27220
27221
27225
27226
27227
27228
27229
27234
27237
27238
27240
27241
27242
27243
27250
27253
27254
27255
27256
27257
27259
27260
27264
27265
27267
27268
27270
27271
27276
27277
27279
27280
27285
27286
27287
27288
27290
27291
27292
27293
27294
27295
27296
27297
27298
27299
27301
27302
27303
27304
27305
27307
27310
27314
27315
27317
27318
27319
27323
27328
27329
27330
27335
27340
27343
27344
27348
27349
27350
27354
27355
27357
27358
27363
27364
27366
27368
27372
27375
27376
27378
27383
27384
27386
27387
27388
27389
27391
27394
27395
27398
27399
27400
27401
27403
27405
27407
27412
27414
27417
27418
27421
27423
27426
27427
27431
27433
27434
27435
27436
27438
27439
27445
27449
27451
27452
27454
27455
27457
27458
27461
27462
27463
27469
27470
27472
27474
27475
27478
27479
27482
27485
27487
27488
27489
27492
27496
27499
27501
27502
27503
27506
27507
27508
27511
27515
27516
27517
27519
27520
27523
27525
27526
27531
27532
27536
27541
27543
27545
27546
27547
27548
27549
27550
27551
27553
27555
27557
27560
27561
27562
27564
27566
27567
27568
27570
27574
27575
27577
27578
27579
27580
27581
27582
27583
27584
27586
27588
27590
27592
27593
27595
27598
27601
27602
27604
27605
27608
27609
27612
27613
27614
27615
27616
27622
27623
27627
27628
27629
27631
27632
27636
27638
27639
27641
27642
27644
27645
27651
27655
27658
27660
27663
27666
27667
27670
27671
27672
27673
27678
27679
27680
27681
27683
27685
27687
27688
27693
27695
27697
27699
27700
27701
27702
27703
27704
27708
27709
27717
27721
27722
27732
27733
27734
27739
27741
27745
27749
27751
27753
27754
27755
27756
27758
27759
27760
27762
27764
27768
27770
27771
27773
27775
27777
27779
27780
27781
27782
27784
27785
27787
27789
27792
27793
27794
27798
27800
27802
27803
27806
27808
27809
27810
27812
27813
27817
27818
27819
27820
27825
27829
27830
27831
27832
27833
27834
27835
27843
27845
27847
27848
27849
27851
27853
27857
27858
27859
27865
27868
27871
27872
27876
27883
27885
27886
27887
27891
27892
27893
27897
27898
27900
27903
27906
27907
27909
27912
27914
27916
27917
27919
27920
27921
27922
27924
27926
27928
27929
27931
27932
27937
27938
27940
27941
27945
27948
27949
27951
27954
27956
27957
27961
27962
27963
27965
27967
27968
27969
27972
27975
27976
27978
27979
27981
27982
27983
27984
27985
27986
27987
27992
27993
27994
27996
27997
28001
28003
28004
28005
28006
28007
28008
28011
28012
28013
28014
28015
28016
28017
28018
28019
28020
28022
28023
28024
28025
28027
28028
28029
28031
28033
28035
28037
28041
28044
28045
28046
28048
28055
28056
28057
28058
28059
28065
28068
28070
28071
28072
28076
28077
28080
28081
28083
28084
28089
28090
28091
28095
28096
28097
28100
28101
28104
28105
28107
28108
28109
28111
28113
28114
28115
28116
28119
28123
28124
28125
28126
28127
28128
28129
28133
28138
28139
28140
28141
28144
28145
28146
28147
28148
28151
28152
28153
28154
28155
28156
28157
28159
28160
28163
28165
28166
28168
28169
28170
28172
28175
28177
28178
28179
28181
28183
28184
28186
28189
28190
28193
28196
28197
28199
28202
28204
28212
28214
28218
28219
28223
28224
28225
28227
28228
28229
28231
28232
28234
28236
28238
28239
28242
28243
28247
28252
28256
28257
28258
28259
28260
28263
28264
28265
28269
28273
28274
28277
28279
28286
28287
28288
28290
28292
28293
28301
28303
28306
28307
28309
28316
28317
28318
28320
28324
28330
28336
28337
28338
28339
28342
28344
28346
28349
28350
28351
28354
28356
28357
28358
28360
28363
28364
28366
28370
28372
28374
28375
28377
28380
28386
28388
28390
28394
28397
28399
28400
28404
28407
28411
28412
28413
28414
28416
28419
28420
28421
28423
28424
28425
28428
28431
28432
28435
28436
28440
28441
28443
28447
28448
28449
28450
28452
28455
28460
28462
28463
28465
28466
28467
28472
28475
28477
28481
28483
28484
28485
28486
28488
28489
28492
28493
28494
28498
28499
28506
28507
28508
28510
28511
28512
28513
28514
28517
28520
28521
28522
28528
28529
28532
28534
28536
28539
28540
28542
28543
28544
28549
28550
28552
28558
28561
28564
28565
28566
28567
28568
28570
28571
28576
28577
28579
28580
28584
28586
28589
28590
28591
28595
28596
28598
28599
28601
28607
28608
28609
28610
28615
28616
28617
28618
28623
28624
28626
28628
28633
28634
28639
28640
28641
28642
28643
28645
28647
28649
28651
28652
28658
28662
28663
28673
28674
28676
28678
28679
28681
28683
28685
28686
28688
28691
28693
28696
28697
28700
28701
28702
28704
28705
28706
28707
28708
28713
28715
28717
28725
28727
28728
28729
28735
28736
28738
28739
28740
28741
28743
28747
28749
28752
28753
28754
28755
28757
28758
28759
28761
28762
28763
28765
28766
28767
28771
28775
28777
28782
28783
28784
28785
28789
28790
28792
28793
28794
28795
28796
28798
28799
28800
28801
28804
28805
28807
28810
28813
28815
28818
28819
28823
28824
28825
28827
28830
28831
28833
28834
28835
28837
28841
28842
28849
28850
28856
28863
28868
28869
28871
28873
28875
28876
28878
28883
28885
28886
28887
28891
28892
28893
28897
28899
28900
28901
28902
28904
28905
28906
28911
28913
28916
28917
28919
28922
28923
28926
28928
28929
28930
28931
28934
28935
28938
28941
28943
28945
28948
28949
28950
28953
28955
28957
28964
28968
28969
28970
28971
28976
28979
28981
28983
28985
28990
28992
28996
28997
29000
29001
29003
29009
29011
29012
29014
29016
29017
29018
29019
29021
29022
29024
29025
29027
29029
29030
29032
29034
29035
29036
29038
29041
29042
29044
29048
29049
29052
29053
29055
29057
29058
29060
29063
29067
29070
29073
29074
29075
29078
29079
29080
29088
29089
29091
29093
29096
29097
29098
29099
29101
29102
29107
29108
29110
29112
29113
29117
29118
29119
29123
29125
29127
29128
29130
29131
29133
29135
29137
29138
29141
29145
29147
29148
29152
29153
29155
29156
29157
29158
29160
29161
29164
29166
29171
29172
29173
29178
29179
29180
29182
29184
29189
29193
29196
29197
29199
29200
29205
29208
29211
29212
29213
29214
29215
29220
29231
29234
29241
29242
29243
29245
29246
29248
29249
29251
29253
29256
29257
29258
29261
29264
29268
29270
29271
29272
29273
29275
29276
29278
29279
29280
29282
29283
29284
29286
29287
29290
29291
29303
29304
29305
29307
29308
29310
29311
29312
29313
29317
29319
29321
29323
29325
29326
29330
29331
29334
29337
29339
29342
29343
29344
29345
29346
29347
29348
29349
29351
29352
29354
29355
29356
29358
29367
29373
29374
29375
29376
29377
29378
29380
29382
29383
29385
29386
29391
29392
29394
29395
29397
29398
29400
29404
29405
29406
29408
29409
29410
29411
29412
29413
29414
29415
29421
29423
29426
29427
29428
29429
29432
29433
29434
29437
29438
29441
29442
29443
29444
29445
29446
29447
29450
29452
29454
29456
29458
29460
29461
29462
29465
29473
29474
29475
29478
29479
29481
29483
29487
29489
29494
29496
29497
29502
29504
29506
29507
29509
29511
29512
29514
29515
29517
29518
29525
29526
29527
29529
29531
29532
29533
29534
29535
29537
29538
29539
29541
29543
29544
29545
29547
29548
29550
29551
29553
29554
29556
29563
29565
29566
29568
29572
29573
29574
29575
29576
29577
29578
29580
29581
29583
29584
29586
29588
29590
29592
29595
29596
29597
29598
29600
29602
29605
29606
29607
29608
29609
29610
29611
29612
29613
29615
29616
29617
29619
29620
29622
29623
29625
29634
29635
29638
29641
29644
29648
29652
29653
29657
29658
29661
29662
29663
29666
29667
29668
29669
29671
29674
29675
29677
29679
29680
29682
29686
29687
29688
29689
29690
29691
29692
29696
29697
29698
29699
29700
29702
29703
29707
29709
29712
29713
29714
29715
29717
29718
29719
29721
29725
29727
29731
29736
29739
29741
29743
29746
29749
29750
29751
29754
29762
29763
29764
29770
29771
29772
29777
29778
29779
29782
29783
29787
29788
29789
29792
29798
29799
29801
29805
29806
29809
29810
29811
29812
29814
29821
29826
29829
29830
29840
29841
29845
29848
29851
29853
29857
29858
29860
29861
29863
29865
29866
29867
29870
29871
29872
29876
29877
29879
29883
29887
29888
29892
29895
29896
29897
29898
29900
29904
29905
29906
29907
29908
29909
29912
29915
29917
29920
29922
29923
29924
29925
29927
29929
29930
29932
29933
29936
29939
29944
29945
29951
29952
29953
29954
29955
29956
29957
29959
29961
29962
29966
29968
29972
29973
29975
29976
29980
29982
29984
29989
29990
29992
29996
29997
29998
29999
30002
30003
30007
30010
30011
30012
30013
30014
30015
30017
30018
30022
30024
30025
30027
30029
30030
30031
30033
30034
30036
30038
30041
30044
30045
30046
30047
30050
30051
30054
30055
30058
30060
30063
30064
30068
30069
30072
30074
30076
30078
30079
30082
30085
30086
30090
30091
30092
30093
30094
30095
30096
30097
30098
30100
30101
30102
30103
30104
30106
30107
30108
30110
30111
30112
30115
30120
30124
30125
30127
30129
30131
30132
30134
30135
30138
30140
30142
30143
30144
30149
30151
30153
30154
30156
30157
30158
30160
30162
30163
30164
30168
30169
30173
30174
30177
30178
30180
30181
30186
30187
30189
30190
30191
30192
30197
30199
30200
30203
30207
30209
30210
30211
30212
30213
30214
30216
30219
30227
30230
30234
30235
30236
30239
30240
30241
30243
30245
30246
30248
30252
30253
30254
30258
30259
30261
30263
30265
30267
30268
30270
30276
30279
30281
30282
30283
30285
30288
30291
30295
30299
30301
30305
30308
30309
30310
30311
30313
30314
30317
30320
30322
30323
30325
30327
30329
30331
30332
30333
30335
30337
30342
30344
30347
30348
30349
30351
30353
30354
30355
30357
30359
30361
30365
30367
30370
30371
30372
30378
30380
30381
30383
30384
30385
30388
30391
30392
30393
30396
30398
30399
30400
30401
30402
30404
30405
30408
30410
30411
30413
30417
30420
30423
30428
30429
30430
30431
30432
30434
30436
30442
30443
30444
30446
30448
30452
30453
30454
30455
30457
30460
30461
30462
30464
30465
30466
30467
30468
30471
30473
30475
30476
30477
30479
30484
30485
30487
30489
30491
30493
30494
30495
30497
30498
30501
30502
30503
30504
30507
30508
30512
30514
30515
30517
30519
30522
30526
30527
30528
30529
30531
30533
30536
30537
30538
30539
30540
30541
30544
30547
30548
30549
30550
30552
30555
30560
30562
30563
30570
30574
30575
30576
30578
30584
30585
30586
30588
30589
30592
30593
30594
30596
30597
30599
30600
30602
30603
30604
30605
30607
30608
30611
30612
30617
30618
30621
30622
30625
30626
30627
30628
30630
30631
30632
30633
30634
30636
30639
30641
30648
30652
30654
30656
30658
30660
30662
30664
30667
30668
30672
30674
30675
30676
30677
30679
30680
30683
30685
30686
30687
30688
30690
30695
30696
30697
30698
30699
30701
30702
30705
30708
30710
30711
30712
30715
30716
30719
30720
30721
30722
30724
30725
30726
30727
30730
30734
30735
30736
30737
30739
30740
30742
30745
30747
30749
30751
30752
30753
30754
30755
30756
30757
30759
30761
30764
30766
30770
30772
30773
30774
30775
30779
30780
30782
30783
30784
30785
30787
30788
30789
30791
30792
30793
30795
30798
30800
30801
30802
30804
30806
30808
30811
30815
30817
30819
30820
30821
30824
30825
30826
30830
30831
30832
30833
30834
30836
30837
30838
30839
30840
30842
30843
30846
30848
30849
30850
30851
30853
30855
30856
30862
30864
30866
30869
30870
30871
30872
30873
30876
30879
30881
30883
30887
30894
30895
30897
30898
30899
30902
30903
30904
30905
30906
30910
30911
30915
30920
30921
30923
30924
30927
30931
30935
30938
30939
30942
30945
30946
30948
30950
30952
30954
30955
30957
30958
30961
30963
30966
30967
30972
30973
30974
30975
30976
30978
30980
30981
30985
30989
30993
30994
30995
30998
30999
31001
31002
31003
31004
31005
31008
31018
31019
31020
31021
31024
31028
31032
31033
31036
31038
31039
31040
31041
31043
31045
31046
31052
31054
31057
31058
31065
31068
31071
31072
31077
31082
31083
31084
31085
31088
31089
31090
31091
31092
31093
31096
31098
31103
31106
31107
31110
31114
31115
31121
31123
31126
31127
31129
31131
31133
31135
31136
31137
31138
31140
31144
31147
31149
31150
31151
31152
31154
31155
31157
31159
31162
31163
31164
31169
31170
31171
31172
31173
31174
31176
31177
31178
31179
31180
31182
31185
31186
31189
31190
31191
31193
31194
31195
31196
31197
31201
31203
31205
31209
31210
31213
31215
31216
31222
31223
31224
31225
31226
31227
31229
31230
31231
31233
31235
31237
31238
31241
31244
31246
31247
31248
31249
31252
31253
31256
31259
31260
31261
31265
31266
31268
31272
31276
31277
31281
31282
31285
31289
31290
31294
31295
31300
31301
31302
31303
31304
31305
31306
31311
31315
31317
31324
31327
31328
31329
31330
31333
31335
31336
31338
31339
31340
31341
31342
31343
31344
31349
31351
31357
31359
31361
31364
31366
31367
31369
31370
31371
31373
31374
31375
31378
31379
31381
31384
31385
31386
31388
31390
31391
31392
31393
31396
31397
31399
31400
31402
31403
31404
31405
31407
31408
31410
31411
31412
31414
31417
31418
31421
31422
31427
31432
31433
31434
31438
31442
31443
31444
31446
31447
31448
31453
31456
31457
31459
31461
31465
31467
31468
31470
31476
31477
31478
31479
31480
31481
31482
31484
31487
31489
31490
31491
31493
31494
31495
31496
31500
31501
31503
31504
31505
31508
31511
31513
31514
31515
31518
31519
31520
31521
31522
31523
31524
31526
31528
31529
31531
31532
31534
31538
31539
31540
31541
31542
31543
31545
31548
31554
31556
31559
31563
31567
31569
31571
31572
31574
31575
31576
31577
31584
31585
31586
31589
31590
31594
31596
31597
31598
31599
31600
31603
31604
31605
31606
31607
31608
31609
31610
31612
31613
31614
31615
31616
31619
31620
31622
31624
31626
31629
31630
31633
31634
31635
31637
31638
31639
31641
31643
31647
31648
31650
31651
31652
31653
31654
31655
31656
31657
31658
31659
31660
31661
31664
31667
31668
31669
31671
31672
31675
31681
31683
31684
31687
31688
31690
31696
31697
31699
31701
31702
31706
31710
31713
31714
31715
31718
31723
31725
31726
31731
31732
31733
31734
31735
31736
31737
31739
31740
31742
31744
31746
31749
31750
31751
31754
31761
31762
31764
31765
31768
31769
31771
31774
31775
31776
31780
31783
31785
31789
31791
31792
31793
31795
31796
31797
31800
31805
31806
31807
31813
31815
31818
31819
31820
31821
31822
31824
31825
31829
31831
31832
31835
31836
31838
31840
31841
31842
31843
31850
31851
31852
31854
31858
31859
31860
31862
31866
31869
31871
31872
31877
31880
31883
31884
31885
31886
31887
31889
31891
31892
31893
31894
31899
31904
31905
31906
31915
31916
31917
31918
31921
31922
31923
31924
31925
31927
31931
31932
31936
31938
31941
31942
31944
31945
31946
31950
31952
31953
31954
31964
31966
31967
31968
31970
31971
31972
31974
31977
31978
31980
31981
31992
31996
31999
32000
32002
32007
32009
32010
32011
32012
32013
32015
32016
32017
32020
32021
32022
32025
32026
32030
32031
32032
32034
32035
32036
32038
32039
32040
32051
32053
32054
32055
32056
32057
32058
32061
32062
32063
32064
32065
32067
32071
32074
32075
32079
32081
32083
32084
32088
32089
32091
32096
32098
32099
32101
32103
32104
32108
32111
32112
32113
32117
32118
32121
32122
32123
32124
32127
32128
32129
32130
32134
32135
32137
32141
32142
32143
32147
32149
32150
32156
32157
32159
32160
32162
32163
32165
32166
32169
32171
32173
32174
32175
32176
32178
32180
32181
32182
32186
32187
32188
32192
32193
32195
32198
32204
32205
32211
32213
32214
32219
32220
32221
32224
32226
32228
32229
32231
32232
32233
32235
32236
32237
32238
32241
32244
32245
32246
32248
32249
32251
32252
32256
32257
32258
32259
32260
32266
32268
32269
32271
32274
32275
32279
32280
32282
32283
32286
32287
32288
32290
32296
32297
32298
32299
32300
32301
32304
32305
32308
32314
32315
32316
32318
32319
32322
32324
32325
32326
32328
32329
32330
32331
32332
32333
32335
32337
32338
32340
32341
32343
32344
32346
32347
32348
32350
32351
32356
32361
32362
32363
32370
32374
32375
32376
32377
32379
32380
32381
32382
32384
32385
32386
32387
32389
32390
32392
32394
32397
32398
32401
32402
32403
32405
32406
32409
32414
32416
32423
32425
32427
32430
32431
32432
32433
32436
32439
32440
32441
32442
32444
32445
32446
32448
32450
32452
32454
32455
32456
32458
32459
32461
32462
32463
32465
32466
32469
32470
32472
32473
32474
32476
32478
32485
32492
32493
32494
32495
32496
32497
32498
32500
32503
32506
32508
32509
32511
32512
32518
32521
32524
32528
32531
32532
32533
32536
32537
32540
32543
32544
32545
32546
32550
32552
32553
32554
32556
32560
32561
32562
32564
32566
32567
32569
32572
32573
32578
32580
32581
32582
32583
32589
32590
32598
32601
32602
32603
32604
32606
32609
32610
32612
32613
32614
32615
32616
32617
32620
32621
32622
32623
32626
32627
32631
32632
32633
32637
32639
32643
32644
32648
32652
32654
32660
32664
32665
32667
32672
32673
32679
32683
32685
32687
32692
32694
32696
32698
32699
32701
32704
32705
32708
32710
32711
32712
32713
32714
32715
32718
32720
32723
32724
32725
32726
32727
32728
32729
32732
32736
32737
32738
32742
32745
32746
32747
32755
32756
32758
32759
32760
32762
32763
32764
32765
32768
32773
32780
32781
32783
32784
32785
32787
32788
32789
32791
32792
32796
32797
32799
32808
32812
32814
32815
32818
32822
32824
32826
32829
32831
32833
32834
32839
32842
32843
32846
32848
32852
32854
32860
32861
32862
32864
32865
32866
32868
32872
32873
32877
32878
32879
32880
32881
32884
32888
32889
32892
32893
32894
32895
32897
32898
32899
32903
32904
32906
32908
32910
32911
32913
32917
32918
32921
32922
32924
32928
32930
32931
32935
32937
32940
32943
32946
32949
32950
32951
32953
32954
32956
32957
32958
32959
32961
32962
32963
32972
32973
32974
32978
32990
32993
32995
33002
33004
33007
33008
33009
33010
33012
33014
33015
33018
33020
33021
33026
33028
33030
33031
33032
33036
33039
33041
33043
33046
33047
33048
33049
33050
33051
33052
33056
33057
33058
33059
33060
33068
33070
33072
33073
33075
33076
33077
33082
33083
33089
33091
33093
33095
33096
33097
33098
33102
33104
33105
33108
33109
33110
33111
33112
33114
33116
33118
33119
33124
33126
33127
33129
33132
33133
33136
33138
33139
33141
33142
33143
33144
33145
33147
33148
33150
33151
33152
33155
33156
33157
33159
33160
33161
33162
33165
33168
33170
33172
33173
33174
33176
33180
33182
33183
33185
33187
33191
33192
33193
33195
33196
33197
33198
33199
33201
33202
33203
33204
33206
33213
33216
33224
33227
33229
33230
33232
33233
33234
33236
33237
33238
33239
33240
33244
33246
33247
33248
33249
33250
33255
33256
33257
33260
33263
33266
33268
33269
33270
33274
33276
33278
33279
33281
33283
33286
33287
33290
33291
33294
33295
33297
33298
33300
33301
33302
33304
33305
33307
33309
33310
33311
33312
33314
33315
33316
33318
33322
33323
33326
33327
33328
33330
33333
33337
33338
33339
33342
33344
33345
33347
33348
33351
33352
33355
33356
33358
33360
33361
33364
33367
33368
33369
33370
33372
33376
33379
33381
33382
33383
33385
33387
33388
33390
33392
33394
33396
33397
33398
33399
33402
33404
33406
33407
33410
33411
33412
33419
33421
33423
33426
33427
33432
33433
33435
33438
33440
33441
33443
33445
33447
33448
33449
33450
33452
33454
33457
33460
33462
33463
33464
33465
33466
33467
33468
33469
33471
33472
33475
33476
33478
33480
33483
33484
33485
33490
33491
33492
33493
33495
33498
33501
33502
33503
33505
33510
33513
33515
33517
33518
33519
33520
33522
33523
33524
33527
33528
33532
33534
33535
33538
33540
33541
33547
33549
33550
33556
33559
33566
33567
33570
33571
33572
33575
33577
33578
33579
33581
33583
33587
33588
33589
33590
33591
33592
33593
33594
33595
33597
33602
33603
33604
33605
33607
33609
33610
33613
33615
33617
33618
33621
33623
33624
33625
33626
33627
33631
33632
33637
33639
33640
33644
33645
33647
33648
33649
33651
33652
33655
33657
33660
33662
33666
33667
33668
33674
33675
33676
33680
33683
33684
33685
33688
33694
33696
33698
33699
33700
33703
33705
33706
33708
33710
33713
33715
33717
33719
33723
33724
33726
33728
33732
33733
33735
33736
33737
33738
33739
33743
33748
33751
33752
33753
33755
33756
33757
33759
33761
33762
33763
33765
33767
33768
33771
33773
33774
33775
33778
33779
33784
33785
33786
33792
33794
33797
33798
33799
33800
33802
33803
33804
33805
33807
33809
33810
33812
33813
33816
33817
33819
33823
33826
33827
33830
33831
33833
33834
33835
33836
33839
33840
33843
33844
33845
33848
33849
33853
33856
33857
33858
33859
33860
33861
33862
33863
33866
33870
33871
33873
33874
33876
33878
33879
33880
33883
33885
33886
33888
33890
33894
33895
33898
33899
33900
33901
33902
33904
33910
33912
33914
33917
33918
33920
33921
33922
33926
33928
33932
33935
33937
33938
33943
33948
33949
33950
33954
33955
33957
33958
33959
33963
33965
33972
33977
33980
33981
33984
33987
33989
33990
33991
33993
33994
33996
33997
34000
34001
34003
34004
34005
34006
34008
34011
34015
34017
34018
34022
34026
34027
34029
34030
34037
34040
34041
34044
34045
34047
34048
34049
34051
34054
34055
34056
34058
34059
34065
34066
34068
34072
34073
34075
34078
34081
34083
34084
34085
34086
34087
34089
34091
34093
34094
34100
34102
34103
34104
34105
34106
34107
34109
34110
34111
34112
34113
34115
34116
34117
34119
34120
34121
34122
34123
34124
34126
34127
34128
34132
34137
34139
34142
34144
34145
34149
34150
34152
34155
34158
34159
34161
34162
34163
34164
34165
34167
34168
34169
34171
34176
34178
34182
34184
34186
34187
34189
34190
34191
34193
34195
34197
34199
34201
34202
34204
34206
34208
34209
34210
34211
34212
34213
34215
34216
34218
34219
34220
34222
34224
34225
34226
34227
34230
34231
34235
34236
34237
34238
34239
34241
34246
34247
34249
34253
34256
34258
34259
34265
34268
34269
34270
34271
34272
34273
34275
34277
34278
34279
34281
34283
34284
34291
34295
34298
34299
34300
34301
34304
34310
34311
34314
34315
34316
34317
34319
34320
34321
34322
34325
34327
34328
34331
34332
34336
34337
34338
34342
34343
34345
34346
34347
34348
34349
34351
34354
34357
34361
34362
34366
34369
34372
34373
34375
34379
34383
34384
34389
34391
34393
34396
34397
34399
34400
34401
34402
34403
34404
34410
34411
34412
34414
34415
34416
34417
34418
34421
34422
34425
34427
34430
34432
34433
34436
34437
34440
34441
34443
34448
34449
34455
34457
34458
34461
34462
34464
34465
34466
34467
34470
34475
34478
34480
34482
34483
34484
34485
34486
34492
34494
34496
34497
34498
34499
34504
34507
34511
34513
34515
34516
34517
34519
34522
34524
34526
34528
34529
34530
34531
34535
34537
34539
34541
34542
34544
34545
34546
34547
34548
34549
34551
34553
34557
34558
34559
34560
34562
34564
34567
34568
34570
34579
34581
34582
34583
34584
34587
34591
34593
34594
34597
34598
34604
34606
34607
34609
34614
34617
34618
34622
34625
34626
34631
34635
34637
34639
34640
34641
34642
34643
34644
34646
34649
34651
34652
34654
34657
34658
34659
34661
34664
34668
34671
34672
34674
34676
34677
34679
34680
34681
34683
34684
34686
34687
34691
34694
34695
34696
34697
34698
34700
34701
34703
34705
34707
34708
34709
34710
34713
34714
34715
34716
34717
34719
34720
34724
34725
34726
34735
34737
34739
34742
34743
34746
34747
34751
34753
34759
34762
34763
34764
34765
34767
34770
34774
34775
34778
34782
34786
34787
34788
34794
34795
34796
34797
34798
34801
34803
34806
34809
34814
34818
34820
34821
34822
34823
34824
34826
34827
34828
34830
34831
34833
34837
34838
34839
34840
34842
34843
34844
34847
34848
34850
34853
34854
34855
34858
34859
34862
34864
34866
34867
34868
34869
34870
34874
34875
34876
34880
34881
34882
34883
34884
34885
34888
34889
34890
34891
34892
34895
34899
34904
34905
34906
34907
34908
34911
34914
34915
34918
34919
34920
34921
34925
34926
34927
34928
34931
34933
34934
34935
34940
34941
34943
34945
34946
34948
34949
34952
34953
34954
34959
34961
34965
34969
34972
34973
34974
34975
34976
34977
34980
34982
34983
34984
34986
34989
34990
34992
34993
34994
34995
34998
34999
35000
35001
35005
35011
35013
35014
35018
35019
35020
35021
35024
35030
35034
35037
35039
35040
35043
35045
35047
35050
35051
35052
35056
35058
35061
35063
35064
35066
35068
35069
35070
35071
35074
35075
35076
35077
35078
35081
35084
35085
35086
35089
35091
35100
35104
35105
35106
35110
35114
35118
35123
35125
35126
35130
35132
35134
35135
35136
35139
35142
35143
35145
35146
35147
35150
35151
35152
35155
35156
35158
35159
35161
35162
35165
35166
35169
35170
35171
35173
35179
35181
35183
35184
35188
35190
35191
35194
35195
35196
35197
35198
35199
35201
35202
35203
35205
35208
35216
35219
35220
35221
35222
35224
35229
35230
35231
35232
35233
35234
35235
35237
35238
35240
35242
35248
35249
35250
35251
35252
35254
35255
35256
35258
35259
35261
35267
35269
35270
35272
35277
35278
35282
35283
35284
35285
35286
35287
35288
35290
35297
35301
35302
35305
35306
35308
35309
35312
35313
35316
35318
35322
35323
35325
35326
35327
35332
35333
35335
35336
35337
35339
35344
35345
35347
35348
35350
35358
35359
35360
35363
35364
35365
35366
35367
35368
35369
35370
35371
35372
35373
35376
35378
35381
35383
35386
35387
35388
35394
35398
35400
35401
35402
35403
35404
35405
35406
35407
35408
35411
35414
35415
35417
35418
35419
35422
35423
35425
35426
35428
35432
35433
35434
35435
35436
35438
35439
35442
35443
35444
35447
35450
35454
35455
35456
35457
35458
35459
35461
35462
35464
35465
35466
35468
35473
35475
35477
35478
35486
35489
35491
35497
35498
35500
35501
35503
35504
35509
35511
35513
35514
35515
35517
35518
35520
35524
35525
35529
35531
35532
35534
35535
35537
35538
35540
35541
35542
35544
35549
35550
35551
35552
35553
35554
35555
35557
35561
35566
35568
35569
35573
35576
35577
35578
35579
35580
35581
35583
35586
35589
35592
35593
35596
35597
35598
35602
35604
35605
35607
35608
35610
35611
35612
35614
35615
35618
35619
35622
35624
35625
35627
35628
35629
35630
35634
35638
35641
35643
35645
35646
35647
35648
35650
35651
35653
35655
35657
35659
35667
35671
35677
35678
35680
35682
35683
35684
35685
35688
35689
35694
35695
35697
35699
35703
35704
35707
35709
35710
35712
35713
35714
35718
35719
35721
35725
35726
35731
35732
35733
35738
35739
35740
35741
35745
35747
35748
35749
35750
35751
35753
35756
35758
35759
35760
35764
35765
35768
35771
35773
35775
35777
35779
35782
35784
35789
35790
35792
35793
35798
35799
35801
35806
35808
35814
35815
35816
35818
35822
35823
35824
35825
35827
35829
35832
35833
35835
35836
35837
35838
35839
35841
35842
35843
35844
35846
35848
35850
35851
35852
35853
35855
35856
35859
35863
35864
35868
35870
35874
35875
35878
35879
35885
35889
35890
35892
35894
35895
35901
35904
35905
35907
35908
35910
35911
35912
35913
35914
35915
35916
35917
35918
35922
35930
35931
35934
35935
35936
35937
35938
35939
35940
35941
35942
35943
35948
35949
35950
35957
35959
35960
35961
35962
35963
35966
35967
35969
35971
35972
35973
35975
35977
35978
35980
35981
35991
35992
35994
35995
35996
36005
36006
36007
36008
36009
36010
36011
36013
36014
36015
36016
36019
36021
36024
36025
36026
36027
36028
36029
36030
36032
36035
36036
36039
36040
36041
36042
36043
36046
36048
36052
36054
36056
36058
36060
36062
36067
36069
36070
36072
36073
36074
36076
36077
36079
36085
36086
36091
36092
36093
36094
36097
36098
36100
36103
36105
36106
36108
36117
36118
36119
36123
36125
36126
36127
36128
36129
36131
36133
36134
36135
36138
36139
36143
36146
36147
36148
36149
36153
36155
36158
36162
36163
36171
36172
36173
36177
36178
36182
36183
36185
36186
36187
36189
36190
36191
36192
36195
36196
36197
36198
36199
36200
36202
36203
36204
36207
36208
36209
36210
36212
36213
36214
36217
36218
36223
36227
36229
36230
36237
36240
36245
36247
36248
36252
36254
36258
36260
36262
36265
36266
36268
36271
36272
36274
36275
36277
36280
36281
36283
36285
36286
36287
36288
36291
36292
36294
36295
36296
36297
36299
36304
36305
36307
36309
36310
36312
36314
36316
36319
36320
36321
36323
36324
36326
36328
36330
36332
36333
36335
36338
36340
36341
36342
36343
36344
36349
36350
36352
36356
36359
36361
36363
36369
36371
36372
36373
36375
36376
36378
36379
36382
36383
36385
36388
36389
36390
36392
36395
36397
36399
36400
36401
36402
36403
36404
36405
36406
36407
36408
36409
36410
36411
36412
36414
36415
36416
36417
36419
36421
36425
36426
36430
36433
36434
36436
36437
36439
36443
36445
36446
36447
36449
36454
36458
36462
36464
36465
36471
36472
36475
36476
36479
36481
36485
36486
36488
36490
36492
36494
36496
36499
36504
36507
36509
36510
36511
36513
36514
36517
36518
36521
36523
36525
36528
36531
36534
36536
36538
36539
36541
36543
36544
36545
36546
36551
36554
36556
36557
36558
36559
36562
36564
36566
36567
36571
36572
36573
36575
36577
36579
36583
36586
36589
36593
36595
36599
36604
36606
36607
36608
36612
36616
36620
36621
36624
36626
36627
36629
36631
36635
36636
36637
36644
36645
36646
36649
36650
36654
36657
36664
36665
36667
36669
36672
36673
36674
36676
36677
36678
36680
36681
36682
36685
36686
36689
36691
36693
36694
36695
36697
36700
36701
36702
36703
36706
36708
36711
36715
36716
36717
36718
36719
36720
36722
36725
36727
36729
36733
36734
36737
36739
36740
36741
36745
36746
36747
36748
36753
36754
36759
36764
36768
36769
36770
36772
36775
36776
36778
36781
36783
36784
36788
36789
36793
36794
36799
36800
36802
36803
36804
36805
36806
36807
36809
36811
36812
36814
36815
36818
36820
36822
36823
36824
36826
36827
36829
36831
36835
36836
36837
36838
36839
36840
36841
36843
36845
36847
36849
36853
36854
36858
36860
36865
36867
36868
36873
36879
36883
36885
36886
36887
36888
36889
36893
36894
36897
36899
36906
36907
36908
36910
36911
36912
36913
36914
36915
36916
36919
36921
36922
36923
36924
36927
36930
36931
36933
36934
36935
36937
36939
36940
36943
36944
36946
36947
36952
36955
36959
36965
36966
36967
36968
36972
36974
36976
36978
36979
36981
36982
36983
36985
36986
36987
36990
36991
36992
36993
36994
36999
37004
37005
37006
37007
37009
37010
37011
37012
37013
37014
37015
37018
37019
37021
37024
37026
37027
37028
37029
37033
37034
37035
37037
37038
37040
37041
37045
37046
37047
37049
37052
37054
37057
37060
37061
37064
37067
37068
37075
37077
37085
37090
37092
37093
37095
37097
37098
37100
37101
37104
37106
37107
37108
37111
37112
37113
37115
37116
37117
37120
37121
37122
37123
37124
37127
37128
37129
37130
37132
37134
37135
37142
37143
37144
37146
37148
37150
37151
37152
37154
37155
37156
37158
37163
37164
37166
37169
37171
37173
37174
37175
37176
37179
37182
37185
37186
37187
37189
37190
37191
37192
37193
37196
37197
37201
37203
37205
37212
37213
37214
37215
37217
37218
37221
37222
37226
37228
37230
37233
37234
37236
37237
37239
37244
37245
37246
37248
37249
37251
37252
37253
37262
37264
37265
37268
37269
37270
37273
37276
37277
37279
37281
37282
37283
37285
37287
37289
37293
37294
37295
37297
37300
37304
37305
37308
37310
37316
37318
37319
37321
37322
37324
37326
37327
37331
37332
37336
37339
37341
37342
37343
37345
37347
37349
37353
37356
37357
37359
37360
37361
37362
37366
37367
37368
37369
37374
37375
37378
37380
37382
37384
37385
37386
37387
37390
37392
37394
37395
37396
37397
37398
37399
37402
37403
37409
37411
37413
37415
37417
37418
37419
37421
37422
37424
37427
37433
37435
37436
37437
37438
37443
37444
37446
37447
37452
37453
37454
37456
37458
37460
37461
37464
37466
37467
37469
37473
37474
37475
37477
37480
37481
37482
37485
37486
37488
37492
37493
37494
37496
37497
37498
37501
37502
37503
37508
37510
37514
37516
37520
37523
37527
37528
37536
37537
37538
37539
37540
37541
37543
37545
37548
37549
37550
37551
37552
37554
37557
37560
37565
37566
37571
37575
37576
37577
37578
37581
37583
37584
37585
37586
37590
37594
37596
37597
37599
37600
37601
37605
37606
37608
37611
37612
37614
37615
37616
37619
37620
37621
37622
37623
37626
37630
37631
37632
37637
37639
37640
37644
37647
37650
37652
37653
37657
37658
37662
37664
37665
37666
37668
37672
37675
37677
37678
37682
37683
37684
37685
37686
37689
37690
37693
37694
37696
37699
37706
37707
37709
37714
37715
37716
37717
37724
37726
37728
37730
37732
37733
37734
37735
37736
37737
37738
37740
37743
37744
37747
37752
37754
37756
37760
37761
37764
37765
37766
37767
37768
37770
37771
37772
37774
37776
37777
37779
37781
37783
37784
37786
37788
37790
37794
37798
37799
37800
37801
37802
37803
37804
37805
37808
37811
37812
37813
37814
37816
37818
37819
37821
37822
37825
37826
37827
37828
37831
37835
37836
37837
37843
37847
37848
37851
37852
37854
37856
37857
37860
37861
37862
37864
37866
37867
37868
37872
37876
37877
37878
37881
37882
37883
37884
37885
37890
37892
37893
37895
37896
37899
37900
37901
37902
37911
37914
37915
37916
37917
37918
37919
37920
37924
37925
37930
37933
37934
37935
37936
37939
37940
37941
37942
37943
37945
37946
37947
37948
37950
37951
37954
37955
37957
37958
37959
37960
37961
37962
37964
37965
37966
37967
37969
37970
37971
37972
37975
37976
37981
37983
37984
37985
37986
37991
37992
37995
37998
37999
38000
38002
38004
38005
38006
38012
38013
38015
38016
38017
38018
38021
38024
38026
38030
38031
38033
38034
38035
38036
38037
38039
38040
38044
38048
38049
38055
38057
38060
38061
38063
38064
38066
38067
38069
38070
38073
38075
38076
38077
38079
38080
38082
38083
38088
38091
38093
38096
38098
38099
38101
38104
38107
38108
38109
38110
38112
38114
38116
38117
38118
38119
38120
38122
38123
38124
38126
38127
38128
38130
38131
38133
38134
38135
38139
38141
38142
38144
38149
38152
38154
38156
38159
38161
38164
38165
38167
38169
38171
38177
38178
38182
38183
38184
38185
38186
38188
38189
38190
38191
38192
38193
38198
38201
38205
38207
38210
38211
38213
38215
38216
38217
38221
38222
38230
38231
38232
38234
38235
38236
38238
38240
38241
38243
38244
38246
38247
38248
38249
38252
38255
38256
38257
38260
38261
38263
38265
38267
38268
38269
38271
38274
38275
38276
38279
38285
38286
38291
38293
38294
38296
38297
38300
38301
38302
38303
38304
38308
38309
38311
38313
38314
38315
38316
38317
38318
38319
38320
38321
38323
38326
38327
38329
38331
38332
38334
38335
38340
38341
38343
38348
38352
38353
38354
38356
38357
38359
38360
38361
38362
38363
38364
38366
38367
38368
38369
38373
38376
38379
38381
38386
38387
38391
38392
38393
38395
38396
38398
38399
38400
38401
38402
38403
38404
38407
38408
38412
38414
38415
38417
38418
38421
38422
38425
38426
38428
38430
38432
38436
38437
38438
38443
38444
38448
38449
38452
38453
38454
38457
38458
38459
38460
38462
38464
38466
38467
38471
38474
38476
38480
38481
38482
38483
38486
38487
38488
38490
38496
38497
38498
38499
38500
38501
38503
38505
38506
38507
38510
38512
38513
38515
38518
38519
38522
38524
38525
38527
38530
38531
38534
38536
38540
38541
38543
38546
38547
38548
38549
38550
38552
38553
38554
38555
38557
38558
38559
38560
38563
38564
38565
38567
38568
38569
38571
38576
38579
38580
38586
38587
38588
38589
38592
38593
38594
38595
38596
38598
38599
38600
38601
38602
38605
38607
38608
38612
38616
38617
38618
38620
38621
38622
38623
38625
38626
38627
38628
38630
38632
38634
38638
38639
38647
38648
38650
38651
38659
38660
38663
38664
38665
38667
38668
38669
38670
38671
38672
38675
38679
38680
38681
38683
38684
38685
38686
38689
38691
38693
38695
38698
38700
38701
38702
38703
38704
38706
38707
38712
38715
38718
38722
38723
38724
38726
38727
38728
38731
38732
38734
38735
38736
38737
38741
38742
38743
38744
38745
38748
38752
38753
38758
38759
38760
38761
38763
38766
38767
38768
38769
38773
38775
38776
38777
38780
38781
38782
38784
38786
38787
38793
38797
38799
38803
38806
38807
38809
38812
38814
38816
38827
38830
38833
38836
38839
38840
38842
38843
38845
38849
38850
38851
38853
38857
38859
38860
38863
38864
38867
38868
38869
38871
38872
38873
38875
38876
38877
38878
38879
38882
38884
38888
38889
38890
38894
38896
38899
38901
38902
38904
38910
38911
38913
38914
38915
38918
38921
38922
38923
38925
38928
38929
38930
38931
38932
38934
38935
38938
38939
38940
38942
38943
38945
38947
38954
38955
38959
38960
38961
38963
38964
38965
38966
38968
38970
38973
38974
38976
38977
38980
38981
38982
38984
38985
38986
38987
38989
38991
38994
38996
38997
38998
38999
39003
39005
39006
39007
39008
39009
39010
39011
39016
39018
39019
39020
39022
39023
39025
39026
39027
39028
39031
39033
39034
39037
39038
39039
39041
39042
39043
39049
39052
39053
39057
39058
39059
39060
39065
39066
39067
39069
39070
39071
39072
39076
39077
39078
39079
39082
39083
39087
39090
39091
39093
39094
39096
39098
39101
39103
39104
39105
39106
39107
39108
39109
39110
39112
39113
39114
39115
39117
39119
39120
39121
39123
39124
39126
39127
39135
39136
39140
39143
39144
39145
39146
39148
39149
39150
39151
39153
39154
39155
39156
39157
39158
39161
39166
39167
39168
39169
39172
39173
39177
39178
39179
39183
39184
39185
39187
39189
39190
39191
39193
39199
39200
39201
39202
39203
39204
39205
39209
39210
39212
39213
39215
39216
39219
39224
39225
39227
39228
39230
39231
39233
39235
39236
39237
39238
39242
39243
39245
39247
39248
39250
39252
39254
39255
39256
39263
39264
39265
39266
39271
39273
39274
39279
39284
39285
39287
39292
39296
39297
39299
39305
39307
39308
39314
39317
39318
39319
39322
39328
39330
39333
39335
39336
39337
39338
39339
39341
39343
39347
39349
39352
39354
39357
39358
39360
39361
39363
39364
39368
39369
39372
39374
39375
39378
39382
39385
39386
39387
39388
39389
39390
39392
39393
39394
39397
39398
39399
39400
39401
39402
39403
39406
39408
39409
39411
39412
39414
39416
39419
39421
39422
39423
39425
39427
39428
39429
39430
39431
39432
39437
39438
39441
39442
39445
39448
39449
39450
39451
39453
39456
39463
39466
39467
39469
39472
39476
39480
39481
39485
39486
39487
39488
39493
39494
39499
39500
39502
39506
39515
39517
39518
39520
39521
39526
39527
39528
39529
39530
39531
39532
39533
39534
39535
39536
39540
39541
39542
39545
39546
39548
39550
39551
39552
39554
39557
39558
39560
39561
39562
39565
39566
39569
39571
39572
39575
39577
39579
39580
39583
39584
39585
39586
39588
39589
39590
39591
39594
39597
39598
39599
39602
39603
39605
39608
39609
39610
39611
39614
39615
39617
39619
39620
39621
39623
39626
39632
39634
39638
39639
39640
39642
39643
39646
39647
39648
39649
39650
39653
39654
39656
39657
39658
39662
39665
39669
39671
39676
39677
39679
39680
39682
39683
39685
39686
39687
39688
39692
39693
39694
39695
39698
39699
39700
39701
39702
39704
39706
39707
39711
39712
39713
39714
39715
39716
39717
39720
39722
39724
39730
39731
39732
39733
39734
39735
39737
39739
39741
39743
39744
39746
39748
39751
39752
39754
39758
39759
39760
39761
39764
39766
39767
39769
39770
39773
39774
39775
39778
39781
39785
39788
39790
39791
39792
39793
39795
39801
39802
39804
39805
39806
39809
39810
39811
39814
39815
39816
39822
39826
39827
39830
39831
39832
39835
39837
39838
39839
39841
39842
39843
39844
39845
39848
39851
39854
39855
39856
39861
39862
39864
39865
39866
39868
39872
39878
39882
39883
39884
39886
39887
39890
39891
39892
39895
39902
39905
39907
39910
39911
39914
39917
39918
39919
39920
39922
39924
39926
39927
39929
39932
39933
39934
39935
39936
39939
39940
39943
39945
39947
39948
39949
39950
39953
39954
39955
39958
39961
39962
39964
39966
39967
39968
39970
39976
39979
39980
39985
39987
39991
39992
39993
39995
39996
39997
39998
40000
40001
40002
40003
40004
40005
40006
40007
40009
40010
40014
40015
40016
40024
40026
40027
40032
40034
40035
40038
40044
40045
40047
40050
40051
40053
40054
40057
40058
40060
40063
40064
40068
40070
40071
40072
40073
40074
40076
40077
40078
40079
40080
40081
40084
40085
40086
40088
40092
40093
40094
40096
40097
40098
40099
40100
40101
40102
40103
40105
40106
40107
40109
40111
40112
40115
40116
40117
40118
40119
40120
40122
40123
40126
40127
40129
40130
40131
40133
40134
40137
40139
40140
40143
40145
40146
40147
40152
40153
40156
40159
40161
40162
40163
40165
40166
40169
40171
40173
40174
40175
40177
40179
40180
40182
40183
40184
40185
40187
40189
40193
40194
40196
40198
40203
40205
40207
40210
40211
40212
40214
40215
40217
40218
40220
40224
40226
40228
40229
40231
40236
40237
40239
40240
40242
40243
40244
40247
40248
40249
40250
40251
40252
40253
40258
40259
40261
40262
40263
40265
40266
40268
40271
40275
40276
40277
40279
40281
40285
40286
40288
40289
40291
40292
40295
40296
40297
40299
40301
40303
40304
40306
40309
40313
40315
40318
40319
40322
40323
40330
40333
40334
40335
40342
40345
40348
40349
40350
40353
40354
40355
40356
40359
40361
40362
40364
40365
40366
40369
40372
40377
40378
40383
40386
40390
40392
40393
40394
40396
40397
40398
40400
40401
40402
40403
40406
40408
40409
40410
40413
40414
40416
40421
40428
40429
40431
40434
40440
40443
40445
40446
40449
40450
40451
40454
40455
40457
40458
40460
40463
40465
40467
40474
40478
40481
40483
40484
40486
40491
40496
40497
40498
40499
40501
40504
40505
40507
40508
40510
40513
40514
40516
40518
40519
40522
40523
40524
40525
40527
40528
40531
40532
40533
40538
40539
40543
40544
40547
40548
40550
40553
40554
40555
40556
40560
40562
40565
40566
40567
40568
40572
40574
40575
40577
40578
40580
40582
40585
40590
40592
40593
40594
40596
40597
40601
40602
40607
40608
40609
40616
40617
40618
40619
40620
40621
40623
40625
40626
40627
40629
40630
40632
40635
40636
40637
40640
40642
40643
40644
40653
40654
40656
40660
40661
40662
40663
40664
40667
40673
40675
40680
40681
40683
40685
40689
40690
40691
40692
40695
40701
40703
40704
40705
40706
40707
40709
40711
40718
40720
40721
40722
40724
40726
40727
40729
40730
40734
40735
40736
40737
40739
40740
40744
40745
40746
40747
40748
40749
40750
40751
40752
40754
40755
40757
40758
40762
40763
40764
40765
40768
40772
40775
40776
40777
40781
40784
40788
40795
40796
40799
40800
40805
40808
40809
40810
40811
40812
40813
40815
40816
40817
40819
40821
40822
40829
40830
40831
40835
40836
40837
40838
40839
40841
40843
40848
40849
40851
40856
40860
40863
40865
40866
40867
40869
40871
40872
40873
40877
40878
40879
40880
40881
40882
40883
40884
40888
40889
40892
40894
40900
40901
40904
40906
40907
40914
40916
40917
40919
40920
40922
40923
40927
40928
40930
40931
40935
40938
40942
40943
40945
40946
40947
40949
40950
40951
40952
40953
40955
40956
40957
40959
40960
40963
40966
40967
40968
40971
40973
40975
40978
40979
40982
40983
40987
40988
40990
40991
40993
40995
40996
40998
40999
41000
41007
41012
41014
41015
41016
41019
41022
41023
41024
41025
41026
41030
41033
41034
41038
41039
41040
41043
41044
41045
41047
41051
41053
41055
41058
41060
41062
41064
41065
41066
41067
41069
41070
41073
41076
41078
41082
41083
41084
41087
41088
41092
41093
41094
41096
41099
41100
41103
41104
41105
41109
41110
41113
41114
41120
41121
41124
41126
41128
41129
41130
41135
41138
41139
41141
41145
41148
41149
41150
41151
41158
41159
41165
41167
41168
41170
41174
41178
41179
41184
41185
41186
41188
41189
41190
41193
41194
41198
41199
41202
41204
41205
41207
41208
41209
41212
41216
41217
41219
41223
41224
41225
41226
41227
41228
41230
41234
41235
41238
41239
41241
41242
41243
41244
41247
41248
41253
41254
41255
41256
41257
41260
41261
41262
41263
41265
41269
41270
41272
41273
41277
41278
41279
41280
41281
41283
41284
41286
41288
41294
41295
41296
41299
41301
41304
41305
41307
41308
41309
41310
41311
41312
41316
41318
41320
41321
41322
41324
41325
41326
41327
41330
41331
41332
41335
41338
41339
41340
41342
41343
41344
41345
41346
41347
41351
41352
41353
41354
41357
41359
41360
41364
41365
41366
41367
41369
41371
41373
41374
41376
41377
41381
41383
41385
41387
41388
41389
41391
41392
41393
41394
41397
41398
41399
41400
41401
41406
41407
41409
41410
41412
41413
41414
41416
41417
41418
41420
41422
41425
41427
41428
41429
41430
41432
41436
41437
41438
41441
41442
41443
41445
41447
41450
41455
41456
41458
41461
41463
41464
41466
41468
41470
41475
41476
41477
41478
41479
41480
41488
41490
41491
41492
41493
41495
41496
41498
41499
41501
41502
41503
41504
41505
41509
41510
41512
41515
41518
41521
41523
41525
41528
41531
41532
41533
41535
41539
41540
41541
41542
41549
41552
41553
41554
41557
41559
41560
41561
41562
41563
41564
41565
41567
41569
41570
41573
41574
41575
41576
41580
41581
41582
41586
41589
41591
41592
41593
41595
41596
41598
41599
41601
41602
41606
41608
41609
41610
41615
41616
41619
41623
41624
41625
41626
41627
41629
41630
41633
41634
41635
41636
41638
41639
41640
41641
41644
41647
41648
41650
41652
41653
41654
41655
41659
41662
41666
41667
41668
41669
41670
41672
41673
41674
41675
41676
41677
41685
41686
41687
41688
41692
41693
41694
41695
41698
41700
41701
41702
41703
41706
41709
41711
41712
41713
41714
41715
41717
41721
41722
41723
41724
41727
41730
41733
41735
41739
41741
41743
41745
41747
41749
41750
41751
41752
41753
41755
41759
41760
41762
41763
41767
41768
41769
41771
41772
41775
41777
41780
41781
41783
41784
41785
41788
41793
41794
41796
41799
41800
41801
41803
41805
41806
41813
41816
41817
41820
41821
41824
41825
41829
41831
41835
41838
41839
41840
41841
41842
41844
41845
41846
41849
41851
41854
41855
41859
41862
41864
41865
41866
41867
41870
41871
41872
41874
41876
41878
41879
41883
41885
41886
41888
41890
41891
41893
41894
41896
41898
41899
41900
41904
41906
41907
41909
41913
41915
41916
41917
41919
41921
41922
41923
41924
41925
41926
41927
41928
41929
41933
41935
41937
41939
41940
41941
41944
41946
41948
41949
41950
41951
41952
41953
41955
41956
41958
41961
41962
41963
41967
41968
41969
41970
41974
41977
41981
41982
41983
41984
41985
41986
41990
41995
41997
41998
41999
42000
42001
42002
42003
42005
42006
42010
42013
42015
42016
42017
42018
42019
42020
42021
42022
42023
42025
42026
42030
42032
42035
42036
42037
42038
42040
42041
42042
42043
42046
42047
42048
42051
42052
42053
42054
42055
42056
42058
42059
42060
42061
42065
42068
42070
42071
42073
42076
42077
42081
42082
42083
42084
42085
42089
42090
42091
42094
42096
42098
42099
42100
42102
42104
42105
42106
42108
42109
42110
42111
42112
42113
42114
42118
42121
42123
42126
42128
42129
42131
42132
42135
42136
42137
42139
42140
42147
42149
42150
42152
42153
42156
42157
42158
42159
42160
42161
42162
42164
42165
42167
42170
42171
42173
42174
42177
42178
42179
42183
42186
42187
42188
42190
42191
42193
42194
42199
42209
42210
42211
42217
42218
42219
42221
42222
42223
42226
42227
42232
42233
42235
42236
42238
42239
42240
42241
42244
42245
42246
42247
42249
42252
42253
42254
42259
42260
42262
42264
42265
42266
42270
42273
42274
42277
42279
42283
42284
42285
42290
42291
42292
42293
42297
42300
42301
42302
42303
42306
42308
42311
42313
42314
42322
42323
42324
42327
42328
42329
42331
42335
42336
42338
42340
42342
42343
42344
42346
42347
42348
42351
42352
42355
42356
42357
42358
42359
42361
42365
42366
42368
42369
42370
42371
42372
42373
42374
42377
42378
42379
42380
42381
42382
42384
42386
42390
42396
42397
42398
42399
42400
42402
42409
42411
42415
42418
42419
42420
42422
42423
42424
42433
42439
42440
42441
42443
42444
42445
42447
42448
42450
42452
42453
42455
42456
42457
42458
42459
42460
42464
42470
42472
42473
42474
42475
42477
42480
42481
42482
42483
42484
42487
42494
42495
42497
42500
42501
42502
42505
42506
42507
42509
42519
42523
42524
42525
42530
42531
42532
42534
42535
42536
42539
42542
42543
42544
42545
42546
42548
42549
42551
42553
42558
42561
42562
42565
42569
42573
42575
42578
42579
42580
42581
42582
42583
42584
42587
42588
42589
42592
42593
42594
42596
42597
42600
42601
42603
42604
42605
42607
42608
42609
42611
42612
42616
42618
42623
42624
42625
42627
42629
42631
42635
42636
42637
42639
42640
42642
42646
42649
42650
42654
42655
42658
42659
42661
42662
42665
42666
42668
42669
42671
42672
42675
42677
42678
42683
42684
42688
42690
42697
42698
42701
42702
42704
42705
42706
42710
42711
42712
42713
42714
42715
42716
42719
42721
42724
42728
42731
42732
42733
42735
42737
42739
42740
42742
42743
42746
42748
42750
42751
42752
42754
42756
42759
42760
42763
42764
42765
42766
42767
42768
42776
42777
42780
42782
42783
42784
42788
42790
42794
42796
42798
42801
42805
42806
42812
42815
42817
42818
42821
42823
42825
42826
42827
42829
42830
42831
42832
42833
42834
42835
42836
42838
42840
42842
42844
42845
42846
42847
42852
42858
42861
42863
42864
42866
42868
42869
42873
42876
42878
42879
42881
42882
42884
42885
42886
42887
42890
42896
42903
42906
42907
42908
42914
42915
42918
42919
42920
42927
42931
42934
42936
42939
42940
42941
42943
42945
42948
42952
42953
42954
42955
42956
42959
42960
42961
42962
42963
42965
42966
42967
42968
42971
42972
42973
42975
42977
42978
42980
42981
42985
42988
42992
42997
42999
43001
43002
43006
43011
43012
43013
43014
43016
43017
43018
43019
43020
43022
43024
43026
43029
43030
43031
43036
43038
43044
43046
43047
43051
43053
43054
43055
43058
43059
43060
43062
43063
43064
43072
43076
43077
43081
43088
43090
43091
43092
43095
43096
43098
43100
43103
43104
43106
43107
43109
43110
43111
43112
43113
43114
43115
43118
43121
43122
43123
43124
43128
43130
43133
43135
43140
43143
43144
43148
43150
43152
43155
43156
43157
43158
43160
43161
43162
43166
43168
43169
43172
43173
43175
43176
43177
43178
43180
43181
43182
43183
43184
43186
43188
43189
43190
43192
43193
43194
43195
43196
43198
43203
43204
43206
43208
43210
43212
43213
43214
43215
43216
43218
43221
43224
43225
43229
43231
43232
43233
43238
43241
43242
43243
43244
43246
43249
43250
43254
43256
43258
43262
43263
43265
43266
43269
43270
43271
43279
43280
43282
43283
43284
43287
43290
43291
43292
43294
43298
43300
43301
43303
43305
43307
43308
43315
43318
43319
43322
43323
43326
43329
43331
43332
43336
43337
43338
43343
43344
43345
43349
43351
43353
43354
43355
43356
43361
43363
43364
43366
43369
43377
43378
43381
43382
43384
43385
43386
43390
43392
43394
43400
43401
43404
43405
43408
43409
43410
43411
43412
43416
43417
43419
43420
43423
43424
43426
43428
43433
43435
43438
43439
43443
43445
43446
43447
43448
43450
43452
43455
43458
43459
43461
43463
43464
43465
43467
43468
43469
43472
43474
43475
43476
43477
43478
43479
43482
43484
43485
43486
43488
43489
43490
43491
43492
43493
43494
43495
43496
43497
43499
43500
43501
43504
43505
43510
43511
43512
43513
43517
43518
43520
43522
43525
43526
43527
43528
43529
43530
43533
43535
43537
43538
43539
43540
43542
43549
43550
43551
43552
43561
43562
43565
43567
43568
43569
43570
43571
43574
43575
43578
43579
43580
43581
43582
43584
43586
43587
43588
43589
43591
43594
43595
43596
43598
43599
43608
43609
43614
43615
43618
43619
43622
43623
43627
43629
43630
43632
43633
43634
43636
43638
43640
43641
43643
43647
43653
43655
43656
43657
43660
43661
43664
43665
43668
43669
43671
43672
43674
43675
43676
43678
43679
43680
43681
43688
43689
43693
43695
43699
43701
43703
43704
43707
43711
43712
43713
43715
43717
43719
43720
43726
43728
43733
43734
43735
43736
43737
43738
43740
43741
43742
43743
43744
43746
43747
43748
43749
43750
43753
43754
43756
43757
43759
43761
43762
43764
43766
43770
43772
43773
43774
43776
43777
43778
43780
43781
43783
43788
43792
43793
43794
43795
43796
43798
43799
43800
43801
43802
43805
43806
43814
43816
43817
43818
43820
43822
43824
43826
43827
43835
43838
43839
43840
43841
43845
43847
43850
43851
43852
43855
43859
43861
43862
43865
43866
43867
43868
43869
43870
43871
43872
43874
43878
43879
43880
43883
43884
43887
43888
43890
43893
43894
43898
43900
43901
43903
43906
43907
43909
43911
43914
43916
43918
43919
43920
43923
43924
43927
43928
43930
43931
43935
43936
43939
43943
43945
43948
43949
43950
43952
43954
43955
43957
43960
43961
43962
43963
43964
43965
43966
43969
43970
43975
43985
43986
43990
43991
43994
43995
43996
43998
43999
44000
44001
44005
44008
44011
44012
44013
44015
44016
44017
44021
44027
44028
44029
44035
44036
44040
44041
44042
44043
44044
44046
44047
44048
44050
44051
44055
44059
44060
44061
44062
44064
44065
44067
44069
44070
44071
44074
44075
44077
44080
44082
44084
44087
44090
44096
44099
44100
44102
44104
44107
44108
44109
44111
44112
44113
44116
44117
44118
44119
44122
44124
44131
44134
44135
44136
44138
44141
44142
44144
44146
44148
44150
44151
44157
44158
44159
44160
44163
44164
44165
44167
44168
44169
44170
44172
44173
44174
44175
44176
44177
44179
44181
44183
44185
44186
44187
44188
44192
44198
44201
44203
44206
44207
44208
44209
44210
44214
44216
44217
44218
44221
44223
44224
44226
44230
44233
44238
44240
44241
44242
44243
44245
44249
44253
44255
44256
44257
44260
44263
44264
44266
44268
44271
44272
44273
44275
44276
44277
44279
44284
44285
44286
44287
44288
44289
44290
44292
44293
44297
44301
44302
44303
44306
44311
44312
44313
44316
44320
44321
44322
44323
44324
44326
44330
44331
44332
44333
44334
44340
44341
44344
44345
44346
44347
44348
44351
44352
44353
44354
44356
44358
44359
44360
44361
44363
44365
44367
44368
44370
44374
44375
44378
44379
44382
44385
44386
44387
44388
44389
44390
44392
44395
44396
44397
44398
44399
44400
44402
44404
44406
44408
44409
44410
44412
44413
44417
44420
44424
44426
44427
44429
44433
44436
44437
44438
44439
44440
44441
44445
44449
44450
44455
44457
44458
44459
44463
44464
44467
44469
44471
44473
44475
44476
44477
44478
44479
44482
44488
44489
44490
44491
44493
44494
44495
44497
44502
44504
44507
44509
44511
44513
44514
44515
44519
44521
44522
44523
44524
44526
44527
44531
44533
44535
44536
44537
44540
44541
44542
44543
44544
44545
44548
44559
44560
44561
44568
44569
44572
44573
44574
44575
44576
44578
44579
44580
44582
44583
44585
44590
44598
44600
44601
44604
44605
44606
44607
44610
44611
44612
44613
44614
44617
44618
44620
44621
44624
44625
44626
44627
44633
44634
44635
44637
44644
44645
44649
44653
44659
44660
44662
44663
44664
44666
44669
44671
44674
44675
44677
44679
44683
44684
44685
44687
44688
44689
44690
44691
44693
44696
44697
44698
44700
44701
44702
44705
44710
44711
44712
44714
44716
44717
44723
44724
44725
44727
44731
44732
44733
44738
44739
44740
44741
44743
44744
44746
44752
44755
44757
44758
44759
44763
44765
44768
44771
44772
44775
44780
44782
44784
44785
44787
44789
44791
44795
44796
44797
44802
44806
44808
44810
44814
44817
44820
44821
44822
44823
44824
44825
44828
44829
44830
44831
44833
44835
44836
44845
44846
44847
44849
44851
44855
44856
44857
44859
44860
44874
44876
44877
44878
44879
44880
44882
44884
44886
44887
44890
44891
44892
44895
44898
44900
44902
44903
44905
44906
44908
44909
44913
44914
44915
44916
44917
44919
44920
44921
44923
44925
44926
44927
44930
44932
44933
44934
44935
44938
44940
44941
44942
44944
44946
44949
44950
44952
44953
44957
44961
44962
44963
44964
44966
44968
44971
44972
44976
44977
44978
44980
44981
44982
44984
44985
44986
44992
44993
44995
44997
44998
45000
45001
45002
45003
45004
45007
45009
45010
45014
45016
45018
45019
45020
45021
45022
45024
45025
45026
45027
45028
45029
45030
45031
45035
45037
45039
45041
45046
45047
45048
45049
45051
45052
45054
45058
45059
45062
45063
45064
45068
45069
45070
45071
45075
45078
45079
45081
45083
45084
45085
45088
45089
45092
45096
45097
45102
45104
45105
45108
45111
45115
45116
45120
45121
45122
45123
45124
45127
45129
45131
45136
45137
45138
45140
45141
45142
45144
45145
45147
45148
45149
45151
45152
45153
45155
45156
45160
45167
45175
45176
45177
45178
45181
45183
45187
45189
45190
45194
45196
45197
45199
45201
45202
45206
45211
45213
45214
45216
45218
45222
45223
45227
45229
45230
45232
45235
45236
45237
45238
45240
45242
45244
45245
45247
45248
45249
45251
45252
45253
45254
45255
45257
45258
45260
45262
45264
45269
45275
45277
45280
45282
45283
45288
45289
45291
45292
45293
45294
45298
45299
45300
45303
45304
45307
45310
45312
45319
45322
45323
45325
45327
45329
45330
45332
45334
45336
45338
45339
45341
45342
45344
45347
45348
45349
45352
45354
45355
45356
45357
45360
45363
45364
45366
45368
45370
45372
45373
45374
45376
45377
45382
45383
45384
45385
45386
45389
45392
45394
45396
45397
45398
45403
45405
45408
45409
45411
45412
45413
45415
45418
45419
45422
45424
45425
45426
45427
45429
45431
45439
45443
45444
45446
45450
45452
45455
45460
45461
45465
45466
45469
45471
45472
45474
45476
45477
45478
45479
45488
45490
45491
45494
45495
45497
45502
45505
45506
45507
45508
45509
45510
45511
45516
45522
45527
45530
45531
45533
45534
45536
45537
45539
45542
45543
45544
45546
45547
45548
45549
45550
45551
45556
45559
45562
45563
45564
45565
45570
45572
45573
45574
45576
45579
45580
45581
45582
45583
45585
45587
45590
45591
45592
45594
45597
45606
45609
45615
45619
45623
45631
45634
45635
45638
45639
45643
45644
45645
45648
45649
45651
45652
45653
45654
45655
45659
45661
45668
45669
45670
45672
45677
45678
45680
45681
45682
45684
45685
45686
45689
45691
45692
45693
45694
45696
45697
45698
45699
45701
45702
45703
45704
45708
45709
45711
45712
45715
45716
45718
45719
45722
45724
45726
45727
45730
45731
45733
45734
45737
45738
45741
45742
45743
45744
45745
45746
45747
45748
45749
45750
45754
45758
45759
45760
45761
45763
45765
45771
45772
45774
45781
45785
45787
45788
45793
45794
45795
45800
45801
45802
45803
45806
45809
45810
45811
45812
45813
45817
45818
45819
45820
45822
45825
45827
45828
45830
45831
45838
45845
45846
45848
45850
45852
45854
45861
45862
45867
45870
45872
45874
45878
45879
45881
45884
45885
45886
45887
45889
45890
45891
45892
45895
45896
45897
45899
45901
45906
45908
45913
45916
45917
45918
45919
45922
45923
45926
45928
45932
45934
45936
45937
45940
45944
45947
45948
45949
45951
45953
45957
45958
45959
45962
45963
45964
45965
45966
45968
45969
45970
45972
45974
45975
45978
45981
45983
45987
45989
45990
45992
45995
45996
45997
46000
46002
46004
46005
46006
46007
46009
46010
46012
46013
46015
46018
46020
46021
46022
46023
46025
46030
46033
46034
46035
46036
46037
46040
46041
46044
46046
46048
46049
46050
46054
46055
46056
46057
46059
46061
46063
46064
46065
46069
46070
46073
46076
46081
46083
46085
46086
46089
46092
46094
46095
46097
46098
46101
46102
46103
46105
46107
46108
46110
46111
46112
46114
46117
46118
46119
46121
46123
46124
46126
46131
46133
46135
46137
46138
46139
46140
46141
46144
46146
46147
46149
46150
46154
46157
46159
46161
46162
46164
46165
46167
46169
46170
46171
46182
46183
46192
46196
46197
46198
46199
46200
46202
46204
46205
46206
46212
46214
46215
46218
46220
46224
46225
46227
46228
46229
46231
46235
46236
46237
46238
46239
46240
46241
46242
46243
46244
46246
46248
46249
46250
46254
46256
46260
46261
46262
46263
46265
46270
46271
46272
46273
46274
46276
46281
46282
46284
46288
46289
46290
46292
46295
46299
46301
46302
46303
46305
46306
46307
46308
46309
46310
46311
46317
46320
46321
46322
46323
46324
46325
46327
46328
46330
46331
46332
46339
46340
46342
46344
46345
46346
46351
46353
46356
46358
46365
46366
46373
46374
46376
46377
46381
46383
46385
46387
46394
46395
46403
46404
46405
46406
46407
46408
46410
46412
46413
46415
46416
46418
46421
46424
46425
46426
46427
46428
46429
46430
46431
46433
46434
46435
46438
46439
46440
46444
46445
46447
46448
46451
46455
46456
46457
46460
46465
46468
46469
46472
46476
46481
46482
46483
46484
46487
46488
46490
46493
46495
46497
46498
46499
46503
46505
46506
46508
46509
46511
46515
46517
46520
46521
46522
46523
46524
46530
46532
46533
46534
46535
46536
46537
46539
46540
46541
46542
46543
46545
46549
46552
46554
46556
46557
46559
46561
46562
46564
46565
46566
46570
46571
46572
46578
46582
46585
46586
46587
46588
46589
46591
46594
46595
46596
46601
46602
46603
46604
46606
46608
46611
46612
46613
46617
46618
46619
46621
46622
46624
46625
46626
46628
46629
46632
46633
46634
46636
46638
46641
46646
46647
46649
46651
46652
46653
46654
46655
46656
46657
46660
46663
46664
46666
46670
46674
46675
46678
46680
46683
46685
46686
46687
46688
46692
46694
46697
46700
46701
46707
46708
46710
46712
46713
46714
46722
46723
46729
46730
46731
46733
46735
46738
46739
46743
46744
46746
46748
46750
46752
46753
46754
46755
46757
46759
46761
46763
46765
46766
46768
46769
46770
46771
46772
46773
46774
46775
46776
46778
46779
46781
46782
46785
46787
46788
46789
46790
46791
46794
46796
46799
46800
46802
46804
46806
46812
46813
46814
46816
46819
46821
46824
46828
46829
46830
46833
46837
46841
46844
46845
46848
46849
46853
46854
46856
46859
46862
46864
46866
46869
46870
46872
46877
46881
46884
46885
46887
46889
46892
46896
46898
46900
46901
46902
46905
46908
46909
46915
46917
46918
46920
46921
46925
46926
46927
46928
46929
46930
46932
46933
46934
46935
46939
46940
46942
46943
46944
46947
46950
46951
46954
46957
46958
46959
46960
46961
46964
46968
46969
46972
46974
46977
46978
46980
46982
46983
46985
46988
46989
46990
46991
46993
46997
46998
47001
47002
47004
47005
47006
47007
47010
47012
47014
47015
47016
47017
47018
47020
47021
47022
47024
47025
47028
47031
47033
47036
47037
47039
47041
47042
47044
47045
47047
47049
47050
47051
47055
47059
47060
47064
47066
47068
47069
47070
47074
47076
47079
47083
47086
47087
47088
47089
47094
47095
47097
47100
47101
47106
47107
47108
47111
47112
47115
47117
47118
47119
47122
47124
47127
47128
47129
47133
47134
47135
47140
47141
47142
47143
47145
47148
47149
47151
47153
47154
47156
47160
47163
47164
47167
47168
47169
47171
47174
47175
47178
47181
47182
47184
47186
47187
47190
47191
47192
47193
47196
47197
47201
47202
47205
47207
47208
47209
47212
47213
47214
47218
47220
47222
47223
47225
47226
47227
47228
47230
47231
47234
47239
47244
47247
47250
47253
47258
47259
47261
47262
47266
47268
47270
47271
47272
47273
47274
47275
47278
47281
47282
47283
47284
47285
47289
47290
47291
47293
47294
47295
47297
47299
47302
47304
47305
47312
47313
47314
47315
47316
47319
47320
47325
47326
47327
47329
47330
47331
47332
47333
47335
47339
47341
47342
47343
47345
47348
47349
47351
47352
47354
47356
47359
47360
47363
47365
47371
47372
47373
47376
47377
47379
47384
47385
47388
47395
47396
47397
47398
47399
47401
47402
47403
47405
47406
47407
47410
47411
47412
47414
47417
47418
47419
47421
47422
47423
47425
47426
47428
47430
47433
47434
47435
47440
47442
47445
47447
47449
47453
47454
47455
47456
47458
47459
47463
47466
47475
47481
47482
47483
47484
47485
47486
47487
47488
47489
47492
47493
47494
47498
47499
47500
47501
47502
47503
47504
47505
47506
47508
47510
47511
47512
47515
47516
47519
47521
47526
47527
47529
47531
47538
47540
47542
47543
47544
47546
47548
47549
47553
47554
47558
47559
47562
47564
47566
47567
47569
47571
47572
47573
47574
47575
47576
47579
47583
47584
47585
47592
47593
47594
47595
47597
47598
47599
47600
47601
47602
47604
47605
47606
47607
47608
47609
47610
47611
47613
47620
47622
47623
47624
47625
47626
47627
47628
47632
47633
47637
47641
47645
47646
47647
47649
47650
47651
47652
47655
47656
47659
47660
47661
47662
47665
47666
47668
47671
47674
47677
47679
47680
47681
47682
47684
47687
47688
47689
47693
47694
47695
47696
47697
47698
47699
47701
47703
47705
47706
47707
47711
47712
47714
47715
47717
47721
47722
47723
47724
47725
47726
47728
47729
47730
47733
47735
47736
47738
47739
47742
47743
47744
47749
47750
47753
47754
47755
47756
47757
47758
47759
47761
47762
47763
47769
47773
47778
47779
47780
47781
47784
47790
47792
47796
47797
47798
47803
47806
47811
47815
47816
47818
47820
47824
47825
47827
47831
47838
47840
47845
47846
47847
47849
47852
47853
47857
47860
47864
47865
47866
47868
47869
47871
47874
47875
47876
47877
47879
47880
47881
47882
47885
47887
47888
47889
47892
47893
47894
47895
47896
47899
47900
47901
47902
47903
47904
47905
47910
47911
47913
47914
47917
47918
47919
47921
47922
47924
47925
47926
47929
47931
47933
47934
47935
47936
47938
47940
47941
47942
47947
47948
47949
47950
47951
47954
47955
47956
47957
47959
47961
47962
47963
47966
47967
47970
47971
47974
47976
47978
47980
47981
47983
47987
47989
47990
47991
47992
47993
47994
47999
48002
48003
48005
48010
48012
48014
48016
48017
48019
48021
48022
48023
48024
48027
48028
48029
48030
48031
48032
48037
48038
48039
48041
48042
48043
48044
48046
48047
48049
48050
48052
48053
48057
48058
48060
48061
48062
48064
48066
48067
48068
48069
48070
48071
48072
48073
48077
48078
48079
48081
48082
48090
48091
48092
48093
48096
48097
48099
48100
48102
48103
48106
48109
48111
48114
48115
48116
48117
48119
48120
48121
48122
48124
48125
48126
48127
48128
48130
48132
48134
48135
48138
48141
48144
48147
48148
48149
48150
48151
48152
48154
48155
48159
48162
48163
48164
48165
48167
48169
48171
48173
48174
48175
48182
48188
48189
48190
48192
48193
48195
48197
48200
48201
48202
48204
48205
48207
48209
48210
48212
48214
48215
48217
48219
48221
48222
48223
48225
48229
48230
48231
48234
48239
48243
48244
48245
48248
48249
48250
48251
48253
48261
48262
48266
48268
48269
48273
48277
48278
48280
48281
48282
48283
48286
48293
48295
48297
48300
48302
48303
48305
48306
48307
48309
48310
48311
48312
48313
48315
48316
48321
48322
48324
48325
48327
48329
48333
48334
48336
48337
48338
48339
48343
48346
48350
48351
48352
48358
48360
48364
48369
48376
48378
48379
48380
48384
48385
48386
48387
48389
48390
48393
48396
48397
48403
48404
48405
48406
48414
48415
48418
48419
48420
48423
48425
48430
48435
48437
48439
48441
48444
48445
48448
48449
48450
48452
48453
48454
48458
48459
48462
48465
48467
48468
48469
48471
48473
48474
48477
48478
48480
48481
48485
48487
48488
48490
48492
48494
48496
48498
48502
48503
48504
48505
48506
48507
48510
48511
48512
48516
48517
48518
48520
48521
48523
48526
48528
48529
48532
48535
48539
48541
48544
48546
48548
48550
48551
48553
48554
48557
48558
48562
48563
48564
48565
48566
48567
48568
48570
48571
48576
48577
48578
48579
48580
48582
48584
48586
48593
48595
48596
48598
48600
48606
48608
48609
48611
48612
48613
48614
48616
48618
48619
48620
48622
48623
48628
48629
48630
48631
48632
48642
48643
48646
48649
48650
48652
48653
48654
48662
48663
48664
48666
48667
48668
48671
48675
48676
48677
48678
48681
48683
48684
48685
48687
48689
48690
48693
48694
48696
48697
48699
48702
48703
48704
48705
48706
48707
48708
48709
48711
48713
48717
48718
48719
48720
48725
48726
48728
48733
48734
48735
48736
48737
48738
48739
48740
48742
48747
48748
48752
48755
48757
48760
48763
48764
48768
48770
48772
48776
48779
48780
48785
48787
48788
48789
48795
48798
48799
48800
48801
48802
48804
48805
48807
48808
48809
48810
48811
48813
48818
48819
48821
48822
48823
48824
48826
48829
48830
48832
48833
48834
48835
48838
48839
48840
48841
48843
48846
48851
48852
48853
48856
48860
48863
48866
48867
48868
48877
48878
48881
48882
48885
48886
48887
48891
48892
48896
48897
48898
48899
48901
48902
48903
48904
48906
48908
48909
48910
48913
48914
48917
48919
48920
48922
48923
48925
48927
48928
48929
48930
48931
48934
48935
48937
48939
48940
48941
48942
48943
48947
48948
48952
48954
48958
48960
48962
48964
48966
48967
48969
48970
48971
48972
48973
48975
48977
48978
48979
48984
48986
48987
48988
48989
48993
48994
48995
48999
49001
49002
49003
49007
49014
49015
49016
49018
49019
49020
49022
49023
49026
49027
49029
49030
49031
49033
49034
49035
49045
49046
49048
49053
49055
49057
49059
49062
49063
49066
49067
49068
49071
49072
49074
49076
49081
49082
49083
49088
49090
49091
49092
49094
49096
49097
49099
49102
49112
49113
49115
49119
49120
49124
49126
49127
49129
49130
49131
49132
49133
49136
49137
49138
49140
49142
49144
49149
49151
49152
49153
49154
49162
49163
49164
49165
49167
49171
49172
49173
49174
49176
49178
49179
49181
49182
49183
49184
49185
49186
49190
49191
49192
49194
49197
49198
49202
49205
49208
49209
49210
49213
49217
49220
49221
49222
49225
49227
49228
49229
49230
49231
49232
49235
49237
49238
49241
49246
49247
49250
49252
49254
49255
49256
49259
49262
49264
49265
49266
49268
49269
49271
49274
49275
49284
49285
49287
49290
49291
49292
49294
49297
49298
49299
49301
49304
49306
49307
49308
49309
49310
49312
49313
49314
49316
49319
49325
49327
49329
49330
49331
49332
49334
49335
49338
49339
49341
49345
49346
49347
49350
49351
49352
49353
49354
49358
49359
49361
49362
49363
49365
49366
49369
49370
49375
49376
49377
49378
49379
49380
49381
49383
49385
49386
49387
49388
49390
49393
49398
49399
49401
49402
49403
49404
49407
49408
49409
49410
49416
49419
49420
49421
49422
49424
49425
49426
49427
49434
49436
49437
49439
49442
49444
49448
49449
49451
49453
49454
49456
49457
49458
49459
49461
49464
49468
49469
49470
49473
49474
49476
49477
49478
49481
49482
49485
49486
49487
49489
49490
49491
49494
49498
49499
49504
49505
49509
49510
49512
49517
49520
49521
49523
49524
49526
49528
49530
49531
49532
49533
49534
49535
49537
49538
49539
49542
49543
49546
49548
49550
49551
49552
49555
49556
49559
49560
49562
49563
49567
49572
49574
49576
49578
49579
49585
49587
49588
49591
49592
49593
49594
49597
49599
49601
49605
49609
49612
49614
49615
49617
49619
49621
49622
49624
49626
49630
49632
49633
49634
49635
49636
49639
49643
49645
49646
49647
49649
49650
49652
49653
49654
49655
49664
49665
49670
49675
49678
49680
49682
49684
49686
49688
49690
49693
49696
49698
49699
49702
49703
49705
49706
49708
49709
49711
49712
49713
49716
49724
49728
49731
49733
49734
49736
49737
49740
49741
49742
49743
49745
49746
49747
49748
49749
49750
49751
49752
49753
49754
49756
49757
49759
49760
49761
49762
49763
49767
49769
49771
49778
49780
49781
49786
49787
49789
49790
49792
49793
49794
49795
49797
49798
49804
49807
49810
49818
49819
49821
49824
49825
49826
49828
49830
49831
49834
49836
49838
49840
49842
49843
49845
49846
49847
49848
49849
49851
49854
49858
49859
49861
49863
49864
49873
49874
49877
49880
49883
49885
49887
49892
49893
49894
49895
49896
49899
49901
49902
49903
49904
49912
49913
49914
49916
49918
49919
49921
49925
49926
49927
49928
49930
49934
49940
49941
49943
49946
49947
49951
49953
49954
49956
49957
49958
49961
49968
49971
49972
49976
49977
49978
49980
49981
49984
49985
49986
49987
49990
49991
