1
4
5
6
7
10
12
15
16
17
21
22
23
24
25
27
28
29
30
31
32
34
36
37
40
42
48
49
50
52
54
57
58
63
68
74
78
79
82
83
92
96
103
104
106
108
110
112
121
122
123
124
127
128
129
131
133
134
135
137
141
146
148
149
151
153
155
157
158
161
163
169
170
171
172
174
176
177
178
179
180
181
182
184
186
187
188
189
191
192
194
196
198
201
202
205
206
207
208
211
219
221
222
223
225
227
228
229
231
232
234
235
238
239
240
243
244
245
246
247
250
251
252
255
258
259
260
261
262
264
266
267
268
269
271
273
278
279
281
282
283
285
288
289
290
291
292
293
294
295
297
298
299
300
301
303
306
307
310
312
317
318
319
320
323
328
329
333
334
335
338
339
340
344
346
347
349
350
351
356
362
363
366
367
369
371
373
374
375
376
379
383
385
388
389
392
393
396
397
401
402
403
404
405
406
407
408
409
411
415
416
418
419
420
422
423
428
429
432
434
437
440
443
444
445
446
447
448
452
453
458
459
460
461
465
466
469
470
471
473
477
479
481
482
484
486
487
488
489
490
491
492
495
497
498
499
503
505
506
507
508
509
512
513
514
515
516
519
524
529
531
532
534
535
536
537
538
540
542
543
544
545
548
551
552
554
555
556
559
560
567
568
571
572
574
576
577
578
580
581
584
588
589
591
592
593
594
595
596
598
600
602
603
604
608
609
619
621
622
623
624
625
626
627
630
631
633
634
635
637
638
640
641
643
644
646
647
650
652
655
656
657
659
660
661
662
665
666
667
668
671
672
673
675
676
678
682
684
685
686
687
688
689
694
696
699
700
702
703
705
707
713
714
715
717
718
723
724
725
726
727
729
731
734
735
737
740
743
749
752
753
754
758
760
764
769
770
771
772
776
777
780
781
782
786
787
788
789
790
792
794
795
796
797
798
800
801
804
807
810
811
812
813
814
815
817
819
820
821
822
823
825
826
827
828
830
833
835
836
837
839
840
843
846
847
855
860
862
864
865
867
870
876
878
879
880
881
882
883
885
886
887
888
890
891
892
895
897
898
899
900
901
904
907
908
910
912
914
915
916
917
919
921
923
926
928
930
934
938
939
940
941
946
947
948
950
951
952
953
958
959
961
963
965
970
971
973
975
979
980
981
982
985
986
991
992
993
994
997
998
1000
1002
1003
1014
1015
1017
1018
1019
1023
1024
1026
1030
1031
1032
1034
1035
1036
1040
1041
1048
1052
1056
1058
1059
1064
1065
1067
1069
1070
1074
1076
1078
1079
1080
1081
1082
1083
1084
1086
1090
1091
1092
1093
1096
1097
1101
1102
1104
1108
1110
1111
1116
1117
1120
1123
1124
1125
1126
1128
1131
1133
1136
1137
1138
1141
1143
1144
1145
1146
1148
1150
1153
1154
1158
1160
1161
1165
1170
1171
1173
1175
1176
1178
1179
1185
1187
1190
1193
1194
1197
1198
1199
1200
1201
1202
1203
1204
1205
1206
1207
1208
1209
1211
1212
1213
1215
1218
1219
1221
1223
1224
1226
1228
1230
1232
1235
1238
1239
1240
1243
1244
1245
1246
1247
1248
1249
1250
1252
1253
1255
1257
1258
1259
1263
1264
1265
1266
1267
1273
1274
1275
1277
1283
1284
1288
1292
1298
1299
1306
1307
1313
1315
1317
1319
1320
1321
1323
1324
1325
1327
1329
1330
1331
1336
1337
1338
1344
1345
1346
1348
1350
1353
1357
1360
1361
1364
1365
1370
1371
1373
1375
1376
1381
1382
1383
1384
1385
1386
1388
1389
1390
1391
1392
1393
1395
1397
1402
1403
1404
1405
1406
1407
1410
1412
1413
1416
1419
1420
1422
1423
1424
1425
1430
1431
1433
1434
1435
1440
1441
1443
1444
1445
1446
1448
1449
1455
1456
1458
1461
1462
1464
1466
1467
1468
1469
1471
1475
1479
1481
1482
1487
1488
1491
1496
1498
1499
1500
1501
1503
1506
1507
1508
1509
1512
1517
1520
1521
1522
1525
1527
1532
1533
1535
1536
1538
1545
1546
1547
1548
1549
1553
1555
1557
1558
1559
1560
1562
1563
1567
1568
1572
1573
1575
1580
1581
1582
1583
1585
1587
1589
1590
1592
1593
1596
1597
1598
1600
1601
1602
1604
1606
1608
1609
1612
1613
1614
1615
1618
1621
1623
1630
1631
1636
1640
1641
1642
1644
1645
1648
1649
1651
1652
1655
1658
1659
1661
1662
1667
1668
1673
1675
1676
1679
1684
1686
1687
1688
1689
1691
1692
1694
1698
1702
1703
1705
1707
1708
1710
1711
1714
1716
1719
1720
1721
1723
1724
1725
1726
1727
1729
1730
1735
1737
1738
1740
1741
1743
1745
1747
1748
1749
1750
1751
1757
1758
1759
1761
1762
1766
1769
1770
1772
1773
1776
1782
1784
1787
1789
1790
1791
1792
1793
1794
1797
1798
1799
1800
1801
1804
1808
1811
1812
1816
1817
1818
1821
1823
1824
1825
1828
1829
1831
1836
1837
1838
1839
1840
1843
1846
1848
1850
1853
1854
1855
1856
1861
1865
1871
1872
1874
1877
1879
1880
1882
1883
1884
1885
1887
1889
1890
1891
1892
1893
1894
1896
1897
1900
1901
1904
1910
1911
1912
1916
1917
1918
1919
1920
1921
1922
1929
1930
1931
1932
1934
1937
1938
1939
1940
1942
1943
1944
1946
1948
1951
1955
1956
1957
1963
1964
1966
1969
1971
1975
1976
1977
1979
1980
1981
1982
1984
1985
1986
1987
1990
1993
1994
1995
1996
1997
2000
2002
2003
2004
2005
2009
2010
2012
2014
2015
2017
2018
2020
2021
2022
2024
2025
2029
2034
2036
2040
2041
2049
2052
2054
2057
2058
2060
2061
2062
2067
2069
2072
2073
2074
2079
2081
2084
2085
2086
2087
2091
2092
2094
2095
2096
2098
2099
2100
2101
2102
2104
2105
2106
2107
2109
2110
2112
2113
2114
2115
2116
2117
2120
2121
2122
2123
2124
2125
2126
2127
2128
2129
2132
2137
2139
2145
2147
2148
2150
2151
2153
2154
2155
2156
2157
2159
2160
2163
2166
2168
2169
2172
2173
2174
2176
2178
2179
2181
2182
2184
2188
2192
2193
2194
2195
2196
2199
2200
2205
2206
2208
2210
2211
2213
2215
2217
2219
2220
2221
2223
2225
2226
2227
2228
2229
2231
2234
2235
2238
2239
2240
2242
2244
2245
2246
2249
2251
2252
2256
2257
2258
2259
2266
2270
2271
2272
2273
2278
2279
2280
2282
2284
2286
2288
2289
2290
2291
2292
2295
2297
2299
2300
2303
2305
2311
2313
2314
2316
2317
2320
2323
2324
2326
2328
2329
2330
2332
2333
2337
2338
2339
2344
2346
2347
2349
2350
2351
2357
2358
2359
2363
2364
2365
2366
2369
2371
2376
2377
2378
2379
2380
2382
2383
2384
2386
2387
2389
2391
2392
2397
2399
2402
2404
2406
2407
2409
2411
2412
2416
2419
2422
2424
2428
2429
2430
2431
2434
2436
2437
2441
2442
2444
2445
2447
2451
2454
2455
2457
2458
2461
2464
2468
2469
2470
2472
2474
2476
2479
2481
2482
2490
2492
2493
2494
2499
2502
2503
2506
2510
2511
2512
2513
2516
2517
2518
2522
2525
2526
2527
2528
2529
2530
2533
2536
2538
2542
2543
2546
2547
2548
2551
2553
2554
2555
2557
2558
2559
2560
2561
2563
2566
2570
2571
2576
2577
2578
2583
2584
2585
2588
2589
2592
2593
2595
2596
2597
2598
2600
2604
2607
2608
2609
2610
2611
2612
2613
2616
2617
2618
2619
2622
2627
2628
2629
2630
2632
2634
2635
2639
2643
2647
2648
2649
2650
2651
2654
2656
2657
2658
2659
2664
2669
2672
2673
2674
2675
2676
2684
2687
2689
2690
2691
2693
2694
2695
2696
2698
2700
2705
2710
2711
2712
2714
2720
2723
2726
2727
2728
2729
2731
2732
2733
2734
2738
2739
2742
2743
2745
2747
2748
2749
2751
2753
2755
2760
2761
2762
2763
2766
2767
2768
2769
2770
2772
2775
2776
2777
2779
2780
2781
2790
2791
2796
2797
2798
2800
2803
2809
2810
2811
2812
2813
2814
2815
2816
2819
2820
2824
2825
2829
2830
2832
2834
2835
2837
2841
2842
2843
2844
2845
2846
2851
2852
2853
2854
2855
2856
2857
2858
2859
2860
2862
2863
2864
2870
2872
2873
2874
2878
2880
2881
2882
2884
2886
2887
2888
2890
2891
2893
2894
2895
2896
2898
2900
2902
2903
2906
2907
2908
2909
2912
2914
2916
2917
2919
2920
2922
2923
2930
2934
2937
2940
2943
2946
2947
2948
2949
2950
2952
2954
2955
2956
2960
2961
2962
2963
2967
2970
2972
2975
2976
2978
2979
2982
2983
2984
2985
2988
2991
2992
2995
2996
2999
3000
3001
3005
3006
3007
3012
3014
3015
3016
3017
3021
3022
3023
3025
3027
3028
3031
3032
3033
3034
3036
3037
3039
3040
3042
3043
3045
3046
3050
3051
3052
3054
3056
3058
3064
3065
3066
3069
3072
3076
3077
3082
3085
3090
3091
3092
3098
3101
3102
3104
3106
3108
3112
3113
3114
3116
3117
3118
3119
3120
3121
3122
3123
3124
3126
3128
3129
3130
3131
3132
3133
3135
3140
3144
3146
3148
3150
3152
3153
3154
3158
3160
3161
3163
3165
3167
3168
3171
3173
3174
3176
3177
3178
3179
3180
3181
3183
3185
3187
3188
3190
3191
3193
3194
3195
3198
3199
3203
3206
3207
3210
3211
3212
3214
3216
3224
3226
3227
3228
3230
3234
3235
3236
3237
3240
3241
3243
3245
3247
3249
3250
3253
3256
3257
3258
3260
3261
3262
3267
3269
3270
3271
3272
3275
3278
3279
3280
3281
3282
3284
3285
3286
3289
3290
3291
3292
3293
3298
3300
3301
3302
3303
3304
3306
3307
3309
3311
3312
3313
3316
3317
3321
3327
3329
3332
3333
3334
3337
3344
3347
3348
3349
3350
3352
3355
3357
3358
3360
3364
3367
3374
3376
3380
3383
3384
3385
3390
3394
3395
3400
3403
3405
3406
3408
3409
3410
3411
3412
3413
3414
3415
3419
3423
3429
3433
3436
3439
3440
3442
3443
3444
3445
3449
3450
3452
3454
3455
3456
3459
3460
3462
3468
3469
3472
3474
3476
3477
3478
3479
3480
3481
3482
3483
3484
3486
3487
3488
3489
3490
3495
3497
3499
3500
3501
3503
3504
3505
3506
3508
3509
3510
3512
3515
3516
3518
3519
3523
3524
3525
3529
3531
3534
3537
3539
3540
3543
3546
3547
3548
3549
3550
3552
3553
3555
3556
3557
3559
3563
3567
3568
3571
3573
3574
3576
3577
3580
3581
3583
3585
3587
3588
3589
3591
3593
3596
3598
3600
3601
3603
3604
3606
3611
3612
3613
3614
3615
3616
3618
3624
3625
3627
3628
3630
3635
3638
3645
3646
3647
3652
3653
3657
3658
3659
3660
3661
3662
3663
3664
3666
3668
3674
3676
3679
3681
3682
3684
3686
3687
3690
3691
3694
3700
3704
3705
3707
3710
3712
3713
3714
3715
3716
3718
3720
3723
3724
3725
3727
3728
3732
3734
3737
3738
3740
3741
3742
3745
3746
3747
3751
3752
3753
3761
3762
3766
3770
3772
3776
3777
3780
3781
3782
3785
3786
3788
3789
3790
3793
3794
3797
3798
3800
3802
3804
3805
3807
3808
3809
3811
3812
3815
3818
3820
3821
3823
3824
3827
3829
3830
3832
3833
3834
3835
3836
3838
3842
3843
3845
3846
3848
3849
3850
3852
3858
3859
3861
3862
3864
3867
3869
3871
3872
3873
3874
3875
3876
3886
3887
3888
3890
3894
3898
3901
3902
3904
3905
3906
3907
3908
3910
3911
3912
3915
3918
3921
3922
3923
3925
3927
3928
3929
3931
3932
3933
3935
3936
3937
3939
3940
3941
3942
3945
3952
3954
3958
3960
3961
3962
3963
3964
3966
3967
3971
3973
3978
3980
3981
3983
3985
3986
3987
3988
3989
3990
3993
3996
3997
4001
4003
4005
4008
4010
4011
4015
4017
4019
4020
4023
4027
4028
4030
4031
4033
4034
4036
4037
4038
4039
4040
4041
4049
4050
4051
4053
4055
4057
4060
4062
4064
4068
4069
4070
4071
4074
4075
4080
4084
4091
4093
4094
4096
4098
4099
4101
4102
4103
4104
4105
4106
4109
4112
4113
4114
4116
4121
4122
4126
4128
4130
4131
4132
4133
4134
4137
4140
4142
4143
4145
4146
4151
4156
4158
4159
4161
4162
4165
4167
4168
4171
4175
4176
4178
4180
4181
4182
4183
4185
4186
4187
4188
4189
4191
4192
4193
4194
4195
4196
4197
4198
4199
4200
4208
4212
4216
4218
4222
4225
4227
4228
4231
4234
4235
4236
4238
4239
4241
4242
4243
4248
4249
4251
4252
4254
4255
4256
4257
4259
4260
4261
4263
4264
4265
4267
4268
4269
4270
4271
4274
4275
4276
4277
4278
4281
4283
4284
4287
4288
4289
4290
4292
4293
4296
4298
4299
4300
4301
4305
4306
4307
4308
4309
4314
4319
4322
4323
4324
4328
4329
4330
4332
4333
4334
4335
4336
4337
4338
4339
4342
4345
4346
4347
4349
4351
4352
4353
4356
4359
4362
4363
4368
4372
4376
4377
4378
4379
4381
4382
4383
4384
4386
4388
4390
4391
4400
4401
4403
4404
4405
4406
4408
4409
4410
4411
4413
4414
4415
4416
4418
4422
4425
4429
4431
4433
4434
4435
4436
4438
4439
4440
4441
4442
4443
4449
4450
4451
4453
4455
4459
4460
4465
4466
4467
4468
4470
4475
4479
4481
4482
4485
4486
4487
4489
4490
4493
4495
4496
4497
4500
4501
4502
4505
4506
4507
4510
4511
4514
4515
4516
4518
4519
4520
4521
4522
4524
4529
4530
4532
4538
4542
4543
4545
4547
4548
4553
4554
4558
4559
4561
4565
4567
4568
4569
4570
4572
4573
4576
4579
4582
4583
4584
4586
4588
4589
4590
4593
4594
4595
4596
4598
4599
4600
4601
4603
4604
4605
4607
4609
4613
4614
4616
4617
4618
4619
4620
4624
4625
4628
4629
4631
4632
4634
4637
4638
4642
4643
4645
4646
4647
4648
4649
4650
4651
4652
4655
4658
4659
4661
4662
4663
4668
4672
4673
4674
4675
4678
4679
4683
4684
4685
4687
4688
4689
4692
4695
4697
4698
4700
4702
4703
4704
4705
4706
4712
4717
4718
4719
4721
4722
4723
4725
4727
4728
4729
4731
4732
4734
4736
4738
4740
4741
4742
4744
4747
4748
4750
4753
4755
4757
4768
4769
4777
4779
4782
4786
4787
4789
4791
4795
4797
4802
4803
4804
4807
4808
4809
4813
4814
4815
4817
4818
4821
4822
4826
4828
4829
4832
4834
4835
4836
4837
4839
4846
4847
4849
4850
4853
4854
4855
4856
4857
4858
4859
4862
4865
4866
4867
4868
4869
4870
4871
4872
4873
4874
4875
4877
4878
4879
4884
4886
4887
4890
4892
4893
4895
4900
4902
4903
4904
4906
4908
4911
4912
4915
4917
4918
4920
4921
4926
4929
4931
4933
4934
4936
4939
4941
4942
4943
4946
4947
4950
4951
4952
4953
4955
4956
4958
4959
4960
4963
4964
4973
4974
4975
4976
4979
4980
4982
4983
4985
4986
4992
4993
4994
4995
4996
4998
5000
5003
5004
5005
5006
5007
5012
5013
5014
5017
5018
5021
5023
5025
5027
5028
5029
5031
5033
5036
5039
5043
5045
5046
5049
5050
5051
5054
5058
5061
5064
5068
5069
5074
5077
5078
5084
5085
5086
5090
5095
5096
5097
5098
5100
5102
5104
5105
5110
5113
5114
5115
5117
5122
5123
5125
5126
5128
5132
5133
5134
5135
5137
5138
5141
5146
5149
5151
5152
5153
5155
5160
5161
5163
5164
5166
5167
5170
5173
5174
5175
5177
5178
5179
5182
5183
5184
5185
5186
5190
5191
5192
5193
5197
5201
5202
5203
5204
5208
5210
5211
5215
5217
5218
5219
5220
5225
5227
5228
5229
5232
5234
5238
5241
5246
5248
5252
5253
5254
5255
5256
5257
5261
5262
5265
5268
5270
5272
5273
5274
5275
5276
5280
5283
5284
5286
5291
5292
5295
5296
5298
5299
5302
5304
5306
5310
5311
5313
5315
5316
5317
5318
5320
5321
5322
5327
5329
5330
5333
5334
5336
5337
5338
5339
5340
5343
5345
5346
5350
5351
5354
5356
5358
5360
5363
5367
5368
5370
5374
5375
5376
5379
5381
5384
5389
5390
5393
5394
5396
5402
5404
5407
5410
5411
5415
5416
5418
5419
5421
5422
5423
5424
5429
5432
5433
5441
5443
5444
5448
5450
5451
5452
5453
5454
5455
5456
5457
5458
5460
5463
5464
5465
5466
5467
5471
5473
5474
5476
5478
5483
5484
5490
5491
5492
5493
5494
5497
5498
5500
5501
5503
5504
5505
5506
5507
5509
5511
5512
5513
5514
5518
5520
5521
5522
5523
5525
5526
5528
5531
5532
5534
5535
5536
5537
5539
5542
5544
5548
5551
5552
5554
5556
5558
5561
5564
5568
5570
5571
5572
5573
5577
5578
5584
5585
5587
5588
5592
5597
5604
5605
5608
5609
5611
5612
5613
5614
5617
5618
5619
5622
5623
5624
5625
5627
5628
5634
5635
5636
5637
5638
5643
5646
5647
5649
5651
5654
5660
5661
5662
5663
5664
5666
5667
5668
5669
5670
5676
5677
5678
5679
5680
5682
5683
5691
5692
5696
5705
5707
5708
5709
5713
5715
5716
5723
5724
5729
5731
5732
5734
5735
5740
5741
5743
5745
5746
5748
5749
5750
5751
5752
5756
5757
5758
5759
5760
5761
5765
5766
5767
5771
5772
5775
5776
5777
5778
5779
5780
5781
5782
5786
5788
5790
5792
5793
5796
5798
5799
5800
5801
5803
5811
5812
5813
5815
5820
5821
5822
5823
5827
5828
5829
5832
5835
5836
5839
5840
5841
5842
5843
5844
5846
5848
5849
5850
5851
5852
5853
5856
5857
5860
5863
5864
5867
5871
5872
5874
5875
5876
5878
5879
5885
5886
5887
5888
5889
5890
5891
5893
5899
5902
5903
5904
5906
5908
5910
5912
5915
5916
5917
5919
5922
5924
5927
5929
5930
5932
5934
5935
5936
5939
5941
5942
5944
5946
5947
5951
5952
5953
5954
5955
5957
5959
5960
5961
5968
5970
5973
5976
5977
5978
5979
5981
5982
5985
5986
5987
5988
5989
5990
5991
5992
5993
5994
5997
5999
6007
6008
6009
6011
6012
6013
6014
6016
6018
6019
6021
6024
6028
6029
6030
6035
6037
6038
6040
6041
6043
6044
6045
6049
6050
6052
6054
6057
6058
6060
6070
6071
6072
6073
6074
6075
6076
6077
6078
6079
6080
6082
6083
6087
6088
6091
6095
6096
6098
6101
6106
6108
6109
6111
6114
6115
6117
6119
6120
6121
6124
6127
6128
6130
6135
6140
6141
6142
6143
6146
6148
6149
6151
6153
6154
6155
6157
6164
6165
6166
6169
6171
6174
6176
6180
6182
6184
6185
6188
6189
6195
6198
6202
6206
6207
6212
6213
6215
6219
6222
6223
6227
6228
6229
6231
6235
6236
6241
6242
6244
6245
6251
6252
6256
6257
6258
6259
6260
6263
6264
6266
6267
6269
6270
6271
6272
6273
6275
6276
6277
6278
6279
6281
6282
6287
6291
6292
6293
6295
6296
6297
6299
6300
6301
6302
6303
6304
6307
6309
6310
6312
6313
6318
6321
6322
6323
6325
6326
6328
6329
6330
6331
6332
6333
6335
6337
6338
6341
6342
6344
6345
6346
6348
6349
6350
6352
6353
6354
6356
6358
6360
6363
6364
6365
6367
6369
6371
6373
6374
6376
6377
6379
6380
6382
6383
6384
6387
6390
6391
6392
6393
6394
6396
6397
6398
6405
6406
6407
6410
6412
6413
6414
6415
6417
6420
6426
6427
6429
6434
6435
6438
6440
6442
6443
6446
6447
6449
6450
6451
6453
6454
6455
6456
6457
6458
6459
6462
6464
6465
6469
6473
6475
6478
6480
6482
6483
6484
6486
6487
6488
6490
6491
6493
6495
6496
6497
6498
6500
6501
6503
6504
6506
6508
6510
6511
6514
6515
6516
6520
6521
6523
6524
6529
6535
6537
6538
6540
6542
6545
6546
6547
6549
6550
6552
6556
6557
6560
6563
6565
6567
6568
6570
6574
6575
6577
6580
6584
6585
6586
6587
6588
6591
6592
6593
6594
6595
6596
6597
6602
6603
6609
6610
6612
6616
6617
6618
6620
6622
6623
6625
6626
6629
6631
6632
6634
6635
6641
6642
6644
6645
6646
6647
6652
6653
6654
6655
6656
6660
6663
6666
6667
6668
6669
6672
6677
6681
6683
6689
6690
6693
6697
6703
6704
6705
6708
6709
6710
6712
6715
6719
6720
6724
6725
6726
6729
6730
6731
6734
6735
6737
6740
6743
6745
6751
6753
6754
6756
6758
6760
6763
6765
6766
6770
6771
6773
6777
6778
6780
6782
6785
6786
6789
6791
6795
6796
6800
6802
6803
6804
6806
6807
6809
6812
6815
6820
6823
6824
6826
6831
6832
6833
6835
6839
6840
6841
6844
6846
6851
6856
6863
6864
6865
6867
6868
6871
6872
6873
6874
6876
6877
6878
6879
6880
6881
6882
6883
6884
6886
6887
6889
6890
6892
6893
6894
6898
6899
6902
6906
6907
6909
6910
6913
6914
6915
6918
6920
6921
6923
6928
6929
6930
6931
6932
6933
6934
6935
6936
6939
6944
6945
6947
6948
6950
6951
6958
6959
6962
6967
6969
6973
6974
6976
6979
6982
6983
6984
6986
6988
6989
6990
6991
6996
6997
6998
6999
7000
7001
7005
7007
7008
7009
7011
7012
7013
7014
7015
7018
7022
7024
7026
7028
7029
7030
7031
7033
7036
7037
7038
7039
7040
7041
7042
7043
7044
7045
7052
7054
7057
7058
7059
7061
7062
7063
7064
7065
7068
7070
7073
7078
7079
7081
7083
7085
7087
7092
7093
7094
7095
7096
7097
7098
7099
7101
7102
7103
7110
7113
7115
7117
7119
7121
7123
7125
7127
7128
7134
7136
7137
7138
7142
7143
7144
7145
7148
7150
7153
7154
7155
7156
7157
7158
7159
7160
7161
7162
7163
7166
7167
7168
7170
7173
7174
7175
7181
7185
7187
7188
7190
7192
7193
7195
7196
7197
7198
7199
7201
7205
7208
7213
7214
7215
7218
7219
7220
7221
7222
7223
7224
7225
7228
7232
7233
7234
7237
7239
7240
7241
7242
7243
7244
7247
7248
7254
7255
7256
7258
7259
7261
7263
7265
7268
7270
7271
7273
7276
7278
7279
7281
7282
7287
7288
7289
7292
7293
7294
7297
7298
7299
7301
7304
7307
7310
7317
7318
7319
7320
7321
7323
7330
7332
7333
7334
7335
7336
7338
7341
7344
7345
7347
7348
7350
7351
7352
7356
7357
7358
7359
7364
7366
7367
7368
7369
7370
7371
7372
7376
7378
7384
7385
7387
7390
7391
7392
7394
7395
7397
7399
7400
7403
7404
7405
7406
7407
7413
7415
7416
7417
7418
7423
7425
7428
7429
7431
7435
7437
7438
7439
7440
7442
7443
7444
7446
7447
7448
7451
7453
7454
7457
7462
7463
7465
7467
7470
7471
7473
7474
7476
7477
7480
7481
7483
7484
7486
7489
7494
7496
7497
7498
7499
7500
7501
7503
7511
7514
7515
7516
7517
7522
7523
7524
7527
7528
7531
7532
7533
7535
7537
7544
7545
7549
7554
7555
7557
7558
7560
7561
7563
7565
7566
7567
7568
7570
7576
7579
7585
7586
7587
7589
7592
7594
7596
7597
7599
7601
7602
7603
7604
7605
7607
7608
7610
7611
7612
7614
7616
7617
7621
7622
7623
7626
7631
7633
7636
7643
7646
7647
7648
7653
7656
7657
7659
7662
7664
7665
7668
7672
7673
7675
7677
7678
7679
7680
7681
7684
7685
7686
7687
7688
7689
7690
7694
7695
7696
7700
7703
7707
7708
7709
7711
7712
7714
7715
7716
7717
7719
7720
7721
7722
7723
7729
7730
7735
7736
7738
7739
7741
7742
7747
7748
7750
7751
7753
7754
7755
7758
7759
7760
7761
7762
7764
7765
7768
7774
7775
7777
7779
7781
7783
7784
7786
7789
7790
7791
7792
7795
7797
7800
7806
7807
7810
7816
7819
7821
7823
7829
7831
7835
7837
7838
7839
7844
7845
7847
7848
7850
7852
7853
7855
7856
7857
7858
7859
7860
7862
7866
7867
7868
7871
7873
7875
7876
7878
7879
7880
7881
7883
7884
7885
7887
7888
7889
7891
7892
7893
7894
7895
7896
7897
7898
7899
7903
7905
7906
7908
7909
7912
7913
7914
7916
7920
7921
7923
7924
7926
7927
7929
7930
7936
7938
7942
7945
7946
7947
7951
7952
7953
7954
7960
7961
7965
7966
7969
7970
7973
7975
7977
7979
7982
7986
7987
7990
7991
7993
7994
7995
7996
7998
8000
8002
8005
8007
8011
8015
8016
8017
8019
8020
8022
8023
8025
8026
8027
8028
8030
8031
8033
8034
8035
8037
8038
8039
8041
8043
8045
8046
8047
8053
8054
8055
8059
8060
8063
8064
8066
8068
8070
8071
8078
8080
8082
8083
8085
8087
8088
8089
8094
8095
8099
8100
8102
8103
8104
8105
8107
8108
8110
8113
8114
8115
8116
8117
8119
8120
8121
8124
8125
8127
8130
8133
8134
8135
8136
8137
8138
8139
8140
8142
8143
8145
8148
8149
8152
8154
8155
8157
8158
8159
8161
8162
8163
8167
8172
8173
8174
8175
8178
8183
8185
8186
8187
8188
8189
8194
8197
8199
8200
8201
8203
8204
8205
8206
8209
8210
8212
8213
8215
8222
8226
8227
8228
8230
8231
8233
8234
8238
8239
8241
8243
8244
8245
8247
8248
8251
8252
8253
8255
8256
8257
8259
8260
8263
8264
8265
8267
8272
8273
8274
8278
8281
8282
8283
8285
8289
8290
8291
8292
8293
8295
8296
8297
8298
8300
8303
8307
8308
8309
8311
8312
8314
8317
8319
8320
8324
8325
8326
8328
8332
8333
8334
8336
8342
8345
8347
8348
8351
8356
8357
8358
8359
8361
8362
8364
8365
8367
8368
8373
8374
8378
8380
8382
8383
8384
8385
8386
8395
8402
8404
8405
8406
8407
8411
8417
8422
8423
8425
8426
8427
8432
8436
8437
8441
8443
8445
8451
8454
8455
8458
8460
8461
8464
8467
8468
8469
8470
8471
8472
8473
8474
8475
8478
8479
8481
8482
8483
8487
8488
8490
8492
8493
8494
8495
8496
8497
8499
8501
8503
8504
8506
8507
8510
8513
8515
8517
8521
8523
8525
8526
8527
8529
8530
8532
8533
8535
8537
8538
8539
8540
8541
8542
8543
8544
8546
8547
8549
8555
8556
8557
8558
8559
8563
8566
8567
8571
8572
8574
8576
8579
8580
8582
8584
8585
8586
8591
8592
8593
8594
8596
8598
8599
8601
8606
8607
8609
8611
8612
8614
8618
8619
8621
8622
8624
8626
8631
8632
8633
8634
8635
8636
8637
8640
8641
8642
8643
8644
8647
8649
8652
8653
8655
8661
8664
8666
8669
8670
8672
8673
8674
8678
8680
8682
8684
8687
8693
8695
8696
8697
8699
8700
8701
8702
8704
8710
8711
8716
8720
8721
8722
8729
8731
8732
8733
8736
8737
8738
8740
8743
8744
8745
8747
8749
8752
8754
8756
8758
8759
8760
8761
8763
8767
8769
8773
8775
8777
8778
8779
8782
8783
8784
8786
8787
8789
8791
8793
8797
8798
8799
8800
8802
8803
8804
8805
8807
8809
8810
8811
8814
8819
8821
8824
8829
8830
8831
8837
8838
8844
8845
8848
8850
8852
8857
8858
8859
8861
8864
8865
8866
8868
8876
8879
8880
8881
8882
8883
8885
8887
8888
8890
8893
8894
8896
8897
8899
8900
8902
8903
8904
8905
8907
8908
8909
8910
8913
8915
8916
8920
8921
8922
8923
8925
8927
8928
8930
8932
8933
8934
8935
8938
8939
8940
8941
8944
8945
8947
8948
8949
8950
8951
8952
8953
8956
8957
8958
8960
8961
8964
8965
8966
8967
8968
8970
8972
8975
8977
8981
8982
8986
8988
8989
8990
8991
8995
8997
8999
9001
9003
9004
9008
9010
9011
9013
9014
9019
9020
9022
9024
9025
9026
9027
9029
9030
9032
9033
9034
9037
9038
9039
9041
9045
9046
9049
9051
9052
9054
9055
9057
9058
9065
9068
9072
9073
9075
9076
9077
9079
9081
9082
9083
9085
9086
9088
9089
9090
9093
9096
9098
9100
9101
9102
9104
9105
9108
9111
9113
9114
9118
9120
9122
9125
9128
9132
9133
9134
9135
9136
9137
9138
9141
9142
9145
9148
9156
9157
9158
9161
9162
9164
9167
9168
9172
9174
9177
9178
9179
9181
9182
9183
9186
9190
9191
9192
9194
9195
9196
9198
9199
9201
9204
9206
9208
9211
9212
9213
9215
9216
9217
9219
9221
9222
9227
9236
9238
9239
9240
9242
9245
9246
9247
9251
9253
9256
9257
9259
9266
9269
9273
9275
9276
9277
9278
9279
9282
9283
9289
9290
9291
9297
9298
9300
9302
9304
9305
9306
9310
9312
9313
9318
9320
9321
9323
9325
9329
9330
9334
9336
9337
9338
9340
9342
9345
9346
9348
9350
9353
9357
9358
9364
9365
9367
9368
9370
9372
9374
9375
9376
9377
9380
9384
9385
9387
9388
9389
9390
9391
9392
9393
9395
9396
9397
9398
9400
9401
9403
9405
9408
9411
9414
9415
9417
9425
9426
9427
9428
9429
9430
9434
9435
9443
9445
9446
9448
9449
9451
9452
9453
9454
9457
9458
9461
9462
9467
9471
9472
9475
9476
9480
9481
9484
9486
9488
9490
9491
9492
9494
9498
9503
9504
9505
9510
9511
9512
9513
9514
9516
9519
9520
9525
9530
9531
9533
9534
9535
9536
9537
9539
9542
9543
9547
9550
9552
9555
9556
9557
9561
9562
9563
9564
9567
9572
9577
9580
9581
9582
9583
9586
9587
9589
9593
9594
9595
9597
9602
9603
9604
9605
9609
9610
9613
9614
9616
9618
9619
9621
9623
9626
9630
9632
9634
9638
9639
9640
9641
9642
9643
9646
9648
9649
9652
9656
9658
9661
9667
9669
9671
9672
9673
9674
9677
9678
9679
9681
9685
9692
9693
9696
9700
9702
9707
9712
9713
9714
9716
9718
9719
9720
9721
9722
9723
9724
9726
9727
9729
9730
9732
9734
9737
9738
9739
9740
9741
9743
9744
9746
9747
9748
9749
9750
9752
9754
9755
9758
9760
9761
9762
9766
9767
9770
9771
9773
9774
9777
9778
9782
9784
9785
9791
9793
9800
9802
9804
9806
9807
9809
9812
9814
9816
9820
9821
9822
9823
9824
9825
9826
9827
9833
9834
9836
9840
9841
9844
9845
9846
9853
9855
9856
9857
9858
9860
9862
9865
9867
9869
9875
9876
9877
9879
9880
9882
9883
9887
9889
9890
9891
9892
9894
9896
9897
9900
9906
9907
9908
9910
9911
9915
9918
9922
9924
9925
9926
9928
9931
9932
9933
9934
9935
9942
9943
9946
9948
9949
9951
9952
9953
9955
9956
9957
9968
9969
9970
9971
9974
9975
9986
9987
9988
9989
9992
9993
9994
9995
9997
10001
10002
10005
10006
10008
10009
10010
10011
10013
10017
10020
10021
10026
10027
10031
10033
10039
10046
10051
10054
10056
10058
10059
10060
10061
10063
10064
10065
10066
10069
10070
10074
10075
10077
10080
10081
10086
10088
10090
10091
10093
10097
10103
10104
10105
10106
10107
10111
10114
10116
10118
10120
10121
10122
10123
10126
10127
10128
10129
10130
10133
10134
10135
10137
10141
10148
10150
10151
10152
10154
10155
10156
10159
10160
10161
10165
10171
10172
10179
10186
10188
10189
10193
10195
10196
10199
10203
10204
10209
10212
10213
10215
10217
10218
10221
10223
10224
10227
10231
10234
10238
10239
10242
10248
10252
10253
10255
10257
10258
10260
10262
10264
10266
10272
10275
10277
10279
10280
10282
10283
10285
10286
10288
10291
10292
10295
10296
10301
10303
10304
10305
10306
10309
10311
10312
10314
10315
10317
10321
10323
10324
10326
10327
10329
10330
10333
10335
10336
10338
10340
10341
10342
10346
10347
10348
10350
10352
10353
10359
10367
10368
10371
10373
10374
10377
10381
10384
10385
10388
10397
10398
10399
10400
10402
10403
10404
10405
10407
10411
10412
10414
10415
10417
10426
10427
10428
10430
10431
10433
10435
10436
10437
10438
10441
10447
10448
10449
10450
10451
10455
10456
10457
10460
10461
10465
10466
10470
10473
10474
10478
10479
10480
10481
10483
10485
10486
10487
10489
10496
10499
10500
10503
10506
10507
10508
10510
10511
10512
10514
10516
10518
10519
10520
10521
10522
10524
10528
10532
10533
10535
10536
10537
10542
10543
10548
10549
10550
10551
10552
10555
10556
10560
10561
10563
10564
10566
10567
10568
10572
10575
10580
10586
10589
10593
10594
10595
10596
10597
10600
10601
10605
10607
10611
10612
10616
10619
10620
10621
10622
10626
10627
10630
10631
10632
10633
10638
10639
10640
10641
10643
10645
10646
10649
10650
10651
10654
10655
10656
10667
10668
10670
10675
10676
10677
10681
10684
10685
10687
10688
10691
10704
10706
10709
10711
10712
10714
10715
10719
10722
10723
10724
10726
10728
10731
10732
10733
10736
10738
10740
10741
10743
10749
10752
10753
10754
10756
10757
10760
10761
10764
10765
10766
10768
10772
10774
10776
10780
10781
10782
10783
10788
10789
10792
10793
10794
10795
10796
10797
10798
10800
10801
10802
10803
10805
10807
10811
10813
10814
10816
10822
10823
10824
10825
10826
10827
10828
10830
10832
10838
10839
10841
10842
10845
10846
10849
10850
10851
10857
10858
10859
10861
10862
10864
10865
10873
10875
10876
10878
10880
10884
10885
10893
10895
10896
10898
10899
10900
10902
10906
10908
10910
10911
10913
10914
10919
10920
10921
10922
10923
10926
10928
10929
10933
10935
10938
10940
10941
10942
10945
10946
10949
10951
10955
10956
10958
10960
10961
10963
10964
10965
10966
10967
10971
10972
10975
10976
10977
10980
10981
10982
10983
10987
10989
10992
10993
10995
10998
10999
11000
11001
11003
11004
11005
11007
11008
11011
11012
11014
11017
11018
11020
11022
11023
11025
11027
11029
11030
11031
11032
11037
11038
11040
11041
11046
11048
11049
11050
11053
11054
11055
11058
11060
11061
11063
11064
11065
11066
11067
11071
11072
11073
11076
11078
11079
11082
11083
11084
11086
11089
11090
11094
11096
11098
11101
11103
11104
11105
11106
11109
11110
11112
11114
11115
11119
11121
11123
11130
11134
11136
11138
11139
11141
11147
11149
11150
11152
11153
11155
11157
11159
11161
11162
11163
11166
11169
11175
11177
11182
11184
11185
11189
11193
11195
11197
11199
11200
11202
11203
11206
11207
11208
11209
11210
11215
11218
11220
11226
11228
11229
11230
11234
11235
11237
11239
11240
11242
11244
11245
11246
11247
11248
11251
11253
11254
11258
11259
11260
11264
11266
11268
11269
11270
11273
11275
11276
11278
11280
11281
11283
11284
11288
11289
11290
11292
11293
11294
11297
11299
11300
11302
11304
11307
11308
11310
11311
11312
11316
11318
11319
11320
11321
11323
11328
11329
11331
11333
11334
11336
11337
11338
11339
11340
11342
11343
11348
11353
11354
11356
11357
11358
11360
11361
11362
11363
11367
11369
11371
11372
11373
11374
11377
11379
11380
11381
11384
11385
11386
11387
11388
11389
11391
11392
11394
11400
11401
11403
11404
11407
11409
11411
11414
11415
11417
11418
11420
11425
11427
11431
11434
11437
11439
11440
11448
11449
11452
11454
11455
11456
11459
11460
11461
11465
11467
11469
11471
11475
11476
11477
11479
11481
11482
11487
11488
11492
11496
11501
11503
11507
11509
11511
11513
11514
11515
11516
11517
11520
11522
11523
11524
11525
11526
11531
11532
11533
11534
11535
11537
11539
11541
11544
11545
11546
11547
11549
11550
11554
11559
11560
11562
11563
11565
11566
11567
11568
11573
11574
11575
11576
11577
11578
11588
11589
11592
11593
11597
11600
11601
11602
11603
11604
11605
11606
11608
11610
11611
11615
11617
11621
11624
11626
11628
11633
11634
11637
11638
11640
11643
11652
11655
11657
11658
11660
11662
11663
11665
11668
11670
11672
11674
11675
11676
11677
11678
11679
11683
11684
11685
11687
11690
11691
11693
11695
11696
11697
11698
11700
11701
11703
11707
11711
11715
11720
11721
11723
11724
11728
11729
11730
11731
11732
11733
11734
11735
11736
11738
11740
11741
11743
11744
11747
11748
11749
11750
11752
11754
11755
11757
11759
11760
11762
11764
11766
11771
11772
11773
11774
11775
11776
11778
11780
11786
11788
11789
11790
11791
11793
11794
11797
11798
11801
11802
11803
11805
11807
11818
11819
11820
11822
11825
11827
11828
11829
11830
11831
11832
11833
11834
11835
11837
11838
11840
11843
11844
11845
11847
11852
11859
11860
11861
11862
11863
11864
11866
11868
11869
11872
11875
11879
11882
11890
11891
11894
11895
11898
11900
11903
11904
11905
11906
11907
11908
11911
11914
11915
11916
11918
11920
11922
11923
11924
11928
11930
11931
11932
11935
11937
11942
11943
11944
11946
11947
11951
11954
11958
11960
11967
11968
11969
11970
11974
11975
11976
11978
11982
11984
11985
11987
11988
11989
11991
11992
11993
11994
11995
11996
11998
11999
12001
12002
12004
12009
12010
12011
12014
12016
12018
12019
12022
12023
12024
12026
12027
12029
12030
12031
12033
12035
12037
12038
12039
12040
12041
12043
12045
12046
12049
12050
12052
12053
12056
12058
12059
12060
12061
12062
12063
12065
12066
12074
12076
12079
12081
12083
12084
12087
12089
12090
12091
12093
12094
12095
12098
12099
12100
12101
12102
12103
12106
12108
12110
12113
12114
12115
12116
12117
12119
12120
12122
12125
12126
12128
12130
12133
12134
12137
12142
12146
12147
12148
12151
12153
12155
12157
12161
12163
12164
12165
12166
12169
12170
12171
12172
12173
12174
12177
12178
12179
12182
12184
12185
12186
12189
12192
12193
12195
12197
12198
12199
12200
12202
12204
12205
12206
12208
12209
12211
12212
12216
12217
12218
12220
12221
12228
12229
12230
12231
12234
12235
12236
12239
12240
12241
12242
12243
12246
12247
12249
12250
12252
12254
12257
12260
12261
12263
12264
12265
12268
12269
12270
12271
12279
12281
12282
12284
12286
12288
12289
12290
12294
12295
12296
12297
12298
12299
12300
12301
12302
12303
12309
12311
12313
12316
12317
12319
12320
12321
12322
12323
12324
12326
12331
12332
12333
12334
12336
12337
12339
12340
12342
12343
12345
12348
12356
12357
12360
12361
12366
12368
12371
12374
12375
12376
12378
12380
12381
12382
12385
12387
12389
12393
12395
12399
12401
12402
12404
12405
12406
12407
12410
12413
12414
12415
12419
12421
12423
12424
12425
12426
12427
12429
12431
12433
12434
12435
12438
12442
12443
12446
12450
12451
12453
12456
12457
12458
12462
12465
12469
12470
12473
12477
12479
12483
12484
12485
12487
12488
12490
12491
12493
12494
12495
12496
12501
12503
12504
12506
12507
12510
12512
12513
12514
12515
12516
12517
12519
12521
12522
12524
12525
12526
12528
12529
12530
12531
12536
12537
12538
12539
12540
12541
12544
12545
12547
12550
12552
12556
12557
12560
12562
12564
12565
12568
12569
12570
12571
12572
12575
12576
12577
12581
12584
12586
12588
12589
12591
12592
12593
12594
12595
12597
12598
12599
12600
12601
12603
12607
12608
12610
12611
12613
12614
12616
12618
12621
12623
12624
12625
12628
12629
12631
12632
12634
12636
12638
12640
12641
12642
12644
12653
12654
12656
12658
12660
12662
12663
12664
12669
12670
12671
12673
12674
12684
12685
12686
12687
12690
12691
12692
12694
12695
12696
12697
12699
12700
12702
12708
12711
12715
12716
12718
12719
12721
12722
12723
12725
12729
12730
12733
12735
12737
12741
12742
12745
12747
12749
12750
12751
12753
12754
12756
12761
12762
12763
12764
12765
12769
12770
12775
12778
12779
12780
12784
12785
12788
12791
12793
12795
12797
12798
12799
12804
12805
12806
12807
12809
12810
12811
12813
12815
12816
12817
12821
12822
12824
12825
12826
12827
12830
12832
12833
12835
12836
12837
12843
12845
12847
12848
12849
12851
12854
12855
12857
12859
12862
12863
12864
12866
12867
12870
12871
12872
12873
12878
12879
12883
12885
12889
12891
12893
12895
12897
12900
12902
12909
12910
12911
12912
12915
12916
12920
12922
12923
12929
12935
12939
12940
12941
12942
12945
12946
12947
12949
12950
12951
12953
12954
12955
12957
12958
12961
12963
12965
12970
12973
12974
12975
12976
12977
12979
12981
12982
12987
12989
12990
12991
12993
12996
12997
13000
13003
13004
13006
13007
13010
13011
13014
13017
13018
13023
13025
13026
13028
13030
13031
13032
13036
13037
13041
13042
13044
13045
13048
13049
13052
13053
13055
13059
13061
13062
13063
13065
13068
13069
13071
13072
13073
13075
13077
13078
13080
13083
13085
13086
13089
13090
13092
13094
13096
13097
13098
13099
13102
13106
13107
13108
13109
13113
13115
13116
13118
13119
13120
13123
13125
13127
13130
13132
13134
13137
13139
13140
13142
13143
13145
13148
13150
13152
13153
13154
13155
13156
13157
13159
13161
13162
13163
13164
13165
13166
13167
13170
13171
13172
13176
13177
13182
13184
13185
13187
13188
13189
13191
13196
13200
13202
13203
13204
13207
13208
13213
13214
13216
13218
13219
13222
13223
13226
13227
13231
13233
13238
13239
13240
13244
13253
13255
13256
13257
13261
13262
13263
13270
13271
13275
13276
13277
13279
13280
13283
13286
13290
13291
13292
13293
13294
13296
13298
13300
13301
13302
13303
13304
13305
13307
13308
13309
13312
13316
13317
13319
13320
13321
13324
13325
13326
13328
13333
13334
13335
13336
13338
13341
13342
13343
13348
13351
13353
13355
13357
13358
13362
13368
13369
13371
13374
13375
13378
13379
13380
13381
13383
13386
13387
13389
13390
13392
13393
13395
13396
13397
13398
13399
13401
13404
13407
13408
13409
13410
13412
13413
13414
13417
13418
13424
13427
13428
13431
13440
13441
13442
13444
13446
13447
13448
13451
13452
13453
13455
13461
13462
13463
13464
13466
13467
13469
13471
13474
13475
13476
13477
13483
13485
13486
13488
13489
13490
13492
13493
13494
13496
13498
13499
13500
13505
13509
13510
13513
13515
13520
13521
13522
13525
13527
13529
13530
13531
13534
13538
13539
13540
13542
13543
13544
13547
13548
13551
13552
13553
13555
13556
13558
13560
13562
13563
13565
13566
13569
13573
13574
13575
13576
13577
13578
13583
13584
13585
13586
13587
13588
13589
13590
13593
13595
13596
13597
13600
13601
13602
13604
13606
13608
13613
13616
13618
13622
13623
13624
13625
13628
13630
13631
13633
13634
13636
13637
13638
13640
13641
13642
13643
13644
13645
13647
13649
13657
13658
13661
13664
13666
13669
13670
13671
13674
13676
13677
13680
13681
13683
13688
13691
13692
13693
13694
13695
13696
13698
13699
13700
13705
13706
13707
13710
13711
13713
13717
13719
13720
13723
13728
13729
13736
13738
13739
13740
13742
13743
13746
13748
13750
13751
13755
13756
13757
13758
13762
13764
13766
13768
13769
13770
13773
13774
13779
13781
13782
13785
13787
13790
13792
13794
13798
13799
13803
13804
13805
13806
13807
13810
13811
13816
13817
13818
13819
13821
13822
13824
13827
13829
13830
13831
13833
13836
13837
13838
13842
13843
13844
13848
13850
13857
13859
13861
13862
13863
13866
13867
13870
13871
13872
13874
13875
13876
13877
13879
13882
13885
13888
13891
13893
13895
13898
13899
13900
13901
13902
13903
13904
13906
13907
13908
13910
13911
13913
13914
13915
13916
13923
13925
13930
13931
13936
13939
13940
13942
13945
13947
13951
13955
13956
13958
13960
13962
13964
13966
13968
13969
13970
13971
13973
13974
13975
13978
13981
13982
13984
13985
13989
13991
13992
13993
13995
13997
13998
13999
14000
14003
14005
14007
14008
14010
14011
14012
14015
14017
14020
14023
14025
14026
14028
14029
14030
14031
14037
14038
14040
14041
14044
14046
14049
14051
14052
14054
14055
14058
14060
14061
14062
14063
14064
14065
14066
14070
14071
14072
14073
14074
14076
14077
14079
14080
14081
14082
14087
14088
14089
14092
14097
14099
14103
14104
14105
14106
14108
14109
14115
14119
14122
14125
14126
14128
14131
14132
14134
14135
14136
14143
14146
14151
14152
14154
14157
14158
14159
14160
14163
14165
14169
14170
14171
14172
14175
14176
14180
14185
14186
14187
14192
14193
14195
14196
14202
14208
14210
14211
14212
14213
14214
14216
14217
14218
14220
14221
14223
14225
14226
14227
14228
14229
14231
14232
14233
14234
14236
14237
14238
14239
14241
14242
14244
14245
14246
14247
14248
14249
14250
14252
14254
14256
14258
14259
14260
14261
14262
14263
14265
14266
14267
14270
14272
14274
14275
14276
14277
14280
14281
14282
14283
14284
14285
14286
14287
14291
14294
14295
14297
14301
14302
14303
14305
14306
14310
14311
14312
14315
14319
14322
14324
14325
14335
14336
14339
14340
14342
14343
14344
14345
14346
14347
14354
14358
14359
14360
14363
14365
14366
14367
14369
14379
14380
14382
14383
14384
14386
14387
14391
14393
14396
14398
14401
14403
14406
14409
14410
14412
14413
14415
14417
14419
14422
14423
14426
14427
14428
14429
14430
14431
14432
14434
14436
14437
14439
14446
14449
14450
14451
14453
14454
14455
14456
14457
14458
14460
14461
14462
14463
14464
14466
14467
14468
14469
14472
14474
14477
14482
14485
14487
14488
14489
14490
14495
14497
14499
14504
14507
14509
14510
14511
14516
14517
14519
14520
14522
14525
14527
14528
14530
14533
14536
14538
14539
14541
14543
14544
14545
14546
14548
14551
14552
14554
14555
14558
14559
14564
14566
14567
14568
14572
14573
14579
14580
14582
14593
14596
14597
14598
14599
14600
14601
14602
14604
14605
14606
14608
14613
14615
14617
14619
14621
14624
14625
14626
14627
14629
14630
14634
14635
14636
14639
14640
14641
14642
14648
14651
14652
14653
14654
14656
14657
14658
14659
14660
14662
14663
14665
14666
14668
14669
14670
14672
14673
14674
14676
14677
14678
14679
14680
14681
14684
14685
14687
14690
14691
14692
14696
14697
14699
14702
14703
14704
14709
14711
14712
14714
14715
14717
14718
14720
14724
14726
14727
14731
14732
14738
14739
14740
14742
14744
14745
14746
14747
14750
14753
14754
14756
14757
14758
14759
14760
14762
14767
14772
14773
14776
14777
14778
14779
14780
14785
14788
14789
14791
14792
14793
14794
14795
14800
14801
14802
14803
14810
14811
14814
14815
14817
14818
14820
14828
14832
14834
14837
14838
14842
14846
14849
14850
14855
14856
14859
14861
14865
14867
14869
14872
14875
14876
14879
14880
14882
14885
14886
14890
14892
14895
14897
14898
14899
14901
14903
14905
14906
14909
14911
14915
14917
14918
14921
14922
14923
14924
14927
14929
14936
14938
14939
14941
14942
14943
14944
14946
14947
14948
14949
14950
14953
14954
14955
14956
14957
14962
14963
14965
14967
14977
14978
14982
14984
14985
14989
14990
14991
14992
14993
14996
14999
15000
15004
15006
15007
15010
15011
15013
15014
15015
15016
15017
15018
15019
15020
15021
15022
15023
15025
15028
15029
15031
15032
15033
15034
15037
15039
15040
15043
15046
15047
15049
15053
15054
15056
15059
15060
15061
15062
15063
15064
15065
15066
15069
15070
15071
15073
15075
15076
15081
15082
15088
15090
15092
15096
15099
15101
15102
15105
15109
15110
15111
15112
15113
15114
15115
15116
15120
15124
15125
15126
15128
15130
15131
15135
15137
15143
15147
15148
15149
15150
15152
15155
15156
15158
15160
15161
15162
15164
15167
15168
15170
15171
15172
15173
15177
15179
15180
15181
15182
15185
15186
15188
15189
15193
15196
15197
15198
15199
15202
15205
15206
15207
15208
15209
15210
15212
15215
15216
15217
15224
15228
15229
15230
15231
15232
15233
15234
15235
15236
15238
15240
15243
15244
15246
15256
15257
15260
15261
15263
15265
15267
15268
15270
15272
15275
15277
15280
15288
15290
15291
15292
15294
15295
15296
15297
15301
15304
15305
15307
15308
15309
15311
15313
15314
15315
15316
15317
15318
15319
15320
15322
15323
15326
15329
15331
15333
15334
15335
15336
15341
15344
15345
15347
15349
15351
15355
15356
15358
15359
15360
15361
15362
15363
15365
15366
15368
15369
15370
15371
15372
15374
15377
15379
15380
15382
15383
15385
15388
15390
15391
15395
15396
15398
15399
15400
15401
15403
15404
15405
15406
15407
15408
15413
15416
15417
15418
15419
15420
15421
15422
15425
15426
15427
15430
15431
15432
15433
15438
15439
15440
15441
15442
15443
15444
15445
15447
15449
15452
15454
15455
15459
15460
15461
15462
15464
15465
15466
15467
15468
15471
15476
15481
15482
15483
15484
15486
15487
15489
15490
15495
15498
15500
15501
15503
15504
15507
15508
15509
15510
15511
15513
15515
15518
15521
15524
15529
15530
15532
15533
15534
15535
15537
15538
15542
15548
15549
15552
15556
15557
15559
15560
15562
15563
15564
15568
15571
15572
15573
15574
15575
15576
15578
15579
15581
15586
15587
15590
15591
15592
15596
15599
15605
15606
15607
15610
15612
15613
15615
15617
15622
15625
15626
15627
15628
15629
15630
15631
15632
15639
15642
15643
15644
15645
15647
15648
15650
15651
15653
15655
15657
15659
15660
15661
15663
15665
15666
15670
15671
15672
15673
15674
15677
15679
15681
15683
15684
15687
15690
15691
15693
15698
15699
15703
15706
15710
15714
15718
15719
15722
15724
15727
15729
15735
15736
15739
15743
15748
15749
15750
15751
15752
15754
15756
15761
15764
15770
15771
15775
15781
15788
15789
15792
15793
15794
15795
15796
15797
15801
15804
15806
15808
15809
15811
15812
15814
15816
15818
15819
15820
15821
15822
15826
15827
15829
15830
15831
15832
15833
15835
15837
15839
15840
15841
15842
15844
15849
15852
15856
15859
15860
15863
15867
15868
15870
15871
15875
15878
15879
15881
15884
15886
15888
15889
15890
15891
15892
15893
15894
15895
15896
15900
15902
15905
15907
15909
15910
15913
15914
15915
15918
15919
15921
15925
15926
15927
15929
15931
15935
15936
15939
15940
15942
15949
15950
15951
15956
15957
15962
15963
15966
15968
15969
15970
15972
15973
15976
15977
15978
15980
15981
15982
15983
15985
15988
15990
15993
15996
15999
16000
16002
16005
16009
16010
16016
16017
16019
16022
16023
16027
16030
16034
16035
16042
16043
16046
16048
16049
16050
16052
16053
16054
16057
16058
16059
16063
16065
16066
16072
16073
16076
16077
16078
16079
16080
16081
16084
16087
16088
16090
16092
16093
16095
16096
16097
16102
16104
16106
16107
16108
16111
16112
16115
16116
16118
16119
16120
16123
16127
16129
16130
16134
16135
16137
16139
16141
16144
16145
16146
16148
16149
16150
16152
16154
16156
16159
16164
16165
16169
16170
16172
16173
16175
16177
16179
16181
16183
16185
16191
16192
16194
16196
16197
16198
16200
16201
16202
16207
16211
16212
16216
16217
16220
16224
16226
16227
16229
16231
16233
16235
16237
16238
16239
16243
16244
16245
16246
16248
16249
16250
16254
16262
16264
16265
16268
16272
16274
16276
16278
16279
16282
16283
16285
16290
16291
16293
16295
16297
16300
16302
16304
16305
16306
16313
16314
16315
16318
16320
16324
16325
16333
16337
16339
16344
16345
16346
16347
16349
16350
16351
16352
16355
16358
16359
16360
16361
16362
16364
16365
16368
16370
16371
16375
16376
16381
16382
16389
16392
16393
16394
16398
16400
16401
16404
16405
16406
16407
16412
16413
16414
16417
16421
16422
16424
16425
16427
16437
16441
16442
16445
16446
16447
16449
16450
16451
16452
16453
16454
16456
16457
16460
16461
16463
16466
16467
16468
16471
16472
16473
16475
16476
16477
16478
16481
16488
16491
16493
16494
16495
16496
16498
16499
16500
16501
16503
16505
16506
16509
16510
16511
16513
16514
16516
16517
16519
16520
16527
16528
16529
16532
16533
16535
16538
16542
16547
16549
16550
16551
16552
16553
16559
16561
16562
16565
16568
16571
16576
16579
16582
16583
16585
16586
16587
16591
16595
16597
16599
16603
16605
16608
16610
16611
16613
16616
16618
16626
16634
16636
16638
16645
16646
16650
16651
16653
16654
16657
16659
16663
16668
16672
16673
16678
16679
16680
16681
16684
16685
16686
16690
16695
16696
16697
16698
16700
16702
16703
16705
16706
16707
16708
16710
16714
16715
16717
16720
16722
16725
16729
16730
16732
16733
16734
16737
16741
16751
16752
16754
16756
16758
16761
16762
16763
16765
16766
16769
16770
16771
16772
16773
16774
16775
16776
16778
16780
16783
16785
16789
16790
16792
16795
16796
16798
16799
16801
16803
16804
16805
16806
16808
16810
16814
16816
16818
16821
16822
16823
16825
16827
16828
16829
16830
16831
16832
16833
16834
16836
16837
16839
16840
16844
16846
16848
16849
16850
16851
16853
16854
16855
16856
16857
16862
16865
16873
16878
16880
16882
16883
16887
16889
16892
16893
16899
16900
16901
16903
16906
16910
16913
16914
16916
16918
16919
16921
16922
16923
16924
16925
16926
16931
16934
16938
16941
16942
16943
16945
16946
16947
16949
16953
16955
16958
16960
16961
16962
16963
16964
16970
16971
16972
16974
16975
16977
16978
16979
16980
16981
16983
16985
16986
16987
16988
16993
16995
16996
16998
17001
17002
17004
17005
17007
17009
17010
17012
17013
17014
17017
17021
17022
17023
17026
17027
17031
17032
17034
17035
17039
17040
17041
17043
17044
17045
17046
17049
17050
17051
17052
17055
17056
17057
17064
17067
17068
17070
17071
17072
17080
17082
17083
17084
17088
17090
17092
17093
17096
17097
17099
17104
17106
17107
17112
17113
17114
17115
17116
17117
17118
17119
17122
17125
17126
17128
17129
17130
17132
17136
17137
17138
17139
17140
17141
17143
17146
17147
17148
17149
17150
17152
17153
17157
17159
17161
17162
17164
17168
17169
17170
17171
17173
17174
17175
17176
17177
17179
17180
17181
17183
17184
17185
17190
17191
17192
17194
17195
17197
17200
17201
17206
17210
17211
17212
17220
17221
17223
17230
17232
17234
17236
17239
17240
17241
17243
17246
17249
17256
17259
17261
17263
17265
17270
17271
17273
17276
17280
17281
17282
17284
17285
17289
17293
17295
17296
17297
17299
17302
17303
17304
17308
17313
17314
17316
17317
17319
17321
17322
17323
17324
17326
17327
17328
17329
17330
17331
17335
17338
17339
17342
17343
17344
17345
17350
17351
17355
17356
17357
17358
17362
17363
17365
17367
17368
17371
17374
17378
17379
17383
17385
17387
17389
17390
17393
17395
17399
17401
17403
17406
17407
17408
17409
17412
17414
17415
17416
17419
17420
17421
17422
17425
17427
17429
17430
17431
17435
17436
17437
17441
17443
17444
17450
17452
17453
17457
17458
17459
17460
17462
17466
17469
17472
17474
17476
17481
17483
17484
17486
17490
17492
17493
17496
17497
17499
17505
17506
17507
17508
17509
17511
17512
17513
17514
17515
17516
17518
17519
17523
17524
17528
17529
17531
17533
17536
17537
17538
17540
17542
17543
17545
17548
17549
17550
17552
17554
17556
17557
17558
17561
17565
17567
17568
17569
17570
17571
17572
17576
17577
17579
17580
17581
17582
17583
17587
17588
17589
17591
17593
17597
17602
17603
17604
17605
17607
17608
17610
17612
17617
17619
17620
17623
17628
17629
17630
17631
17632
17633
17634
17636
17639
17640
17643
17647
17648
17655
17656
17658
17660
17662
17664
17665
17667
17669
17671
17673
17674
17675
17676
17679
17680
17683
17687
17689
17692
17693
17694
17697
17700
17701
17702
17705
17707
17714
17716
17721
17722
17726
17728
17730
17731
17733
17736
17737
17738
17740
17741
17742
17745
17747
17749
17750
17751
17754
17756
17757
17761
17762
17763
17765
17766
17770
17776
17777
17781
17782
17783
17786
17789
17790
17791
17792
17793
17794
17795
17796
17797
17802
17803
17804
17805
17815
17816
17817
17819
17821
17822
17823
17824
17825
17826
17828
17829
17831
17832
17833
17835
17836
17837
17838
17839
17840
17843
17848
17849
17851
17852
17854
17855
17856
17857
17858
17859
17860
17863
17870
17871
17872
17874
17875
17879
17880
17881
17882
17883
17885
17888
17889
17892
17893
17894
17898
17902
17906
17909
17912
17917
17919
17925
17927
17928
17931
17934
17935
17936
17938
17939
17940
17942
17944
17945
17947
17948
17949
17952
17955
17958
17960
17961
17964
17967
17969
17970
17971
17973
17975
17976
17977
17979
17980
17981
17984
17985
17986
17987
17989
17993
17994
17995
17999
18002
18008
18011
18013
18014
18016
18020
18031
18032
18033
18035
18036
18043
18044
18045
18046
18048
18050
18051
18053
18054
18058
18059
18063
18067
18068
18072
18073
18074
18075
18077
18081
18082
18085
18086
18089
18091
18092
18093
18098
18099
18100
18102
18103
18106
18109
18110
18113
18114
18115
18116
18117
18118
18120
18126
18128
18130
18131
18132
18134
18143
18146
18147
18148
18149
18150
18152
18158
18160
18161
18163
18164
18165
18166
18169
18173
18175
18178
18180
18182
18183
18184
18185
18187
18190
18191
18194
18195
18196
18204
18206
18207
18213
18214
18215
18216
18222
18223
18224
18227
18230
18233
18235
18236
18238
18240
18243
18244
18245
18246
18248
18249
18253
18257
18258
18259
18261
18262
18269
18270
18271
18272
18277
18278
18280
18282
18283
18284
18286
18287
18289
18290
18294
18296
18299
18300
18301
18306
18314
18315
18317
18320
18321
18323
18325
18326
18327
18329
18330
18331
18333
18335
18340
18346
18347
18352
18357
18358
18361
18362
18365
18366
18368
18370
18372
18373
18374
18375
18376
18379
18381
18382
18391
18395
18396
18399
18400
18403
18404
18405
18406
18408
18410
18412
18413
18414
18415
18416
18418
18419
18421
18422
18424
18433
18435
18437
18438
18439
18440
18442
18444
18447
18448
18451
18452
18454
18455
18462
18465
18467
18470
18473
18474
18475
18477
18478
18479
18482
18485
18486
18487
18488
18489
18490
18495
18498
18499
18502
18504
18510
18512
18516
18517
18519
18524
18526
18527
18531
18532
18533
18534
18537
18539
18541
18542
18543
18545
18546
18547
18551
18552
18553
18555
18556
18557
18558
18560
18563
18564
18565
18567
18568
18569
18571
18573
18575
18577
18578
18580
18581
18582
18583
18585
18586
18587
18591
18592
18593
18594
18596
18597
18598
18599
18603
18604
18608
18610
18617
18620
18621
18622
18623
18626
18628
18631
18632
18635
18636
18642
18644
18646
18648
18651
18652
18653
18654
18655
18657
18658
18659
18660
18661
18670
18672
18675
18678
18679
18681
18683
18684
18685
18688
18690
18691
18695
18697
18698
18703
18705
18708
18711
18714
18715
18716
18718
18719
18720
18723
18724
18725
18726
18727
18733
18734
18738
18742
18745
18746
18748
18753
18754
18755
18757
18759
18760
18762
18767
18771
18772
18773
18777
18778
18780
18781
18782
18783
18784
18785
18788
18790
18791
18796
18810
18813
18814
18815
18816
18818
18821
18823
18825
18827
18829
18830
18831
18833
18834
18835
18837
18838
18840
18845
18848
18850
18853
18856
18858
18862
18863
18867
18868
18870
18871
18873
18875
18878
18880
18881
18883
18888
18893
18896
18897
18898
18901
18903
18905
18910
18911
18912
18914
18915
18916
18917
18918
18921
18926
18929
18933
18942
18943
18944
18948
18950
18953
18954
18957
18960
18962
18963
18964
18966
18968
18969
18970
18971
18972
18973
18974
18975
18978
18979
18980
18981
18982
18983
18984
18985
18987
18988
18989
18990
18992
18993
18994
18996
18997
18998
19000
19002
19004
19006
19007
19008
19009
19010
19011
19014
19015
19019
19020
19025
19026
19028
19031
19032
19033
19034
19035
19037
19040
19045
19049
19052
19054
19058
19059
19060
19063
19064
19065
19068
19072
19073
19074
19079
19080
19081
19082
19084
19089
19091
19094
19096
19098
19099
19100
19108
19110
19111
19113
19120
19121
19125
19129
19131
19134
19139
19143
19144
19146
19147
19149
19154
19155
19157
19160
19161
19162
19163
19165
19166
19168
19170
19171
19172
19173
19174
19177
19181
19182
19184
19185
19187
19188
19189
19190
19193
19194
19195
19197
19199
19200
19202
19203
19205
19207
19210
19211
19213
19216
19219
19222
19224
19225
19227
19228
19230
19232
19234
19236
19237
19238
19243
19245
19249
19250
19252
19253
19255
19256
19257
19258
19260
19265
19266
19267
19268
19269
19270
19272
19273
19274
19275
19276
19280
19284
19286
19288
19289
19290
19293
19297
19299
19300
19302
19305
19307
19309
19310
19311
19312
19316
19318
19320
19323
19325
19330
19332
19334
19336
19338
19341
19342
19346
19347
19348
19349
19352
19357
19358
19359
19361
19362
19366
19368
19369
19371
19372
19374
19377
19378
19382
19384
19385
19387
19388
19389
19392
19393
19396
19397
19399
19400
19402
19404
19407
19408
19409
19410
19411
19412
19413
19414
19415
19416
19417
19418
19419
19421
19424
19425
19427
19430
19431
19434
19435
19437
19440
19442
19443
19448
19454
19455
19456
19460
19461
19465
19467
19468
19472
19476
19478
19480
19483
19485
19493
19494
19495
19497
19499
19500
19502
19503
19505
19506
19507
19508
19511
19513
19516
19518
19519
19522
19524
19527
19529
19531
19532
19534
19535
19536
19540
19541
19549
19550
19552
19553
19556
19560
19561
19562
19563
19565
19567
19568
19571
19572
19573
19575
19578
19580
19582
19583
19585
19587
19594
19595
19597
19599
19601
19603
19604
19605
19607
19608
19612
19615
19617
19618
19619
19626
19627
19628
19629
19633
19634
19635
19636
19639
19641
19642
19644
19649
19655
19656
19657
19658
19659
19663
19665
19667
19671
19672
19676
19677
19679
19680
19681
19682
19684
19686
19687
19690
19694
19697
19699
19700
19701
19703
19704
19707
19710
19711
19712
19713
19714
19715
19716
19718
19720
19722
19731
19733
19735
19736
19737
19738
19739
19747
19748
19749
19751
19752
19754
19756
19757
19759
19760
19762
19763
19764
19766
19768
19770
19771
19773
19774
19775
19776
19778
19780
19781
19786
19790
19798
19799
19802
19803
19806
19807
19808
19809
19810
19813
19817
19821
19822
19823
19824
19825
19826
19833
19835
19838
19839
19840
19841
19844
19845
19846
19847
19848
19849
19851
19855
19856
19857
19860
19863
19864
19865
19869
19871
19872
19873
19874
19876
19878
19879
19881
19882
19883
19884
19886
19887
19889
19891
19893
19898
19899
19900
19901
19904
19908
19910
19911
19915
19917
19918
19921
19922
19924
19926
19927
19928
19929
19931
19933
19934
19941
19942
19943
19945
19946
19949
19952
19956
19957
19958
19959
19960
19961
19962
19963
19967
19968
19969
19972
19973
19976
19982
19985
19987
19988
19989
19990
19991
19993
19995
19996
19997
19998
20000
20002
20004
20005
20006
20008
20009
20010
20012
20013
20015
20018
20020
20021
20022
20024
20026
20028
20029
20032
20033
20035
20040
20044
20047
20048
20049
20051
20053
20054
20057
20061
20068
20070
20071
20073
20074
20075
20076
20077
20079
20081
20082
20083
20084
20086
20090
20094
20095
20096
20098
20099
20101
20103
20107
20108
20109
20110
20112
20123
20124
20130
20131
20136
20137
20138
20140
20141
20142
20143
20144
20146
20151
20159
20160
20161
20164
20166
20167
20171
20174
20178
20180
20181
20182
20188
20192
20195
20196
20199
20203
20204
20205
20208
20209
20211
20212
20213
20215
20216
20217
20219
20220
20223
20228
20229
20235
20238
20240
20242
20244
20245
20250
20251
20253
20254
20255
20256
20257
20258
20259
20260
20261
20262
20263
20266
20267
20268
20270
20272
20274
20275
20277
20284
20286
20287
20288
20289
20292
20293
20294
20295
20298
20301
20303
20304
20305
20307
20311
20312
20313
20316
20317
20322
20324
20325
20329
20336
20337
20338
20341
20343
20345
20347
20348
20349
20350
20353
20354
20356
20357
20358
20359
20360
20363
20365
20366
20368
20369
20370
20371
20372
20373
20377
20380
20381
20382
20384
20387
20390
20391
20394
20396
20397
20398
20399
20400
20401
20402
20404
20408
20410
20413
20414
20415
20416
20417
20419
20420
20421
20422
20424
20429
20430
20435
20436
20437
20439
20440
20442
20443
20445
20449
20451
20452
20454
20455
20458
20459
20461
20462
20465
20467
20469
20470
20474
20475
20477
20479
20482
20484
20487
20492
20496
20499
20501
20502
20505
20510
20511
20512
20514
20515
20519
20520
20521
20522
20523
20525
20527
20529
20531
20532
20533
20534
20535
20537
20540
20541
20543
20544
20545
20547
20548
20549
20552
20553
20554
20557
20558
20560
20561
20562
20564
20566
20567
20570
20574
20576
20578
20579
20580
20581
20582
20584
20586
20587
20588
20591
20592
20597
20598
20599
20600
20601
20602
20604
20607
20608
20609
20612
20613
20619
20620
20624
20625
20630
20632
20633
20635
20636
20637
20638
20640
20642
20644
20645
20646
20648
20649
20650
20652
20654
20655
20656
20657
20659
20660
20661
20663
20665
20668
20669
20671
20673
20679
20680
20681
20682
20683
20685
20686
20692
20693
20697
20704
20707
20708
20709
20710
20717
20718
20719
20720
20726
20727
20730
20733
20736
20739
20741
20743
20745
20747
20749
20750
20751
20754
20756
20757
20758
20760
20761
20762
20764
20765
20766
20768
20770
20771
20772
20773
20776
20778
20780
20782
20785
20786
20787
20788
20789
20795
20796
20799
20800
20802
20803
20805
20807
20811
20812
20813
20814
20816
20820
20822
20823
20824
20828
20830
20831
20832
20834
20836
20837
20838
20840
20842
20845
20846
20849
20852
20853
20854
20859
20862
20865
20868
20870
20874
20875
20877
20879
20880
20882
20883
20884
20885
20886
20887
20889
20890
20891
20893
20894
20895
20898
20900
20904
20906
20907
20909
20912
20913
20916
20918
20921
20922
20929
20931
20934
20940
20941
20942
20943
20947
20950
20952
20957
20958
20959
20961
20963
20964
20965
20966
20967
20969
20973
20974
20975
20977
20984
20989
20992
20997
20999
21000
21004
21006
21011
21014
21015
21017
21019
21020
21023
21024
21025
21027
21028
21032
21033
21034
21035
21036
21038
21039
21043
21044
21046
21047
21050
21056
21057
21061
21062
21063
21065
21066
21069
21070
21073
21077
21080
21081
21083
21084
21086
21090
21092
21095
21096
21097
21098
21101
21103
21105
21109
21112
21116
21118
21121
21122
21125
21128
21134
21139
21141
21142
21143
21146
21150
21151
21152
21153
21154
21159
21160
21161
21162
21164
21165
21169
21173
21174
21175
21179
21182
21187
21188
21190
21196
21198
21199
21203
21205
21206
21207
21209
21211
21212
21216
21218
21219
21220
21222
21223
21225
21227
21228
21233
21234
21235
21244
21246
21247
21250
21251
21252
21255
21256
21259
21261
21263
21268
21269
21270
21271
21272
21274
21277
21278
21279
21281
21282
21284
21285
21291
21292
21298
21299
21300
21303
21304
21306
21307
21308
21310
21314
21315
21316
21317
21320
21322
21326
21327
21330
21333
21338
21339
21342
21344
21345
21347
21348
21349
21350
21351
21355
21359
21360
21361
21362
21363
21364
21370
21372
21374
21376
21377
21378
21380
21381
21382
21384
21387
21389
21390
21391
21392
21394
21395
21404
21405
21406
21407
21408
21410
21411
21413
21414
21416
21420
21421
21428
21430
21433
21434
21436
21438
21439
21440
21441
21442
21447
21449
21451
21452
21462
21464
21465
21468
21470
21472
21474
21475
21476
21477
21478
21479
21484
21487
21488
21489
21492
21493
21495
21497
21498
21499
21500
21501
21504
21506
21507
21508
21509
21510
21512
21514
21515
21517
21518
21520
21528
21529
21530
21531
21533
21534
21535
21538
21539
21540
21542
21543
21546
21551
21552
21553
21554
21558
21560
21561
21562
21563
21566
21567
21568
21571
21572
21573
21578
21581
21582
21583
21586
21587
21589
21590
21596
21602
21603
21604
21608
21611
21612
21613
21614
21615
21618
21620
21621
21625
21626
21627
21628
21629
21630
21631
21633
21635
21638
21640
21641
21642
21643
21644
21646
21647
21649
21650
21652
21654
21658
21662
21665
21670
21671
21672
21673
21675
21681
21682
21684
21687
21689
21690
21691
21693
21694
21695
21697
21702
21706
21709
21710
21711
21712
21713
21716
21717
21718
21722
21725
21726
21727
21728
21729
21737
21738
21739
21743
21745
21747
21748
21751
21752
21756
21758
21760
21761
21763
21764
21767
21769
21772
21773
21775
21776
21777
21778
21780
21782
21783
21786
21787
21788
21789
21790
21791
21794
21796
21799
21801
21806
21807
21809
21812
21814
21816
21818
21823
21826
21827
21828
21829
21831
21832
21833
21835
21837
21838
21841
21842
21843
21844
21846
21849
21853
21854
21856
21857
21860
21861
21863
21864
21865
21870
21871
21877
21881
21882
21886
21890
21892
21893
21894
21895
21897
21898
21901
21902
21904
21905
21906
21907
21911
21912
21913
21916
21918
21919
21923
21926
21927
21929
21932
21935
21936
21938
21942
21943
21944
21945
21947
21948
21950
21953
21954
21955
21960
21964
21965
21967
21968
21969
21970
21971
21973
21978
21979
21983
21987
21988
21989
21990
21992
21993
21997
21999
22001
22003
22012
22014
22016
22017
22018
22025
22026
22027
22028
22029
22033
22034
22036
22042
22043
22044
22045
22046
22047
22050
22054
22056
22061
22063
22064
22067
22070
22071
22073
22074
22075
22078
22082
22085
22088
22089
22093
22096
22098
22099
22101
22103
22108
22109
22110
22113
22115
22116
22117
22118
22122
22128
22129
22131
22132
22135
22139
22141
22143
22146
22148
22149
22150
22152
22153
22156
22158
22167
22169
22172
22174
22176
22179
22181
22184
22186
22189
22191
22194
22197
22201
22202
22207
22210
22213
22214
22216
22217
22219
22220
22223
22227
22235
22236
22239
22240
22246
22248
22253
22254
22255
22256
22257
22260
22262
22263
22265
22267
22268
22269
22272
22273
22274
22276
22278
22281
22283
22284
22291
22293
22294
22299
22304
22305
22310
22311
22313
22315
22317
22319
22321
22322
22323
22327
22331
22336
22338
22343
22345
22346
22348
22350
22365
22374
22376
22379
22380
22381
22383
22384
22385
22389
22390
22391
22394
22395
22396
22399
22401
22402
22403
22405
22406
22409
22410
22415
22416
22419
22423
22424
22425
22427
22430
22432
22433
22435
22436
22438
22439
22440
22441
22442
22446
22449
22450
22451
22453
22454
22455
22456
22460
22461
22462
22466
22467
22468
22471
22473
22476
22485
22486
22488
22489
22491
22494
22495
22498
22499
22500
22502
22504
22507
22508
22515
22516
22518
22519
22522
22524
22530
22531
22532
22533
22534
22537
22539
22540
22542
22543
22545
22548
22549
22556
22558
22559
22561
22563
22566
22568
22572
22573
22575
22577
22579
22582
22583
22584
22587
22592
22595
22598
22600
22601
22602
22603
22604
22605
22608
22611
22612
22615
22620
22621
22622
22623
22627
22628
22629
22633
22634
22637
22638
22640
22642
22643
22645
22647
22648
22649
22650
22652
22653
22656
22658
22661
22665
22669
22673
22674
22677
22679
22682
22683
22684
22686
22687
22688
22692
22693
22694
22696
22698
22700
22701
22702
22703
22706
22710
22711
22712
22713
22715
22718
22727
22728
22729
22731
22733
22734
22735
22736
22737
22739
22740
22742
22743
22744
22746
22749
22752
22755
22756
22757
22758
22762
22765
22767
22769
22771
22772
22774
22779
22780
22787
22790
22795
22797
22798
22799
22800
22801
22802
22805
22806
22808
22809
22810
22812
22817
22821
22823
22825
22829
22831
22832
22834
22840
22844
22849
22850
22852
22856
22863
22864
22865
22867
22870
22871
22874
22875
22876
22878
22879
22880
22881
22888
22890
22891
22892
22898
22899
22900
22902
22903
22905
22906
22909
22911
22913
22914
22915
22917
22919
22920
22922
22923
22925
22928
22929
22930
22931
22932
22935
22939
22940
22942
22943
22944
22945
22946
22947
22948
22949
22950
22951
22952
22955
22957
22958
22959
22960
22961
22962
22963
22964
22966
22968
22975
22976
22979
22982
22983
22986
22989
22994
22995
22998
22999
23002
23003
23006
23007
23009
23010
23011
23014
23015
23016
23017
23019
23020
23022
23024
23027
23028
23030
23031
23033
23035
23036
23041
23043
23045
23046
23048
23051
23052
23054
23055
23056
23057
23059
23060
23063
23064
23066
23067
23069
23071
23072
23073
23074
23075
23078
23079
23080
23082
23083
23085
23087
23090
23091
23095
23096
23100
23104
23105
23106
23108
23109
23115
23117
23118
23122
23124
23125
23132
23133
23138
23139
23142
23143
23145
23147
23151
23156
23157
23165
23167
23168
23169
23171
23172
23174
23175
23177
23178
23179
23181
23182
23186
23187
23189
23191
23193
23194
23195
23196
23197
23198
23199
23201
23202
23203
23204
23205
23206
23209
23210
23215
23216
23219
23221
23222
23225
23227
23230
23231
23232
23235
23240
23241
23245
23247
23248
23250
23254
23262
23267
23269
23271
23272
23277
23278
23279
23281
23282
23286
23288
23290
23291
23292
23293
23296
23298
23299
23300
23301
23302
23304
23305
23308
23309
23310
23311
23312
23314
23315
23317
23318
23319
23320
23321
23324
23334
23335
23337
23338
23341
23342
23345
23349
23352
23354
23355
23356
23357
23359
23361
23362
23364
23367
23368
23369
23370
23371
23374
23379
23381
23384
23386
23389
23390
23391
23394
23395
23396
23403
23405
23406
23407
23409
23410
23416
23417
23419
23422
23424
23426
23432
23433
23435
23439
23442
23443
23445
23446
23447
23448
23449
23451
23453
23455
23456
23457
23458
23462
23463
23464
23465
23466
23471
23472
23473
23474
23477
23481
23484
23486
23487
23490
23491
23492
23494
23495
23496
23498
23499
23503
23505
23506
23508
23511
23514
23515
23516
23518
23519
23520
23522
23525
23526
23531
23532
23536
23540
23548
23549
23551
23557
23558
23560
23561
23562
23565
23566
23574
23575
23576
23577
23578
23581
23584
23585
23586
23587
23588
23590
23592
23593
23594
23595
23597
23598
23599
23600
23602
23603
23605
23607
23608
23609
23610
23611
23613
23614
23615
23616
23620
23621
23623
23627
23628
23636
23637
23639
23640
23644
23647
23650
23651
23652
23654
23656
23657
23658
23659
23660
23661
23662
23665
23666
23667
23671
23677
23678
23679
23681
23683
23685
23687
23690
23693
23698
23701
23705
23707
23709
23711
23712
23715
23717
23718
23719
23720
23722
23723
23724
23725
23728
23729
23730
23731
23735
23740
23741
23743
23747
23748
23749
23752
23753
23755
23756
23757
23758
23759
23760
23761
23762
23763
23765
23767
23768
23770
23771
23774
23776
23778
23785
23789
23792
23793
23797
23798
23799
23803
23805
23809
23810
23811
23812
23813
23814
23815
23822
23823
23824
23827
23828
23833
23836
23841
23842
23843
23844
23848
23849
23854
23856
23857
23861
23863
23864
23866
23877
23879
23881
23885
23887
23889
23890
23896
23897
23900
23901
23903
23904
23907
23908
23911
23912
23913
23914
23918
23919
23922
23924
23925
23928
23929
23936
23937
23938
23939
23940
23944
23946
23947
23950
23951
23953
23954
23955
23956
23958
23959
23960
23961
23964
23966
23968
23969
23970
23971
23972
23975
23976
23978
23980
23981
23983
23984
23987
23988
23989
23991
23993
23994
23996
23998
24001
24002
24004
24005
24007
24009
24012
24013
24014
24015
24018
24023
24024
24027
24029
24030
24034
24035
24036
24037
24042
24045
24046
24047
24050
24051
24054
24058
24060
24063
24065
24068
24072
24073
24077
24078
24079
24080
24088
24089
24092
24093
24095
24097
24098
24099
24100
24103
24104
24105
24108
24110
24111
24113
24118
24120
24121
24123
24124
24127
24128
24129
24130
24132
24133
24134
24136
24138
24139
24142
24143
24144
24145
24146
24148
24150
24152
24153
24155
24158
24161
24165
24166
24170
24172
24173
24174
24180
24181
24183
24184
24185
24187
24188
24189
24190
24191
24198
24199
24201
24206
24207
24208
24213
24214
24215
24216
24217
24218
24219
24220
24222
24226
24229
24230
24233
24235
24236
24238
24240
24242
24243
24246
24249
24253
24256
24257
24258
24259
24260
24261
24263
24264
24266
24269
24271
24274
24275
24279
24284
24286
24287
24288
24290
24292
24294
24295
24296
24297
24304
24306
24308
24309
24310
24313
24314
24316
24317
24320
24321
24324
24327
24329
24330
24331
24333
24334
24335
24336
24337
24338
24339
24340
24344
24347
24350
24351
24358
24360
24363
24366
24368
24370
24371
24372
24373
24375
24376
24377
24378
24388
24390
24391
24392
24394
24396
24398
24399
24401
24402
24403
24404
24406
24407
24408
24410
24411
24412
24416
24417
24418
24419
24420
24429
24431
24435
24437
24448
24453
24454
24455
24458
24460
24461
24464
24466
24468
24471
24472
24473
24475
24476
24477
24478
24479
24481
24483
24484
24485
24486
24487
24488
24491
24492
24494
24497
24498
24500
24502
24503
24505
24507
24508
24510
24511
24512
24515
24516
24517
24519
24524
24527
24528
24530
24535
24536
24541
24542
24544
24547
24549
24551
24552
24553
24556
24557
24560
24561
24562
24565
24566
24567
24569
24579
24580
24581
24582
24583
24585
24586
24587
24588
24592
24595
24596
24598
24599
24601
24603
24605
24610
24613
24614
24616
24619
24621
24623
24624
24625
24626
24627
24630
24631
24632
24633
24634
24636
24638
24639
24640
24643
24644
24645
24649
24656
24658
24659
24660
24663
24666
24667
24669
24673
24674
24676
24678
24679
24683
24685
24686
24688
24693
24695
24696
24699
24700
24701
24704
24705
24706
24711
24714
24716
24721
24722
24725
24726
24730
24731
24734
24735
24736
24737
24739
24744
24745
24746
24753
24754
24755
24760
24761
24762
24763
24765
24770
24773
24778
24779
24786
24787
24788
24793
24794
24796
24797
24798
24799
24800
24803
24806
24808
24814
24816
24817
24820
24821
24823
24824
24827
24830
24831
24833
24835
24836
24837
24839
24840
24841
24843
24847
24849
24850
24851
24854
24855
24859
24860
24862
24863
24864
24865
24868
24869
24870
24871
24873
24874
24875
24877
24879
24880
24882
24883
24884
24885
24886
24887
24889
24890
24891
24894
24895
24897
24898
24904
24905
24907
24908
24910
24911
24913
24917
24918
24922
24923
24927
24931
24932
24933
24937
24938
24939
24940
24941
24942
24943
24946
24949
24951
24954
24957
24960
24962
24964
24966
24968
24970
24971
24972
24975
24976
24977
24980
24984
24988
24989
24990
24991
24992
24994
24996
24997
24999
25001
25006
25007
25012
25014
25016
25017
25019
25022
25026
25028
25029
25031
25033
25034
25035
25036
25040
25041
25043
25044
25050
25052
25055
25057
25058
25059
25062
25064
25065
25066
25067
25068
25071
25072
25073
25076
25081
25082
25083
25086
25087
25088
25089
25093
25097
25099
25100
25102
25103
25105
25107
25108
25111
25112
25113
25118
25120
25122
25124
25127
25128
25129
25131
25132
25134
25135
25137
25138
25140
25141
25142
25145
25150
25151
25152
25153
25154
25157
25160
25161
25162
25165
25166
25167
25168
25170
25175
25179
25180
25182
25183
25186
25187
25188
25190
25193
25194
25199
25201
25203
25204
25205
25207
25211
25212
25216
25217
25218
25220
25222
25224
25225
25226
25229
25230
25232
25233
25234
25235
25236
25239
25242
25244
25245
25246
25248
25249
25254
25256
25259
25264
25265
25266
25267
25269
25271
25272
25274
25275
25278
25279
25280
25282
25283
25284
25285
25287
25288
25291
25292
25293
25294
25300
25301
25302
25303
25304
25309
25311
25312
25313
25317
25318
25322
25323
25324
25327
25328
25330
25331
25334
25336
25340
25341
25342
25343
25348
25349
25350
25353
25355
25356
25358
25359
25362
25364
25365
25369
25370
25372
25373
25374
25375
25376
25378
25379
25381
25382
25383
25384
25390
25395
25397
25398
25401
25403
25408
25409
25411
25414
25419
25421
25422
25423
25426
25430
25432
25433
25434
25435
25436
25437
25444
25445
25446
25447
25448
25449
25453
25455
25458
25462
25468
25471
25472
25474
25478
25479
25482
25487
25489
25490
25492
25498
25502
25505
25507
25508
25509
25510
25511
25513
25514
25517
25519
25521
25522
25523
25524
25526
25527
25528
25530
25532
25533
25534
25537
25538
25539
25541
25542
25546
25547
25552
25554
25555
25557
25559
25560
25562
25565
25566
25570
25572
25574
25575
25576
25579
25580
25582
25583
25585
25588
25590
25591
25594
25595
25597
25598
25599
25600
25601
25605
25608
25611
25612
25614
25618
25621
25624
25625
25628
25629
25630
25632
25633
25635
25636
25637
25638
25640
25642
25646
25649
25650
25652
25654
25657
25659
25660
25662
25663
25664
25666
25668
25669
25671
25674
25675
25676
25677
25678
25680
25681
25683
25687
25688
25690
25693
25694
25696
25697
25700
25707
25708
25709
25713
25714
25716
25717
25726
25728
25729
25730
25732
25734
25736
25738
25739
25743
25744
25751
25753
25754
25755
25757
25758
25760
25762
25763
25764
25765
25767
25768
25773
25781
25782
25783
25784
25787
25788
25789
25790
25791
25792
25793
25794
25799
25801
25805
25806
25810
25812
25813
25814
25815
25816
25817
25820
25823
25824
25828
25829
25830
25834
25835
25836
25837
25838
25841
25842
25843
25844
25846
25849
25850
25851
25852
25854
25855
25858
25860
25862
25865
25868
25869
25870
25871
25872
25876
25884
25885
25890
25891
25892
25897
25903
25904
25905
25909
25910
25911
25913
25915
25917
25918
25924
25925
25926
25927
25928
25933
25937
25941
25944
25945
25949
25950
25953
25957
25958
25960
25961
25962
25964
25965
25967
25972
25974
25975
25976
25978
25979
25982
25984
25985
25986
25987
25989
25990
25993
25995
25997
25998
25999
26001
26002
26003
26006
26009
26012
26013
26014
26015
26016
26017
26018
26019
26021
26022
26023
26025
26033
26035
26037
26038
26041
26042
26043
26044
26055
26056
26057
26060
26061
26062
26064
26065
26067
26068
26069
26071
26073
26074
26079
26080
26081
26083
26084
26086
26091
26093
26094
26095
26096
26097
26098
26099
26100
26101
26105
26107
26110
26112
26115
26116
26117
26119
26124
26125
26127
26128
26130
26131
26132
26133
26136
26139
26140
26142
26143
26144
26145
26148
26151
26153
26154
26156
26159
26160
26161
26162
26163
26166
26167
26168
26172
26174
26176
26180
26184
26186
26187
26189
26190
26191
26192
26193
26196
26197
26198
26199
26201
26205
26208
26209
26211
26213
26214
26215
26217
26218
26221
26223
26228
26230
26231
26232
26234
26235
26236
26245
26246
26247
26248
26249
26250
26251
26252
26253
26254
26256
26258
26260
26263
26264
26266
26267
26269
26270
26271
26272
26277
26278
26280
26282
26284
26285
26286
26287
26289
26291
26295
26298
26300
26301
26302
26303
26305
26306
26308
26315
26316
26320
26321
26323
26324
26325
26326
26333
26335
26338
26340
26343
26347
26351
26355
26356
26358
26360
26362
26368
26373
26374
26376
26383
26384
26391
26392
26393
26394
26395
26397
26400
26401
26404
26405
26406
26407
26408
26409
26412
26413
26415
26420
26422
26424
26426
26427
26430
26434
26436
26437
26440
26442
26444
26445
26447
26449
26454
26455
26457
26458
26459
26460
26461
26462
26463
26464
26465
26466
26468
26470
26474
26477
26479
26480
26484
26487
26492
26493
26494
26497
26499
26500
26501
26504
26509
26510
26512
26513
26514
26515
26516
26517
26519
26520
26524
26526
26527
26528
26529
26530
26533
26535
26536
26538
26543
26546
26549
26550
26551
26552
26553
26557
26558
26561
26564
26566
26568
26570
26572
26573
26574
26576
26581
26584
26588
26590
26591
26592
26593
26596
26599
26600
26601
26602
26603
26606
26608
26609
26610
26612
26613
26614
26617
26618
26619
26620
26626
26627
26630
26632
26636
26638
26639
26640
26645
26646
26648
26649
26650
26651
26655
26656
26657
26658
26660
26663
26664
26668
26669
26670
26672
26674
26675
26676
26678
26679
26680
26682
26683
26684
26686
26687
26688
26692
26695
26697
26699
26701
26702
26703
26708
26709
26710
26711
26716
26718
26721
26722
26724
26727
26733
26734
26739
26741
26742
26743
26746
26750
26752
26757
26760
26761
26762
26766
26767
26768
26769
26771
26774
26775
26776
26778
26779
26781
26784
26785
26786
26789
26790
26793
26795
26797
26799
26800
26801
26802
26803
26804
26805
26807
26808
26810
26812
26813
26814
26815
26817
26821
26823
26824
26825
26826
26829
26831
26835
26836
26838
26840
26844
26845
26847
26849
26850
26851
26853
26856
26857
26858
26859
26860
26861
26862
26866
26867
26869
26870
26872
26873
26874
26884
26885
26889
26890
26891
26894
26901
26902
26904
26909
26910
26912
26914
26917
26918
26919
26924
26925
26926
26930
26939
26947
26950
26956
26957
26958
26961
26963
26964
26972
26973
26974
26976
26978
26988
26990
26993
26994
26995
26997
26998
26999
27003
27005
27006
27008
27009
27015
27016
27020
27021
27022
27026
27027
27028
27032
27033
27035
27037
27039
27040
27041
27042
27044
27046
27047
27051
27054
27055
27058
27060
27061
27062
27064
27065
27066
27067
27071
27073
27076
27077
27078
27080
27082
27083
27084
27086
27088
27092
27094
27096
27098
27099
27105
27107
27108
27109
27111
27113
27114
27115
27116
27117
27118
27123
27127
27129
27131
27132
27133
27134
27138
27140
27142
27143
27145
27146
27150
27151
27152
27153
27157
27158
27160
27161
27162
27163
27167
27168
27171
27173
27175
27177
27179
27180
27181
27183
27184
27186
27188
27190
27191
27193
27195
27196
27199
27205
27206
27207
27209
27210
27211
27215
27216
27217
27221
27223
27224
27225
27227
27229
27233
27235
27238
27239
27240
27241
27242
27249
27254
27255
27257
27258
27260
27262
27264
27265
27267
27268
27270
27272
27273
27275
27276
27277
27282
27284
27285
27288
27289
27290
27291
27293
27295
27296
27298
27299
27300
27302
27304
27305
27306
27307
27311
27316
27317
27318
27322
27324
27328
27329
27332
27333
27334
27337
27340
27341
27342
27343
27346
27348
27349
27350
27351
27352
27356
27357
27358
27359
27360
27361
27364
27367
27369
27371
27372
27373
27375
27377
27378
27380
27385
27391
27393
27394
27395
27396
27397
27398
27400
27401
27404
27405
27406
27410
27411
27412
27413
27415
27416
27417
27418
27421
27422
27423
27424
27427
27428
27430
27432
27434
27436
27437
27442
27443
27444
27445
27446
27448
27454
27456
27457
27459
27462
27465
27467
27468
27471
27472
27473
27474
27475
27479
27480
27481
27482
27483
27487
27489
27490
27493
27498
27500
27501
27503
27504
27505
27506
27509
27513
27514
27515
27516
27518
27519
27520
27521
27522
27523
27525
27527
27528
27531
27533
27534
27535
27536
27538
27539
27540
27541
27543
27544
27545
27547
27548
27549
27555
27556
27557
27558
27559
27561
27563
27564
27566
27567
27568
27569
27571
27572
27573
27574
27575
27576
27579
27580
27581
27582
27583
27584
27585
27587
27588
27589
27590
27592
27596
27597
27598
27600
27605
27607
27608
27611
27612
27613
27617
27618
27620
27623
27624
27626
27630
27635
27636
27637
27639
27641
27645
27649
27651
27653
27657
27658
27659
27660
27663
27664
27667
27668
27671
27675
27679
27680
27682
27684
27685
27687
27691
27692
27694
27695
27696
27698
27699
27700
27701
27707
27715
27716
27718
27719
27721
27723
27724
27725
27728
27730
27732
27734
27736
27737
27738
27739
27740
27742
27746
27747
27749
27752
27753
27758
27759
27760
27761
27764
27767
27768
27770
27773
27774
27776
27778
27779
27781
27782
27783
27785
27787
27788
27789
27790
27796
27798
27799
27808
27809
27810
27811
27813
27815
27817
27821
27823
27824
27828
27829
27830
27834
27836
27838
27839
27840
27843
27844
27845
27847
27848
27849
27853
27855
27856
27859
27860
27862
27864
27865
27867
27868
27869
27870
27873
27874
27875
27880
27881
27883
27884
27885
27886
27887
27888
27889
27891
27893
27899
27900
27902
27904
27906
27911
27912
27913
27915
27916
27918
27921
27922
27924
27925
27926
27930
27931
27933
27935
27937
27938
27940
27944
27946
27948
27953
27954
27958
27960
27961
27963
27966
27968
27972
27975
27979
27980
27981
27982
27983
27985
27986
27987
27988
27990
27991
27992
27993
27994
27995
27996
27998
27999
28000
28001
28002
28004
28005
28006
28009
28011
28013
28016
28017
28021
28022
28023
28024
28027
28030
28035
28036
28037
28038
28040
28041
28042
28046
28048
28051
28055
28059
28061
28062
28063
28064
28067
28070
28071
28073
28076
28079
28081
28082
28084
28085
28087
28089
28090
28092
28093
28094
28095
28097
28098
28099
28104
28105
28106
28107
28108
28112
28114
28115
28118
28119
28120
28121
28122
28123
28127
28128
28131
28132
28133
28137
28139
28140
28141
28142
28143
28144
28146
28147
28148
28152
28153
28154
28155
28156
28159
28160
28163
28165
28166
28167
28169
28170
28171
28175
28176
28177
28178
28180
28181
28186
28187
28189
28190
28192
28194
28195
28197
28198
28199
28200
28206
28209
28213
28214
28215
28218
28219
28220
28223
28224
28227
28228
28230
28234
28237
28239
28240
28241
28243
28246
28250
28251
28253
28255
28256
28258
28259
28261
28262
28263
28266
28268
28270
28272
28273
28274
28275
28277
28278
28280
28281
28284
28289
28290
28291
28294
28295
28298
28300
28303
28308
28309
28310
28313
28314
28315
28316
28317
28319
28321
28322
28325
28326
28330
28332
28333
28335
28337
28340
28341
28342
28343
28346
28350
28352
28353
28355
28357
28359
28361
28364
28365
28370
28371
28374
28375
28376
28377
28380
28381
28382
28385
28389
28391
28393
28396
28397
28399
28400
28402
28404
28405
28408
28409
28410
28413
28414
28415
28416
28417
28420
28421
28427
28428
28431
28433
28435
28436
28439
28442
28445
28446
28447
28448
28449
28453
28454
28456
28457
28459
28460
28462
28463
28464
28465
28466
28467
28468
28470
28471
28472
28478
28481
28482
28483
28491
28493
28495
28496
28499
28500
28502
28506
28508
28510
28512
28513
28514
28517
28518
28519
28520
28521
28522
28523
28527
28528
28529
28533
28534
28535
28536
28537
28538
28539
28542
28544
28545
28549
28552
28556
28557
28560
28561
28562
28563
28564
28568
28571
28575
28577
28578
28579
28580
28584
28586
28587
28590
28591
28592
28593
28594
28595
28596
28597
28599
28604
28612
28613
28615
28617
28618
28619
28625
28626
28629
28631
28633
28634
28635
28637
28639
28643
28644
28645
28648
28651
28653
28656
28657
28658
28660
28663
28664
28665
28666
28667
28669
28670
28671
28673
28675
28680
28684
28685
28687
28688
28690
28691
28694
28696
28699
28700
28701
28703
28704
28705
28707
28708
28710
28711
28717
28718
28721
28722
28724
28725
28726
28728
28730
28731
28732
28739
28741
28742
28744
28749
28751
28753
28754
28755
28756
28757
28758
28759
28760
28761
28763
28764
28766
28768
28769
28774
28775
28776
28777
28781
28782
28783
28785
28787
28790
28792
28793
28794
28795
28799
28801
28804
28805
28806
28807
28809
28811
28812
28813
28814
28818
28819
28823
28830
28831
28832
28833
28838
28846
28851
28853
28855
28856
28857
28858
28859
28863
28864
28867
28869
28873
28875
28877
28879
28880
28881
28882
28886
28890
28892
28898
28900
28902
28903
28904
28905
28906
28907
28908
28909
28910
28911
28912
28913
28915
28917
28919
28927
28928
28929
28930
28931
28933
28935
28936
28939
28940
28942
28945
28946
28947
28952
28954
28957
28958
28960
28961
28962
28963
28964
28966
28969
28970
28971
28974
28975
28976
28978
28981
28982
28984
28985
28987
28988
28991
28992
28997
28998
28999
29001
29002
29004
29006
29009
29010
29014
29016
29018
29019
29021
29025
29028
29029
29032
29033
29034
29035
29039
29042
29044
29045
29048
29050
29052
29053
29054
29057
29058
29059
29060
29061
29062
29063
29064
29067
29070
29071
29072
29073
29076
29078
29083
29086
29088
29091
29093
29094
29095
29097
29098
29101
29105
29107
29110
29111
29112
29114
29116
29117
29118
29119
29120
29121
29123
29124
29127
29129
29130
29131
29133
29134
29138
29140
29141
29142
29143
29144
29149
29153
29154
29156
29158
29161
29163
29164
29165
29170
29171
29172
29177
29179
29183
29185
29189
29190
29192
29193
29195
29196
29199
29202
29203
29204
29205
29210
29211
29216
29217
29218
29222
29223
29228
29229
29231
29232
29233
29234
29237
29238
29239
29240
29242
29243
29245
29248
29249
29250
29252
29253
29254
29257
29258
29259
29260
29262
29263
29266
29267
29268
29269
29272
29273
29275
29277
29278
29279
29280
29282
29284
29285
29289
29290
29295
29297
29299
29300
29301
29303
29304
29305
29306
29309
29311
29312
29314
29315
29317
29318
29319
29322
29323
29324
29326
29327
29328
29329
29332
29333
29335
29336
29337
29338
29339
29340
29341
29342
29344
29345
29346
29347
29348
29349
29350
29352
29353
29356
29358
29359
29360
29363
29364
29365
29367
29369
29371
29373
29374
29380
29381
29382
29389
29392
29394
29397
29398
29399
29400
29403
29406
29412
29413
29414
29416
29417
29418
29427
29431
29433
29434
29436
29437
29438
29443
29449
29450
29451
29452
29453
29454
29455
29456
29458
29459
29460
29461
29463
29464
29465
29466
29467
29468
29469
29470
29474
29475
29477
29479
29482
29484
29485
29486
29487
29491
29492
29494
29496
29497
29500
29504
29506
29507
29508
29510
29511
29514
29515
29516
29519
29521
29522
29524
29525
29526
29527
29529
29531
29532
29533
29535
29536
29539
29541
29542
29544
29545
29546
29548
29549
29550
29551
29554
29555
29557
29558
29559
29563
29566
29568
29571
29574
29580
29581
29582
29583
29584
29585
29590
29591
29593
29595
29596
29599
29600
29602
29603
29604
29606
29607
29608
29609
29610
29612
29613
29615
29616
29617
29618
29621
29622
29623
29625
29627
29629
29630
29635
29636
29637
29638
29639
29640
29642
29646
29649
29654
29655
29661
29662
29664
29666
29671
29673
29674
29675
29676
29677
29682
29685
29686
29690
29691
29697
29698
29699
29702
29703
29705
29706
29707
29712
29713
29714
29716
29718
29719
29726
29727
29730
29731
29733
29737
29740
29742
29743
29746
29747
29749
29750
29752
29753
29754
29756
29763
29764
29766
29767
29768
29770
29771
29772
29776
29781
29782
29784
29785
29786
29788
29789
29794
29797
29800
29802
29806
29809
29810
29811
29812
29813
29815
29816
29817
29821
29822
29826
29830
29833
29835
29837
29842
29845
29846
29847
29848
29849
29851
29852
29855
29858
29861
29864
29868
29869
29871
29872
29873
29875
29876
29879
29880
29882
29887
29889
29891
29892
29893
29895
29897
29899
29901
29902
29905
29906
29907
29908
29909
29912
29914
29916
29917
29918
29920
29921
29926
29927
29929
29930
29932
29933
29934
29935
29936
29941
29943
29944
29945
29947
29949
29953
29955
29957
29959
29961
29962
29963
29967
29969
29970
29972
29973
29974
29975
29979
29981
29982
29987
29988
29990
29994
29996
29997
29998
29999
30001
30002
30003
30004
30005
30010
30012
30013
30015
30016
30017
30018
30020
30021
30022
30023
30026
30028
30030
30031
30034
30038
30041
30043
30044
30047
30050
30052
30053
30054
30056
30058
30061
30062
30063
30070
30071
30072
30073
30076
30079
30080
30082
30085
30089
30090
30091
30092
30093
30096
30098
30100
30102
30107
30108
30109
30111
30113
30114
30116
30118
30119
30122
30123
30124
30125
30128
30130
30134
30135
30136
30137
30138
30141
30144
30147
30149
30150
30153
30155
30156
30159
30160
30161
30162
30163
30170
30174
30176
30177
30181
30183
30185
30188
30190
30194
30195
30196
30198
30201
30204
30207
30208
30212
30214
30217
30218
30220
30221
30222
30224
30227
30229
30231
30232
30235
30237
30240
30241
30242
30244
30245
30247
30252
30254
30256
30257
30259
30263
30264
30268
30272
30275
30276
30277
30278
30279
30280
30282
30283
30284
30287
30288
30291
30293
30297
30301
30309
30310
30314
30315
30316
30319
30320
30322
30324
30328
30330
30331
30332
30337
30338
30342
30343
30345
30346
30348
30350
30352
30353
30354
30356
30358
30362
30366
30367
30370
30371
30373
30377
30379
30380
30382
30383
30384
30386
30387
30393
30394
30396
30397
30398
30403
30411
30414
30417
30418
30419
30422
30424
30426
30427
30428
30429
30431
30436
30437
30441
30443
30444
30445
30447
30449
30450
30453
30454
30456
30460
30461
30464
30466
30468
30469
30472
30473
30474
30475
30476
30477
30481
30484
30486
30487
30489
30490
30492
30493
30503
30504
30507
30508
30509
30512
30516
30519
30520
30521
30522
30524
30525
30526
30528
30529
30532
30533
30536
30546
30547
30548
30549
30553
30555
30559
30560
30562
30563
30565
30567
30571
30572
30573
30577
30578
30580
30581
30582
30583
30584
30587
30588
30589
30592
30595
30597
30598
30600
30602
30604
30608
30610
30612
30615
30616
30617
30620
30624
30626
30627
30628
30631
30636
30639
30640
30641
30644
30645
30647
30648
30649
30651
30652
30655
30656
30660
30662
30664
30665
30667
30670
30677
30679
30682
30684
30685
30687
30692
30693
30694
30696
30698
30701
30704
30705
30707
30713
30714
30716
30717
30718
30719
30721
30723
30724
30725
30726
30727
30729
30733
30734
30736
30738
30741
30742
30744
30745
30747
30748
30749
30750
30760
30761
30762
30763
30769
30770
30771
30774
30778
30779
30780
30783
30785
30786
30787
30789
30790
30792
30793
30794
30795
30797
30798
30801
30803
30805
30806
30808
30809
30810
30812
30813
30814
30815
30820
30822
30824
30825
30826
30829
30832
30833
30836
30837
30838
30839
30842
30843
30844
30845
30846
30847
30848
30849
30850
30851
30852
30853
30854
30855
30856
30860
30866
30868
30869
30870
30871
30872
30874
30877
30879
30881
30882
30885
30890
30891
30894
30895
30896
30897
30900
30901
30906
30914
30915
30917
30919
30920
30922
30924
30925
30928
30929
30930
30931
30932
30934
30935
30936
30940
30942
30943
30944
30949
30950
30951
30953
30955
30958
30959
30960
30961
30963
30966
30967
30968
30970
30971
30973
30974
30975
30976
30978
30979
30980
30982
30983
30984
30985
30989
30994
30995
30996
30998
30999
31004
31007
31008
31009
31010
31012
31013
31014
31015
31016
31024
31025
31026
31028
31029
31033
31034
31036
31039
31040
31041
31043
31045
31046
31047
31049
31050
31051
31053
31056
31057
31058
31059
31060
31061
31063
31064
31065
31066
31067
31068
31070
31071
31072
31075
31077
31079
31082
31085
31090
31099
31102
31104
31105
31106
31107
31108
31110
31111
31112
31113
31116
31117
31120
31123
31126
31127
31129
31132
31133
31136
31138
31142
31145
31147
31148
31151
31153
31154
31156
31161
31162
31163
31166
31167
31171
31172
31174
31176
31178
31180
31182
31186
31192
31193
31198
31199
31200
31202
31203
31206
31209
31210
31211
31212
31215
31216
31217
31220
31221
31222
31225
31227
31229
31230
31232
31233
31234
31236
31240
31243
31244
31247
31249
31253
31254
31255
31256
31257
31259
31260
31261
31262
31263
31265
31266
31268
31269
31278
31280
31282
31285
31286
31289
31290
31292
31294
31296
31299
31301
31303
31306
31307
31309
31310
31314
31315
31321
31322
31323
31324
31325
31326
31327
31331
31334
31338
31341
31342
31345
31346
31348
31349
31354
31355
31356
31360
31366
31367
31368
31369
31372
31375
31377
31378
31380
31381
31384
31385
31386
31387
31390
31393
31394
31396
31397
31401
31403
31404
31405
31407
31409
31413
31416
31420
31422
31424
31428
31429
31430
31431
31432
31434
31441
31442
31444
31445
31448
31450
31454
31455
31457
31458
31460
31461
31462
31463
31469
31471
31475
31476
31479
31480
31482
31483
31485
31488
31489
31490
31491
31492
31493
31494
31495
31496
31497
31498
31499
31500
31501
31502
31504
31505
31506
31508
31511
31512
31513
31516
31517
31519
31524
31530
31531
31533
31535
31537
31538
31540
31548
31549
31551
31552
31553
31554
31556
31558
31559
31563
31565
31566
31567
31568
31569
31570
31571
31572
31574
31581
31583
31586
31588
31589
31592
31593
31594
31595
31596
31597
31599
31600
31601
31602
31604
31611
31612
31613
31615
31616
31617
31619
31626
31627
31628
31630
31632
31634
31635
31636
31639
31640
31641
31643
31644
31645
31647
31648
31650
31652
31656
31657
31658
31659
31660
31661
31662
31663
31664
31665
31667
31668
31670
31671
31673
31675
31676
31678
31680
31681
31682
31683
31684
31689
31693
31697
31698
31699
31700
31702
31703
31704
31705
31708
31709
31710
31714
31717
31718
31720
31726
31727
31728
31730
31731
31732
31734
31735
31737
31740
31742
31745
31747
31749
31750
31756
31757
31758
31762
31763
31764
31765
31767
31768
31773
31775
31776
31778
31780
31781
31782
31784
31785
31787
31788
31789
31792
31793
31794
31795
31798
31799
31800
31802
31803
31805
31807
31810
31812
31814
31815
31820
31826
31827
31829
31833
31834
31835
31836
31837
31838
31841
31843
31844
31850
31851
31853
31854
31856
31859
31863
31865
31867
31870
31871
31873
31874
31875
31877
31879
31880
31881
31882
31888
31893
31895
31899
31900
31907
31908
31909
31910
31912
31913
31914
31916
31917
31919
31921
31923
31924
31926
31927
31928
31930
31934
31935
31938
31939
31940
31941
31943
31944
31946
31947
31948
31949
31951
31953
31958
31960
31965
31966
31968
31971
31973
31974
31975
31980
31981
31982
31986
31988
31990
31991
31996
31999
32000
32001
32004
32006
32008
32009
32010
32013
32015
32019
32020
32021
32026
32027
32028
32029
32030
32031
32033
32034
32035
32039
32041
32043
32045
32047
32048
32051
32052
32054
32056
32057
32058
32059
32061
32062
32064
32066
32070
32071
32075
32078
32079
32080
32081
32082
32084
32085
32088
32090
32092
32094
32095
32096
32097
32099
32101
32103
32106
32108
32109
32110
32112
32114
32115
32116
32118
32122
32123
32125
32127
32129
32135
32136
32137
32139
32141
32142
32147
32151
32155
32157
32158
32160
32165
32166
32167
32168
32170
32172
32173
32175
32177
32178
32179
32180
32183
32184
32185
32186
32188
32189
32192
32193
32195
32197
32200
32201
32203
32206
32209
32210
32211
32212
32214
32215
32216
32218
32219
32221
32223
32224
32226
32227
32231
32232
32233
32236
32238
32241
32243
32246
32249
32250
32252
32254
32256
32258
32260
32261
32262
32263
32267
32274
32276
32279
32282
32283
32285
32286
32289
32290
32291
32292
32294
32301
32303
32304
32305
32307
32313
32314
32317
32319
32322
32333
32334
32335
32336
32337
32338
32342
32344
32345
32346
32348
32350
32351
32352
32353
32354
32355
32357
32359
32360
32361
32362
32363
32367
32368
32369
32370
32371
32373
32374
32376
32377
32378
32379
32380
32381
32385
32387
32389
32392
32395
32398
32399
32400
32401
32402
32403
32406
32407
32408
32411
32413
32414
32417
32419
32420
32421
32425
32426
32429
32430
32431
32433
32435
32436
32437
32440
32441
32442
32443
32444
32449
32450
32451
32452
32454
32457
32459
32461
32464
32466
32467
32468
32469
32470
32471
32472
32474
32479
32480
32481
32482
32483
32484
32485
32486
32487
32488
32492
32496
32497
32498
32500
32501
32508
32509
32515
32520
32521
32522
32524
32526
32529
32531
32533
32534
32536
32537
32541
32542
32543
32544
32545
32546
32550
32551
32552
32553
32554
32555
32556
32557
32560
32566
32567
32569
32571
32572
32573
32574
32575
32576
32581
32583
32584
32587
32589
32592
32594
32595
32597
32598
32602
32603
32606
32608
32614
32615
32621
32622
32623
32624
32626
32628
32630
32631
32632
32633
32634
32638
32639
32642
32643
32644
32646
32649
32650
32652
32653
32654
32656
32660
32662
32663
32664
32665
32666
32667
32670
32672
32676
32678
32688
32694
32696
32697
32698
32703
32705
32706
32707
32709
32710
32712
32715
32721
32722
32723
32725
32726
32729
32732
32734
32736
32737
32739
32740
32744
32745
32746
32748
32751
32753
32754
32755
32759
32761
32762
32767
32768
32773
32776
32779
32781
32784
32788
32789
32790
32794
32795
32796
32799
32800
32801
32804
32807
32808
32811
32813
32814
32818
32819
32824
32825
32826
32827
32828
32829
32831
32832
32833
32834
32835
32836
32837
32838
32840
32841
32843
32844
32849
32851
32852
32853
32854
32855
32857
32859
32861
32863
32864
32865
32867
32868
32869
32870
32874
32876
32879
32881
32883
32886
32887
32888
32889
32890
32899
32900
32902
32905
32908
32909
32910
32915
32918
32919
32920
32922
32923
32924
32927
32928
32929
32931
32934
32939
32944
32946
32948
32950
32951
32952
32953
32957
32958
32959
32960
32962
32964
32967
32968
32969
32970
32975
32977
32978
32979
32980
32983
32984
32987
32988
32989
32992
32993
32996
32998
33001
33003
33004
33005
33006
33007
33010
33011
33012
33021
33027
33030
33032
33033
33034
33035
33038
33039
33040
33041
33044
33046
33050
33053
33054
33055
33060
33061
33063
33064
33065
33066
33069
33071
33072
33073
33074
33077
33081
33082
33084
33085
33087
33088
33089
33090
33091
33092
33096
33100
33101
33102
33103
33104
33107
33108
33109
33111
33112
33113
33115
33119
33121
33123
33127
33132
33133
33135
33136
33137
33138
33139
33144
33150
33152
33153
33155
33156
33158
33159
33162
33165
33167
33168
33174
33175
33183
33185
33186
33187
33189
33193
33196
33198
33199
33202
33206
33208
33211
33212
33213
33214
33215
33217
33218
33219
33220
33221
33223
33224
33225
33226
33230
33234
33235
33236
33238
33241
33242
33245
33248
33249
33250
33251
33253
33254
33255
33258
33260
33262
33266
33267
33268
33269
33273
33274
33276
33279
33280
33281
33283
33285
33286
33287
33293
33294
33295
33297
33298
33299
33301
33307
33309
33310
33312
33314
33315
33316
33317
33320
33324
33329
33330
33331
33332
33338
33339
33343
33344
33347
33349
33352
33353
33354
33357
33364
33366
33368
33370
33372
33373
33382
33383
33385
33386
33387
33388
33393
33394
33395
33397
33398
33400
33401
33405
33406
33407
33408
33409
33412
33414
33415
33416
33418
33419
33424
33425
33426
33428
33431
33435
33436
33439
33441
33443
33445
33447
33450
33451
33452
33454
33457
33459
33460
33461
33462
33463
33464
33465
33466
33468
33469
33476
33477
33479
33481
33482
33483
33485
33487
33493
33495
33496
33497
33498
33499
33501
33503
33506
33508
33509
33510
33511
33514
33515
33522
33523
33524
33527
33530
33533
33535
33537
33538
33541
33542
33543
33545
33548
33549
33551
33552
33553
33554
33555
33556
33557
33558
33559
33562
33563
33566
33567
33569
33572
33573
33575
33577
33578
33579
33580
33584
33589
33590
33591
33592
33594
33597
33598
33600
33601
33602
33605
33606
33611
33613
33614
33616
33617
33618
33621
33623
33625
33626
33628
33631
33632
33635
33637
33639
33640
33641
33642
33644
33646
33647
33649
33652
33653
33654
33655
33656
33657
33658
33660
33661
33662
33663
33664
33667
33669
33671
33672
33674
33676
33677
33681
33684
33685
33687
33688
33689
33692
33695
33696
33699
33700
33701
33703
33704
33705
33707
33711
33712
33713
33714
33715
33717
33719
33721
33728
33729
33734
33735
33738
33742
33743
33744
33745
33746
33747
33750
33751
33752
33753
33754
33755
33756
33758
33759
33760
33762
33765
33766
33768
33769
33771
33773
33776
33777
33779
33780
33781
33782
33784
33785
33786
33788
33790
33794
33796
33797
33799
33800
33803
33804
33807
33809
33810
33815
33816
33817
33820
33821
33824
33825
33827
33828
33829
33830
33831
33832
33834
33835
33838
33839
33840
33841
33842
33843
33844
33846
33847
33848
33849
33850
33851
33853
33856
33858
33859
33862
33864
33866
33868
33869
33870
33874
33875
33877
33878
33880
33882
33885
33887
33889
33890
33892
33893
33894
33895
33898
33900
33903
33907
33908
33910
33912
33913
33916
33918
33919
33922
33923
33924
33925
33926
33927
33928
33929
33930
33931
33932
33936
33938
33939
33941
33942
33946
33947
33950
33951
33952
33953
33954
33955
33957
33958
33959
33961
33962
33964
33967
33968
33969
33970
33971
33975
33976
33977
33978
33979
33981
33983
33984
33985
33986
33987
33988
33994
33997
33998
33999
34003
34004
34005
34006
34007
34009
34011
34015
34016
34017
34019
34020
34021
34024
34025
34026
34030
34031
34034
34035
34036
34040
34041
34042
34045
34046
34049
34051
34056
34059
34060
34063
34072
34077
34078
34079
34081
34082
34083
34084
34085
34087
34090
34093
34096
34101
34102
34103
34104
34106
34107
34110
34114
34118
34119
34120
34121
34122
34123
34124
34126
34127
34128
34132
34134
34136
34137
34138
34139
34143
34146
34147
34150
34151
34152
34153
34156
34157
34159
34160
34164
34165
34167
34168
34169
34170
34172
34176
34177
34178
34179
34181
34183
34185
34187
34189
34190
34191
34193
34196
34197
34201
34202
34208
34209
34210
34211
34214
34216
34220
34222
34224
34225
34230
34232
34238
34240
34242
34243
34244
34248
34251
34258
34259
34261
34262
34263
34269
34271
34273
34276
34277
34278
34279
34280
34285
34287
34288
34290
34294
34296
34300
34301
34303
34304
34306
34308
34311
34312
34314
34317
34318
34319
34323
34326
34327
34328
34332
34335
34339
34340
34341
34343
34350
34351
34354
34355
34356
34358
34359
34362
34363
34366
34367
34369
34370
34371
34373
34374
34376
34377
34379
34381
34382
34383
34384
34386
34389
34390
34392
34395
34397
34403
34405
34408
34410
34411
34413
34415
34416
34417
34419
34420
34422
34423
34424
34426
34427
34430
34431
34433
34434
34435
34436
34437
34438
34440
34441
34443
34446
34448
34452
34454
34455
34456
34457
34460
34461
34463
34465
34466
34467
34470
34472
34473
34474
34475
34476
34478
34480
34481
34486
34487
34490
34491
34495
34496
34498
34501
34502
34506
34508
34510
34511
34512
34513
34515
34521
34522
34524
34525
34527
34530
34532
34535
34536
34537
34539
34540
34541
34542
34543
34544
34546
34547
34549
34550
34551
34552
34554
34555
34556
34561
34562
34564
34570
34571
34575
34579
34582
34583
34586
34587
34589
34591
34594
34596
34600
34604
34605
34610
34612
34614
34615
34617
34618
34619
34621
34623
34625
34627
34628
34629
34631
34633
34639
34640
34641
34643
34644
34647
34649
34652
34654
34655
34657
34658
34659
34661
34664
34665
34668
34672
34675
34676
34678
34682
34683
34684
34685
34688
34690
34691
34692
34693
34694
34696
34697
34700
34701
34702
34703
34705
34708
34710
34712
34713
34715
34719
34721
34724
34726
34727
34729
34730
34731
34732
34733
34736
34737
34738
34739
34741
34742
34746
34752
34757
34759
34764
34766
34769
34777
34780
34783
34785
34786
34789
34790
34796
34803
34805
34812
34819
34822
34823
34827
34828
34829
34831
34832
34833
34834
34835
34836
34837
34839
34840
34841
34842
34847
34848
34853
34854
34855
34857
34858
34859
34860
34861
34863
34864
34865
34866
34867
34870
34871
34872
34873
34874
34875
34877
34881
34885
34886
34888
34890
34892
34894
34896
34901
34902
34905
34910
34911
34912
34917
34920
34923
34924
34928
34929
34931
34934
34936
34939
34943
34951
34955
34956
34961
34965
34967
34968
34970
34971
34976
34978
34983
34985
34986
34990
34996
34999
35000
35001
35004
35006
35009
35012
35014
35017
35019
35020
35022
35023
35027
35029
35030
35031
35032
35038
35040
35043
35045
35046
35048
35049
35054
35057
35058
35059
35061
35062
35064
35065
35066
35067
35073
35074
35076
35077
35081
35082
35085
35086
35091
35093
35095
35096
35097
35098
35099
35100
35103
35104
35107
35109
35111
35113
35114
35116
35117
35118
35121
35122
35123
35125
35126
35127
35128
35129
35130
35131
35133
35134
35135
35136
35137
35138
35139
35141
35142
35143
35145
35150
35152
35153
35156
35158
35159
35161
35163
35164
35167
35169
35172
35173
35175
35177
35178
35180
35181
35184
35185
35188
35190
35191
35195
35196
35197
35198
35201
35202
35203
35205
35206
35207
35208
35209
35210
35212
35219
35220
35222
35229
35230
35231
35232
35237
35238
35240
35241
35242
35245
35248
35249
35253
35254
35255
35256
35261
35262
35263
35264
35265
35266
35267
35268
35269
35270
35271
35273
35274
35275
35278
35279
35282
35283
35284
35291
35292
35293
35294
35298
35302
35304
35306
35307
35309
35311
35312
35313
35316
35317
35321
35325
35326
35329
35331
35332
35334
35335
35338
35339
35340
35341
35344
35345
35348
35350
35351
35352
35355
35358
35360
35361
35363
35366
35368
35369
35370
35371
35373
35374
35377
35379
35382
35387
35389
35391
35392
35393
35394
35396
35398
35399
35403
35404
35407
35409
35412
35415
35417
35419
35421
35422
35425
35430
35435
35436
35438
35439
35440
35441
35443
35444
35446
35448
35453
35457
35458
35459
35460
35462
35469
35470
35471
35476
35478
35479
35482
35483
35484
35486
35487
35489
35490
35491
35494
35495
35497
35498
35499
35501
35502
35503
35505
35506
35507
35508
35511
35512
35515
35516
35519
35520
35525
35528
35530
35531
35536
35538
35541
35543
35546
35547
35552
35553
35554
35556
35558
35561
35562
35563
35564
35565
35569
35572
35573
35574
35577
35578
35581
35582
35583
35584
35587
35588
35589
35591
35592
35594
35596
35597
35598
35599
35603
35604
35608
35610
35612
35613
35615
35616
35617
35618
35619
35620
35621
35622
35624
35625
35628
35631
35632
35633
35634
35635
35636
35638
35641
35642
35643
35648
35649
35650
35652
35654
35655
35656
35660
35662
35663
35665
35670
35671
35676
35679
35682
35683
35685
35687
35688
35690
35691
35696
35701
35705
35707
35710
35711
35713
35714
35715
35717
35718
35719
35721
35722
35723
35724
35726
35728
35731
35736
35739
35741
35742
35745
35747
35748
35749
35751
35753
35754
35755
35756
35758
35760
35763
35766
35767
35768
35769
35770
35772
35776
35781
35784
35787
35788
35790
35791
35792
35795
35796
35797
35798
35802
35804
35805
35806
35807
35808
35809
35811
35812
35816
35818
35829
35830
35831
35832
35833
35836
35837
35840
35842
35846
35847
35850
35853
35858
35859
35860
35862
35863
35864
35879
35880
35884
35886
35887
35888
35890
35894
35895
35896
35899
35900
35902
35906
35907
35908
35909
35911
35913
35914
35916
35918
35919
35923
35924
35925
35926
35928
35929
35936
35941
35942
35943
35945
35946
35947
35949
35951
35952
35953
35958
35959
35960
35961
35963
35964
35965
35966
35967
35968
35969
35970
35972
35973
35974
35976
35982
35983
35984
35985
35986
35989
35990
35993
35997
35999
36002
36006
36007
36008
36009
36010
36011
36013
36014
36016
36017
36022
36024
36027
36028
36029
36032
36036
36037
36042
36044
36046
36048
36049
36050
36052
36054
36055
36058
36060
36061
36062
36063
36064
36066
36067
36070
36071
36073
36074
36075
36076
36077
36079
36081
36082
36083
36084
36087
36089
36090
36091
36095
36096
36100
36102
36103
36104
36105
36107
36108
36109
36110
36116
36117
36118
36124
36126
36127
36130
36134
36135
36138
36140
36143
36146
36149
36150
36151
36152
36153
36154
36155
36156
36157
36158
36160
36161
36162
36164
36169
36170
36172
36173
36174
36179
36182
36183
36184
36189
36190
36196
36197
36198
36199
36201
36202
36204
36206
36208
36209
36211
36212
36216
36218
36222
36224
36227
36228
36229
36231
36233
36238
36239
36245
36247
36249
36250
36251
36255
36257
36258
36265
36267
36269
36272
36273
36276
36279
36281
36283
36284
36286
36288
36289
36292
36296
36299
36300
36302
36304
36305
36306
36307
36309
36310
36311
36312
36314
36316
36318
36319
36322
36326
36328
36330
36332
36335
36337
36338
36340
36341
36343
36348
36349
36350
36352
36354
36355
36357
36358
36359
36362
36366
36367
36368
36372
36373
36374
36377
36378
36380
36381
36382
36383
36386
36388
36389
36391
36392
36393
36394
36397
36399
36400
36401
36403
36407
36410
36411
36412
36413
36419
36421
36422
36423
36424
36426
36430
36431
36434
36438
36440
36441
36443
36445
36446
36447
36449
36450
36452
36457
36459
36460
36461
36464
36465
36466
36467
36468
36469
36470
36471
36472
36474
36475
36477
36481
36482
36487
36488
36491
36492
36493
36494
36499
36504
36506
36508
36509
36510
36512
36513
36516
36518
36519
36520
36521
36527
36529
36533
36538
36539
36544
36548
36552
36553
36554
36555
36557
36559
36562
36563
36564
36565
36567
36568
36572
36574
36575
36578
36581
36582
36584
36585
36590
36592
36596
36599
36603
36605
36606
36607
36610
36611
36612
36613
36616
36617
36618
36619
36620
36621
36622
36623
36624
36625
36630
36632
36633
36634
36637
36641
36643
36644
36646
36647
36648
36649
36650
36652
36654
36655
36661
36664
36667
36668
36669
36671
36673
36677
36678
36679
36681
36682
36683
36684
36686
36687
36691
36703
36704
36705
36709
36710
36713
36714
36717
36719
36721
36722
36723
36725
36726
36727
36730
36732
36735
36739
36742
36744
36745
36746
36747
36748
36750
36753
36755
36756
36757
36760
36767
36768
36772
36774
36775
36776
36777
36778
36782
36783
36784
36787
36788
36789
36792
36795
36796
36797
36800
36805
36808
36812
36813
36814
36824
36825
36826
36827
36828
36829
36832
36833
36834
36836
36837
36840
36841
36842
36844
36849
36852
36853
36856
36859
36861
36863
36865
36870
36874
36876
36877
36878
36883
36885
36887
36890
36897
36899
36902
36904
36906
36907
36910
36911
36913
36914
36915
36917
36923
36925
36926
36929
36931
36936
36940
36943
36945
36950
36956
36957
36960
36961
36962
36964
36966
36968
36970
36971
36972
36974
36975
36977
36980
36981
36983
36985
36986
36989
36990
36991
36992
36993
36994
36995
36996
36998
37000
37003
37004
37005
37006
37007
37008
37014
37018
37021
37023
37025
37027
37029
37031
37034
37040
37041
37042
37043
37044
37045
37046
37050
37051
37055
37056
37058
37064
37065
37068
37070
37072
37073
37074
37075
37079
37080
37081
37084
37085
37086
37087
37089
37090
37092
37093
37094
37095
37098
37104
37106
37111
37112
37113
37114
37115
37118
37120
37121
37126
37127
37129
37130
37131
37132
37133
37136
37137
37140
37143
37145
37146
37147
37148
37151
37152
37155
37157
37158
37159
37160
37164
37165
37167
37170
37174
37175
37177
37178
37183
37190
37191
37193
37195
37197
37198
37199
37204
37205
37206
37210
37211
37212
37213
37214
37217
37219
37220
37221
37224
37226
37230
37231
37232
37233
37237
37239
37240
37243
37246
37248
37250
37252
37254
37255
37256
37257
37258
37260
37261
37262
37265
37269
37271
37272
37273
37276
37281
37282
37283
37293
37294
37296
37298
37299
37300
37302
37303
37304
37311
37313
37314
37315
37316
37318
37320
37321
37323
37324
37325
37327
37328
37331
37332
37334
37335
37336
37337
37338
37341
37343
37345
37346
37352
37354
37355
37357
37359
37360
37361
37364
37365
37368
37371
37374
37375
37380
37381
37382
37385
37386
37387
37388
37391
37395
37396
37398
37400
37403
37404
37405
37407
37408
37410
37411
37412
37414
37419
37420
37421
37424
37425
37427
37428
37429
37430
37432
37437
37438
37439
37440
37442
37444
37445
37447
37448
37451
37453
37456
37457
37458
37460
37461
37464
37467
37468
37472
37474
37477
37480
37481
37482
37489
37490
37492
37495
37498
37499
37500
37504
37505
37506
37508
37511
37512
37513
37515
37517
37519
37521
37524
37526
37528
37529
37530
37531
37533
37534
37536
37539
37544
37545
37547
37551
37552
37553
37555
37556
37558
37559
37562
37563
37565
37567
37568
37569
37570
37571
37573
37576
37579
37581
37585
37589
37591
37593
37595
37596
37599
37601
37603
37605
37607
37617
37618
37621
37622
37623
37628
37629
37631
37634
37637
37639
37640
37641
37645
37646
37648
37650
37653
37654
37655
37656
37659
37661
37662
37673
37676
37677
37679
37683
37684
37685
37686
37687
37689
37691
37692
37693
37695
37697
37698
37699
37700
37701
37703
37707
37713
37714
37721
37724
37725
37728
37733
37734
37736
37737
37738
37741
37742
37746
37748
37749
37750
37752
37754
37757
37758
37759
37760
37761
37763
37765
37766
37768
37772
37774
37775
37776
37777
37779
37780
37784
37785
37790
37791
37793
37795
37796
37798
37800
37802
37803
37804
37806
37807
37808
37815
37817
37820
37821
37824
37827
37830
37831
37832
37834
37836
37840
37841
37843
37845
37846
37848
37850
37852
37855
37856
37857
37859
37860
37861
37863
37864
37865
37866
37868
37872
37873
37874
37877
37878
37879
37881
37882
37884
37885
37888
37889
37895
37896
37898
37899
37902
37904
37906
37907
37908
37914
37915
37916
37917
37918
37924
37925
37926
37927
37928
37930
37931
37932
37934
37935
37941
37945
37947
37949
37950
37951
37956
37959
37963
37965
37967
37968
37970
37972
37973
37974
37976
37977
37978
37979
37985
37986
37988
37989
37991
37992
37993
37995
37998
38001
38004
38009
38010
38011
38016
38017
38020
38022
38024
38027
38029
38032
38033
38035
38036
38037
38038
38043
38044
38046
38049
38053
38055
38056
38057
38061
38062
38063
38065
38066
38067
38068
38070
38071
38072
38074
38075
38080
38081
38082
38083
38085
38086
38088
38090
38092
38093
38095
38096
38098
38100
38102
38103
38104
38106
38109
38110
38112
38113
38114
38117
38119
38120
38121
38123
38125
38126
38127
38129
38133
38137
38138
38139
38140
38141
38143
38145
38148
38151
38153
38154
38156
38157
38158
38160
38161
38163
38164
38165
38166
38167
38169
38170
38172
38173
38175
38176
38183
38185
38186
38189
38192
38193
38194
38195
38196
38198
38199
38200
38201
38202
38203
38207
38208
38209
38210
38212
38213
38218
38219
38220
38221
38224
38227
38228
38229
38230
38231
38232
38233
38237
38238
38239
38240
38241
38243
38246
38248
38253
38255
38256
38259
38260
38267
38271
38274
38277
38279
38281
38283
38285
38287
38288
38289
38293
38296
38298
38299
38300
38302
38305
38306
38308
38310
38311
38312
38314
38316
38318
38319
38323
38327
38328
38332
38333
38334
38340
38342
38344
38347
38349
38350
38353
38354
38356
38357
38359
38360
38361
38362
38364
38368
38369
38370
38374
38376
38379
38380
38382
38383
38384
38386
38387
38388
38389
38390
38391
38394
38395
38397
38398
38403
38405
38407
38408
38410
38411
38412
38414
38415
38418
38419
38420
38421
38422
38423
38424
38426
38427
38429
38430
38431
38432
38433
38434
38435
38438
38439
38441
38442
38444
38447
38452
38453
38455
38456
38458
38459
38463
38464
38468
38471
38473
38475
38479
38481
38482
38491
38497
38499
38502
38503
38506
38510
38513
38516
38519
38520
38523
38525
38529
38531
38532
38533
38535
38539
38540
38541
38542
38543
38544
38545
38546
38547
38552
38553
38554
38556
38561
38565
38566
38567
38570
38571
38572
38575
38577
38580
38584
38586
38587
38588
38589
38591
38593
38596
38598
38603
38607
38610
38611
38612
38613
38614
38615
38616
38618
38619
38623
38624
38627
38633
38635
38636
38637
38638
38639
38641
38644
38646
38649
38650
38651
38653
38654
38657
38660
38661
38663
38664
38666
38668
38669
38670
38673
38674
38676
38677
38678
38680
38685
38688
38689
38690
38692
38698
38700
38702
38705
38707
38708
38710
38712
38721
38723
38724
38725
38731
38733
38734
38735
38738
38739
38741
38742
38743
38745
38746
38748
38750
38752
38756
38760
38764
38767
38770
38772
38776
38777
38778
38781
38787
38790
38793
38799
38801
38802
38803
38804
38806
38808
38812
38814
38815
38817
38818
38819
38820
38821
38822
38823
38826
38827
38829
38833
38834
38835
38837
38839
38841
38842
38845
38846
38849
38851
38858
38859
38860
38867
38868
38871
38872
38875
38876
38877
38879
38881
38882
38884
38892
38894
38896
38897
38899
38900
38902
38903
38904
38905
38906
38908
38912
38913
38914
38915
38918
38924
38925
38926
38927
38928
38931
38932
38934
38938
38939
38943
38944
38945
38947
38949
38950
38951
38952
38953
38955
38956
38958
38959
38960
38965
38966
38967
38972
38973
38975
38977
38979
38980
38982
38983
38984
38988
38989
38990
38991
38992
38993
38994
38995
38996
39000
39001
39002
39004
39005
39006
39007
39008
39010
39011
39015
39016
39017
39019
39021
39022
39024
39027
39032
39033
39034
39035
39039
39041
39042
39044
39045
39046
39047
39048
39050
39051
39052
39054
39056
39057
39058
39059
39062
39064
39067
39068
39069
39070
39074
39076
39078
39080
39081
39084
39088
39089
39090
39096
39101
39102
39104
39105
39107
39109
39110
39111
39112
39113
39116
39117
39121
39122
39125
39127
39128
39130
39135
39136
39138
39139
39144
39146
39147
39148
39149
39150
39152
39154
39156
39158
39159
39160
39162
39168
39169
39171
39173
39175
39182
39184
39185
39186
39187
39189
39190
39193
39195
39197
39198
39200
39201
39203
39204
39206
39210
39211
39214
39217
39219
39227
39228
39234
39235
39237
39241
39244
39245
39247
39251
39257
39258
39260
39261
39263
39265
39266
39267
39268
39272
39276
39278
39279
39280
39281
39282
39284
39287
39288
39289
39291
39296
39297
39298
39301
39304
39305
39306
39307
39311
39314
39318
39320
39323
39325
39327
39329
39330
39332
39339
39340
39341
39342
39343
39346
39350
39351
39352
39353
39356
39358
39360
39361
39363
39366
39368
39370
39371
39372
39374
39376
39378
39379
39384
39385
39386
39390
39397
39406
39408
39411
39412
39415
39419
39421
39422
39424
39430
39431
39432
39433
39435
39436
39438
39440
39441
39444
39446
39448
39449
39450
39451
39452
39455
39458
39459
39462
39466
39468
39469
39470
39471
39472
39475
39478
39479
39483
39484
39485
39488
39489
39491
39492
39493
39496
39498
39499
39502
39504
39506
39508
39509
39510
39511
39513
39517
39519
39520
39521
39525
39527
39529
39532
39534
39536
39537
39538
39540
39544
39545
39549
39551
39553
39554
39556
39557
39558
39559
39561
39562
39564
39565
39568
39569
39572
39574
39576
39577
39578
39579
39583
39584
39585
39586
39590
39591
39593
39594
39596
39597
39601
39602
39603
39604
39606
39607
39608
39609
39611
39612
39617
39618
39619
39620
39622
39624
39627
39637
39638
39639
39641
39643
39645
39648
39653
39655
39657
39658
39659
39660
39661
39663
39665
39666
39668
39669
39670
39671
39672
39673
39674
39675
39677
39678
39679
39681
39682
39683
39684
39687
39688
39689
39690
39692
39693
39696
39698
39699
39700
39704
39705
39706
39712
39714
39715
39717
39718
39720
39721
39723
39724
39727
39728
39729
39737
39738
39740
39741
39742
39744
39745
39746
39752
39753
39754
39755
39756
39757
39760
39761
39762
39765
39766
39767
39769
39770
39771
39772
39773
39775
39777
39778
39780
39782
39784
39786
39787
39789
39794
39796
39798
39801
39804
39806
39807
39808
39809
39810
39811
39812
39814
39815
39816
39819
39820
39821
39823
39825
39827
39829
39831
39832
39841
39842
39843
39844
39845
39847
39848
39849
39852
39853
39854
39855
39856
39858
39861
39862
39867
39868
39870
39871
39873
39874
39875
39877
39878
39882
39884
39886
39891
39895
39900
39902
39903
39904
39905
39907
39908
39910
39912
39914
39915
39916
39918
39919
39920
39921
39924
39925
39929
39935
39936
39937
39939
39942
39945
39947
39948
39949
39951
39953
39954
39956
39957
39958
39959
39960
39961
39964
39965
39969
39970
39972
39973
39976
39977
39979
39980
39983
39984
39985
39987
39990
39991
39993
39996
39997
40001
40002
40005
40006
40007
40010
40011
40012
40013
40015
40016
40017
40018
40019
40021
40023
40027
40028
40031
40032
40033
40034
40036
40037
40039
40041
40042
40043
40046
40048
40049
40050
40052
40054
40056
40057
40061
40063
40064
40067
40068
40071
40072
40073
40075
40077
40078
40080
40081
40082
40083
40087
40089
40091
40093
40095
40096
40101
40104
40109
40110
40111
40112
40113
40114
40116
40117
40118
40119
40120
40125
40126
40127
40129
40130
40135
40137
40138
40140
40142
40143
40146
40147
40149
40150
40151
40153
40154
40160
40161
40163
40164
40165
40166
40168
40169
40172
40173
40175
40176
40180
40181
40182
40185
40186
40190
40191
40194
40195
40197
40200
40202
40203
40204
40205
40206
40207
40211
40213
40214
40218
40219
40220
40222
40224
40225
40227
40228
40229
40231
40232
40233
40234
40235
40236
40237
40240
40243
40247
40248
40249
40250
40251
40252
40253
40255
40256
40258
40261
40262
40264
40267
40268
40270
40271
40272
40273
40274
40275
40276
40277
40280
40288
40291
40292
40298
40299
40300
40302
40306
40308
40311
40312
40313
40316
40319
40320
40321
40322
40323
40324
40328
40329
40332
40333
40335
40338
40339
40340
40342
40343
40345
40347
40348
40349
40350
40351
40352
40353
40354
40359
40360
40361
40364
40369
40373
40374
40379
40382
40385
40387
40388
40389
40390
40391
40392
40393
40397
40398
40399
40401
40410
40411
40412
40413
40414
40416
40418
40420
40422
40423
40425
40426
40429
40431
40432
40440
40441
40442
40444
40446
40447
40452
40453
40454
40455
40456
40458
40463
40464
40465
40466
40468
40469
40473
40475
40483
40484
40488
40489
40490
40493
40494
40495
40496
40500
40501
40503
40504
40505
40506
40507
40508
40510
40513
40514
40516
40517
40518
40519
40521
40523
40524
40525
40526
40528
40529
40530
40533
40536
40537
40538
40540
40541
40542
40543
40544
40546
40547
40548
40549
40552
40554
40558
40561
40562
40565
40571
40572
40576
40579
40581
40583
40585
40587
40592
40593
40598
40600
40601
40602
40606
40608
40609
40612
40616
40619
40620
40621
40624
40625
40626
40627
40628
40629
40632
40633
40635
40636
40637
40638
40639
40640
40643
40644
40645
40646
40648
40649
40650
40651
40659
40660
40661
40662
40665
40667
40668
40669
40670
40672
40677
40679
40681
40682
40684
40687
40688
40689
40690
40691
40693
40694
40695
40696
40697
40698
40701
40706
40709
40711
40714
40716
40719
40722
40724
40725
40727
40728
40729
40735
40736
40737
40738
40739
40741
40742
40744
40745
40746
40748
40751
40753
40754
40756
40764
40767
40768
40769
40771
40772
40776
40777
40780
40782
40783
40784
40785
40786
40787
40788
40790
40791
40792
40793
40794
40798
40803
40806
40808
40809
40810
40811
40812
40814
40815
40816
40818
40821
40824
40826
40827
40828
40829
40833
40834
40835
40836
40837
40838
40839
40848
40849
40853
40854
40856
40857
40862
40863
40864
40865
40866
40870
40871
40872
40875
40876
40878
40882
40884
40887
40888
40889
40890
40896
40897
40900
40902
40903
40904
40906
40916
40917
40923
40924
40926
40927
40928
40931
40932
40934
40935
40936
40937
40940
40943
40944
40946
40947
40948
40949
40950
40951
40955
40957
40958
40959
40960
40961
40962
40964
40965
40967
40968
40970
40975
40976
40977
40979
40980
40981
40982
40984
40985
40987
40988
40992
40994
40997
40998
41000
41001
41003
41004
41005
41007
41008
41009
41010
41011
41016
41017
41018
41020
41021
41022
41023
41024
41027
41028
41029
41031
41032
41033
41035
41036
41038
41039
41042
41043
41045
41046
41049
41050
41051
41061
41063
41064
41067
41068
41070
41075
41076
41077
41078
41083
41086
41088
41090
41092
41094
41095
41098
41099
41106
41107
41108
41109
41110
41114
41116
41118
41120
41121
41122
41123
41125
41126
41128
41130
41131
41132
41134
41136
41137
41138
41139
41141
41142
41144
41145
41147
41150
41152
41154
41155
41158
41159
41161
41164
41165
41166
41167
41168
41171
41172
41174
41175
41176
41178
41181
41182
41187
41190
41196
41197
41198
41200
41203
41206
41209
41211
41212
41214
41216
41220
41227
41228
41229
41230
41231
41232
41234
41240
41241
41248
41249
41252
41253
41254
41255
41257
41258
41259
41260
41262
41265
41269
41270
41271
41272
41274
41275
41276
41277
41278
41280
41281
41283
41287
41288
41289
41290
41291
41292
41295
41296
41299
41300
41301
41302
41303
41304
41305
41307
41308
41309
41313
41314
41315
41318
41320
41321
41326
41327
41331
41333
41335
41337
41338
41339
41340
41342
41343
41345
41347
41348
41349
41350
41351
41352
41353
41355
41358
41359
41361
41363
41364
41365
41366
41367
41371
41372
41373
41374
41385
41386
41387
41389
41390
41393
41394
41395
41396
41397
41401
41402
41407
41408
41409
41411
41417
41422
41424
41426
41428
41431
41433
41434
41435
41437
41442
41444
41445
41447
41453
41454
41455
41457
41459
41464
41465
41466
41470
41476
41479
41480
41483
41485
41486
41488
41491
41492
41493
41495
41500
41501
41503
41505
41507
41508
41513
41514
41519
41520
41521
41522
41537
41538
41540
41541
41542
41543
41544
41545
41548
41549
41550
41551
41553
41554
41555
41556
41557
41559
41560
41562
41563
41564
41565
41566
41568
41569
41575
41576
41580
41581
41582
41585
41590
41592
41593
41595
41597
41599
41602
41604
41605
41606
41607
41609
41614
41615
41617
41618
41623
41625
41626
41629
41631
41632
41635
41639
41640
41641
41643
41651
41652
41653
41655
41658
41659
41661
41662
41663
41664
41665
41666
41668
41669
41670
41671
41672
41674
41675
41677
41680
41684
41685
41688
41689
41690
41692
41693
41695
41696
41698
41699
41700
41704
41705
41709
41710
41712
41713
41715
41716
41718
41720
41721
41723
41728
41729
41730
41733
41738
41739
41740
41742
41745
41747
41749
41750
41752
41754
41755
41756
41757
41758
41761
41762
41765
41766
41769
41773
41775
41777
41781
41783
41784
41786
41789
41790
41792
41794
41798
41800
41802
41804
41805
41807
41809
41811
41812
41813
41815
41817
41823
41825
41826
41829
41831
41833
41834
41835
41841
41843
41844
41845
41848
41849
41850
41851
41853
41854
41856
41860
41861
41863
41869
41871
41874
41875
41876
41878
41881
41882
41883
41884
41885
41886
41887
41889
41894
41895
41896
41898
41899
41901
41902
41903
41904
41909
41911
41912
41914
41915
41920
41922
41925
41926
41927
41930
41934
41935
41936
41938
41939
41944
41945
41946
41947
41948
41949
41950
41952
41953
41954
41957
41958
41959
41960
41961
41964
41968
41969
41971
41975
41976
41978
41979
41981
41982
41983
41985
41988
41989
41991
41992
41994
41997
41999
42003
42005
42007
42008
42014
42016
42017
42019
42020
42022
42023
42024
42025
42027
42031
42032
42033
42034
42037
42039
42040
42041
42042
42043
42045
42047
42051
42052
42054
42058
42059
42062
42064
42066
42069
42071
42072
42074
42077
42086
42089
42093
42094
42095
42098
42100
42102
42104
42105
42106
42107
42108
42110
42111
42112
42115
42116
42117
42120
42122
42123
42125
42126
42127
42129
42136
42137
42139
42140
42143
42148
42152
42153
42155
42156
42158
42160
42163
42166
42167
42170
42172
42174
42180
42183
42184
42185
42186
42187
42188
42191
42192
42193
42197
42198
42200
42201
42203
42205
42206
42209
42212
42216
42218
42221
42224
42227
42228
42230
42231
42232
42233
42237
42238
42239
42240
42243
42244
42245
42247
42248
42250
42252
42254
42256
42257
42265
42266
42268
42269
42271
42274
42275
42276
42278
42279
42282
42286
42287
42288
42289
42291
42293
42294
42295
42299
42300
42301
42304
42305
42308
42309
42310
42312
42316
42317
42318
42320
42323
42325
42327
42328
42330
42332
42333
42334
42338
42346
42349
42350
42352
42364
42365
42367
42368
42372
42373
42374
42376
42377
42379
42383
42384
42385
42386
42387
42390
42392
42395
42396
42398
42402
42403
42406
42407
42408
42409
42410
42416
42418
42419
42422
42423
42424
42426
42427
42428
42430
42432
42433
42435
42436
42439
42440
42443
42445
42446
42447
42454
42455
42459
42460
42462
42465
42470
42471
42472
42473
42474
42476
42478
42479
42481
42482
42483
42484
42486
42487
42488
42490
42491
42492
42495
42497
42498
42499
42500
42501
42504
42507
42509
42510
42511
42514
42515
42517
42518
42519
42520
42521
42530
42533
42539
42540
42541
42543
42544
42546
42548
42549
42551
42552
42558
42563
42565
42566
42568
42569
42570
42571
42572
42573
42574
42575
42582
42583
42584
42585
42586
42590
42593
42595
42597
42598
42599
42600
42604
42606
42607
42608
42610
42611
42612
42614
42616
42617
42621
42622
42625
42626
42628
42630
42633
42634
42636
42641
42642
42643
42645
42647
42651
42653
42654
42655
42658
42661
42664
42667
42668
42669
42671
42673
42674
42678
42680
42683
42684
42687
42691
42694
42695
42698
42702
42704
42705
42707
42708
42709
42713
42714
42716
42718
42721
42722
42723
42724
42726
42727
42728
42731
42732
42733
42736
42738
42739
42743
42745
42746
42747
42748
42751
42754
42755
42758
42761
42762
42765
42766
42767
42768
42774
42776
42779
42780
42781
42783
42784
42785
42789
42791
42792
42793
42794
42795
42797
42798
42799
42805
42806
42808
42809
42811
42812
42814
42817
42818
42819
42821
42822
42823
42824
42826
42830
42836
42838
42840
42846
42847
42849
42850
42851
42852
42853
42856
42858
42860
42861
42863
42866
42868
42869
42874
42875
42877
42881
42882
42883
42885
42889
42890
42896
42902
42903
42906
42909
42912
42913
42915
42916
42917
42918
42921
42925
42930
42932
42933
42934
42936
42941
42942
42945
42946
42948
42949
42951
42954
42955
42960
42961
42962
42965
42966
42969
42971
42972
42973
42974
42975
42977
42978
42986
42989
42990
42994
42997
42999
43000
43002
43005
43006
43010
43012
43013
43016
43019
43020
43022
43026
43030
43031
43033
43035
43036
43041
43043
43045
43046
43047
43049
43054
43055
43056
43058
43060
43063
43064
43069
43070
43071
43072
43075
43076
43078
43079
43080
43081
43083
43088
43089
43090
43092
43093
43095
43096
43097
43099
43100
43104
43105
43106
43107
43113
43116
43118
43122
43124
43126
43127
43128
43133
43134
43136
43138
43139
43140
43141
43143
43147
43148
43149
43152
43157
43158
43159
43160
43162
43165
43171
43173
43174
43175
43177
43179
43182
43183
43191
43194
43196
43197
43199
43200
43206
43208
43209
43211
43214
43215
43217
43221
43223
43224
43225
43226
43228
43230
43233
43235
43236
43238
43240
43243
43244
43248
43249
43252
43253
43254
43260
43262
43266
43267
43268
43269
43272
43273
43274
43281
43284
43285
43287
43288
43294
43295
43297
43299
43300
43302
43306
43307
43311
43313
43314
43316
43317
43319
43321
43323
43324
43325
43327
43328
43329
43331
43333
43336
43337
43338
43339
43345
43349
43351
43352
43355
43359
43361
43362
43368
43370
43374
43376
43377
43380
43381
43386
43387
43388
43389
43392
43393
43394
43395
43397
43401
43403
43406
43407
43409
43411
43412
43413
43414
43415
43419
43420
43421
43424
43425
43427
43429
43430
43432
43435
43439
43440
43442
43444
43446
43447
43448
43450
43451
43453
43454
43455
43457
43459
43460
43461
43464
43465
43467
43468
43469
43473
43477
43480
43481
43482
43484
43485
43487
43489
43490
43491
43492
43493
43496
43497
43501
43502
43504
43505
43506
43507
43509
43510
43512
43514
43515
43516
43517
43518
43519
43520
43521
43523
43527
43528
43530
43534
43538
43539
43545
43546
43547
43548
43549
43550
43551
43552
43553
43554
43557
43558
43560
43561
43565
43566
43569
43571
43573
43575
43576
43578
43580
43583
43584
43585
43588
43589
43590
43592
43594
43597
43598
43599
43601
43603
43604
43605
43606
43607
43609
43610
43611
43612
43617
43620
43621
43622
43624
43626
43632
43633
43635
43636
43637
43638
43640
43644
43648
43649
43653
43655
43658
43661
43662
43663
43666
43667
43669
43670
43672
43674
43676
43677
43678
43679
43681
43682
43684
43685
43688
43690
43693
43695
43698
43699
43700
43702
43703
43704
43705
43707
43708
43709
43711
43712
43713
43717
43718
43719
43720
43721
43723
43724
43727
43730
43731
43733
43738
43739
43740
43744
43745
43746
43747
43748
43750
43752
43756
43758
43760
43763
43764
43770
43774
43779
43781
43782
43787
43789
43790
43791
43795
43797
43801
43806
43808
43809
43812
43813
43822
43824
43826
43827
43830
43834
43836
43839
43840
43843
43844
43850
43851
43853
43855
43857
43858
43861
43862
43863
43864
43866
43868
43870
43871
43875
43876
43878
43879
43881
43883
43884
43885
43886
43888
43890
43892
43894
43902
43904
43906
43907
43911
43912
43913
43915
43917
43918
43920
43921
43923
43924
43931
43932
43934
43936
43937
43939
43940
43941
43942
43943
43946
43947
43949
43950
43952
43955
43959
43960
43963
43964
43965
43966
43968
43970
43972
43974
43977
43980
43981
43985
43987
43988
43989
43990
43992
43993
43994
43996
43998
44000
44001
44002
44004
44005
44006
44007
44008
44009
44010
44011
44012
44014
44017
44018
44019
44021
44022
44023
44025
44027
44029
44030
44032
44033
44034
44035
44036
44038
44044
44045
44046
44048
44049
44050
44054
44055
44056
44058
44059
44063
44065
44068
44069
44070
44071
44072
44073
44074
44078
44081
44082
44085
44086
44087
44091
44093
44094
44096
44099
44101
44103
44105
44106
44107
44109
44112
44113
44115
44117
44119
44120
44121
44123
44126
44127
44129
44131
44132
44133
44134
44135
44137
44138
44140
44142
44147
44151
44156
44157
44158
44161
44162
44163
44165
44166
44172
44173
44174
44175
44176
44177
44180
44190
44191
44193
44195
44196
44199
44201
44204
44205
44207
44209
44210
44215
44220
44223
44224
44226
44227
44230
44234
44240
44241
44242
44243
44244
44246
44248
44249
44251
44252
44253
44258
44261
44262
44263
44264
44265
44266
44269
44272
44273
44277
44283
44284
44285
44286
44288
44290
44291
44293
44295
44297
44299
44301
44304
44305
44308
44313
44316
44318
44319
44320
44321
44325
44326
44328
44329
44331
44332
44333
44335
44336
44339
44341
44344
44345
44350
44354
44356
44358
44359
44361
44362
44363
44365
44366
44369
44373
44374
44375
44377
44379
44381
44382
44386
44388
44389
44392
44394
44397
44402
44404
44405
44411
44412
44413
44415
44418
44419
44420
44421
44424
44425
44427
44428
44429
44430
44433
44434
44435
44436
44437
44438
44440
44441
44442
44443
44444
44446
44449
44452
44454
44456
44464
44466
44471
44472
44476
44478
44479
44480
44481
44484
44485
44491
44493
44496
44500
44503
44504
44505
44507
44510
44513
44516
44517
44518
44523
44525
44528
44529
44530
44533
44534
44535
44536
44538
44539
44540
44541
44542
44543
44545
44547
44548
44549
44550
44554
44558
44559
44560
44564
44566
44567
44568
44569
44573
44576
44578
44579
44582
44583
44584
44587
44588
44589
44590
44591
44593
44596
44597
44598
44599
44602
44604
44608
44609
44611
44614
44618
44621
44623
44624
44626
44629
44630
44631
44632
44633
44634
44635
44637
44642
44644
44646
44651
44653
44654
44657
44658
44660
44662
44663
44665
44666
44668
44670
44672
44674
44675
44676
44677
44678
44679
44684
44685
44686
44689
44690
44691
44694
44696
44700
44701
44705
44706
44712
44713
44714
44720
44722
44723
44724
44727
44728
44729
44731
44732
44734
44736
44737
44739
44740
44741
44745
44747
44748
44750
44751
44753
44758
44760
44762
44763
44764
44765
44770
44773
44774
44775
44776
44777
44778
44780
44783
44786
44790
44791
44793
44795
44796
44798
44805
44806
44809
44810
44814
44815
44817
44818
44820
44822
44824
44825
44826
44828
44829
44832
44833
44834
44835
44836
44838
44840
44841
44842
44845
44846
44850
44851
44852
44855
44856
44859
44861
44871
44872
44874
44879
44880
44883
44890
44892
44893
44895
44897
44898
44902
44903
44904
44907
44908
44909
44911
44912
44913
44914
44915
44916
44917
44918
44919
44922
44925
44927
44928
44931
44932
44937
44940
44941
44948
44951
44952
44953
44955
44956
44958
44960
44961
44962
44964
44966
44969
44971
44972
44973
44977
44979
44980
44982
44983
44986
44989
44992
44993
44997
44999
45001
45002
45003
45004
45005
45008
45009
45012
45014
45016
45019
45027
45028
45029
45030
45031
45035
45036
45037
45041
45042
45044
45045
45047
45048
45050
45051
45052
45056
45058
45060
45061
45063
45064
45065
45066
45069
45071
45073
45075
45079
45081
45085
45086
45088
45091
45092
45093
45094
45095
45096
45098
45100
45101
45102
45104
45105
45106
45107
45108
45109
45110
45111
45113
45114
45116
45118
45120
45123
45129
45133
45135
45139
45142
45144
45145
45146
45147
45151
45153
45156
45159
45160
45161
45162
45165
45166
45167
45168
45169
45171
45173
45174
45175
45176
45177
45178
45179
45182
45186
45187
45188
45189
45191
45196
45199
45201
45204
45207
45208
45210
45211
45213
45215
45217
45218
45219
45222
45223
45225
45226
45227
45228
45230
45231
45233
45237
45239
45240
45241
45243
45244
45247
45248
45249
45253
45254
45256
45258
45260
45264
45265
45266
45269
45270
45273
45274
45276
45278
45279
45281
45283
45285
45286
45287
45288
45290
45293
45295
45297
45300
45301
45302
45304
45305
45306
45317
45318
45322
45326
45327
45330
45332
45335
45336
45337
45338
45343
45344
45349
45352
45360
45362
45363
45364
45365
45366
45370
45371
45373
45377
45378
45383
45384
45388
45393
45394
45399
45400
45404
45405
45408
45410
45411
45412
45417
45422
45424
45426
45428
45438
45440
45442
45443
45449
45450
45451
45452
45454
45457
45459
45460
45461
45463
45465
45468
45469
45470
45471
45472
45473
45477
45479
45482
45483
45484
45485
45490
45492
45493
45495
45496
45498
45500
45501
45502
45503
45504
45505
45506
45508
45511
45513
45516
45518
45519
45523
45524
45526
45527
45528
45529
45530
45531
45532
45536
45540
45542
45544
45547
45548
45550
45551
45554
45556
45558
45559
45560
45561
45562
45564
45566
45569
45571
45572
45574
45576
45578
45582
45583
45584
45587
45588
45590
45592
45593
45597
45598
45599
45601
45602
45603
45604
45605
45606
45607
45608
45610
45611
45612
45614
45615
45621
45622
45624
45627
45628
45632
45636
45638
45639
45640
45641
45644
45645
45650
45653
45655
45658
45662
45663
45664
45665
45666
45668
45671
45673
45674
45680
45682
45683
45686
45687
45688
45691
45692
45693
45696
45699
45705
45706
45707
45708
45709
45710
45711
45713
45716
45717
45718
45720
45721
45722
45723
45726
45727
45728
45734
45738
45740
45741
45743
45745
45746
45750
45754
45755
45757
45759
45762
45763
45764
45765
45767
45769
45770
45771
45773
45774
45775
45776
45777
45779
45780
45784
45786
45788
45789
45791
45793
45795
45797
45800
45801
45802
45803
45804
45805
45807
45808
45809
45810
45812
45814
45816
45817
45821
45822
45823
45825
45826
45827
45829
45830
45831
45832
45834
45835
45837
45838
45840
45843
45846
45847
45849
45852
45853
45854
45857
45859
45860
45862
45867
45869
45870
45871
45872
45874
45876
45879
45880
45881
45882
45883
45886
45887
45892
45893
45899
45900
45901
45903
45912
45913
45917
45918
45919
45920
45927
45928
45929
45930
45931
45933
45936
45937
45939
45940
45941
45942
45946
45948
45950
45952
45954
45955
45958
45959
45960
45963
45967
45969
45970
45971
45975
45976
45978
45979
45980
45981
45982
45984
45985
45988
45989
45990
45993
45997
45999
46001
46002
46003
46005
46006
46007
46008
46009
46012
46014
46015
46016
46018
46019
46020
46024
46025
46026
46027
46029
46034
46035
46037
46039
46040
46041
46043
46044
46045
46047
46049
46052
46053
46057
46058
46060
46061
46063
46064
46065
46066
46067
46068
46069
46070
46072
46074
46075
46076
46077
46078
46079
46080
46082
46090
46091
46092
46098
46099
46100
46101
46104
46105
46107
46108
46109
46113
46115
46117
46118
46119
46120
46123
46124
46125
46126
46129
46130
46133
46135
46136
46138
46142
46144
46145
46148
46151
46152
46157
46158
46165
46166
46168
46169
46171
46174
46178
46179
46181
46183
46186
46187
46188
46194
46195
46196
46198
46199
46203
46205
46209
46211
46212
46213
46216
46218
46220
46223
46224
46225
46227
46228
46229
46230
46231
46233
46238
46245
46246
46249
46252
46253
46261
46262
46263
46269
46270
46272
46275
46276
46277
46279
46281
46282
46283
46287
46291
46292
46294
46297
46298
46299
46300
46301
46306
46307
46308
46311
46312
46313
46314
46315
46316
46320
46323
46324
46326
46327
46328
46330
46332
46333
46334
46337
46338
46339
46340
46342
46346
46349
46350
46352
46353
46354
46355
46356
46357
46360
46363
46367
46372
46374
46375
46376
46378
46380
46384
46385
46386
46387
46391
46392
46394
46396
46400
46402
46403
46405
46407
46409
46416
46418
46419
46422
46424
46426
46427
46428
46429
46435
46436
46437
46438
46442
46443
46444
46447
46448
46449
46450
46457
46458
46461
46463
46465
46466
46467
46469
46471
46472
46473
46474
46476
46477
46479
46481
46483
46486
46487
46490
46491
46492
46493
46494
46496
46501
46503
46506
46507
46508
46510
46511
46512
46513
46514
46516
46518
46521
46523
46527
46528
46530
46532
46536
46537
46538
46541
46545
46548
46549
46550
46553
46554
46555
46556
46559
46560
46563
46568
46569
46570
46572
46575
46580
46581
46582
46583
46584
46585
46586
46587
46589
46590
46591
46592
46593
46595
46599
46601
46602
46603
46607
46609
46610
46612
46615
46618
46620
46621
46623
46625
46627
46631
46632
46633
46634
46636
46639
46640
46641
46642
46643
46645
46648
46649
46652
46657
46660
46661
46662
46663
46666
46668
46670
46673
46676
46677
46679
46681
46684
46689
46691
46692
46697
46698
46701
46704
46706
46708
46710
46717
46718
46727
46728
46729
46730
46731
46733
46735
46737
46738
46740
46746
46748
46749
46750
46751
46752
46753
46755
46756
46758
46761
46762
46764
46767
46768
46771
46772
46773
46774
46776
46778
46780
46786
46788
46789
46792
46794
46795
46798
46799
46801
46803
46804
46805
46807
46808
46809
46811
46816
46818
46819
46820
46821
46824
46825
46826
46827
46832
46835
46837
46838
46843
46845
46846
46848
46849
46850
46851
46852
46854
46856
46859
46860
46861
46862
46863
46865
46867
46870
46871
46872
46873
46874
46877
46878
46879
46880
46884
46887
46888
46889
46892
46893
46895
46898
46901
46902
46903
46904
46905
46906
46907
46908
46909
46911
46913
46914
46916
46917
46918
46923
46924
46925
46926
46927
46930
46931
46932
46935
46937
46940
46941
46943
46945
46947
46952
46953
46955
46956
46962
46966
46968
46972
46975
46977
46978
46979
46981
46984
46985
46986
46987
46991
46994
46995
46998
47001
47002
47008
47010
47015
47016
47019
47020
47021
47022
47023
47024
47026
47030
47032
47033
47034
47036
47038
47041
47042
47046
47047
47048
47051
47053
47054
47057
47058
47059
47060
47062
47063
47068
47069
47070
47071
47073
47074
47075
47076
47077
47081
47082
47083
47084
47085
47087
47090
47094
47096
47097
47100
47101
47105
47106
47108
47110
47111
47114
47118
47121
47124
47125
47126
47128
47129
47130
47135
47136
47139
47140
47144
47149
47152
47154
47156
47160
47161
47164
47166
47167
47168
47169
47172
47173
47176
47178
47179
47182
47186
47188
47192
47193
47196
47199
47201
47202
47205
47207
47208
47209
47213
47214
47220
47221
47222
47225
47227
47230
47235
47236
47238
47240
47243
47244
47247
47248
47252
47256
47257
47258
47259
47263
47264
47267
47270
47271
47274
47275
47276
47278
47280
47283
47284
47285
47292
47293
47298
47302
47304
47305
47307
47310
47312
47313
47314
47315
47318
47319
47322
47323
47324
47325
47328
47329
47330
47331
47333
47335
47337
47338
47339
47340
47341
47344
47345
47346
47348
47350
47354
47355
47356
47358
47359
47360
47362
47368
47369
47370
47372
47375
47378
47379
47381
47382
47384
47386
47387
47389
47392
47393
47399
47400
47402
47405
47406
47407
47410
47411
47418
47419
47423
47424
47426
47427
47432
47434
47437
47440
47442
47445
47447
47448
47449
47455
47456
47459
47461
47462
47463
47464
47465
47469
47470
47472
47473
47474
47476
47477
47480
47482
47485
47490
47492
47493
47496
47498
47500
47501
47503
47505
47508
47509
47513
47514
47515
47521
47522
47523
47524
47527
47534
47535
47537
47540
47542
47546
47549
47550
47551
47552
47556
47558
47559
47560
47561
47566
47568
47570
47571
47572
47574
47577
47578
47579
47580
47581
47582
47583
47584
47585
47587
47588
47589
47590
47592
47593
47595
47596
47597
47598
47602
47612
47615
47620
47622
47623
47627
47629
47632
47633
47635
47637
47638
47639
47641
47642
47644
47645
47646
47647
47648
47649
47652
47653
47658
47659
47660
47661
47662
47663
47666
47667
47670
47671
47674
47675
47677
47680
47685
47686
47687
47691
47692
47695
47696
47697
47698
47703
47706
47707
47709
47711
47712
47717
47719
47721
47724
47726
47728
47731
47732
47733
47735
47737
47741
47745
47746
47749
47750
47753
47754
47755
47756
47757
47760
47761
47762
47763
47765
47766
47768
47779
47780
47784
47785
47786
47787
47790
47792
47793
47794
47796
47797
47798
47799
47800
47806
47810
47811
47813
47814
47817
47821
47822
47825
47827
47828
47832
47835
47841
47842
47843
47844
47845
47847
47848
47850
47852
47853
47855
47856
47858
47859
47860
47863
47867
47872
47875
47876
47882
47883
47884
47885
47887
47888
47890
47894
47897
47898
47900
47901
47903
47905
47906
47909
47913
47915
47916
47919
47921
47926
47930
47931
47932
47934
47936
47937
47938
47941
47943
47947
47948
47949
47952
47953
47954
47955
47956
47958
47961
47964
47966
47967
47969
47972
47973
47974
47977
47978
47980
47981
47982
47985
47987
47988
47989
47991
47996
47998
47999
48000
48006
48007
48009
48011
48016
48018
48022
48024
48025
48026
48029
48030
48031
48032
48035
48036
48038
48039
48040
48043
48048
48050
48051
48052
48053
48057
48058
48059
48060
48061
48062
48065
48069
48074
48075
48081
48084
48085
48087
48088
48091
48092
48093
48095
48096
48108
48109
48110
48111
48115
48116
48118
48119
48120
48122
48124
48126
48127
48130
48131
48132
48137
48140
48144
48146
48147
48148
48150
48152
48154
48155
48156
48157
48163
48164
48166
48170
48171
48173
48175
48176
48178
48182
48183
48184
48186
48188
48189
48190
48191
48192
48193
48194
48198
48200
48202
48209
48213
48215
48216
48217
48220
48223
48224
48226
48228
48231
48236
48237
48240
48242
48245
48246
48247
48251
48253
48254
48258
48260
48261
48263
48264
48265
48268
48269
48273
48275
48276
48277
48278
48279
48280
48284
48287
48288
48289
48291
48292
48294
48295
48298
48303
48304
48305
48309
48312
48313
48314
48315
48316
48317
48324
48325
48326
48329
48330
48331
48333
48334
48335
48336
48337
48338
48339
48340
48341
48344
48347
48349
48350
48353
48355
48356
48357
48364
48365
48366
48367
48369
48371
48372
48373
48376
48377
48379
48381
48383
48387
48388
48391
48392
48394
48395
48397
48398
48399
48401
48404
48406
48408
48409
48411
48412
48414
48419
48424
48425
48426
48429
48434
48435
48437
48441
48442
48443
48446
48448
48455
48456
48460
48462
48463
48464
48466
48469
48470
48472
48473
48475
48477
48481
48482
48488
48491
48494
48495
48498
48499
48500
48501
48503
48505
48506
48507
48508
48509
48510
48512
48513
48514
48520
48521
48522
48524
48526
48527
48530
48531
48532
48533
48534
48535
48537
48538
48539
48540
48541
48543
48547
48549
48550
48551
48553
48554
48555
48556
48560
48567
48569
48575
48576
48577
48578
48579
48580
48581
48582
48583
48584
48585
48591
48594
48599
48601
48604
48607
48609
48610
48611
48613
48614
48620
48621
48623
48624
48626
48628
48629
48631
48632
48633
48634
48635
48636
48639
48643
48645
48647
48648
48649
48650
48651
48652
48654
48655
48657
48658
48663
48664
48666
48667
48668
48670
48671
48672
48675
48676
48677
48679
48680
48681
48682
48683
48684
48686
48688
48689
48691
48692
48694
48695
48696
48697
48698
48700
48701
48705
48708
48710
48711
48713
48714
48715
48717
48725
48726
48727
48728
48733
48734
48736
48737
48740
48741
48743
48745
48746
48749
48751
48752
48755
48756
48761
48762
48764
48766
48768
48769
48772
48774
48775
48777
48779
48781
48784
48786
48787
48789
48793
48794
48800
48805
48807
48809
48810
48812
48814
48815
48816
48817
48818
48819
48820
48823
48825
48826
48828
48829
48830
48831
48832
48833
48834
48835
48836
48837
48839
48841
48843
48844
48846
48849
48851
48852
48856
48859
48860
48861
48862
48865
48867
48868
48871
48872
48874
48876
48879
48881
48885
48886
48889
48891
48892
48894
48896
48897
48903
48905
48906
48907
48911
48913
48916
48917
48921
48922
48924
48927
48930
48931
48932
48935
48936
48938
48943
48949
48951
48955
48958
48959
48960
48963
48965
48966
48968
48969
48970
48971
48972
48974
48976
48977
48979
48981
48984
48987
48988
48992
48995
49000
49002
49003
49007
49008
49009
49010
49011
49013
49015
49017
49019
49022
49025
49026
49027
49032
49034
49036
49038
49039
49041
49042
49044
49045
49052
49053
49054
49056
49058
49059
49060
49063
49064
49065
49066
49068
49069
49071
49076
49077
49083
49084
49088
49091
49092
49099
49100
49103
49109
49110
49116
49117
49121
49122
49124
49125
49127
49128
49130
49131
49134
49135
49136
49139
49141
49144
49145
49146
49149
49150
49151
49152
49155
49156
49157
49158
49160
49162
49163
49165
49166
49167
49168
49169
49170
49171
49176
49177
49178
49179
49181
49184
49186
49187
49188
49190
49191
49192
49196
49197
49198
49199
49200
49201
49202
49205
49209
49210
49212
49214
49215
49220
49221
49225
49226
49227
49230
49233
49234
49235
49236
49237
49238
49239
49244
49247
49248
49249
49250
49252
49254
49256
49257
49259
49262
49264
49265
49266
49268
49269
49271
49275
49276
49279
49280
49282
49283
49285
49288
49289
49290
49295
49298
49300
49304
49305
49308
49309
49310
49312
49313
49314
49316
49317
49321
49325
49327
49328
49329
49331
49332
49334
49335
49336
49338
49340
49342
49343
49345
49347
49350
49353
49355
49356
49359
49361
49363
49364
49365
49367
49368
49372
49373
49374
49379
49380
49381
49383
49388
49390
49391
49392
49393
49394
49396
49397
49400
49402
49403
49404
49407
49408
49411
49412
49414
49418
49421
49424
49430
49432
49435
49436
49438
49440
49441
49443
49444
49446
49451
49452
49454
49455
49460
49468
49469
49470
49471
49473
49474
49475
49478
49481
49482
49483
49485
49486
49488
49489
49490
49492
49494
49495
49496
49497
49499
49500
49501
49503
49504
49506
49507
49508
49512
49513
49514
49515
49517
49519
49520
49525
49526
49527
49528
49534
49535
49536
49537
49539
49543
49544
49545
49546
49548
49550
49553
49554
49558
49560
49562
49563
49566
49567
49568
49570
49574
49575
49579
49581
49583
49586
49593
49595
49597
49599
49600
49601
49603
49605
49606
49608
49609
49612
49613
49614
49615
49616
49617
49618
49619
49624
49628
49630
49632
49634
49635
49637
49638
49639
49640
49641
49642
49643
49644
49647
49649
49650
49653
49654
49655
49659
49667
49672
49675
49680
49681
49682
49685
49686
49688
49689
49690
49691
49693
49694
49696
49698
49700
49701
49702
49706
49707
49709
49711
49712
49714
49715
49716
49718
49719
49721
49722
49724
49725
49727
49729
49730
49736
49739
49740
49743
49747
49749
49750
49752
49753
49755
49757
49758
49767
49772
49775
49776
49778
49779
49780
49782
49784
49785
49786
49788
49790
49791
49795
49796
49799
49802
49803
49804
49805
49807
49808
49811
49817
49819
49825
49829
49831
49832
49833
49834
49835
49839
49841
49846
49847
49849
49853
49855
49857
49859
49861
49863
49864
49867
49873
49876
49877
49878
49879
49880
49882
49887
49888
49891
49894
49896
49897
49899
49900
49901
49902
49903
49906
49907
49909
49912
49914
49915
49918
49921
49923
49924
49925
49926
49927
49928
49929
49931
49932
49936
49937
49939
49940
49944
49945
49947
49948
49949
49950
49952
49953
49954
49955
49956
49962
49965
49966
49969
49972
49975
49976
49977
49981
49985
49986
49987
49988
49990
49994
49995
49998
49999
