2
9
11
13
18
20
22
23
24
26
29
32
34
37
38
39
41
42
44
45
46
47
48
49
51
52
53
58
60
61
64
65
68
69
70
72
74
79
83
84
90
93
95
99
100
102
104
105
107
108
110
111
113
114
117
118
120
121
124
126
129
132
133
135
137
140
141
145
148
149
150
151
152
153
155
157
160
163
165
166
167
168
169
170
173
175
176
177
179
183
184
185
190
193
194
195
196
200
201
202
205
206
207
208
209
210
211
212
214
215
217
219
221
222
223
224
225
227
228
229
232
233
235
237
238
241
244
246
248
253
255
256
260
261
266
268
273
275
276
278
280
282
284
286
287
288
289
292
296
297
300
301
302
303
306
307
309
311
316
317
318
320
321
323
326
327
329
331
333
337
338
342
343
349
352
354
356
357
358
359
360
361
363
365
366
367
369
374
376
381
382
383
384
385
386
388
392
396
402
404
406
409
410
412
413
416
423
424
426
427
428
429
432
433
434
438
439
441
442
443
444
447
448
449
450
454
455
456
457
460
463
465
468
471
474
475
476
477
479
480
482
484
485
487
488
491
493
494
498
499
502
503
506
513
514
515
516
517
522
528
529
530
533
535
536
539
540
542
544
546
547
551
552
555
556
557
558
559
561
564
565
569
570
572
573
575
576
577
579
581
582
583
585
587
591
596
597
598
601
606
610
613
615
616
618
619
622
625
627
628
630
631
633
634
635
637
639
640
646
654
656
661
663
664
665
666
667
668
672
676
678
681
683
684
689
691
695
696
701
702
704
705
707
710
713
714
716
718
719
721
724
725
726
727
730
733
734
735
736
741
742
744
745
748
751
755
756
758
759
760
761
762
763
764
765
766
769
770
772
773
774
777
778
779
780
781
782
784
785
786
787
789
794
801
803
805
806
807
809
811
812
813
814
816
823
824
825
826
830
834
836
837
838
840
842
844
845
848
849
851
852
855
856
860
861
862
865
867
870
871
873
874
875
876
877
879
880
884
885
887
888
889
890
892
894
895
897
900
901
902
903
906
908
911
912
913
916
917
918
919
920
921
924
925
926
927
928
929
930
931
937
938
940
941
945
946
948
949
952
956
958
961
963
964
966
967
969
972
975
976
978
979
981
989
991
992
993
997
998
999
1002
1003
1004
1005
1009
1010
1011
1014
1015
1016
1019
1020
1021
1022
1023
1027
1031
1032
1034
1036
1043
1045
1048
1049
1051
1053
1054
1060
1062
1064
1065
1067
1070
1071
1074
1075
1078
1082
1083
1084
1087
1089
1091
1094
1097
1100
1103
1106
1107
1109
1110
1111
1114
1122
1123
1124
1127
1129
1130
1131
1132
1133
1134
1135
1136
1137
1138
1140
1142
1145
1146
1149
1152
1153
1154
1155
1157
1158
1166
1167
1169
1171
1172
1174
1180
1183
1184
1186
1187
1191
1192
1195
1198
1201
1203
1204
1205
1206
1207
1208
1210
1211
1212
1213
1214
1215
1216
1218
1220
1221
1222
1224
1226
1227
1229
1232
1234
1235
1236
1237
1238
1239
1240
1241
1242
1245
1247
1249
1250
1251
1257
1260
1262
1263
1264
1266
1267
1268
1271
1276
1277
1280
1282
1283
1286
1288
1290
1291
1293
1294
1295
1297
1300
1303
1305
1306
1307
1308
1310
1311
1312
1313
1314
1316
1318
1320
1323
1326
1330
1331
1332
1333
1334
1336
1339
1342
1343
1344
1346
1347
1348
1351
1355
1359
1360
1362
1364
1366
1367
1368
1369
1373
1376
1380
1381
1384
1386
1387
1389
1390
1391
1393
1394
1396
1398
1402
1403
1407
1408
1409
1413
1414
1415
1416
1420
1424
1426
1428
1429
1434
1436
1439
1441
1443
1444
1445
1447
1448
1449
1453
1454
1456
1457
1459
1460
1463
1467
1468
1470
1472
1476
1477
1479
1481
1483
1485
1487
1490
1495
1499
1501
1502
1505
1506
1507
1509
1510
1511
1513
1515
1519
1521
1522
1525
1526
1532
1535
1537
1538
1541
1542
1544
1545
1548
1549
1550
1552
1553
1554
1557
1558
1560
1562
1563
1564
1566
1567
1568
1571
1572
1576
1577
1578
1580
1581
1582
1585
1588
1589
1591
1594
1598
1599
1600
1604
1606
1607
1612
1613
1614
1617
1619
1620
1625
1630
1632
1634
1637
1639
1641
1644
1648
1649
1654
1656
1658
1661
1662
1663
1665
1667
1669
1673
1676
1677
1678
1679
1680
1681
1688
1690
1693
1694
1695
1697
1700
1706
1708
1709
1710
1712
1714
1718
1719
1722
1724
1726
1728
1730
1735
1736
1737
1739
1740
1742
1743
1744
1745
1746
1749
1750
1753
1754
1755
1756
1760
1762
1764
1765
1766
1767
1771
1772
1774
1777
1778
1779
1782
1784
1785
1791
1792
1793
1794
1797
1799
1801
1803
1804
1806
1807
1809
1810
1812
1815
1818
1819
1823
1824
1836
1837
1839
1840
1842
1845
1847
1848
1852
1855
1857
1859
1860
1861
1864
1866
1868
1869
1871
1873
1874
1875
1876
1878
1882
1883
1886
1890
1891
1892
1894
1895
1896
1897
1898
1899
1900
1901
1907
1909
1910
1911
1912
1914
1915
1916
1917
1920
1921
1923
1924
1926
1927
1929
1930
1932
1933
1934
1935
1936
1938
1939
1940
1942
1944
1945
1946
1947
1952
1955
1956
1957
1960
1966
1968
1972
1975
1977
1979
1980
1981
1982
1983
1986
1987
1988
1991
1993
1994
1995
1997
2003
2006
2008
2009
2011
2012
2015
2017
2020
2024
2026
2030
2033
2039
2040
2042
2044
2045
2046
2047
2050
2052
2054
2055
2056
2061
2064
2067
2068
2070
2071
2073
2074
2076
2083
2085
2086
2087
2091
2092
2096
2097
2098
2099
2100
2101
2102
2103
2104
2106
2108
2109
2110
2112
2113
2117
2118
2122
2123
2126
2127
2128
2130
2131
2132
2133
2134
2135
2136
2138
2139
2144
2146
2148
2153
2155
2157
2158
2160
2161
2162
2166
2167
2169
2171
2172
2174
2177
2181
2182
2183
2188
2192
2195
2196
2197
2198
2200
2201
2202
2203
2204
2206
2207
2208
2210
2211
2212
2219
2220
2221
2222
2223
2224
2225
2226
2227
2228
2229
2230
2232
2234
2237
2238
2242
2245
2246
2247
2249
2250
2253
2258
2260
2262
2264
2265
2267
2271
2272
2273
2276
2277
2278
2279
2281
2282
2285
2287
2288
2289
2291
2292
2293
2295
2297
2298
2299
2302
2304
2306
2309
2312
2313
2317
2324
2325
2326
2327
2329
2332
2334
2335
2341
2342
2345
2346
2348
2354
2355
2356
2358
2360
2361
2364
2366
2367
2370
2376
2377
2381
2382
2383
2384
2386
2387
2388
2389
2394
2395
2399
2401
2403
2404
2407
2408
2409
2412
2413
2414
2415
2416
2418
2422
2423
2425
2426
2427
2429
2431
2435
2436
2437
2440
2441
2443
2445
2449
2450
2451
2454
2457
2460
2465
2466
2468
2470
2471
2472
2474
2479
2481
2483
2484
2485
2486
2489
2491
2493
2494
2495
2501
2502
2508
2509
2510
2511
2512
2513
2514
2517
2519
2524
2525
2527
2530
2531
2532
2533
2538
2539
2544
2548
2549
2551
2552
2553
2554
2557
2558
2559
2562
2565
2566
2568
2576
2577
2580
2585
2589
2590
2591
2592
2593
2594
2595
2598
2599
2601
2604
2606
2607
2608
2610
2611
2613
2619
2620
2622
2626
2628
2630
2631
2632
2633
2638
2640
2642
2643
2645
2646
2647
2650
2652
2655
2656
2662
2664
2666
2670
2676
2677
2679
2680
2682
2685
2688
2689
2690
2691
2692
2694
2697
2700
2701
2702
2704
2708
2712
2718
2719
2720
2722
2723
2724
2725
2727
2728
2731
2732
2736
2737
2738
2739
2740
2741
2743
2744
2745
2748
2749
2750
2751
2754
2755
2756
2757
2761
2763
2766
2768
2769
2771
2772
2774
2778
2779
2781
2782
2783
2784
2785
2788
2792
2797
2798
2801
2804
2805
2807
2809
2810
2816
2817
2818
2821
2823
2825
2826
2833
2835
2836
2837
2838
2839
2840
2842
2843
2844
2845
2847
2848
2850
2852
2854
2855
2856
2857
2858
2860
2861
2863
2864
2865
2867
2869
2873
2874
2877
2878
2879
2880
2884
2887
2889
2891
2893
2898
2900
2901
2903
2906
2907
2908
2909
2910
2911
2912
2914
2915
2916
2920
2923
2925
2927
2928
2931
2932
2934
2935
2937
2939
2940
2941
2945
2946
2947
2948
2952
2953
2954
2957
2960
2962
2964
2965
2967
2970
2971
2972
2973
2976
2978
2979
2982
2984
2985
2994
2995
2997
2998
3001
3002
3005
3006
3008
3012
3019
3021
3022
3025
3026
3028
3029
3031
3032
3036
3040
3044
3045
3046
3048
3049
3051
3053
3055
3056
3058
3059
3060
3061
3062
3064
3065
3067
3069
3074
3076
3078
3079
3080
3081
3083
3084
3085
3086
3088
3091
3093
3096
3097
3098
3102
3103
3105
3107
3109
3110
3111
3112
3113
3115
3117
3119
3120
3121
3122
3123
3124
3125
3128
3129
3130
3132
3134
3135
3136
3138
3145
3148
3149
3150
3157
3158
3159
3160
3161
3162
3164
3166
3168
3169
3173
3176
3177
3178
3179
3180
3183
3185
3188
3192
3193
3194
3195
3197
3198
3199
3203
3205
3210
3212
3216
3220
3221
3226
3227
3228
3231
3232
3233
3234
3235
3240
3244
3248
3249
3250
3251
3253
3255
3256
3258
3259
3264
3266
3267
3268
3272
3277
3279
3280
3281
3289
3290
3292
3295
3298
3301
3305
3306
3309
3312
3313
3315
3316
3317
3318
3319
3325
3326
3327
3328
3330
3332
3333
3337
3339
3344
3348
3349
3353
3355
3357
3359
3363
3365
3368
3369
3370
3371
3372
3373
3376
3377
3385
3386
3387
3390
3392
3394
3396
3397
3400
3401
3402
3405
3409
3411
3412
3414
3418
3419
3420
3421
3422
3424
3425
3428
3429
3430
3431
3432
3434
3436
3437
3438
3440
3441
3442
3443
3445
3447
3448
3449
3451
3453
3456
3459
3460
3462
3463
3464
3465
3468
3470
3475
3476
3477
3478
3479
3481
3482
3483
3484
3489
3490
3491
3496
3497
3498
3500
3504
3508
3511
3514
3515
3517
3519
3520
3521
3525
3526
3527
3529
3531
3532
3534
3537
3538
3539
3540
3546
3547
3548
3549
3552
3553
3554
3555
3559
3561
3568
3570
3571
3572
3574
3576
3580
3582
3584
3587
3591
3592
3593
3594
3600
3601
3602
3604
3605
3609
3611
3614
3615
3618
3619
3620
3621
3624
3625
3629
3632
3634
3635
3636
3639
3640
3647
3648
3651
3653
3655
3656
3658
3659
3661
3663
3665
3666
3668
3673
3678
3679
3681
3685
3686
3687
3690
3691
3696
3697
3698
3699
3705
3711
3712
3713
3715
3716
3718
3719
3721
3722
3725
3727
3728
3729
3731
3732
3733
3734
3737
3743
3745
3746
3747
3748
3749
3751
3752
3753
3755
3757
3759
3760
3761
3762
3765
3769
3772
3775
3777
3778
3779
3781
3784
3786
3787
3788
3790
3791
3796
3797
3799
3800
3805
3809
3810
3811
3813
3814
3815
3816
3817
3818
3819
3820
3821
3824
3826
3827
3830
3831
3833
3834
3836
3842
3843
3844
3846
3847
3851
3852
3854
3860
3861
3862
3865
3868
3869
3870
3871
3876
3878
3879
3882
3883
3885
3890
3891
3893
3895
3896
3900
3901
3903
3905
3906
3909
3913
3916
3917
3918
3919
3920
3926
3931
3932
3933
3934
3936
3937
3938
3939
3940
3941
3943
3944
3945
3946
3947
3949
3953
3954
3956
3957
3958
3961
3962
3965
3966
3967
3968
3969
3970
3972
3973
3976
3977
3978
3979
3981
3983
3984
3985
3987
3988
3989
3993
3996
4001
4003
4004
4005
4006
4007
4009
4012
4013
4014
4017
4018
4019
4024
4028
4031
4032
4035
4037
4038
4039
4042
4044
4046
4049
4050
4051
4052
4053
4056
4059
4060
4065
4066
4068
4070
4071
4074
4075
4077
4078
4080
4081
4082
4083
4084
4085
4086
4090
4092
4093
4094
4095
4096
4098
4100
4101
4102
4103
4105
4108
4109
4111
4112
4113
4116
4118
4119
4120
4122
4124
4125
4126
4127
4128
4129
4130
4132
4133
4134
4136
4137
4140
4151
4152
4153
4154
4156
4158
4159
4162
4164
4165
4167
4168
4169
4172
4173
4177
4180
4181
4186
4187
4188
4190
4191
4192
4193
4195
4196
4198
4200
4201
4202
4203
4204
4210
4211
4216
4217
4218
4219
4224
4228
4232
4237
4238
4241
4244
4249
4251
4252
4253
4255
4257
4258
4262
4266
4269
4275
4276
4277
4283
4285
4286
4288
4289
4293
4297
4302
4306
4308
4311
4312
4319
4321
4323
4324
4325
4327
4328
4333
4334
4335
4336
4337
4338
4341
4343
4347
4349
4350
4351
4355
4358
4359
4362
4363
4364
4366
4367
4368
4372
4373
4374
4375
4376
4377
4382
4383
4384
4385
4387
4392
4397
4400
4402
4403
4404
4405
4406
4408
4409
4410
4411
4413
4414
4415
4416
4419
4420
4421
4422
4424
4425
4426
4427
4428
4432
4433
4435
4436
4441
4444
4450
4451
4454
4455
4456
4459
4460
4462
4463
4467
4470
4473
4476
4477
4481
4484
4487
4488
4489
4490
4493
4494
4495
4496
4497
4498
4500
4501
4503
4504
4505
4506
4508
4510
4511
4513
4515
4516
4523
4524
4525
4526
4527
4529
4530
4532
4533
4534
4536
4539
4540
4541
4547
4549
4550
4554
4555
4556
4557
4559
4560
4563
4565
4566
4567
4568
4569
4571
4574
4575
4576
4577
4578
4580
4582
4584
4586
4587
4589
4590
4592
4597
4599
4600
4601
4604
4606
4607
4609
4610
4612
4613
4619
4620
4627
4628
4629
4630
4632
4633
4634
4635
4636
4637
4639
4640
4641
4642
4648
4649
4650
4651
4656
4659
4660
4661
4662
4663
4664
4672
4674
4675
4678
4679
4680
4682
4683
4685
4689
4691
4694
4696
4697
4699
4701
4702
4705
4706
4707
4708
4709
4710
4711
4714
4718
4719
4720
4722
4725
4727
4728
4729
4730
4731
4734
4737
4738
4739
4742
4744
4748
4749
4751
4756
4757
4758
4759
4760
4761
4768
4772
4774
4777
4779
4786
4790
4792
4793
4795
4797
4798
4801
4802
4805
4808
4815
4819
4820
4821
4823
4824
4825
4826
4830
4831
4836
4837
4838
4840
4841
4842
4849
4850
4851
4853
4855
4858
4859
4860
4861
4866
4874
4875
4879
4880
4881
4882
4883
4885
4887
4890
4892
4894
4895
4896
4899
4900
4902
4905
4907
4908
4909
4911
4916
4917
4918
4919
4920
4921
4922
4923
4925
4927
4930
4931
4932
4934
4935
4936
4938
4942
4943
4945
4947
4950
4953
4955
4958
4959
4960
4962
4966
4970
4971
4973
4974
4978
4979
4981
4984
4990
4991
4993
4995
4997
4999
5000
5001
5004
5005
5006
5008
5009
5010
5011
5014
5015
5016
5024
5027
5032
5034
5038
5039
5040
5042
5044
5047
5048
5049
5051
5054
5055
5057
5058
5061
5064
5065
5066
5067
5068
5072
5074
5081
5083
5086
5087
5088
5089
5090
5092
5096
5097
5098
5105
5107
5108
5110
5111
5112
5114
5117
5119
5120
5121
5126
5129
5130
5131
5132
5135
5140
5145
5147
5148
5150
5151
5155
5157
5160
5162
5163
5164
5167
5168
5171
5172
5173
5175
5177
5179
5180
5181
5182
5184
5185
5186
5187
5189
5191
5192
5193
5194
5196
5197
5198
5199
5200
5201
5202
5203
5204
5207
5211
5212
5217
5218
5219
5222
5223
5224
5225
5229
5230
5235
5236
5239
5242
5243
5244
5246
5247
5248
5250
5252
5255
5256
5257
5258
5259
5260
5261
5263
5265
5271
5272
5273
5277
5278
5282
5285
5286
5288
5291
5295
5297
5298
5300
5301
5304
5307
5308
5309
5310
5311
5314
5316
5318
5319
5322
5326
5329
5330
5332
5336
5337
5339
5341
5343
5344
5347
5348
5349
5351
5352
5354
5357
5359
5363
5367
5368
5369
5370
5371
5375
5376
5377
5378
5379
5381
5382
5385
5386
5387
5388
5389
5390
5393
5394
5395
5396
5397
5398
5401
5403
5406
5408
5409
5412
5413
5417
5419
5424
5425
5426
5427
5428
5430
5431
5434
5435
5437
5442
5444
5446
5449
5450
5451
5456
5457
5458
5462
5466
5469
5470
5473
5474
5476
5479
5480
5483
5486
5487
5488
5489
5498
5503
5507
5508
5509
5511
5515
5516
5517
5520
5521
5522
5523
5525
5526
5528
5529
5530
5532
5533
5534
5537
5543
5544
5547
5549
5550
5552
5554
5559
5561
5563
5566
5568
5569
5571
5572
5577
5579
5580
5582
5584
5585
5586
5590
5591
5593
5594
5595
5601
5603
5604
5605
5610
5611
5612
5615
5618
5619
5621
5623
5626
5628
5629
5631
5640
5641
5645
5646
5647
5648
5649
5650
5652
5653
5654
5658
5662
5663
5666
5667
5668
5669
5672
5673
5675
5676
5679
5681
5684
5686
5687
5688
5691
5692
5693
5695
5697
5698
5700
5703
5704
5705
5708
5713
5714
5715
5717
5719
5720
5722
5723
5724
5728
5730
5732
5734
5736
5739
5742
5743
5744
5747
5748
5751
5752
5754
5755
5756
5757
5759
5761
5766
5767
5768
5771
5772
5774
5775
5776
5778
5782
5786
5787
5790
5794
5797
5798
5801
5802
5803
5805
5807
5810
5813
5815
5816
5821
5823
5826
5830
5831
5834
5835
5836
5839
5840
5841
5843
5844
5845
5847
5848
5851
5852
5854
5857
5858
5862
5864
5865
5870
5871
5872
5873
5874
5879
5880
5881
5882
5883
5887
5888
5890
5891
5892
5893
5894
5895
5898
5899
5900
5901
5902
5903
5904
5905
5906
5907
5909
5910
5913
5914
5915
5916
5918
5919
5924
5932
5934
5939
5943
5944
5946
5948
5949
5953
5955
5956
5958
5960
5963
5964
5967
5969
5970
5972
5973
5976
5978
5979
5982
5986
5987
5990
5991
5993
5994
5995
5996
5998
6001
6002
6004
6006
6009
6011
6012
6018
6021
6022
6025
6026
6027
6028
6030
6034
6035
6036
6038
6039
6042
6044
6048
6049
6053
6054
6057
6058
6062
6064
6065
6070
6072
6073
6074
6075
6078
6079
6081
6083
6084
6088
6089
6090
6091
6092
6094
6095
6097
6098
6100
6102
6103
6106
6108
6112
6118
6119
6120
6121
6122
6124
6125
6127
6129
6130
6131
6135
6136
6137
6140
6141
6146
6147
6151
6153
6155
6156
6157
6158
6162
6164
6167
6169
6170
6172
6173
6174
6175
6176
6178
6180
6181
6182
6185
6192
6196
6198
6201
6202
6205
6207
6208
6210
6211
6212
6213
6215
6217
6218
6219
6220
6221
6222
6225
6226
6227
6228
6229
6230
6232
6233
6234
6235
6238
6240
6244
6254
6255
6256
6258
6263
6266
6269
6272
6273
6275
6279
6280
6282
6284
6285
6289
6291
6292
6296
6302
6307
6308
6310
6312
6319
6320
6321
6322
6324
6325
6326
6327
6328
6329
6330
6331
6332
6335
6337
6338
6340
6341
6342
6344
6345
6347
6352
6353
6354
6357
6358
6361
6362
6366
6372
6375
6376
6378
6379
6380
6384
6388
6389
6390
6391
6392
6394
6395
6398
6401
6404
6405
6406
6408
6409
6415
6417
6419
6421
6423
6426
6428
6432
6434
6436
6438
6439
6442
6444
6447
6448
6451
6452
6453
6454
6456
6457
6458
6460
6462
6464
6466
6467
6468
6470
6471
6472
6474
6477
6478
6479
6481
6483
6484
6485
6490
6493
6494
6495
6496
6497
6498
6499
6501
6503
6504
6505
6509
6510
6511
6512
6515
6517
6518
6520
6522
6523
6524
6525
6527
6528
6529
6530
6531
6532
6533
6534
6538
6540
6542
6544
6545
6546
6547
6549
6553
6554
6556
6558
6561
6562
6563
6567
6570
6572
6575
6576
6577
6579
6581
6582
6583
6585
6586
6588
6590
6594
6595
6598
6599
6603
6604
6610
6614
6617
6621
6622
6624
6625
6628
6631
6632
6634
6636
6638
6641
6642
6645
6647
6648
6651
6652
6653
6654
6655
6658
6659
6663
6664
6667
6668
6669
6670
6671
6672
6673
6674
6676
6677
6678
6679
6681
6682
6683
6690
6691
6694
6698
6699
6702
6704
6705
6707
6711
6712
6713
6714
6716
6720
6721
6724
6725
6726
6727
6728
6729
6730
6734
6741
6744
6745
6746
6749
6753
6755
6756
6757
6758
6767
6768
6769
6770
6773
6780
6785
6786
6789
6790
6791
6792
6795
6796
6805
6806
6807
6810
6811
6812
6815
6817
6818
6819
6820
6822
6823
6825
6826
6829
6830
6831
6834
6835
6839
6840
6841
6842
6843
6844
6845
6846
6851
6854
6855
6856
6859
6860
6862
6863
6867
6869
6870
6871
6872
6877
6878
6880
6887
6891
6894
6895
6896
6898
6901
6902
6903
6905
6910
6912
6913
6915
6917
6918
6919
6920
6922
6923
6925
6926
6928
6929
6932
6936
6938
6939
6943
6946
6949
6950
6951
6961
6965
6966
6968
6969
6970
6971
6973
6974
6975
6978
6979
6980
6981
6982
6983
6984
6985
6988
6989
6990
6996
6997
6999
7000
7001
7005
7006
7007
7008
7014
7015
7019
7020
7021
7027
7029
7031
7032
7033
7034
7035
7039
7041
7048
7049
7050
7051
7052
7054
7057
7058
7059
7060
7065
7068
7071
7072
7077
7078
7079
7088
7090
7093
7095
7099
7102
7103
7104
7107
7109
7110
7115
7116
7117
7118
7119
7121
7123
7125
7126
7127
7129
7130
7131
7132
7133
7136
7138
7143
7145
7146
7147
7150
7152
7153
7156
7157
7158
7159
7160
7161
7163
7164
7165
7167
7171
7172
7173
7175
7176
7181
7182
7183
7185
7187
7188
7189
7192
7193
7194
7195
7196
7197
7198
7200
7201
7203
7204
7205
7208
7209
7211
7213
7215
7216
7219
7223
7225
7226
7231
7232
7233
7235
7237
7238
7241
7245
7248
7250
7253
7254
7258
7259
7260
7263
7264
7267
7268
7269
7270
7272
7274
7276
7283
7284
7286
7294
7297
7300
7301
7306
7307
7309
7310
7311
7312
7314
7316
7318
7320
7321
7322
7323
7326
7328
7329
7335
7336
7338
7340
7342
7344
7347
7349
7350
7351
7352
7354
7357
7358
7359
7362
7363
7364
7365
7366
7367
7368
7370
7371
7372
7373
7377
7378
7379
7381
7383
7385
7391
7393
7397
7398
7399
7400
7404
7406
7412
7416
7417
7426
7429
7430
7431
7432
7433
7435
7437
7438
7439
7440
7442
7443
7445
7448
7449
7451
7452
7454
7459
7462
7463
7464
7465
7466
7468
7469
7470
7471
7472
7475
7476
7478
7479
7481
7482
7483
7486
7487
7488
7493
7495
7498
7499
7502
7503
7504
7505
7507
7508
7512
7513
7517
7518
7519
7522
7524
7525
7527
7528
7531
7533
7534
7535
7539
7542
7543
7547
7548
7552
7553
7554
7558
7559
7564
7565
7566
7567
7569
7572
7573
7575
7576
7578
7579
7581
7586
7588
7591
7592
7594
7595
7598
7599
7600
7601
7602
7604
7608
7609
7612
7613
7614
7615
7617
7619
7622
7623
7624
7625
7626
7627
7629
7630
7631
7633
7637
7638
7647
7650
7652
7653
7654
7655
7658
7659
7661
7669
7670
7671
7672
7675
7676
7678
7679
7681
7684
7688
7692
7693
7694
7697
7698
7699
7700
7702
7703
7704
7705
7706
7710
7711
7713
7714
7715
7719
7720
7721
7723
7724
7726
7727
7728
7729
7731
7732
7733
7734
7735
7736
7738
7739
7740
7744
7746
7748
7749
7752
7755
7756
7760
7761
7762
7765
7766
7767
7769
7775
7776
7780
7781
7783
7785
7786
7787
7788
7790
7793
7794
7797
7798
7799
7800
7801
7805
7807
7808
7812
7816
7820
7823
7825
7826
7831
7836
7837
7838
7840
7841
7842
7849
7852
7854
7858
7861
7866
7868
7869
7872
7873
7885
7886
7888
7889
7893
7894
7895
7898
7899
7900
7904
7905
7906
7907
7908
7909
7917
7918
7919
7920
7922
7924
7928
7931
7932
7933
7934
7936
7937
7938
7940
7941
7944
7946
7948
7949
7951
7952
7954
7956
7957
7958
7960
7961
7963
7967
7969
7970
7972
7975
7977
7978
7980
7981
7983
7985
7986
7987
7991
7994
7995
7996
7997
7998
8001
8003
8009
8012
8014
8018
8020
8024
8026
8030
8032
8034
8040
8041
8042
8045
8046
8047
8049
8051
8053
8055
8059
8060
8062
8063
8066
8067
8068
8069
8070
8071
8072
8073
8075
8079
8080
8082
8084
8086
8089
8091
8093
8095
8096
8098
8099
8106
8111
8112
8115
8117
8118
8119
8121
8123
8125
8126
8127
8129
8130
8132
8133
8134
8136
8138
8143
8144
8148
8151
8153
8154
8155
8156
8158
8160
8161
8163
8164
8167
8168
8169
8171
8172
8173
8175
8176
8180
8182
8183
8186
8188
8191
8193
8194
8197
8203
8205
8206
8208
8210
8212
8213
8220
8222
8223
8224
8230
8231
8235
8237
8238
8242
8244
8245
8247
8251
8252
8255
8256
8259
8262
8263
8264
8265
8266
8271
8272
8274
8276
8279
8283
8284
8286
8287
8289
8291
8294
8295
8296
8298
8299
8300
8301
8302
8305
8306
8308
8309
8310
8311
8313
8314
8315
8318
8321
8322
8327
8328
8329
8331
8334
8336
8337
8339
8341
8342
8344
8348
8349
8350
8351
8353
8357
8358
8364
8366
8367
8368
8370
8373
8375
8377
8378
8379
8380
8382
8384
8386
8387
8388
8389
8393
8394
8395
8396
8398
8399
8400
8401
8404
8405
8410
8411
8412
8415
8418
8419
8420
8421
8422
8423
8425
8426
8429
8431
8433
8434
8436
8437
8438
8439
8441
8443
8446
8447
8454
8457
8458
8459
8460
8461
8463
8467
8472
8474
8477
8478
8480
8481
8482
8484
8486
8487
8488
8493
8495
8496
8497
8499
8501
8502
8504
8505
8507
8508
8509
8511
8513
8517
8519
8522
8524
8526
8529
8530
8532
8533
8538
8539
8540
8541
8542
8543
8547
8550
8551
8552
8556
8557
8558
8563
8567
8568
8569
8573
8574
8575
8576
8580
8581
8582
8584
8585
8590
8591
8592
8593
8595
8598
8601
8606
8608
8609
8611
8613
8614
8617
8618
8620
8625
8626
8627
8629
8631
8635
8639
8642
8644
8645
8646
8647
8648
8650
8651
8653
8656
8657
8658
8659
8660
8661
8662
8666
8668
8674
8676
8677
8684
8687
8691
8693
8694
8699
8702
8703
8704
8706
8707
8709
8710
8711
8713
8720
8723
8726
8727
8728
8730
8732
8734
8735
8740
8741
8742
8744
8747
8748
8752
8755
8757
8758
8759
8760
8761
8764
8765
8766
8769
8771
8772
8773
8774
8776
8777
8778
8781
8789
8790
8796
8797
8801
8802
8804
8805
8806
8807
8808
8810
8812
8813
8815
8817
8820
8822
8823
8825
8827
8828
8830
8831
8833
8835
8836
8837
8838
8840
8841
8842
8843
8845
8846
8847
8848
8851
8853
8854
8855
8857
8859
8860
8861
8862
8863
8866
8867
8870
8871
8872
8873
8874
8876
8879
8880
8881
8882
8885
8888
8890
8891
8892
8893
8898
8900
8902
8903
8905
8906
8907
8909
8912
8919
8920
8922
8925
8927
8928
8929
8932
8933
8935
8936
8940
8942
8946
8947
8949
8951
8952
8956
8957
8958
8960
8961
8963
8964
8965
8969
8972
8973
8974
8975
8984
8986
8988
8993
8994
8995
8996
8997
9000
9001
9002
9003
9004
9005
9006
9009
9010
9015
9017
9024
9026
9027
9030
9031
9032
9033
9034
9035
9036
9038
9039
9046
9048
9051
9053
9058
9060
9063
9065
9067
9068
9070
9074
9075
9076
9080
9082
9084
9085
9087
9090
9091
9092
9094
9095
9096
9098
9099
9104
9105
9108
9109
9111
9116
9119
9123
9124
9125
9127
9128
9129
9130
9142
9143
9146
9149
9150
9151
9152
9154
9159
9160
9161
9169
9170
9174
9175
9176
9177
9178
9180
9182
9184
9185
9188
9190
9194
9198
9200
9203
9205
9206
9208
9210
9211
9213
9214
9216
9217
9218
9220
9221
9223
9224
9226
9227
9231
9233
9234
9237
9242
9243
9251
9252
9253
9254
9256
9257
9260
9262
9264
9265
9268
9272
9273
9275
9278
9283
9285
9287
9288
9291
9292
9294
9295
9297
9300
9301
9303
9304
9308
9310
9312
9316
9317
9321
9322
9323
9325
9328
9331
9333
9334
9336
9337
9338
9340
9341
9344
9346
9347
9348
9350
9352
9354
9355
9357
9358
9360
9361
9366
9368
9369
9371
9375
9376
9378
9379
9381
9382
9385
9386
9387
9388
9390
9393
9394
9395
9400
9401
9402
9403
9405
9406
9409
9410
9411
9412
9413
9414
9416
9417
9419
9420
9421
9423
9424
9425
9427
9429
9430
9431
9432
9435
9436
9437
9439
9441
9442
9443
9444
9445
9447
9449
9450
9451
9454
9455
9459
9466
9467
9469
9474
9475
9476
9477
9478
9479
9480
9483
9484
9485
9486
9488
9490
9492
9494
9499
9501
9502
9504
9505
9506
9508
9509
9511
9513
9516
9517
9518
9524
9525
9526
9529
9530
9532
9535
9541
9542
9547
9548
9552
9553
9554
9555
9557
9558
9559
9560
9562
9563
9565
9567
9568
9569
9570
9573
9575
9577
9579
9580
9581
9582
9583
9589
9590
9593
9594
9595
9597
9600
9602
9605
9609
9613
9615
9616
9617
9618
9621
9623
9624
9625
9629
9631
9633
9634
9636
9637
9638
9639
9640
9641
9642
9644
9645
9646
9647
9650
9651
9652
9653
9656
9657
9658
9661
9662
9663
9668
9669
9670
9672
9673
9674
9675
9676
9678
9679
9681
9685
9692
9695
9696
9697
9698
9699
9700
9702
9703
9705
9709
9715
9716
9719
9720
9723
9725
9726
9728
9731
9738
9744
9745
9746
9748
9750
9751
9752
9755
9757
9758
9762
9763
9764
9767
9769
9771
9773
9775
9778
9779
9780
9781
9784
9785
9786
9787
9789
9791
9793
9795
9796
9797
9798
9802
9805
9806
9808
9809
9815
9816
9818
9823
9825
9827
9830
9831
9832
9835
9838
9840
9841
9845
9847
9849
9852
9853
9857
9858
9860
9861
9863
9864
9865
9867
9868
9870
9871
9873
9876
9878
9882
9883
9885
9886
9887
9888
9889
9890
9891
9892
9894
9895
9896
9904
9905
9908
9909
9912
9914
9915
9916
9918
9923
9926
9927
9928
9933
9936
9937
9938
9943
9944
9945
9947
9949
9951
9953
9955
9956
9957
9958
9963
9964
9965
9966
9968
9971
9976
9977
9983
9984
9986
9987
9989
9990
9992
9994
10001
10002
10006
10007
10008
10010
10012
10015
10016
10019
10021
10022
10035
10036
10041
10044
10045
10046
10053
10054
10057
10058
10059
10060
10062
10063
10065
10066
10067
10068
10071
10075
10077
10079
10080
10083
10084
10086
10087
10088
10091
10094
10098
10103
10104
10105
10109
10112
10113
10116
10119
10121
10123
10125
10126
10130
10135
10139
10140
10142
10145
10148
10149
10150
10151
10152
10153
10154
10156
10157
10166
10168
10169
10170
10171
10172
10176
10177
10179
10180
10181
10182
10183
10185
10186
10188
10194
10195
10196
10197
10198
10200
10201
10202
10203
10204
10206
10208
10209
10210
10211
10212
10216
10217
10218
10219
10225
10229
10233
10235
10236
10238
10239
10241
10248
10250
10251
10252
10254
10256
10258
10259
10261
10263
10264
10265
10266
10267
10270
10277
10280
10283
10284
10286
10287
10290
10291
10293
10295
10296
10299
10302
10304
10307
10308
10310
10311
10312
10316
10319
10320
10322
10332
10333
10334
10335
10336
10338
10344
10346
10347
10348
10354
10355
10357
10358
10361
10362
10363
10367
10368
10369
10370
10371
10372
10373
10374
10376
10377
10379
10380
10381
10383
10384
10386
10387
10389
10392
10395
10396
10398
10400
10405
10406
10407
10409
10410
10413
10414
10416
10417
10418
10419
10421
10422
10423
10425
10426
10428
10429
10430
10432
10434
10435
10436
10437
10438
10439
10444
10445
10446
10447
10450
10451
10455
10456
10457
10458
10459
10465
10466
10468
10471
10472
10473
10475
10476
10480
10481
10482
10484
10485
10489
10490
10491
10492
10494
10496
10497
10499
10504
10510
10511
10514
10515
10516
10517
10519
10525
10527
10528
10531
10532
10534
10535
10538
10539
10543
10545
10553
10556
10558
10559
10560
10561
10562
10567
10568
10570
10571
10574
10577
10578
10588
10595
10596
10597
10599
10600
10601
10602
10606
10607
10609
10610
10613
10616
10617
10618
10620
10621
10622
10623
10624
10627
10628
10630
10631
10634
10637
10638
10640
10641
10642
10645
10646
10647
10648
10650
10652
10653
10657
10659
10665
10666
10667
10671
10672
10674
10676
10677
10678
10679
10687
10688
10690
10692
10695
10696
10699
10702
10703
10704
10706
10710
10711
10713
10718
10722
10724
10725
10726
10730
10732
10735
10737
10739
10740
10742
10743
10744
10747
10750
10752
10754
10755
10756
10760
10761
10763
10764
10767
10770
10773
10774
10775
10777
10780
10782
10783
10784
10788
10789
10797
10798
10799
10800
10802
10803
10804
10807
10808
10809
10811
10812
10813
10815
10816
10817
10818
10821
10822
10823
10824
10825
10828
10829
10831
10832
10836
10839
10840
10841
10843
10844
10848
10849
10850
10851
10853
10854
10855
10857
10858
10860
10861
10862
10865
10869
10871
10872
10873
10874
10875
10876
10882
10884
10885
10887
10888
10889
10890
10891
10893
10895
10896
10897
10901
10902
10906
10907
10910
10912
10916
10918
10920
10921
10922
10923
10925
10927
10928
10929
10930
10931
10933
10934
10935
10936
10941
10943
10946
10947
10948
10949
10950
10956
10958
10959
10960
10963
10971
10972
10974
10975
10976
10977
10978
10982
10983
10985
10987
10989
10990
10992
10993
10994
10995
10996
10997
11000
11001
11004
11005
11006
11007
11008
11014
11015
11016
11019
11023
11024
11025
11027
11029
11031
11032
11033
11040
11043
11044
11045
11046
11048
11049
11053
11054
11058
11059
11061
11063
11065
11066
11068
11069
11075
11078
11079
11082
11083
11084
11087
11090
11092
11093
11095
11098
11099
11101
11102
11103
11105
11107
11109
11112
11114
11115
11116
11117
11120
11124
11126
11129
11130
11131
11132
11133
11134
11136
11137
11138
11139
11141
11142
11144
11145
11148
11149
11156
11157
11159
11167
11169
11172
11174
11175
11177
11186
11187
11189
11192
11193
11195
11196
11198
11199
11202
11207
11209
11210
11211
11214
11215
11216
11217
11218
11220
11223
11224
11225
11227
11228
11231
11233
11234
11235
11236
11242
11243
11246
11248
11249
11251
11252
11253
11254
11256
11257
11258
11259
11260
11261
11263
11264
11267
11268
11269
11274
11275
11276
11277
11278
11282
11283
11285
11287
11289
11290
11291
11292
11293
11296
11297
11298
11301
11302
11303
11304
11308
11311
11313
11315
11316
11317
11321
11324
11325
11331
11334
11335
11337
11340
11348
11349
11352
11353
11355
11357
11358
11359
11360
11362
11364
11365
11366
11368
11370
11371
11373
11374
11379
11383
11384
11387
11389
11390
11393
11394
11395
11398
11399
11403
11404
11405
11409
11410
11412
11413
11414
11417
11418
11419
11420
11422
11424
11426
11427
11428
11431
11435
11436
11438
11439
11442
11446
11450
11456
11461
11464
11467
11468
11469
11470
11472
11473
11474
11475
11477
11478
11480
11483
11484
11486
11488
11490
11492
11497
11498
11499
11500
11505
11507
11510
11511
11512
11513
11515
11517
11520
11523
11524
11529
11531
11534
11537
11541
11542
11544
11547
11548
11549
11555
11560
11561
11563
11564
11567
11569
11572
11573
11577
11579
11581
11582
11583
11589
11592
11593
11594
11596
11600
11602
11603
11605
11606
11609
11610
11618
11619
11620
11621
11622
11623
11624
11625
11626
11627
11629
11630
11632
11633
11637
11642
11643
11644
11646
11647
11648
11652
11654
11655
11657
11663
11664
11669
11670
11671
11673
11677
11678
11680
11683
11690
11691
11694
11697
11699
11700
11701
11702
11703
11704
11705
11708
11709
11710
11711
11712
11713
11714
11715
11718
11719
11722
11723
11725
11726
11728
11729
11730
11731
11732
11733
11734
11735
11739
11741
11743
11744
11746
11748
11750
11751
11752
11754
11756
11757
11758
11759
11761
11762
11764
11767
11768
11770
11772
11774
11775
11777
11779
11780
11782
11783
11784
11787
11788
11789
11791
11793
11795
11796
11797
11799
11800
11801
11802
11805
11806
11808
11811
11813
11814
11821
11822
11823
11824
11828
11832
11833
11834
11835
11836
11838
11839
11842
11845
11847
11850
11851
11852
11855
11859
11860
11862
11866
11867
11871
11873
11875
11876
11878
11880
11884
11885
11887
11890
11896
11897
11898
11902
11903
11904
11905
11909
11911
11912
11913
11914
11915
11917
11918
11919
11920
11921
11928
11931
11933
11934
11936
11937
11939
11940
11943
11944
11946
11947
11949
11953
11957
11959
11960
11961
11963
11964
11966
11968
11970
11972
11975
11977
11979
11984
11985
11987
11990
11992
11996
11997
11998
12001
12002
12003
12005
12007
12009
12010
12011
12014
12015
12016
12017
12020
12021
12023
12024
12025
12027
12028
12029
12030
12031
12033
12034
12035
12036
12038
12041
12042
12043
12044
12046
12048
12049
12051
12052
12053
12056
12058
12060
12061
12063
12066
12068
12075
12077
12081
12083
12086
12087
12092
12094
12097
12099
12100
12108
12110
12112
12114
12115
12117
12118
12121
12122
12123
12125
12126
12129
12130
12134
12137
12138
12139
12140
12141
12142
12143
12144
12146
12150
12153
12154
12155
12157
12159
12160
12161
12162
12163
12164
12166
12170
12174
12176
12177
12180
12187
12188
12189
12190
12192
12198
12200
12204
12206
12207
12209
12211
12219
12220
12222
12224
12228
12232
12233
12234
12237
12239
12241
12243
12247
12250
12251
12252
12254
12255
12256
12257
12259
12262
12263
12267
12268
12269
12271
12275
12280
12282
12283
12284
12286
12288
12290
12291
12292
12293
12295
12296
12297
12301
12303
12304
12305
12306
12309
12310
12311
12312
12313
12316
12317
12322
12324
12325
12326
12328
12330
12331
12334
12335
12337
12339
12341
12343
12349
12353
12355
12356
12359
12360
12361
12362
12365
12366
12367
12370
12371
12375
12377
12378
12379
12382
12383
12386
12391
12392
12395
12396
12397
12401
12402
12403
12404
12405
12406
12409
12413
12415
12417
12418
12421
12424
12425
12428
12433
12434
12437
12438
12439
12441
12443
12444
12445
12446
12447
12448
12450
12451
12458
12459
12460
12461
12467
12469
12470
12471
12477
12478
12479
12482
12484
12485
12490
12491
12492
12493
12494
12495
12496
12498
12504
12505
12508
12509
12511
12513
12516
12519
12521
12522
12523
12524
12526
12528
12529
12532
12534
12535
12537
12541
12542
12543
12544
12545
12546
12548
12549
12550
12551
12552
12556
12557
12561
12562
12563
12565
12567
12568
12569
12570
12572
12573
12577
12578
12583
12588
12590
12594
12596
12599
12601
12604
12608
12610
12612
12613
12616
12617
12618
12620
12626
12628
12629
12630
12631
12632
12633
12634
12636
12637
12638
12641
12643
12644
12646
12651
12654
12657
12658
12659
12660
12662
12664
12665
12667
12668
12669
12670
12673
12674
12676
12678
12688
12689
12690
12691
12694
12696
12697
12698
12701
12705
12706
12707
12708
12709
12712
12713
12716
12717
12719
12724
12730
12733
12734
12735
12737
12739
12740
12743
12747
12749
12750
12752
12753
12756
12757
12758
12759
12760
12761
12762
12763
12765
12769
12771
12777
12778
12780
12784
12789
12790
12792
12796
12797
12807
12808
12809
12815
12816
12817
12819
12820
12821
12822
12824
12825
12827
12830
12831
12832
12833
12837
12839
12842
12843
12845
12850
12853
12854
12856
12857
12858
12859
12861
12862
12863
12864
12865
12867
12868
12870
12871
12872
12875
12877
12878
12881
12886
12887
12895
12897
12898
12899
12900
12902
12903
12904
12906
12907
12908
12909
12912
12914
12915
12916
12919
12920
12928
12929
12930
12932
12933
12936
12938
12939
12940
12941
12944
12947
12949
12951
12952
12953
12954
12956
12959
12962
12963
12964
12965
12967
12968
12969
12970
12971
12972
12973
12974
12975
12977
12981
12982
12984
12985
12987
12990
12995
12997
12998
13001
13002
13003
13004
13005
13006
13008
13011
13012
13013
13014
13016
13017
13018
13019
13020
13023
13025
13028
13030
13032
13038
13042
13043
13044
13045
13047
13050
13051
13053
13054
13055
13056
13057
13059
13061
13062
13064
13066
13067
13068
13069
13071
13072
13074
13076
13077
13079
13085
13086
13088
13089
13090
13091
13092
13093
13094
13096
13097
13098
13099
13102
13104
13105
13106
13107
13108
13110
13111
13113
13114
13115
13116
13119
13122
13126
13128
13130
13134
13141
13142
13143
13144
13147
13149
13150
13152
13153
13155
13161
13162
13163
13166
13169
13170
13171
13172
13173
13176
13177
13179
13180
13183
13184
13186
13187
13188
13190
13196
13199
13200
13203
13205
13206
13208
13213
13221
13222
13223
13225
13226
13228
13229
13234
13235
13236
13240
13242
13243
13248
13249
13253
13254
13255
13256
13257
13259
13260
13261
13262
13263
13264
13267
13268
13269
13272
13273
13281
13291
13292
13293
13296
13297
13300
13304
13308
13309
13311
13312
13313
13318
13319
13320
13326
13327
13328
13331
13332
13333
13334
13337
13338
13341
13344
13346
13354
13355
13356
13358
13359
13360
13366
13368
13369
13372
13373
13374
13378
13379
13380
13381
13382
13385
13388
13390
13392
13393
13394
13398
13399
13400
13401
13404
13405
13406
13407
13411
13415
13418
13420
13422
13424
13426
13427
13431
13432
13435
13436
13439
13440
13441
13444
13445
13446
13448
13450
13455
13456
13457
13458
13465
13467
13469
13472
13473
13475
13476
13477
13479
13480
13483
13485
13486
13487
13489
13490
13493
13494
13495
13499
13502
13503
13504
13506
13507
13508
13510
13512
13513
13514
13515
13517
13518
13520
13523
13525
13526
13527
13528
13529
13531
13533
13534
13536
13537
13539
13542
13544
13551
13552
13553
13555
13559
13565
13567
13570
13572
13573
13574
13576
13578
13579
13583
13584
13585
13588
13594
13595
13596
13597
13599
13600
13604
13606
13608
13609
13611
13612
13614
13617
13618
13619
13620
13622
13624
13625
13626
13629
13630
13634
13635
13636
13637
13643
13646
13648
13650
13651
13652
13653
13654
13655
13657
13658
13659
13660
13661
13662
13664
13665
13667
13668
13670
13673
13676
13677
13678
13679
13682
13684
13685
13687
13688
13691
13696
13697
13698
13699
13701
13702
13704
13705
13706
13707
13708
13711
13712
13716
13720
13724
13725
13727
13730
13731
13732
13734
13739
13741
13742
13743
13745
13748
13752
13753
13755
13756
13758
13759
13760
13765
13768
13769
13772
13774
13775
13778
13779
13780
13782
13783
13786
13787
13788
13791
13792
13794
13795
13797
13799
13800
13802
13803
13805
13812
13814
13815
13816
13817
13822
13824
13825
13827
13828
13832
13834
13835
13837
13838
13839
13840
13841
13842
13843
13851
13855
13857
13860
13862
13863
13868
13869
13870
13872
13873
13875
13880
13881
13885
13886
13889
13891
13894
13897
13898
13899
13900
13901
13903
13904
13905
13906
13909
13910
13911
13912
13913
13914
13915
13916
13918
13919
13929
13933
13934
13942
13945
13946
13947
13948
13950
13951
13952
13953
13954
13955
13956
13970
13973
13976
13977
13982
13984
13986
13987
13989
13990
13993
13994
13996
13997
14000
14001
14004
14006
14008
14011
14013
14014
14015
14016
14018
14020
14021
14022
14025
14026
14028
14029
14030
14031
14032
14033
14034
14036
14037
14038
14040
14041
14042
14048
14050
14051
14053
14055
14057
14058
14063
14066
14067
14068
14069
14071
14072
14073
14074
14075
14078
14082
14083
14084
14089
14091
14092
14096
14098
14106
14107
14109
14110
14111
14119
14120
14121
14122
14123
14124
14126
14128
14131
14132
14134
14137
14141
14142
14143
14145
14146
14149
14150
14151
14153
14156
14157
14158
14160
14161
14162
14164
14165
14166
14167
14169
14170
14172
14173
14174
14175
14176
14177
14178
14182
14184
14191
14194
14195
14198
14199
14200
14202
14204
14205
14206
14208
14213
14215
14216
14218
14219
14220
14222
14225
14226
14229
14230
14231
14235
14236
14237
14238
14239
14241
14243
14244
14248
14254
14256
14258
14260
14261
14265
14274
14276
14277
14279
14280
14283
14284
14290
14294
14295
14296
14299
14300
14301
14303
14304
14307
14308
14314
14315
14316
14319
14320
14321
14325
14328
14329
14331
14332
14333
14335
14336
14337
14339
14340
14344
14347
14349
14350
14351
14352
14354
14355
14356
14357
14358
14362
14366
14368
14369
14370
14371
14372
14373
14380
14381
14386
14387
14388
14391
14392
14396
14400
14403
14405
14406
14410
14411
14412
14414
14416
14417
14418
14419
14421
14425
14427
14428
14431
14439
14440
14441
14442
14445
14447
14449
14453
14454
14457
14458
14460
14464
14468
14469
14471
14473
14475
14476
14477
14478
14479
14480
14481
14482
14483
14486
14488
14491
14492
14494
14502
14506
14508
14509
14510
14511
14512
14513
14514
14515
14516
14517
14519
14525
14527
14528
14529
14536
14538
14539
14541
14543
14546
14547
14549
14550
14551
14553
14554
14557
14559
14560
14561
14562
14564
14567
14569
14570
14571
14574
14576
14578
14579
14583
14585
14589
14592
14593
14596
14600
14601
14602
14604
14611
14612
14614
14615
14617
14619
14620
14622
14623
14625
14626
14627
14630
14631
14632
14634
14637
14644
14645
14647
14648
14650
14652
14655
14657
14659
14660
14663
14665
14666
14667
14668
14672
14673
14674
14675
14676
14677
14678
14679
14684
14686
14687
14688
14689
14690
14691
14692
14696
14697
14698
14705
14706
14710
14711
14716
14717
14718
14719
14720
14722
14724
14726
14729
14732
14733
14738
14739
14740
14743
14745
14747
14748
14750
14751
14752
14756
14757
14765
14766
14767
14770
14776
14777
14778
14780
14781
14782
14786
14789
14790
14791
14793
14794
14796
14800
14802
14805
14806
14807
14809
14810
14812
14813
14815
14819
14820
14824
14825
14827
14828
14829
14830
14831
14832
14838
14839
14841
14842
14843
14844
14845
14848
14849
14851
14857
14859
14862
14863
14864
14865
14870
14871
14874
14875
14877
14878
14880
14884
14887
14888
14892
14897
14899
14900
14902
14905
14906
14907
14908
14909
14912
14913
14918
14919
14922
14923
14924
14925
14926
14929
14930
14932
14933
14934
14936
14937
14939
14943
14944
14945
14946
14947
14957
14960
14962
14963
14965
14968
14970
14971
14972
14974
14975
14978
14980
14982
14983
14984
14985
14988
14991
14992
14993
14995
14996
14999
15002
15003
15004
15005
15006
15007
15008
15009
15010
15011
15012
15014
15015
15017
15018
15019
15020
15021
15023
15028
15029
15032
15035
15037
15038
15041
15042
15046
15047
15048
15049
15050
15053
15054
15055
15058
15062
15066
15067
15069
15070
15071
15072
15074
15076
15077
15085
15089
15091
15092
15094
15096
15100
15101
15102
15105
15106
15113
15114
15115
15116
15117
15118
15119
15120
15121
15127
15129
15131
15135
15138
15139
15141
15147
15148
15150
15153
15154
15159
15160
15161
15163
15165
15166
15169
15170
15171
15174
15175
15176
15179
15182
15183
15184
15185
15190
15192
15193
15197
15198
15199
15202
15203
15206
15208
15212
15214
15215
15216
15217
15222
15231
15232
15236
15237
15238
15240
15241
15242
15244
15245
15247
15248
15249
15251
15253
15256
15257
15258
15259
15260
15262
15263
15266
15271
15273
15274
15280
15283
15284
15285
15287
15288
15289
15292
15294
15301
15302
15305
15307
15309
15310
15312
15314
15315
15318
15319
15320
15325
15330
15334
15335
15337
15338
15339
15342
15351
15353
15354
15356
15357
15358
15359
15360
15364
15367
15370
15371
15372
15373
15376
15378
15379
15380
15382
15384
15385
15387
15390
15391
15392
15393
15394
15395
15398
15401
15402
15403
15405
15406
15407
15410
15413
15415
15417
15419
15420
15421
15422
15423
15425
15426
15428
15431
15434
15436
15439
15440
15443
15444
15445
15446
15448
15452
15454
15455
15456
15457
15459
15462
15464
15468
15472
15473
15474
15476
15480
15481
15483
15484
15485
15486
15488
15489
15491
15492
15493
15495
15498
15499
15500
15501
15504
15507
15508
15509
15512
15513
15516
15517
15519
15521
15523
15526
15528
15530
15532
15535
15538
15540
15541
15550
15553
15555
15556
15558
15559
15564
15565
15567
15568
15569
15570
15574
15576
15577
15578
15580
15581
15583
15586
15587
15589
15590
15591
15597
15600
15601
15602
15603
15604
15606
15608
15613
15614
15615
15616
15618
15619
15620
15621
15623
15625
15628
15630
15631
15633
15634
15635
15636
15637
15640
15641
15642
15643
15644
15648
15649
15650
15652
15654
15655
15656
15659
15660
15669
15670
15671
15675
15676
15678
15679
15682
15684
15685
15688
15689
15691
15694
15697
15698
15705
15706
15708
15713
15716
15717
15721
15722
15723
15724
15726
15727
15728
15729
15735
15736
15738
15740
15742
15743
15744
15745
15746
15753
15757
15758
15759
15761
15762
15763
15764
15766
15767
15769
15770
15772
15773
15774
15777
15779
15781
15783
15785
15787
15788
15791
15793
15794
15795
15798
15801
15802
15805
15808
15809
15811
15812
15813
15814
15817
15818
15823
15826
15828
15830
15832
15833
15834
15838
15840
15843
15844
15847
15850
15851
15853
15854
15860
15865
15867
15869
15874
15876
15877
15878
15879
15881
15883
15884
15885
15888
15890
15891
15894
15896
15899
15905
15907
15909
15911
15912
15914
15915
15916
15917
15918
15919
15922
15923
15924
15925
15926
15928
15931
15932
15933
15935
15936
15937
15939
15944
15945
15948
15951
15952
15955
15956
15958
15959
15960
15962
15963
15964
15967
15969
15971
15974
15975
15976
15978
15979
15981
15983
15984
15988
15995
15997
15998
15999
16000
16003
16004
16005
16006
16007
16008
16010
16012
16013
16015
16016
16017
16021
16025
16026
16030
16031
16032
16033
16034
16036
16037
16039
16041
16044
16047
16048
16049
16051
16052
16053
16055
16056
16062
16063
16064
16065
16066
16069
16071
16075
16077
16078
16079
16080
16081
16084
16085
16087
16088
16089
16090
16092
16093
16094
16096
16097
16105
16106
16108
16110
16111
16112
16115
16120
16121
16123
16124
16126
16128
16130
16133
16136
16138
16141
16145
16148
16150
16151
16152
16154
16156
16157
16158
16160
16161
16162
16167
16169
16172
16173
16176
16177
16179
16181
16183
16185
16186
16188
16191
16193
16196
16201
16202
16203
16206
16207
16208
16211
16212
16216
16217
16218
16219
16220
16221
16224
16225
16226
16227
16228
16231
16233
16238
16241
16242
16244
16246
16248
16251
16252
16255
16256
16257
16259
16261
16264
16267
16268
16272
16274
16275
16279
16280
16282
16283
16289
16290
16291
16292
16293
16294
16300
16302
16303
16304
16306
16308
16309
16310
16314
16315
16318
16326
16327
16329
16334
16337
16338
16343
16344
16345
16346
16348
16351
16352
16354
16355
16356
16357
16362
16365
16366
16368
16369
16371
16375
16377
16378
16379
16380
16383
16384
16385
16387
16396
16397
16403
16404
16405
16406
16407
16409
16413
16414
16415
16416
16418
16421
16425
16428
16429
16430
16431
16434
16436
16437
16438
16443
16445
16449
16451
16452
16454
16455
16458
16459
16465
16466
16468
16469
16470
16472
16473
16474
16476
16477
16480
16482
16483
16486
16489
16490
16491
16492
16493
16494
16498
16499
16500
16501
16502
16503
16505
16507
16508
16510
16511
16512
16513
16514
16515
16517
16520
16522
16524
16525
16527
16528
16536
16537
16538
16539
16540
16541
16542
16543
16546
16547
16550
16551
16555
16556
16557
16559
16562
16567
16569
16574
16576
16577
16583
16584
16585
16588
16589
16590
16593
16596
16598
16599
16605
16609
16610
16611
16612
16621
16624
16626
16628
16629
16631
16632
16633
16634
16636
16637
16639
16642
16643
16645
16647
16648
16649
16652
16653
16655
16656
16658
16663
16666
16667
16668
16669
16671
16674
16676
16679
16681
16682
16684
16688
16692
16696
16699
16701
16703
16705
16707
16708
16710
16711
16719
16720
16721
16722
16724
16726
16727
16728
16730
16731
16732
16734
16736
16737
16740
16742
16749
16752
16753
16754
16755
16756
16757
16759
16760
16762
16763
16764
16765
16766
16767
16770
16771
16773
16774
16775
16779
16784
16786
16787
16788
16789
16791
16792
16795
16796
16797
16798
16799
16803
16805
16807
16808
16811
16812
16815
16816
16819
16820
16822
16823
16824
16828
16833
16834
16835
16839
16840
16841
16842
16843
16846
16847
16848
16850
16852
16853
16854
16855
16856
16857
16858
16860
16862
16863
16864
16872
16873
16875
16876
16878
16881
16883
16884
16886
16889
16891
16893
16894
16895
16898
16900
16901
16904
16906
16907
16910
16911
16914
16917
16918
16920
16922
16924
16925
16929
16931
16932
16933
16938
16942
16944
16945
16951
16953
16954
16956
16957
16966
16968
16969
16972
16973
16974
16977
16981
16982
16985
16986
16987
16988
16989
16990
16991
16993
16994
16997
17000
17001
17002
17003
17005
17006
17008
17009
17010
17012
17013
17014
17016
17017
17020
17024
17025
17029
17030
17034
17036
17039
17040
17044
17045
17046
17048
17052
17055
17057
17064
17066
17068
17069
17071
17072
17073
17076
17079
17082
17083
17085
17086
17087
17088
17089
17090
17091
17093
17095
17098
17099
17100
17101
17102
17104
17106
17108
17109
17110
17114
17116
17117
17119
17120
17123
17127
17129
17132
17135
17137
17138
17144
17145
17146
17147
17148
17151
17153
17154
17155
17156
17161
17162
17165
17168
17169
17172
17174
17176
17177
17179
17180
17187
17189
17190
17191
17196
17197
17198
17199
17200
17201
17202
17205
17206
17207
17209
17214
17215
17218
17220
17222
17223
17224
17225
17227
17228
17229
17234
17236
17240
17241
17242
17243
17244
17245
17249
17250
17252
17254
17256
17260
17261
17266
17267
17268
17269
17271
17272
17273
17274
17277
17278
17280
17281
17282
17283
17284
17285
17290
17292
17294
17295
17296
17299
17302
17303
17304
17307
17311
17312
17314
17315
17316
17317
17318
17319
17320
17321
17324
17327
17328
17330
17336
17341
17343
17345
17348
17350
17353
17355
17356
17359
17360
17361
17362
17363
17366
17367
17371
17372
17374
17375
17376
17378
17379
17380
17384
17385
17386
17390
17393
17396
17397
17398
17400
17401
17402
17403
17405
17406
17407
17408
17409
17412
17413
17416
17419
17420
17422
17427
17428
17431
17432
17434
17438
17440
17442
17445
17448
17449
17452
17455
17459
17463
17465
17468
17469
17477
17479
17480
17485
17486
17491
17492
17494
17496
17498
17499
17500
17502
17504
17505
17506
17507
17508
17509
17510
17519
17520
17522
17524
17525
17527
17528
17529
17531
17532
17533
17534
17537
17540
17546
17547
17548
17549
17551
17554
17558
17560
17562
17564
17565
17566
17568
17569
17570
17573
17579
17580
17581
17582
17583
17584
17585
17586
17587
17588
17589
17590
17591
17593
17594
17595
17602
17603
17605
17606
17607
17608
17611
17615
17618
17619
17621
17622
17625
17626
17629
17630
17631
17633
17639
17641
17646
17647
17648
17651
17654
17655
17656
17657
17658
17663
17664
17667
17669
17671
17677
17679
17680
17682
17683
17685
17687
17690
17692
17693
17694
17695
17697
17698
17699
17701
17706
17707
17708
17709
17716
17718
17720
17721
17722
17723
17724
17725
17726
17728
17729
17730
17732
17734
17737
17740
17741
17742
17743
17745
17746
17749
17750
17752
17754
17755
17757
17758
17759
17760
17763
17765
17767
17770
17772
17775
17777
17778
17779
17783
17784
17786
17788
17793
17794
17796
17797
17798
17799
17808
17810
17812
17813
17815
17816
17818
17819
17821
17822
17823
17824
17825
17826
17828
17833
17834
17836
17837
17842
17846
17847
17850
17851
17853
17854
17855
17856
17860
17861
17862
17866
17868
17869
17870
17871
17874
17878
17880
17881
17882
17885
17887
17890
17892
17893
17896
17897
17898
17900
17904
17905
17907
17909
17911
17914
17917
17921
17922
17923
17928
17930
17933
17934
17936
17938
17939
17940
17941
17942
17947
17950
17952
17954
17956
17958
17962
17964
17966
17971
17973
17975
17977
17978
17980
17982
17984
17985
17989
17990
17992
17997
18001
18002
18005
18006
18007
18008
18009
18010
18011
18012
18013
18016
18018
18019
18023
18024
18027
18029
18030
18032
18033
18034
18035
18038
18039
18040
18041
18042
18048
18051
18053
18055
18056
18059
18062
18067
18068
18070
18071
18072
18073
18074
18077
18079
18081
18082
18083
18084
18085
18092
18093
18094
18096
18099
18100
18102
18103
18105
18107
18108
18111
18113
18115
18117
18118
18122
18124
18125
18126
18127
18130
18131
18135
18138
18140
18142
18144
18145
18147
18149
18150
18151
18152
18153
18154
18156
18160
18162
18164
18165
18169
18173
18177
18178
18179
18180
18181
18183
18186
18190
18193
18195
18197
18198
18200
18201
18202
18208
18209
18210
18211
18212
18214
18217
18221
18224
18225
18226
18227
18230
18234
18235
18236
18238
18242
18243
18244
18245
18247
18250
18251
18252
18254
18255
18258
18259
18261
18262
18266
18267
18268
18269
18275
18276
18277
18281
18282
18283
18286
18292
18293
18301
18302
18304
18307
18309
18314
18316
18317
18318
18319
18321
18323
18324
18326
18327
18330
18331
18332
18333
18334
18338
18340
18341
18343
18349
18350
18354
18356
18360
18362
18363
18369
18370
18372
18373
18374
18375
18378
18379
18380
18381
18384
18386
18390
18391
18392
18393
18398
18399
18400
18401
18405
18408
18410
18414
18415
18419
18420
18421
18422
18426
18428
18429
18431
18433
18439
18442
18443
18444
18447
18448
18449
18454
18455
18457
18458
18465
18466
18467
18468
18469
18471
18472
18475
18476
18477
18478
18480
18481
18484
18486
18487
18489
18491
18493
18494
18496
18498
18499
18500
18501
18503
18505
18506
18507
18510
18511
18515
18517
18521
18522
18525
18526
18529
18530
18531
18534
18535
18536
18538
18540
18541
18543
18547
18548
18550
18552
18554
18557
18558
18560
18561
18562
18563
18566
18567
18568
18569
18571
18574
18579
18580
18582
18584
18589
18591
18592
18594
18595
18596
18598
18599
18603
18604
18607
18608
18612
18613
18619
18621
18623
18624
18631
18632
18633
18635
18638
18642
18643
18644
18645
18646
18647
18648
18649
18650
18651
18652
18654
18657
18658
18662
18665
18666
18668
18670
18671
18674
18675
18676
18677
18679
18685
18687
18692
18693
18694
18696
18698
18701
18702
18703
18705
18706
18708
18709
18717
18718
18720
18725
18726
18727
18729
18730
18731
18732
18736
18737
18739
18742
18745
18748
18750
18751
18753
18756
18761
18762
18763
18764
18765
18767
18768
18769
18772
18773
18775
18776
18778
18779
18780
18782
18785
18788
18790
18791
18794
18795
18797
18798
18800
18801
18804
18806
18807
18810
18811
18814
18817
18818
18819
18821
18822
18827
18830
18831
18832
18834
18835
18836
18838
18839
18840
18841
18842
18844
18847
18848
18849
18854
18855
18856
18857
18859
18860
18865
18866
18870
18871
18873
18874
18875
18877
18879
18880
18885
18886
18888
18890
18894
18895
18897
18898
18900
18902
18903
18904
18905
18909
18913
18914
18921
18923
18925
18927
18929
18937
18939
18940
18941
18942
18943
18946
18947
18949
18950
18954
18955
18958
18960
18968
18970
18971
18972
18973
18974
18975
18976
18977
18979
18982
18984
18987
18991
18992
18995
18996
18997
18999
19000
19004
19005
19008
19009
19010
19011
19012
19014
19021
19022
19023
19026
19027
19028
19029
19030
19031
19032
19035
19037
19039
19040
19041
19045
19046
19049
19051
19053
19055
19056
19057
19058
19061
19064
19065
19069
19070
19074
19077
19078
19085
19087
19088
19090
19091
19092
19093
19096
19099
19100
19101
19102
19103
19104
19106
19107
19110
19111
19114
19116
19118
19127
19128
19131
19134
19136
19137
19140
19146
19147
19150
19154
19155
19162
19163
19165
19166
19167
19168
19170
19171
19172
19174
19175
19181
19183
19184
19185
19187
19188
19189
19193
19194
19195
19196
19198
19200
19202
19203
19208
19209
19211
19214
19218
19220
19221
19224
19225
19232
19233
19234
19235
19239
19242
19244
19245
19247
19252
19253
19254
19255
19257
19258
19259
19260
19263
19264
19265
19267
19268
19270
19272
19273
19274
19275
19276
19278
19279
19280
19281
19282
19283
19284
19293
19295
19297
19298
19299
19300
19301
19302
19303
19307
19310
19312
19313
19315
19319
19320
19321
19322
19323
19325
19326
19327
19328
19330
19332
19334
19340
19341
19342
19343
19344
19348
19352
19353
19354
19355
19356
19358
19360
19362
19364
19368
19369
19370
19372
19374
19376
19381
19384
19391
19392
19396
19403
19405
19406
19407
19408
19409
19411
19414
19416
19417
19420
19421
19422
19423
19424
19425
19428
19431
19432
19434
19437
19440
19441
19443
19444
19447
19448
19451
19452
19455
19456
19457
19459
19460
19466
19467
19469
19471
19472
19473
19474
19476
19478
19481
19482
19483
19484
19485
19488
19492
19494
19496
19497
19498
19501
19502
19504
19505
19506
19510
19511
19513
19515
19516
19517
19518
19519
19520
19522
19523
19527
19534
19536
19538
19540
19541
19545
19546
19547
19552
19560
19563
19568
19569
19572
19573
19574
19575
19577
19578
19579
19580
19582
19583
19584
19587
19589
19592
19594
19595
19600
19601
19603
19604
19608
19610
19612
19615
19618
19622
19623
19624
19626
19627
19629
19631
19633
19637
19638
19640
19641
19642
19643
19644
19653
19654
19657
19658
19659
19660
19665
19666
19668
19669
19670
19677
19678
19679
19680
19682
19683
19684
19685
19686
19687
19688
19689
19690
19693
19696
19701
19702
19703
19705
19706
19707
19711
19717
19718
19719
19720
19722
19724
19726
19727
19728
19730
19731
19732
19733
19734
19735
19738
19740
19741
19747
19748
19753
19754
19758
19761
19763
19765
19766
19767
19770
19771
19773
19774
19778
19779
19780
19783
19784
19787
19790
19794
19795
19797
19800
19803
19804
19805
19807
19808
19810
19811
19813
19814
19817
19818
19819
19821
19823
19824
19826
19827
19829
19831
19833
19838
19844
19846
19848
19850
19853
19858
19859
19864
19865
19866
19868
19872
19873
19874
19875
19876
19879
19882
19883
19884
19887
19888
19889
19890
19891
19892
19893
19894
19895
19897
19898
19899
19902
19903
19904
19905
19909
19911
19912
19913
19914
19916
19920
19922
19925
19926
19927
19928
19930
19931
19934
19935
19937
19942
19946
19948
19949
19951
19952
19953
19954
19957
19961
19962
19965
19967
19972
19973
19974
19975
19977
19978
19979
19980
19981
19984
19985
19987
19989
19990
19992
19994
19996
20000
20003
20004
20005
20006
20009
20010
20013
20017
20021
20024
20029
20030
20033
20038
20039
20040
20044
20045
20046
20047
20049
20051
20055
20056
20058
20059
20060
20061
20062
20068
20069
20070
20071
20072
20074
20076
20078
20079
20082
20085
20087
20090
20091
20094
20095
20098
20099
20101
20102
20103
20104
20105
20107
20109
20110
20111
20113
20115
20116
20118
20120
20125
20126
20127
20134
20135
20136
20139
20141
20145
20150
20154
20157
20158
20159
20162
20164
20165
20166
20168
20169
20170
20171
20172
20174
20179
20180
20186
20187
20188
20189
20191
20192
20193
20197
20198
20199
20200
20203
20205
20207
20208
20209
20210
20216
20219
20221
20225
20226
20227
20231
20232
20233
20234
20235
20237
20239
20240
20241
20244
20247
20248
20249
20250
20251
20252
20253
20255
20258
20263
20265
20269
20270
20272
20273
20274
20275
20276
20277
20278
20287
20290
20296
20297
20298
20299
20300
20301
20303
20304
20305
20309
20310
20312
20314
20318
20319
20320
20321
20322
20323
20325
20326
20327
20328
20329
20335
20336
20337
20338
20340
20342
20345
20346
20347
20348
20350
20354
20355
20357
20359
20361
20363
20364
20365
20366
20372
20373
20376
20379
20380
20382
20384
20386
20387
20388
20390
20391
20393
20394
20395
20396
20398
20400
20401
20402
20403
20405
20406
20408
20409
20410
20412
20414
20415
20416
20417
20419
20420
20422
20424
20425
20426
20427
20428
20431
20433
20435
20436
20438
20442
20444
20449
20457
20458
20459
20461
20464
20466
20467
20468
20471
20476
20478
20479
20481
20485
20487
20488
20500
20501
20503
20507
20508
20510
20511
20513
20514
20516
20517
20519
20520
20521
20522
20523
20526
20530
20533
20534
20536
20544
20546
20547
20550
20552
20553
20554
20556
20557
20564
20565
20567
20568
20569
20571
20572
20573
20574
20575
20576
20577
20579
20580
20581
20582
20584
20586
20587
20588
20590
20592
20594
20595
20596
20597
20598
20600
20604
20606
20608
20611
20613
20615
20616
20619
20620
20624
20626
20628
20630
20631
20633
20637
20638
20639
20642
20645
20647
20649
20650
20653
20656
20658
20659
20662
20664
20666
20669
20671
20673
20675
20676
20678
20679
20681
20683
20684
20685
20688
20691
20693
20694
20695
20702
20703
20705
20708
20711
20712
20717
20719
20720
20722
20723
20724
20726
20728
20729
20730
20731
20732
20736
20738
20740
20741
20742
20743
20746
20752
20753
20754
20756
20759
20760
20761
20764
20767
20770
20771
20774
20776
20777
20778
20779
20780
20782
20783
20784
20785
20787
20789
20790
20796
20798
20799
20800
20804
20808
20810
20811
20814
20817
20818
20819
20820
20823
20824
20825
20826
20827
20831
20832
20836
20837
20838
20843
20845
20847
20848
20849
20854
20858
20859
20863
20865
20867
20870
20871
20880
20881
20882
20884
20886
20888
20890
20891
20892
20894
20897
20900
20904
20906
20907
20910
20911
20912
20913
20916
20917
20918
20919
20920
20921
20923
20926
20928
20930
20931
20932
20933
20934
20938
20939
20940
20944
20945
20946
20947
20951
20954
20955
20956
20957
20959
20963
20965
20966
20967
20969
20972
20975
20982
20983
20987
20988
20991
20994
20997
20998
21005
21006
21012
21013
21015
21018
21020
21023
21024
21026
21029
21030
21031
21034
21035
21036
21038
21039
21045
21046
21050
21051
21053
21055
21056
21058
21059
21060
21061
21064
21065
21066
21068
21069
21071
21074
21076
21077
21079
21080
21082
21083
21084
21085
21089
21091
21092
21093
21094
21095
21098
21101
21102
21105
21107
21109
21110
21111
21112
21114
21116
21117
21122
21123
21124
21126
21130
21139
21142
21148
21149
21150
21152
21156
21159
21163
21164
21166
21167
21172
21173
21174
21176
21178
21179
21182
21183
21184
21185
21188
21189
21191
21194
21196
21199
21200
21205
21208
21209
21210
21211
21214
21215
21216
21218
21220
21221
21223
21224
21225
21226
21227
21228
21229
21230
21231
21232
21233
21234
21235
21243
21244
21245
21246
21247
21249
21251
21252
21253
21255
21257
21258
21263
21264
21265
21266
21268
21270
21272
21280
21283
21285
21286
21289
21291
21293
21294
21295
21299
21300
21302
21306
21308
21309
21311
21313
21315
21316
21317
21319
21320
21323
21329
21330
21331
21332
21333
21334
21338
21340
21345
21346
21347
21349
21351
21352
21353
21355
21356
21361
21362
21364
21366
21368
21369
21370
21371
21375
21376
21377
21384
21386
21390
21391
21392
21395
21397
21399
21401
21403
21406
21408
21411
21414
21417
21420
21427
21429
21432
21433
21434
21435
21437
21438
21440
21441
21444
21446
21451
21454
21456
21457
21458
21459
21460
21462
21464
21466
21467
21468
21469
21471
21472
21473
21474
21475
21476
21477
21478
21479
21480
21481
21484
21488
21489
21490
21491
21492
21493
21498
21502
21505
21506
21507
21509
21511
21512
21514
21516
21519
21520
21522
21524
21525
21526
21530
21531
21532
21535
21536
21537
21539
21540
21542
21545
21546
21550
21551
21553
21555
21556
21557
21558
21560
21562
21563
21565
21566
21567
21568
21570
21571
21572
21574
21575
21577
21578
21580
21581
21587
21588
21590
21591
21592
21593
21594
21595
21596
21599
21601
21603
21604
21605
21613
21614
21615
21616
21618
21619
21620
21622
21623
21624
21626
21632
21638
21639
21640
21641
21642
21643
21646
21647
21649
21652
21653
21655
21656
21661
21662
21663
21665
21666
21668
21669
21671
21672
21680
21683
21685
21686
21689
21690
21691
21695
21696
21698
21699
21703
21705
21706
21708
21709
21713
21715
21717
21718
21721
21722
21724
21725
21726
21729
21730
21732
21736
21737
21738
21741
21744
21748
21749
21754
21755
21756
21757
21758
21760
21761
21764
21765
21767
21768
21770
21773
21775
21778
21779
21780
21781
21782
21785
21788
21789
21793
21794
21795
21797
21800
21802
21803
21804
21805
21807
21808
21810
21811
21815
21817
21818
21820
21827
21829
21832
21833
21835
21836
21837
21838
21841
21842
21844
21845
21851
21852
21854
21855
21857
21859
21863
21864
21865
21866
21867
21868
21869
21870
21871
21875
21876
21880
21883
21886
21887
21889
21892
21899
21902
21903
21905
21907
21908
21915
21916
21917
21918
21920
21921
21923
21924
21925
21926
21929
21930
21931
21938
21939
21940
21946
21948
21949
21950
21958
21961
21966
21967
21969
21972
21973
21975
21976
21982
21984
21987
21988
21991
21992
21993
21998
21999
22000
22007
22009
22011
22012
22013
22017
22019
22020
22021
22023
22025
22027
22031
22032
22033
22036
22037
22039
22043
22045
22047
22049
22050
22051
22052
22053
22058
22061
22064
22066
22070
22072
22076
22077
22080
22081
22082
22083
22086
22087
22088
22089
22091
22092
22093
22094
22096
22099
22100
22102
22105
22109
22110
22111
22113
22117
22118
22123
22124
22128
22131
22133
22134
22138
22140
22144
22145
22146
22147
22149
22150
22151
22152
22154
22157
22158
22161
22162
22167
22168
22169
22170
22172
22173
22174
22176
22178
22180
22181
22183
22185
22186
22187
22188
22189
22190
22192
22193
22198
22200
22205
22210
22213
22214
22215
22216
22221
22222
22225
22227
22229
22230
22231
22234
22235
22236
22237
22240
22241
22242
22245
22247
22248
22251
22258
22259
22262
22263
22265
22266
22267
22269
22271
22272
22273
22274
22277
22279
22280
22282
22289
22292
22293
22295
22298
22299
22300
22305
22307
22308
22310
22312
22314
22315
22316
22317
22318
22322
22325
22327
22328
22329
22331
22332
22333
22334
22335
22337
22339
22340
22341
22342
22343
22344
22346
22348
22358
22359
22362
22365
22369
22371
22372
22373
22374
22375
22376
22379
22381
22382
22383
22384
22385
22391
22392
22396
22397
22399
22401
22402
22409
22410
22412
22413
22417
22419
22420
22423
22424
22426
22427
22430
22432
22433
22434
22435
22437
22438
22441
22442
22445
22446
22448
22449
22451
22452
22454
22455
22457
22458
22459
22461
22462
22463
22464
22465
22469
22470
22471
22474
22475
22476
22481
22486
22489
22492
22494
22497
22499
22502
22504
22506
22510
22514
22515
22516
22517
22518
22519
22520
22521
22522
22526
22527
22528
22531
22532
22537
22543
22544
22545
22546
22548
22549
22551
22552
22555
22559
22560
22562
22563
22566
22568
22569
22570
22572
22573
22574
22575
22577
22580
22581
22584
22585
22586
22590
22592
22593
22594
22598
22602
22603
22604
22606
22607
22608
22610
22614
22615
22617
22618
22619
22622
22629
22630
22631
22632
22636
22637
22640
22642
22643
22644
22647
22649
22652
22653
22654
22655
22656
22658
22661
22662
22668
22670
22674
22676
22677
22680
22681
22682
22684
22687
22688
22689
22690
22692
22696
22698
22701
22705
22707
22708
22709
22711
22712
22716
22717
22719
22721
22722
22723
22725
22726
22733
22734
22735
22736
22737
22738
22740
22741
22744
22745
22747
22749
22751
22753
22755
22757
22759
22764
22768
22769
22770
22772
22777
22779
22780
22781
22783
22788
22791
22792
22795
22799
22804
22805
22806
22809
22810
22811
22812
22814
22816
22823
22824
22826
22828
22830
22833
22837
22838
22839
22841
22842
22844
22845
22849
22850
22852
22853
22854
22859
22865
22868
22872
22875
22876
22877
22878
22879
22880
22881
22884
22885
22889
22891
22892
22894
22896
22897
22898
22899
22900
22902
22903
22904
22907
22909
22911
22915
22916
22918
22920
22922
22924
22926
22928
22929
22931
22932
22933
22934
22935
22937
22939
22940
22942
22945
22946
22947
22950
22951
22952
22953
22955
22957
22959
22960
22961
22964
22965
22966
22968
22970
22971
22975
22976
22978
22981
22982
22985
22987
22988
22989
22996
22997
22999
23001
23003
23004
23005
23007
23013
23015
23017
23018
23019
23020
23021
23026
23028
23030
23032
23038
23039
23044
23045
23048
23053
23054
23061
23063
23065
23069
23074
23075
23076
23080
23083
23086
23087
23088
23092
23093
23096
23097
23099
23101
23102
23104
23108
23113
23114
23115
23116
23120
23121
23124
23127
23129
23131
23132
23133
23136
23137
23138
23139
23140
23142
23150
23152
23153
23154
23155
23156
23157
23160
23162
23163
23167
23170
23174
23175
23177
23178
23182
23184
23186
23187
23188
23189
23190
23191
23196
23197
23198
23202
23203
23205
23206
23213
23214
23215
23216
23218
23222
23226
23228
23229
23231
23232
23234
23236
23240
23241
23242
23243
23244
23246
23251
23252
23253
23254
23257
23258
23260
23262
23264
23268
23269
23271
23272
23275
23276
23280
23281
23283
23284
23285
23288
23289
23292
23294
23295
23296
23297
23300
23301
23303
23304
23305
23307
23310
23311
23313
23316
23318
23319
23321
23324
23325
23326
23329
23331
23332
23334
23336
23338
23342
23344
23346
23350
23351
23352
23354
23358
23359
23364
23366
23368
23369
23371
23372
23374
23375
23378
23379
23381
23382
23383
23384
23386
23387
23388
23391
23395
23396
23399
23400
23402
23403
23404
23407
23408
23409
23414
23415
23416
23417
23418
23419
23420
23421
23422
23423
23426
23427
23428
23429
23432
23433
23434
23435
23436
23437
23439
23441
23442
23448
23449
23451
23453
23454
23458
23461
23464
23465
23466
23467
23469
23470
23473
23474
23475
23477
23478
23479
23480
23482
23485
23486
23489
23492
23494
23496
23498
23499
23500
23501
23502
23503
23506
23507
23508
23509
23511
23516
23519
23520
23521
23522
23528
23530
23531
23532
23534
23541
23542
23543
23544
23545
23546
23548
23553
23556
23557
23558
23559
23562
23565
23567
23568
23571
23574
23575
23578
23582
23584
23587
23591
23592
23594
23597
23598
23599
23602
23606
23608
23612
23613
23614
23615
23617
23618
23619
23620
23621
23624
23627
23628
23629
23633
23636
23643
23645
23649
23650
23651
23652
23656
23661
23663
23664
23668
23670
23671
23672
23673
23675
23676
23678
23682
23684
23688
23690
23691
23695
23696
23697
23698
23705
23707
23709
23711
23713
23714
23718
23720
23722
23723
23725
23731
23732
23734
23735
23736
23738
23740
23741
23744
23745
23747
23748
23749
23751
23752
23753
23754
23755
23757
23758
23759
23760
23768
23769
23770
23771
23774
23775
23777
23781
23782
23783
23785
23786
23787
23788
23789
23790
23791
23792
23793
23794
23795
23797
23798
23799
23801
23802
23803
23804
23805
23806
23809
23810
23814
23816
23818
23825
23827
23828
23832
23833
23834
23835
23838
23844
23845
23846
23847
23848
23849
23851
23853
23854
23856
23860
23863
23866
23867
23868
23870
23872
23873
23877
23878
23879
23880
23881
23883
23884
23887
23890
23892
23894
23895
23896
23897
23901
23903
23904
23905
23906
23910
23912
23914
23915
23917
23919
23921
23923
23924
23925
23926
23927
23929
23931
23933
23936
23937
23939
23942
23944
23946
23948
23950
23952
23957
23961
23963
23964
23965
23968
23971
23973
23974
23975
23979
23983
23985
23986
23987
23989
23990
23993
23994
23996
24002
24007
24008
24012
24015
24016
24017
24018
24019
24020
24022
24023
24024
24025
24026
24029
24032
24034
24036
24037
24041
24045
24047
24048
24049
24051
24052
24053
24054
24056
24057
24061
24064
24066
24068
24069
24070
24072
24073
24077
24078
24079
24080
24081
24083
24084
24085
24087
24094
24098
24100
24103
24105
24106
24108
24109
24111
24114
24115
24117
24119
24122
24123
24124
24126
24127
24128
24134
24137
24139
24141
24145
24147
24148
24149
24150
24151
24153
24155
24156
24159
24160
24161
24162
24163
24164
24168
24169
24171
24173
24175
24178
24179
24183
24184
24185
24186
24187
24188
24190
24191
24194
24196
24198
24199
24201
24202
24206
24211
24212
24213
24214
24218
24225
24226
24227
24228
24229
24230
24231
24232
24233
24236
24237
24240
24241
24242
24243
24245
24248
24249
24252
24257
24258
24262
24263
24264
24267
24269
24271
24273
24274
24275
24279
24280
24284
24285
24288
24289
24292
24293
24294
24296
24300
24302
24303
24305
24307
24309
24310
24311
24312
24314
24316
24318
24321
24322
24323
24324
24326
24328
24329
24331
24332
24333
24334
24337
24338
24340
24343
24347
24354
24356
24357
24360
24362
24365
24366
24369
24370
24376
24378
24380
24381
24382
24384
24387
24389
24392
24393
24394
24395
24399
24400
24401
24403
24404
24405
24409
24413
24414
24416
24417
24418
24419
24420
24422
24425
24426
24429
24430
24431
24434
24435
24440
24442
24445
24447
24449
24454
24459
24460
24463
24465
24467
24471
24473
24474
24476
24477
24478
24483
24485
24487
24489
24490
24491
24493
24497
24499
24501
24503
24504
24505
24507
24514
24515
24516
24517
24519
24525
24527
24530
24533
24534
24538
24540
24541
24543
24545
24546
24547
24548
24549
24553
24555
24556
24557
24560
24561
24563
24565
24566
24567
24568
24571
24572
24574
24575
24577
24579
24580
24581
24583
24585
24592
24594
24595
24596
24598
24601
24602
24603
24608
24609
24616
24619
24622
24623
24624
24625
24627
24628
24629
24630
24632
24633
24634
24638
24639
24640
24641
24646
24647
24649
24650
24651
24653
24654
24655
24656
24657
24658
24659
24660
24662
24663
24666
24667
24668
24670
24678
24679
24680
24682
24683
24686
24689
24691
24692
24694
24696
24703
24704
24705
24706
24707
24710
24712
24713
24714
24715
24716
24719
24720
24721
24723
24725
24729
24730
24731
24734
24735
24736
24737
24739
24741
24743
24744
24746
24747
24748
24750
24754
24755
24756
24757
24760
24761
24762
24764
24765
24766
24768
24771
24773
24774
24775
24781
24782
24787
24789
24792
24796
24797
24798
24799
24800
24802
24811
24815
24816
24818
24819
24821
24824
24826
24830
24833
24837
24840
24842
24845
24846
24849
24850
24851
24854
24855
24856
24857
24858
24861
24862
24863
24864
24865
24868
24869
24873
24874
24876
24878
24881
24884
24886
24887
24888
24891
24892
24894
24901
24902
24904
24905
24907
24908
24909
24913
24914
24915
24916
24917
24923
24924
24927
24928
24929
24932
24934
24935
24936
24939
24940
24942
24943
24946
24948
24951
24952
24956
24957
24958
24960
24962
24963
24965
24967
24974
24975
24976
24977
24981
24983
24985
24986
24989
24990
24996
24999
25000
25001
25004
25006
25010
25014
25018
25019
25020
25022
25024
25026
25028
25031
25032
25033
25034
25035
25036
25042
25043
25044
25046
25047
25049
25052
25053
25057
25058
25060
25065
25066
25068
25070
25072
25073
25074
25076
25077
25078
25079
25082
25083
25084
25085
25087
25093
25096
25098
25103
25107
25108
25110
25111
25113
25114
25115
25120
25122
25123
25124
25125
25127
25128
25132
25133
25137
25138
25139
25143
25145
25146
25150
25152
25153
25155
25156
25157
25158
25159
25160
25162
25165
25167
25168
25170
25171
25173
25174
25175
25177
25178
25181
25182
25186
25187
25189
25191
25192
25193
25194
25195
25196
25198
25199
25202
25203
25204
25206
25207
25209
25210
25211
25212
25213
25214
25215
25217
25218
25221
25222
25223
25224
25225
25228
25230
25231
25233
25234
25235
25236
25240
25241
25243
25244
25248
25249
25252
25253
25255
25257
25258
25259
25264
25267
25268
25271
25272
25273
25274
25277
25279
25280
25281
25282
25284
25290
25297
25298
25299
25300
25301
25302
25306
25308
25309
25315
25316
25317
25320
25321
25322
25324
25330
25331
25334
25339
25340
25346
25350
25351
25354
25361
25365
25367
25368
25369
25371
25373
25375
25377
25378
25379
25380
25381
25382
25384
25385
25386
25389
25390
25393
25395
25396
25397
25398
25399
25402
25405
25406
25410
25411
25413
25415
25416
25417
25421
25424
25425
25426
25427
25431
25433
25436
25437
25438
25440
25446
25447
25448
25452
25453
25454
25455
25461
25462
25466
25472
25474
25476
25478
25482
25483
25484
25487
25490
25491
25494
25497
25499
25501
25502
25505
25509
25510
25512
25515
25516
25518
25519
25520
25523
25524
25526
25528
25529
25531
25533
25535
25536
25537
25539
25540
25541
25542
25545
25548
25553
25557
25559
25560
25562
25565
25571
25573
25574
25575
25582
25583
25585
25586
25588
25589
25592
25593
25594
25595
25597
25598
25601
25602
25603
25604
25605
25606
25608
25609
25612
25613
25614
25617
25621
25622
25623
25625
25627
25628
25630
25634
25635
25637
25639
25642
25651
25653
25654
25660
25664
25666
25667
25668
25669
25670
25672
25673
25676
25677
25679
25680
25681
25683
25685
25686
25687
25688
25689
25690
25691
25695
25696
25699
25700
25704
25705
25709
25711
25712
25714
25715
25716
25718
25721
25722
25723
25725
25728
25731
25733
25734
25735
25736
25737
25739
25740
25741
25742
25745
25746
25748
25749
25750
25751
25755
25761
25762
25763
25764
25765
25766
25768
25770
25771
25773
25776
25781
25782
25783
25784
25785
25787
25788
25789
25790
25791
25793
25794
25795
25796
25797
25799
25803
25806
25807
25811
25812
25813
25815
25818
25822
25835
25836
25838
25840
25841
25842
25843
25845
25847
25849
25851
25855
25857
25860
25862
25863
25867
25869
25870
25871
25873
25875
25879
25880
25882
25883
25885
25887
25890
25892
25896
25897
25898
25899
25902
25904
25910
25911
25914
25915
25918
25919
25921
25927
25929
25930
25935
25940
25941
25943
25944
25945
25946
25948
25949
25951
25952
25956
25957
25959
25963
25965
25966
25968
25971
25972
25974
25977
25979
25980
25981
25984
25985
25987
25989
25991
25993
25994
25996
25997
25999
26000
26001
26002
26003
26007
26008
26009
26010
26011
26013
26014
26017
26020
26023
26024
26025
26028
26029
26030
26031
26033
26036
26037
26038
26039
26041
26043
26045
26046
26047
26048
26052
26054
26055
26057
26059
26060
26061
26062
26064
26068
26069
26070
26071
26072
26075
26077
26079
26083
26086
26087
26088
26090
26092
26095
26097
26100
26102
26105
26107
26109
26110
26111
26112
26114
26115
26116
26117
26121
26123
26124
26126
26128
26129
26130
26131
26132
26134
26135
26138
26140
26144
26146
26149
26151
26153
26156
26157
26164
26168
26169
26171
26175
26178
26180
26181
26182
26184
26188
26189
26191
26192
26195
26196
26197
26199
26200
26201
26202
26203
26204
26207
26209
26210
26211
26212
26215
26216
26218
26222
26224
26226
26229
26231
26232
26234
26236
26240
26241
26242
26243
26245
26247
26248
26250
26251
26252
26253
26257
26258
26260
26262
26263
26264
26265
26266
26269
26270
26276
26281
26282
26288
26289
26291
26293
26297
26299
26301
26304
26305
26306
26309
26312
26314
26317
26319
26321
26323
26328
26330
26332
26335
26336
26337
26338
26339
26340
26341
26343
26345
26347
26350
26351
26352
26355
26358
26360
26362
26365
26368
26370
26372
26374
26376
26377
26378
26387
26388
26390
26391
26392
26393
26395
26399
26401
26404
26407
26409
26413
26420
26423
26424
26427
26428
26429
26430
26431
26434
26435
26436
26437
26438
26441
26442
26443
26447
26449
26452
26453
26454
26456
26459
26460
26461
26464
26468
26469
26470
26475
26478
26479
26480
26481
26483
26484
26487
26488
26494
26496
26498
26500
26501
26503
26504
26505
26508
26509
26510
26511
26513
26514
26515
26518
26519
26522
26524
26528
26530
26532
26533
26537
26542
26545
26546
26547
26548
26553
26554
26555
26556
26561
26563
26566
26568
26569
26571
26573
26574
26575
26576
26577
26579
26585
26586
26587
26589
26590
26595
26598
26599
26600
26601
26603
26604
26607
26608
26609
26610
26611
26612
26613
26617
26620
26621
26623
26625
26628
26629
26634
26635
26639
26640
26641
26644
26645
26646
26647
26648
26650
26652
26654
26663
26665
26667
26671
26672
26675
26676
26677
26680
26684
26686
26688
26689
26690
26692
26693
26695
26698
26699
26702
26703
26704
26706
26707
26708
26710
26711
26712
26713
26714
26716
26717
26718
26720
26721
26722
26724
26725
26727
26730
26732
26736
26738
26739
26742
26743
26744
26748
26750
26751
26752
26754
26755
26756
26765
26766
26768
26771
26772
26778
26780
26782
26786
26789
26790
26791
26792
26795
26796
26798
26806
26811
26812
26813
26816
26818
26819
26824
26825
26826
26828
26831
26832
26833
26834
26835
26836
26837
26840
26846
26849
26850
26851
26854
26856
26858
26861
26862
26863
26865
26866
26867
26868
26869
26870
26872
26873
26877
26880
26882
26883
26885
26888
26889
26890
26891
26893
26895
26898
26901
26902
26904
26905
26908
26909
26910
26911
26912
26914
26915
26916
26917
26918
26919
26926
26928
26929
26932
26933
26935
26938
26940
26941
26943
26944
26947
26951
26952
26954
26955
26958
26960
26961
26964
26965
26969
26971
26974
26976
26977
26978
26979
26980
26984
26985
26986
26988
26992
26998
27002
27006
27008
27009
27013
27015
27020
27022
27023
27024
27025
27027
27028
27029
27031
27034
27035
27036
27038
27039
27040
27041
27042
27043
27044
27045
27046
27049
27050
27053
27055
27057
27058
27059
27061
27062
27063
27064
27067
27069
27071
27072
27073
27074
27075
27078
27081
27083
27087
27088
27090
27091
27092
27093
27094
27096
27097
27100
27103
27104
27105
27108
27109
27112
27113
27114
27117
27118
27120
27124
27125
27126
27127
27129
27130
27135
27136
27137
27140
27142
27146
27147
27150
27151
27155
27156
27161
27162
27167
27168
27169
27170
27172
27175
27177
27180
27182
27184
27187
27188
27189
27190
27191
27197
27198
27199
27202
27206
27209
27211
27214
27217
27219
27220
27221
27224
27225
27231
27235
27238
27240
27245
27247
27250
27251
27252
27253
27257
27262
27263
27264
27265
27266
27267
27269
27272
27273
27280
27281
27282
27285
27287
27290
27291
27296
27298
27299
27301
27303
27307
27309
27313
27314
27317
27318
27319
27320
27321
27322
27327
27328
27330
27332
27333
27334
27338
27339
27341
27342
27344
27346
27347
27348
27349
27351
27352
27355
27356
27358
27359
27361
27362
27365
27366
27368
27370
27373
27374
27376
27378
27379
27380
27381
27383
27384
27385
27386
27389
27391
27393
27394
27395
27396
27398
27400
27402
27406
27411
27412
27415
27416
27417
27419
27420
27428
27430
27431
27433
27434
27438
27439
27440
27442
27443
27445
27447
27448
27449
27453
27455
27456
27458
27459
27463
27465
27466
27467
27468
27471
27473
27478
27480
27483
27484
27486
27492
27493
27495
27498
27499
27500
27503
27504
27506
27507
27509
27510
27515
27516
27517
27519
27522
27523
27524
27525
27529
27535
27536
27538
27543
27547
27550
27551
27552
27553
27554
27555
27557
27558
27559
27562
27563
27569
27583
27584
27589
27590
27594
27595
27598
27600
27601
27602
27604
27605
27606
27608
27610
27611
27613
27614
27615
27616
27617
27618
27621
27625
27626
27627
27628
27629
27631
27632
27633
27636
27637
27642
27644
27646
27649
27655
27656
27657
27659
27661
27663
27664
27666
27667
27668
27670
27671
27672
27675
27677
27678
27680
27683
27684
27686
27688
27689
27690
27692
27693
27694
27701
27702
27704
27705
27706
27707
27708
27709
27712
27716
27719
27720
27723
27724
27728
27729
27733
27734
27739
27740
27741
27744
27745
27746
27749
27750
27752
27754
27755
27757
27759
27761
27763
27764
27765
27767
27771
27772
27774
27776
27779
27782
27787
27789
27792
27793
27798
27799
27801
27803
27804
27805
27806
27807
27808
27809
27811
27812
27813
27814
27815
27816
27824
27825
27828
27830
27832
27835
27838
27846
27849
27850
27852
27853
27854
27855
27858
27859
27860
27863
27864
27866
27869
27870
27873
27876
27877
27878
27879
27880
27883
27885
27886
27887
27892
27893
27894
27897
27899
27902
27906
27908
27909
27912
27913
27917
27921
27922
27923
27928
27930
27931
27933
27934
27935
27936
27937
27939
27940
27943
27944
27945
27946
27948
27950
27951
27952
27955
27956
27957
27958
27961
27962
27964
27965
27966
27967
27968
27969
27971
27974
27976
27977
27978
27982
27983
27984
27985
27987
27992
27993
27994
27997
27998
28000
28003
28005
28006
28012
28015
28016
28019
28023
28026
28027
28028
28030
28034
28035
28038
28040
28041
28042
28043
28045
28050
28052
28054
28058
28063
28064
28065
28067
28072
28073
28075
28076
28078
28082
28085
28087
28088
28089
28091
28095
28096
28099
28101
28103
28104
28106
28107
28109
28112
28116
28117
28119
28120
28121
28123
28124
28126
28127
28128
28129
28131
28132
28133
28134
28137
28138
28140
28142
28143
28144
28145
28147
28148
28152
28155
28158
28159
28160
28162
28164
28165
28167
28169
28173
28177
28178
28180
28181
28183
28187
28188
28189
28190
28192
28196
28197
28198
28199
28204
28206
28208
28209
28210
28211
28214
28217
28219
28220
28221
28224
28225
28230
28233
28234
28238
28240
28241
28243
28244
28245
28246
28247
28248
28250
28253
28255
28256
28257
28259
28261
28262
28264
28266
28267
28268
28269
28274
28275
28278
28279
28281
28283
28286
28289
28290
28292
28293
28294
28297
28298
28299
28302
28306
28308
28309
28310
28311
28313
28314
28315
28317
28319
28321
28322
28323
28324
28325
28328
28329
28330
28331
28334
28336
28339
28340
28342
28344
28346
28352
28355
28356
28358
28361
28363
28369
28370
28375
28376
28379
28380
28384
28387
28388
28391
28392
28395
28396
28397
28398
28399
28400
28405
28406
28411
28412
28415
28416
28418
28419
28422
28423
28424
28427
28428
28429
28431
28432
28433
28436
28438
28441
28446
28447
28449
28450
28456
28458
28459
28460
28461
28462
28463
28464
28465
28466
28467
28470
28471
28473
28475
28476
28478
28484
28487
28489
28490
28492
28495
28496
28500
28501
28502
28503
28504
28509
28512
28513
28514
28516
28517
28519
28525
28529
28530
28536
28537
28538
28548
28551
28554
28555
28556
28557
28559
28563
28566
28567
28568
28569
28570
28571
28572
28573
28576
28577
28578
28579
28580
28582
28583
28585
28586
28589
28590
28592
28594
28596
28597
28600
28604
28605
28608
28609
28612
28615
28624
28626
28630
28634
28635
28636
28638
28644
28647
28648
28650
28651
28652
28653
28654
28657
28658
28662
28663
28665
28666
28669
28672
28675
28677
28679
28680
28682
28683
28686
28688
28691
28693
28694
28696
28697
28698
28700
28702
28703
28705
28706
28707
28708
28709
28710
28712
28713
28715
28717
28720
28721
28724
28727
28728
28732
28733
28735
28736
28740
28741
28742
28743
28744
28747
28748
28752
28754
28757
28758
28759
28760
28761
28765
28770
28771
28773
28775
28776
28777
28778
28781
28783
28787
28788
28789
28790
28791
28793
28799
28802
28803
28804
28805
28807
28808
28810
28811
28813
28815
28818
28819
28824
28830
28831
28832
28834
28836
28837
28840
28842
28843
28844
28845
28850
28851
28852
28853
28854
28861
28862
28863
28866
28871
28875
28877
28878
28883
28884
28885
28886
28887
28888
28890
28891
28892
28893
28894
28895
28897
28898
28900
28901
28902
28903
28904
28905
28906
28907
28910
28911
28912
28914
28917
28919
28921
28922
28931
28932
28936
28940
28942
28944
28946
28948
28949
28950
28951
28952
28953
28954
28955
28956
28960
28963
28967
28970
28972
28974
28975
28976
28978
28979
28982
28983
28984
28985
28986
28990
28994
28995
28996
28997
28999
29000
29003
29005
29008
29011
29012
29013
29014
29015
29021
29022
29025
29026
29028
29030
29031
29034
29035
29036
29037
29039
29041
29044
29045
29046
29047
29048
29054
29056
29057
29060
29062
29064
29066
29067
29068
29070
29072
29074
29075
29078
29079
29082
29083
29089
29095
29099
29100
29102
29103
29104
29106
29109
29110
29111
29113
29114
29117
29118
29120
29123
29124
29125
29128
29129
29130
29137
29138
29139
29144
29145
29146
29147
29149
29150
29151
29152
29153
29157
29161
29171
29175
29181
29182
29183
29186
29187
29189
29190
29191
29192
29197
29202
29203
29204
29205
29206
29207
29208
29209
29210
29212
29214
29215
29217
29219
29220
29221
29222
29223
29224
29225
29227
29228
29229
29231
29232
29233
29236
29241
29248
29256
29258
29259
29264
29265
29266
29271
29278
29280
29282
29283
29284
29285
29286
29288
29289
29293
29294
29299
29300
29301
29302
29303
29304
29305
29306
29307
29308
29312
29313
29315
29317
29319
29320
29321
29324
29327
29328
29329
29333
29334
29335
29338
29341
29342
29345
29347
29348
29350
29352
29355
29360
29361
29363
29364
29365
29366
29367
29371
29374
29375
29376
29377
29378
29379
29382
29383
29384
29387
29388
29389
29390
29392
29393
29394
29397
29399
29400
29401
29403
29405
29407
29408
29413
29419
29421
29424
29426
29427
29428
29429
29432
29433
29434
29436
29440
29441
29442
29443
29444
29445
29446
29448
29449
29452
29453
29454
29455
29457
29458
29461
29462
29466
29467
29468
29470
29471
29474
29475
29476
29478
29483
29486
29490
29492
29494
29495
29497
29499
29500
29502
29505
29510
29512
29513
29514
29516
29517
29518
29519
29520
29521
29523
29524
29526
29528
29529
29530
29532
29535
29537
29539
29541
29542
29543
29544
29545
29547
29549
29552
29557
29559
29560
29566
29567
29568
29569
29575
29577
29578
29585
29588
29589
29590
29594
29595
29597
29600
29602
29606
29608
29610
29611
29612
29614
29615
29617
29622
29624
29630
29631
29632
29637
29639
29641
29643
29648
29657
29658
29659
29660
29661
29662
29663
29664
29665
29667
29670
29672
29674
29678
29679
29680
29684
29686
29687
29688
29690
29692
29693
29694
29699
29701
29704
29705
29706
29707
29708
29710
29711
29715
29716
29717
29718
29719
29720
29721
29723
29724
29727
29728
29729
29732
29734
29736
29746
29747
29748
29750
29753
29754
29756
29757
29758
29760
29764
29765
29767
29768
29769
29774
29776
29778
29779
29780
29782
29784
29785
29786
29788
29791
29793
29795
29796
29797
29798
29801
29806
29807
29808
29810
29811
29814
29815
29817
29818
29823
29827
29828
29830
29831
29833
29834
29835
29836
29837
29838
29842
29843
29845
29847
29850
29851
29852
29854
29856
29859
29862
29863
29864
29866
29867
29871
29872
29873
29874
29875
29876
29878
29882
29883
29886
29887
29890
29892
29897
29899
29900
29902
29903
29906
29907
29908
29909
29913
29914
29915
29919
29921
29923
29924
29926
29927
29928
29929
29931
29934
29937
29938
29939
29942
29944
29945
29946
29951
29955
29958
29960
29964
29966
29967
29968
29969
29970
29972
29973
29976
29977
29978
29983
29984
29985
29986
29988
29989
29992
29993
29994
29996
30003
30004
30006
30009
30010
30011
30021
30022
30023
30024
30029
30030
30032
30034
30036
30037
30038
30039
30042
30043
30045
30046
30048
30050
30051
30053
30055
30057
30058
30062
30066
30067
30071
30072
30077
30078
30079
30081
30082
30086
30089
30092
30093
30095
30098
30101
30103
30105
30106
30108
30110
30118
30119
30121
30123
30125
30126
30130
30134
30136
30137
30140
30141
30145
30148
30150
30151
30152
30153
30154
30155
30157
30159
30161
30163
30165
30170
30173
30174
30176
30177
30178
30179
30180
30183
30186
30190
30191
30193
30196
30197
30201
30202
30203
30204
30207
30209
30211
30215
30217
30218
30219
30221
30222
30225
30227
30228
30231
30232
30235
30237
30239
30241
30243
30244
30245
30249
30250
30254
30256
30258
30259
30260
30261
30262
30264
30265
30266
30269
30273
30275
30277
30279
30280
30282
30284
30285
30286
30288
30289
30291
30292
30293
30294
30298
30299
30300
30301
30302
30303
30305
30307
30309
30310
30311
30312
30314
30315
30317
30319
30321
30324
30326
30327
30328
30329
30331
30332
30333
30337
30340
30342
30344
30348
30349
30350
30351
30354
30355
30356
30357
30358
30359
30360
30361
30362
30363
30364
30366
30367
30369
30372
30373
30375
30376
30378
30383
30385
30387
30388
30390
30392
30393
30396
30399
30400
30401
30402
30403
30407
30408
30410
30413
30414
30418
30420
30422
30423
30424
30426
30427
30429
30430
30431
30433
30440
30442
30446
30450
30458
30459
30463
30464
30465
30467
30468
30470
30473
30475
30481
30482
30483
30487
30488
30490
30491
30492
30493
30494
30499
30501
30504
30506
30507
30509
30510
30514
30517
30518
30522
30523
30526
30527
30528
30529
30532
30535
30536
30537
30538
30542
30544
30546
30547
30548
30550
30551
30556
30558
30560
30562
30563
30564
30565
30567
30569
30570
30571
30572
30573
30575
30576
30579
30580
30582
30583
30586
30588
30590
30592
30593
30598
30599
30600
30601
30603
30605
30606
30610
30611
30612
30616
30619
30621
30624
30625
30628
30629
30630
30631
30633
30635
30639
30641
30642
30643
30644
30645
30646
30649
30651
30652
30658
30659
30660
30663
30664
30665
30669
30673
30674
30676
30678
30679
30680
30682
30683
30684
30687
30688
30691
30692
30698
30699
30701
30704
30707
30709
30710
30711
30714
30720
30723
30724
30727
30731
30736
30740
30743
30745
30746
30747
30753
30755
30757
30758
30766
30768
30769
30770
30771
30773
30774
30776
30778
30779
30780
30781
30782
30783
30784
30785
30786
30787
30789
30790
30791
30796
30798
30800
30801
30802
30805
30808
30812
30813
30815
30819
30820
30823
30824
30826
30827
30828
30829
30831
30832
30837
30839
30841
30844
30845
30847
30849
30851
30852
30853
30855
30856
30857
30858
30860
30861
30862
30864
30865
30866
30867
30874
30876
30877
30881
30882
30884
30885
30886
30887
30893
30894
30898
30899
30900
30902
30903
30907
30909
30911
30914
30918
30921
30922
30925
30926
30928
30929
30932
30934
30936
30937
30939
30941
30944
30948
30953
30954
30955
30958
30959
30961
30962
30964
30967
30969
30970
30971
30973
30975
30978
30979
30980
30981
30984
30985
30986
30990
30992
30993
30994
30998
30999
31001
31006
31009
31013
31014
31017
31021
31022
31023
31026
31027
31028
31029
31030
31031
31033
31034
31035
31036
31037
31040
31041
31042
31044
31045
31047
31048
31049
31051
31055
31056
31059
31060
31062
31067
31069
31073
31079
31080
31081
31082
31084
31086
31087
31088
31089
31090
31092
31093
31096
31101
31102
31103
31106
31108
31109
31113
31114
31119
31124
31126
31127
31130
31132
31136
31137
31139
31140
31143
31144
31145
31148
31151
31152
31153
31154
31155
31157
31158
31160
31161
31163
31164
31166
31168
31169
31172
31174
31175
31178
31182
31186
31188
31193
31197
31199
31200
31201
31202
31204
31208
31214
31215
31216
31217
31218
31219
31221
31223
31224
31225
31226
31227
31229
31232
31233
31234
31235
31237
31241
31243
31244
31245
31249
31250
31251
31255
31257
31260
31261
31263
31264
31265
31266
31268
31269
31270
31271
31273
31274
31279
31280
31284
31287
31288
31289
31290
31293
31295
31296
31299
31302
31303
31306
31309
31315
31318
31319
31320
31321
31322
31325
31326
31327
31331
31333
31334
31337
31341
31342
31345
31347
31348
31350
31353
31354
31356
31359
31364
31365
31366
31369
31370
31374
31375
31377
31379
31381
31382
31386
31389
31391
31392
31393
31394
31397
31400
31401
31403
31404
31409
31410
31411
31413
31415
31421
31423
31424
31426
31427
31428
31429
31431
31433
31434
31435
31437
31444
31445
31446
31448
31449
31452
31453
31454
31456
31461
31462
31464
31465
31466
31468
31469
31470
31471
31472
31473
31476
31479
31482
31483
31487
31488
31490
31492
31493
31495
31496
31497
31498
31500
31501
31502
31503
31504
31505
31507
31509
31511
31512
31513
31516
31518
31520
31523
31525
31526
31527
31530
31531
31534
31535
31538
31539
31541
31542
31544
31545
31547
31549
31551
31552
31554
31555
31561
31562
31563
31568
31569
31571
31572
31575
31576
31582
31585
31586
31587
31588
31590
31593
31594
31596
31597
31599
31600
31607
31609
31611
31612
31614
31621
31623
31629
31630
31632
31639
31642
31644
31645
31646
31647
31648
31649
31650
31651
31653
31654
31657
31658
31659
31660
31663
31665
31666
31668
31670
31671
31672
31674
31677
31678
31679
31681
31683
31686
31687
31688
31689
31691
31695
31696
31697
31699
31702
31703
31706
31707
31708
31713
31714
31715
31719
31720
31721
31722
31726
31727
31728
31729
31734
31735
31736
31737
31742
31745
31749
31750
31754
31758
31759
31760
31761
31763
31765
31768
31770
31771
31772
31775
31778
31779
31780
31781
31784
31785
31786
31787
31788
31790
31793
31797
31798
31799
31803
31806
31808
31809
31810
31811
31812
31814
31815
31816
31819
31820
31822
31823
31824
31829
31832
31833
31834
31835
31838
31840
31842
31843
31844
31845
31849
31850
31851
31852
31853
31856
31861
31862
31863
31864
31865
31867
31871
31872
31874
31875
31877
31879
31881
31882
31883
31884
31885
31886
31887
31888
31890
31892
31893
31897
31898
31902
31904
31910
31911
31914
31915
31918
31920
31923
31926
31928
31929
31930
31933
31934
31935
31941
31942
31946
31947
31948
31949
31952
31956
31958
31962
31965
31966
31967
31968
31971
31974
31976
31977
31980
31981
31990
31993
31998
31999
32001
32002
32006
32009
32012
32013
32014
32016
32018
32019
32020
32022
32023
32024
32025
32026
32029
32032
32034
32041
32044
32046
32048
32054
32055
32057
32058
32060
32061
32064
32067
32069
32072
32073
32074
32076
32077
32080
32083
32084
32087
32088
32089
32090
32093
32097
32098
32099
32100
32101
32102
32104
32105
32108
32111
32115
32116
32118
32119
32124
32125
32126
32127
32128
32130
32132
32135
32137
32139
32140
32141
32142
32143
32146
32147
32148
32149
32152
32154
32156
32157
32162
32163
32164
32166
32167
32169
32175
32176
32179
32180
32181
32182
32183
32185
32186
32189
32190
32193
32195
32196
32198
32199
32200
32203
32204
32208
32209
32211
32213
32219
32220
32221
32222
32226
32230
32232
32233
32234
32235
32236
32238
32239
32240
32241
32242
32243
32244
32245
32247
32248
32249
32251
32254
32257
32258
32260
32261
32264
32265
32267
32268
32269
32271
32273
32274
32280
32283
32284
32286
32287
32288
32289
32290
32291
32294
32296
32298
32299
32300
32302
32303
32304
32310
32312
32313
32314
32315
32318
32319
32320
32322
32323
32326
32329
32330
32331
32334
32335
32340
32341
32343
32345
32349
32350
32352
32361
32363
32364
32366
32367
32368
32369
32370
32371
32373
32374
32375
32376
32377
32380
32381
32382
32383
32386
32387
32388
32389
32390
32392
32394
32395
32396
32399
32409
32412
32414
32415
32418
32422
32423
32425
32428
32429
32431
32446
32453
32455
32457
32458
32460
32462
32463
32464
32469
32473
32474
32476
32479
32482
32484
32485
32488
32490
32491
32492
32493
32494
32497
32498
32504
32511
32514
32516
32517
32518
32522
32523
32524
32526
32527
32528
32531
32532
32534
32535
32536
32538
32539
32541
32543
32545
32546
32547
32549
32551
32552
32554
32557
32560
32561
32564
32565
32566
32568
32570
32574
32579
32580
32581
32591
32592
32596
32597
32598
32599
32602
32603
32604
32608
32609
32613
32614
32616
32617
32618
32620
32621
32623
32625
32627
32628
32630
32631
32634
32635
32640
32641
32642
32643
32644
32645
32647
32651
32653
32660
32661
32662
32663
32665
32667
32668
32671
32672
32673
32674
32678
32680
32681
32683
32686
32687
32695
32697
32700
32701
32702
32703
32706
32716
32719
32723
32724
32725
32728
32731
32732
32733
32738
32741
32742
32746
32747
32750
32754
32755
32756
32757
32759
32760
32761
32763
32764
32765
32767
32770
32772
32773
32774
32775
32779
32780
32781
32782
32787
32788
32789
32790
32793
32794
32798
32799
32800
32801
32806
32807
32808
32810
32811
32814
32815
32819
32821
32822
32823
32824
32825
32827
32828
32830
32832
32833
32836
32837
32840
32841
32843
32844
32845
32846
32847
32849
32850
32852
32854
32855
32856
32860
32861
32862
32866
32867
32868
32869
32871
32873
32875
32876
32878
32879
32882
32885
32886
32888
32890
32893
32895
32896
32897
32898
32902
32905
32906
32907
32911
32913
32915
32916
32917
32918
32919
32924
32927
32928
32931
32934
32935
32937
32940
32941
32943
32944
32945
32946
32948
32949
32951
32958
32960
32963
32964
32965
32966
32968
32969
32970
32973
32977
32979
32980
32981
32982
32988
32989
32990
32991
32993
32995
32997
32999
33005
33006
33013
33014
33018
33019
33020
33022
33024
33028
33029
33030
33032
33033
33036
33037
33038
33039
33040
33041
33042
33043
33049
33052
33055
33056
33058
33059
33061
33062
33063
33065
33069
33070
33071
33073
33078
33080
33081
33082
33084
33087
33088
33090
33091
33093
33094
33095
33097
33100
33101
33103
33104
33107
33109
33111
33112
33114
33115
33117
33120
33125
33130
33131
33136
33137
33144
33145
33147
33148
33149
33150
33152
33153
33156
33157
33159
33161
33163
33165
33170
33171
33172
33173
33176
33179
33182
33183
33187
33188
33189
33191
33196
33197
33198
33199
33200
33201
33202
33203
33204
33205
33206
33209
33212
33215
33216
33223
33225
33226
33228
33229
33230
33232
33234
33235
33236
33242
33245
33246
33247
33248
33249
33250
33252
33254
33256
33260
33261
33263
33267
33268
33271
33272
33273
33274
33277
33281
33286
33287
33292
33294
33296
33297
33300
33302
33303
33304
33308
33309
33310
33313
33315
33316
33317
33320
33325
33326
33327
33329
33330
33331
33336
33338
33339
33340
33345
33346
33347
33351
33353
33355
33356
33358
33361
33362
33363
33366
33370
33371
33372
33374
33375
33376
33378
33380
33382
33383
33384
33387
33389
33391
33392
33393
33394
33395
33396
33397
33399
33401
33407
33408
33409
33410
33411
33415
33416
33418
33419
33422
33425
33426
33428
33429
33430
33432
33433
33435
33436
33438
33439
33440
33442
33443
33444
33445
33447
33452
33454
33455
33459
33462
33467
33468
33469
33472
33473
33476
33477
33479
33481
33485
33486
33489
33490
33491
33495
33496
33497
33498
33501
33502
33504
33506
33510
33512
33513
33514
33521
33523
33524
33526
33528
33529
33530
33531
33533
33534
33536
33537
33541
33544
33549
33552
33553
33556
33557
33561
33562
33563
33566
33569
33572
33574
33578
33579
33580
33583
33588
33589
33594
33595
33596
33600
33603
33608
33609
33610
33612
33616
33617
33618
33627
33630
33631
33632
33633
33634
33635
33639
33641
33642
33646
33647
33649
33650
33652
33653
33654
33657
33658
33660
33662
33664
33665
33667
33670
33671
33673
33674
33675
33676
33678
33680
33681
33684
33685
33687
33689
33691
33692
33693
33694
33695
33697
33698
33700
33703
33704
33710
33714
33715
33716
33717
33718
33719
33721
33724
33726
33727
33729
33731
33732
33733
33734
33737
33739
33740
33741
33742
33743
33747
33748
33749
33750
33751
33752
33753
33756
33757
33758
33759
33764
33768
33769
33771
33772
33774
33776
33779
33781
33782
33783
33786
33787
33791
33792
33793
33797
33802
33803
33804
33808
33810
33812
33814
33816
33818
33819
33821
33827
33830
33831
33832
33833
33835
33836
33840
33842
33843
33844
33845
33846
33851
33852
33853
33855
33856
33857
33858
33860
33862
33864
33866
33867
33873
33874
33878
33882
33887
33889
33894
33896
33897
33898
33899
33901
33902
33905
33906
33908
33910
33911
33912
33913
33920
33921
33922
33924
33926
33927
33928
33929
33930
33931
33932
33933
33934
33937
33940
33943
33945
33947
33950
33952
33953
33955
33956
33957
33958
33959
33964
33965
33966
33969
33971
33975
33976
33980
33982
33983
33985
33987
33988
33990
33992
33995
33996
33997
33999
34000
34003
34004
34005
34006
34007
34009
34011
34012
34014
34015
34016
34017
34019
34023
34024
34026
34028
34031
34032
34039
34040
34043
34044
34045
34046
34047
34049
34054
34055
34056
34057
34062
34063
34064
34068
34072
34077
34083
34086
34091
34096
34097
34099
34100
34101
34102
34105
34106
34108
34109
34112
34115
34117
34121
34122
34124
34127
34128
34129
34131
34133
34135
34136
34138
34141
34144
34146
34147
34149
34151
34155
34157
34160
34161
34164
34165
34166
34167
34170
34171
34172
34174
34175
34176
34177
34178
34179
34181
34183
34187
34189
34190
34191
34192
34196
34197
34201
34202
34204
34205
34206
34209
34211
34214
34215
34218
34223
34230
34233
34234
34235
34236
34237
34238
34240
34241
34246
34248
34250
34253
34254
34255
34257
34260
34262
34264
34266
34267
34268
34269
34271
34272
34278
34282
34283
34284
34289
34290
34292
34293
34294
34295
34297
34306
34308
34309
34311
34314
34315
34316
34317
34319
34320
34321
34325
34326
34329
34331
34332
34334
34338
34339
34343
34345
34346
34347
34352
34353
34354
34356
34357
34359
34363
34364
34366
34368
34372
34373
34374
34377
34380
34383
34384
34385
34386
34390
34392
34393
34394
34395
34397
34398
34400
34401
34403
34405
34407
34408
34416
34417
34418
34419
34420
34422
34424
34425
34426
34431
34432
34433
34435
34436
34437
34438
34440
34441
34442
34444
34445
34446
34447
34451
34455
34456
34457
34458
34460
34462
34463
34468
34470
34472
34473
34474
34476
34477
34478
34479
34480
34482
34485
34487
34491
34492
34493
34494
34496
34497
34498
34501
34502
34503
34504
34505
34506
34507
34509
34510
34511
34513
34514
34516
34519
34520
34521
34525
34526
34527
34528
34530
34534
34535
34536
34537
34540
34544
34546
34548
34549
34551
34552
34553
34554
34556
34558
34560
34562
34563
34564
34566
34568
34569
34570
34572
34574
34575
34577
34578
34579
34580
34582
34584
34586
34587
34588
34589
34592
34596
34598
34600
34603
34606
34607
34609
34611
34612
34613
34614
34615
34616
34626
34627
34628
34629
34631
34636
34637
34639
34641
34642
34644
34646
34649
34650
34652
34654
34655
34659
34660
34664
34665
34666
34669
34670
34672
34674
34675
34676
34677
34680
34683
34690
34691
34695
34696
34697
34700
34701
34703
34704
34707
34708
34709
34710
34711
34712
34713
34715
34716
34717
34718
34719
34720
34721
34727
34728
34729
34730
34734
34735
34736
34739
34740
34742
34749
34750
34751
34753
34757
34758
34759
34760
34762
34763
34766
34767
34769
34772
34774
34775
34777
34778
34779
34780
34781
34783
34787
34793
34795
34803
34806
34810
34811
34812
34817
34823
34824
34826
34827
34828
34830
34831
34834
34835
34837
34842
34845
34847
34848
34850
34851
34853
34855
34856
34858
34862
34863
34869
34872
34873
34875
34877
34879
34880
34881
34886
34888
34889
34892
34894
34897
34898
34899
34901
34902
34903
34906
34907
34909
34912
34916
34917
34918
34924
34925
34929
34930
34933
34935
34936
34939
34941
34944
34946
34947
34949
34952
34953
34954
34955
34957
34959
34961
34964
34965
34968
34969
34971
34973
34974
34975
34979
34984
34988
34989
34990
34991
34994
34996
35001
35002
35005
35007
35008
35009
35015
35020
35022
35025
35027
35031
35034
35035
35036
35037
35040
35041
35042
35045
35046
35048
35050
35052
35055
35056
35057
35059
35060
35061
35067
35068
35071
35072
35073
35074
35077
35078
35079
35080
35081
35082
35084
35085
35088
35089
35090
35091
35092
35093
35094
35100
35105
35109
35112
35113
35118
35120
35123
35127
35130
35134
35137
35139
35142
35144
35146
35147
35149
35150
35153
35154
35155
35157
35159
35163
35164
35165
35166
35167
35169
35170
35171
35174
35177
35178
35181
35184
35185
35186
35191
35196
35200
35201
35202
35203
35204
35206
35207
35210
35212
35213
35214
35216
35217
35218
35219
35220
35222
35224
35225
35226
35227
35230
35232
35238
35247
35249
35250
35252
35254
35256
35258
35265
35268
35269
35270
35271
35273
35274
35275
35276
35279
35281
35282
35288
35289
35290
35291
35292
35294
35295
35297
35298
35299
35300
35303
35305
35308
35309
35311
35312
35313
35315
35316
35318
35320
35321
35322
35323
35324
35328
35329
35332
35334
35339
35340
35342
35343
35345
35348
35350
35352
35353
35357
35359
35361
35366
35367
35369
35370
35372
35373
35374
35377
35378
35379
35380
35381
35382
35387
35390
35391
35392
35393
35395
35396
35397
35400
35401
35402
35403
35405
35409
35411
35413
35416
35421
35422
35423
35426
35430
35433
35434
35436
35437
35438
35440
35445
35446
35448
35451
35452
35453
35455
35458
35459
35461
35462
35464
35469
35471
35472
35473
35474
35478
35481
35482
35484
35485
35486
35487
35489
35490
35491
35492
35495
35496
35497
35499
35501
35502
35505
35509
35510
35512
35513
35517
35518
35522
35525
35526
35529
35532
35533
35536
35543
35547
35548
35549
35551
35552
35554
35557
35559
35560
35562
35563
35564
35567
35568
35571
35572
35573
35575
35578
35581
35582
35583
35584
35586
35587
35588
35591
35592
35593
35594
35595
35598
35600
35601
35602
35603
35607
35609
35610
35611
35613
35614
35616
35621
35622
35624
35626
35628
35629
35635
35636
35638
35639
35641
35644
35647
35648
35649
35651
35652
35654
35655
35660
35662
35663
35666
35667
35668
35669
35670
35672
35673
35674
35675
35679
35681
35683
35684
35687
35689
35692
35694
35695
35696
35698
35702
35704
35705
35708
35709
35710
35711
35712
35715
35717
35719
35720
35721
35722
35723
35725
35727
35733
35735
35739
35745
35746
35749
35751
35752
35753
35757
35759
35761
35762
35764
35765
35766
35771
35772
35773
35774
35776
35779
35780
35781
35782
35785
35790
35791
35792
35793
35796
35797
35798
35803
35808
35809
35810
35813
35814
35816
35818
35820
35823
35824
35829
35830
35831
35832
35833
35840
35843
35844
35845
35850
35851
35852
35854
35860
35862
35863
35869
35872
35876
35879
35881
35882
35884
35887
35888
35889
35890
35893
35894
35898
35899
35900
35903
35906
35907
35908
35909
35910
35911
35912
35914
35916
35918
35921
35923
35928
35930
35931
35932
35933
35935
35936
35937
35938
35940
35941
35944
35945
35947
35948
35950
35951
35960
35962
35964
35966
35967
35968
35970
35974
35978
35979
35980
35981
35982
35983
35984
35985
35986
35987
35990
35992
35994
35995
35996
35998
35999
36000
36003
36005
36008
36012
36013
36016
36017
36018
36020
36023
36025
36029
36034
36038
36040
36043
36044
36048
36050
36051
36052
36056
36063
36066
36070
36071
36072
36073
36077
36079
36080
36082
36083
36085
36086
36087
36088
36089
36090
36096
36101
36102
36104
36106
36108
36109
36110
36111
36114
36115
36116
36117
36118
36121
36123
36129
36138
36142
36143
36147
36149
36156
36158
36159
36163
36165
36166
36168
36171
36178
36182
36183
36184
36185
36186
36189
36190
36191
36192
36196
36198
36200
36201
36204
36205
36207
36209
36210
36211
36212
36213
36215
36216
36217
36218
36220
36221
36223
36224
36226
36228
36230
36231
36232
36234
36236
36242
36243
36244
36250
36251
36253
36254
36255
36256
36259
36260
36262
36264
36265
36266
36269
36271
36273
36274
36276
36277
36278
36282
36283
36285
36287
36291
36295
36298
36300
36304
36305
36306
36309
36314
36315
36316
36317
36323
36324
36325
36326
36327
36328
36330
36331
36333
36336
36337
36340
36343
36347
36348
36351
36353
36354
36355
36357
36358
36359
36362
36363
36365
36367
36369
36370
36371
36374
36375
36376
36377
36378
36380
36381
36383
36387
36388
36389
36390
36391
36392
36393
36394
36395
36397
36398
36399
36400
36404
36409
36412
36414
36415
36418
36419
36420
36421
36422
36423
36424
36425
36426
36427
36429
36431
36433
36435
36440
36441
36442
36443
36445
36446
36449
36450
36451
36453
36455
36457
36458
36459
36460
36461
36466
36467
36468
36470
36471
36476
36477
36478
36481
36482
36486
36489
36490
36491
36492
36494
36495
36496
36497
36499
36503
36504
36506
36508
36509
36510
36513
36514
36517
36519
36521
36522
36526
36527
36528
36534
36535
36538
36539
36540
36541
36542
36543
36545
36546
36550
36553
36555
36557
36559
36562
36563
36564
36566
36567
36569
36572
36574
36577
36578
36581
36582
36585
36586
36588
36591
36592
36593
36596
36597
36599
36600
36601
36604
36605
36607
36608
36609
36611
36616
36617
36619
36621
36623
36624
36626
36628
36629
36632
36633
36634
36637
36638
36639
36641
36642
36644
36647
36648
36649
36651
36655
36656
36657
36658
36659
36660
36661
36663
36665
36667
36668
36670
36672
36678
36679
36682
36683
36686
36687
36689
36691
36692
36693
36694
36696
36698
36699
36703
36704
36708
36710
36711
36714
36715
36717
36718
36721
36722
36723
36724
36725
36726
36727
36732
36735
36738
36743
36746
36747
36752
36753
36754
36757
36758
36761
36762
36764
36765
36766
36768
36769
36772
36773
36775
36780
36785
36789
36790
36796
36797
36800
36801
36805
36810
36811
36813
36814
36815
36816
36817
36818
36821
36822
36823
36827
36828
36830
36832
36833
36837
36838
36839
36841
36842
36844
36845
36846
36847
36848
36852
36855
36856
36860
36863
36865
36866
36867
36868
36870
36873
36875
36877
36880
36882
36883
36884
36888
36891
36892
36893
36896
36898
36899
36900
36903
36904
36905
36906
36907
36911
36912
36913
36915
36917
36918
36926
36928
36929
36930
36931
36934
36941
36945
36946
36950
36953
36954
36955
36960
36961
36967
36969
36970
36971
36973
36974
36975
36976
36977
36978
36979
36980
36983
36985
36986
36990
36991
36992
36995
37002
37003
37005
37006
37007
37008
37009
37010
37011
37012
37015
37019
37020
37022
37024
37025
37026
37028
37029
37030
37032
37033
37039
37041
37045
37047
37049
37050
37052
37053
37062
37064
37065
37066
37067
37068
37069
37072
37075
37076
37079
37080
37081
37083
37085
37086
37088
37089
37094
37096
37098
37099
37100
37103
37104
37106
37107
37109
37110
37111
37112
37113
37117
37118
37119
37120
37121
37123
37124
37126
37128
37129
37130
37136
37137
37139
37140
37143
37145
37146
37147
37149
37150
37153
37159
37161
37162
37168
37169
37173
37176
37179
37182
37183
37184
37185
37187
37189
37190
37192
37193
37195
37198
37199
37201
37202
37204
37205
37206
37207
37213
37217
37219
37222
37223
37224
37226
37229
37231
37233
37234
37235
37236
37242
37243
37246
37249
37251
37252
37254
37255
37256
37259
37260
37262
37264
37265
37266
37267
37270
37272
37273
37274
37275
37284
37285
37287
37288
37289
37291
37292
37296
37297
37298
37300
37304
37306
37307
37310
37311
37313
37315
37320
37321
37323
37324
37327
37328
37330
37332
37334
37335
37339
37340
37341
37342
37343
37344
37345
37346
37348
37349
37350
37352
37353
37355
37359
37362
37365
37368
37371
37372
37373
37374
37376
37378
37379
37383
37386
37387
37389
37392
37395
37402
37404
37405
37407
37408
37411
37412
37416
37419
37420
37421
37424
37425
37426
37429
37430
37432
37438
37440
37441
37444
37448
37449
37451
37452
37453
37454
37455
37456
37457
37458
37459
37460
37461
37466
37467
37471
37476
37478
37485
37488
37489
37490
37491
37492
37494
37498
37500
37501
37502
37503
37505
37506
37507
37508
37510
37511
37513
37514
37516
37518
37521
37525
37526
37529
37531
37532
37534
37536
37538
37540
37541
37542
37544
37545
37547
37548
37550
37552
37555
37559
37560
37562
37563
37564
37566
37567
37569
37573
37575
37577
37579
37582
37583
37585
37586
37587
37589
37592
37593
37596
37597
37601
37604
37605
37606
37607
37610
37611
37612
37615
37616
37617
37619
37620
37621
37622
37625
37627
37628
37629
37630
37635
37638
37639
37640
37647
37648
37651
37653
37657
37658
37659
37660
37661
37664
37665
37672
37673
37674
37677
37681
37682
37683
37688
37690
37693
37694
37696
37699
37703
37704
37708
37709
37710
37711
37713
37714
37716
37722
37723
37724
37729
37731
37734
37735
37737
37743
37744
37746
37747
37748
37750
37751
37752
37753
37754
37756
37757
37758
37759
37760
37762
37769
37770
37772
37773
37775
37777
37778
37781
37782
37783
37784
37786
37787
37789
37791
37794
37796
37797
37801
37804
37807
37809
37810
37814
37815
37817
37818
37819
37822
37827
37828
37829
37830
37832
37838
37839
37840
37841
37842
37844
37846
37850
37852
37853
37854
37856
37857
37858
37859
37860
37861
37863
37870
37871
37872
37873
37876
37877
37879
37882
37887
37888
37889
37891
37895
37898
37899
37900
37901
37902
37903
37904
37907
37909
37910
37911
37913
37915
37916
37918
37922
37926
37927
37928
37929
37933
37935
37939
37940
37941
37942
37948
37952
37956
37959
37961
37963
37964
37967
37968
37969
37970
37972
37979
37981
37982
37983
37985
37989
37990
37992
37993
37994
37998
38000
38001
38002
38003
38005
38006
38008
38013
38014
38016
38020
38021
38022
38027
38028
38029
38032
38034
38035
38039
38040
38041
38042
38044
38047
38050
38052
38053
38057
38060
38061
38066
38067
38069
38074
38075
38078
38081
38086
38091
38093
38094
38099
38100
38101
38103
38104
38108
38113
38114
38119
38120
38121
38123
38124
38127
38130
38131
38133
38135
38136
38137
38139
38141
38143
38144
38145
38146
38147
38150
38151
38152
38153
38154
38156
38158
38163
38167
38168
38171
38172
38173
38176
38181
38182
38185
38187
38188
38189
38192
38193
38196
38197
38198
38199
38200
38201
38205
38206
38208
38209
38211
38212
38217
38219
38220
38221
38222
38224
38226
38228
38229
38231
38233
38234
38235
38238
38241
38242
38243
38244
38245
38247
38250
38252
38253
38254
38257
38258
38260
38262
38263
38265
38266
38267
38268
38269
38271
38280
38282
38283
38287
38288
38289
38291
38296
38299
38305
38308
38310
38312
38313
38315
38317
38320
38324
38325
38326
38330
38331
38332
38333
38334
38336
38339
38343
38347
38351
38352
38353
38357
38358
38359
38360
38364
38365
38366
38367
38369
38370
38371
38373
38374
38377
38380
38383
38384
38385
38386
38388
38390
38393
38395
38396
38397
38400
38405
38406
38408
38410
38411
38412
38415
38416
38419
38421
38423
38424
38425
38427
38428
38430
38431
38432
38435
38436
38437
38440
38441
38442
38443
38444
38445
38448
38451
38452
38453
38454
38455
38457
38460
38461
38465
38468
38471
38472
38474
38477
38479
38480
38483
38484
38485
38489
38490
38494
38495
38496
38498
38499
38500
38501
38502
38503
38504
38505
38506
38507
38508
38509
38510
38512
38513
38514
38515
38516
38517
38519
38523
38526
38528
38529
38535
38537
38538
38539
38542
38553
38554
38555
38557
38560
38562
38563
38565
38566
38567
38569
38570
38571
38573
38575
38576
38577
38578
38580
38584
38585
38586
38587
38589
38590
38591
38592
38594
38596
38598
38600
38602
38605
38609
38610
38611
38614
38615
38616
38617
38624
38627
38629
38630
38633
38634
38636
38641
38644
38648
38654
38655
38659
38661
38662
38665
38666
38668
38669
38671
38673
38674
38675
38677
38678
38679
38682
38683
38684
38685
38688
38689
38691
38692
38694
38695
38696
38698
38699
38700
38701
38702
38703
38704
38706
38707
38708
38711
38713
38714
38715
38717
38719
38720
38722
38723
38724
38726
38729
38730
38731
38732
38733
38735
38738
38739
38744
38745
38747
38750
38753
38757
38759
38761
38774
38775
38776
38779
38780
38781
38783
38785
38786
38787
38788
38791
38793
38795
38796
38802
38803
38804
38805
38808
38809
38810
38811
38812
38813
38814
38816
38819
38820
38821
38822
38823
38826
38827
38828
38829
38830
38834
38838
38839
38840
38843
38850
38854
38856
38857
38858
38860
38866
38867
38870
38872
38873
38875
38876
38881
38883
38888
38889
38890
38891
38892
38894
38896
38897
38899
38900
38902
38903
38905
38909
38910
38918
38919
38925
38928
38931
38933
38939
38941
38945
38946
38949
38952
38954
38958
38959
38962
38963
38964
38965
38969
38971
38973
38976
38978
38980
38983
38984
38985
38986
38987
38988
38992
38994
38995
38996
38997
38998
39002
39003
39006
39009
39010
39014
39016
39018
39019
39020
39021
39023
39024
39025
39026
39029
39030
39032
39035
39036
39038
39040
39042
39048
39049
39050
39052
39053
39054
39056
39058
39059
39063
39066
39067
39069
39070
39071
39072
39073
39074
39076
39079
39080
39083
39084
39085
39090
39094
39095
39096
39097
39098
39100
39102
39103
39105
39107
39110
39115
39116
39117
39118
39119
39121
39127
39128
39131
39132
39136
39138
39139
39142
39147
39148
39149
39150
39158
39159
39165
39166
39167
39170
39171
39172
39178
39180
39181
39182
39183
39190
39194
39196
39199
39201
39202
39205
39207
39208
39211
39212
39213
39214
39218
39220
39221
39227
39228
39229
39230
39231
39232
39234
39236
39239
39240
39241
39245
39246
39247
39250
39251
39253
39254
39255
39261
39262
39270
39271
39272
39277
39279
39280
39283
39287
39288
39292
39293
39294
39299
39300
39301
39302
39303
39304
39305
39306
39310
39311
39313
39314
39317
39318
39319
39323
39325
39326
39327
39329
39331
39334
39335
39337
39338
39340
39342
39345
39346
39349
39350
39351
39352
39353
39357
39358
39359
39361
39362
39364
39365
39367
39368
39373
39375
39376
39381
39385
39387
39388
39389
39390
39395
39398
39400
39401
39402
39405
39406
39407
39413
39414
39415
39417
39419
39420
39421
39422
39424
39426
39429
39430
39431
39433
39436
39437
39438
39440
39442
39445
39447
39449
39452
39453
39455
39457
39458
39459
39461
39463
39465
39466
39468
39470
39472
39474
39475
39476
39477
39479
39480
39482
39483
39486
39487
39488
39490
39493
39495
39496
39499
39501
39502
39503
39504
39505
39506
39507
39509
39510
39518
39519
39526
39528
39530
39531
39532
39533
39537
39538
39539
39540
39541
39542
39549
39550
39552
39554
39555
39556
39557
39558
39560
39561
39562
39563
39564
39565
39566
39567
39568
39570
39572
39575
39576
39578
39579
39580
39581
39582
39583
39584
39586
39587
39588
39589
39590
39591
39592
39593
39600
39601
39602
39604
39606
39609
39613
39615
39616
39617
39619
39620
39622
39623
39624
39626
39632
39634
39635
39638
39639
39640
39645
39647
39650
39652
39653
39654
39655
39656
39658
39660
39664
39665
39667
39669
39670
39674
39675
39676
39679
39680
39681
39682
39686
39688
39690
39692
39693
39695
39698
39701
39702
39703
39704
39707
39708
39709
39712
39715
39717
39719
39720
39722
39724
39733
39736
39738
39742
39743
39744
39745
39748
39750
39756
39759
39760
39764
39766
39768
39769
39770
39773
39775
39777
39778
39779
39780
39784
39786
39787
39788
39789
39791
39796
39798
39800
39801
39802
39804
39806
39808
39809
39810
39811
39812
39815
39819
39821
39822
39823
39826
39827
39831
39832
39834
39836
39840
39844
39845
39847
39849
39855
39857
39859
39860
39861
39862
39866
39868
39874
39881
39882
39887
39888
39889
39891
39892
39893
39895
39896
39897
39900
39901
39902
39903
39904
39905
39907
39912
39914
39915
39916
39922
39923
39924
39926
39933
39935
39938
39939
39941
39942
39943
39946
39947
39949
39951
39953
39956
39958
39960
39962
39964
39966
39972
39973
39975
39976
39977
39979
39980
39981
39983
39984
39985
39989
39991
39993
39995
39999
40001
40004
40006
40007
40008
40009
40013
40016
40018
40020
40022
40024
40028
40032
40033
40036
40041
40042
40044
40045
40046
40051
40055
40058
40059
40060
40061
40062
40065
40066
40068
40069
40073
40076
40078
40079
40080
40081
40082
40083
40089
40090
40092
40093
40097
40099
40100
40101
40106
40107
40109
40111
40115
40119
40120
40121
40124
40125
40126
40129
40130
40132
40133
40134
40136
40137
40138
40140
40141
40144
40145
40146
40151
40152
40154
40155
40163
40164
40165
40167
40168
40169
40171
40174
40176
40180
40182
40183
40184
40185
40189
40192
40195
40198
40199
40201
40202
40203
40204
40205
40207
40210
40219
40220
40222
40223
40224
40226
40229
40230
40234
40235
40236
40241
40245
40246
40247
40248
40249
40250
40255
40256
40259
40261
40262
40263
40267
40268
40269
40270
40272
40274
40275
40276
40277
40279
40283
40284
40288
40290
40291
40297
40298
40299
40300
40302
40304
40307
40308
40309
40313
40314
40315
40316
40319
40324
40325
40327
40329
40331
40332
40334
40335
40336
40337
40339
40340
40341
40343
40347
40348
40350
40351
40352
40354
40355
40357
40360
40362
40364
40367
40371
40372
40373
40376
40377
40380
40383
40384
40386
40387
40390
40392
40393
40395
40396
40398
40399
40402
40404
40406
40407
40410
40411
40414
40417
40418
40419
40424
40425
40426
40432
40433
40435
40437
40440
40441
40442
40446
40451
40452
40455
40456
40457
40458
40460
40461
40464
40465
40466
40467
40468
40469
40470
40472
40474
40475
40476
40477
40478
40481
40484
40486
40487
40488
40490
40491
40492
40493
40498
40500
40502
40506
40507
40510
40513
40514
40515
40516
40517
40520
40522
40524
40527
40528
40531
40532
40533
40538
40540
40541
40542
40543
40545
40547
40548
40551
40552
40554
40557
40558
40560
40561
40562
40565
40567
40569
40571
40574
40575
40576
40577
40585
40588
40591
40593
40595
40596
40599
40601
40605
40606
40607
40609
40611
40613
40614
40618
40621
40622
40623
40624
40625
40627
40628
40631
40632
40634
40637
40638
40639
40640
40641
40649
40650
40654
40656
40657
40660
40661
40662
40663
40664
40668
40672
40675
40676
40677
40683
40686
40688
40689
40691
40692
40693
40696
40697
40698
40701
40702
40703
40705
40709
40710
40711
40712
40714
40716
40717
40718
40719
40720
40721
40722
40723
40724
40725
40727
40730
40731
40733
40734
40737
40740
40742
40743
40745
40746
40749
40753
40754
40755
40757
40759
40760
40761
40762
40766
40771
40774
40775
40777
40778
40779
40780
40784
40788
40791
40792
40795
40796
40797
40802
40804
40805
40807
40808
40810
40814
40817
40819
40821
40824
40825
40826
40827
40828
40830
40832
40837
40839
40842
40843
40848
40855
40863
40866
40867
40868
40869
40870
40872
40874
40875
40881
40885
40887
40888
40890
40893
40894
40895
40896
40897
40898
40900
40901
40903
40905
40907
40908
40909
40910
40911
40913
40914
40918
40919
40920
40921
40922
40925
40928
40931
40932
40934
40935
40936
40937
40941
40942
40943
40945
40946
40947
40950
40952
40955
40957
40958
40961
40962
40963
40966
40968
40971
40973
40975
40978
40980
40987
40988
40989
40990
40991
40992
40995
40997
40998
40999
41001
41003
41004
41005
41007
41009
41010
41011
41013
41014
41015
41017
41018
41019
41022
41024
41025
41036
41039
41041
41042
41044
41046
41048
41049
41051
41052
41054
41055
41059
41060
41063
41064
41065
41068
41069
41070
41071
41072
41073
41077
41082
41083
41085
41086
41089
41093
41095
41096
41102
41103
41105
41107
41108
41112
41113
41115
41116
41117
41119
41121
41127
41129
41132
41138
41141
41142
41143
41145
41147
41148
41149
41150
41151
41154
41155
41162
41165
41169
41170
41172
41173
41174
41175
41177
41179
41182
41183
41184
41186
41187
41188
41189
41190
41191
41192
41194
41197
41198
41201
41205
41208
41209
41211
41214
41215
41217
41218
41220
41222
41224
41227
41229
41231
41232
41233
41236
41237
41239
41240
41241
41242
41243
41244
41247
41248
41251
41254
41255
41256
41257
41259
41263
41265
41266
41267
41268
41270
41271
41272
41275
41278
41279
41280
41283
41286
41287
41289
41291
41292
41294
41295
41296
41298
41299
41301
41302
41303
41304
41305
41306
41311
41312
41316
41318
41321
41324
41325
41326
41332
41333
41335
41345
41347
41351
41352
41353
41354
41355
41356
41357
41359
41360
41361
41364
41365
41369
41370
41372
41376
41377
41378
41379
41380
41382
41383
41385
41388
41389
41391
41394
41398
41399
41401
41403
41405
41409
41410
41414
41415
41416
41419
41424
41425
41427
41428
41429
41430
41437
41440
41442
41444
41446
41447
41448
41449
41451
41453
41455
41456
41457
41458
41464
41466
41467
41468
41470
41473
41474
41475
41477
41478
41480
41484
41487
41491
41492
41495
41497
41498
41502
41503
41504
41505
41507
41508
41513
41519
41520
41526
41528
41529
41530
41531
41534
41536
41538
41539
41540
41542
41543
41545
41547
41548
41550
41552
41553
41554
41555
41556
41559
41561
41562
41566
41567
41568
41569
41572
41574
41575
41577
41578
41580
41581
41583
41585
41586
41587
41589
41590
41595
41596
41598
41604
41606
41608
41609
41610
41611
41617
41619
41620
41621
41622
41628
41630
41633
41634
41635
41636
41637
41638
41639
41640
41642
41643
41645
41646
41649
41651
41652
41656
41657
41658
41661
41663
41667
41668
41670
41676
41678
41679
41683
41685
41687
41688
41690
41692
41694
41695
41699
41700
41701
41702
41704
41706
41707
41708
41709
41711
41716
41721
41726
41728
41729
41731
41732
41733
41734
41735
41736
41739
41740
41741
41744
41746
41747
41748
41749
41750
41751
41752
41753
41759
41762
41767
41768
41772
41773
41774
41781
41782
41786
41787
41789
41790
41791
41793
41794
41797
41799
41800
41803
41804
41805
41808
41812
41813
41814
41817
41818
41820
41822
41824
41827
41828
41829
41831
41839
41841
41842
41843
41844
41845
41846
41847
41850
41851
41854
41857
41858
41859
41861
41865
41870
41871
41872
41873
41879
41880
41881
41884
41886
41888
41894
41895
41897
41899
41901
41902
41904
41905
41906
41907
41909
41914
41915
41916
41917
41920
41925
41926
41927
41929
41930
41931
41933
41935
41936
41937
41938
41939
41940
41941
41942
41943
41946
41951
41953
41954
41955
41957
41959
41961
41964
41966
41968
41969
41970
41971
41972
41974
41975
41977
41978
41979
41980
41984
41989
41991
42000
42005
42006
42009
42015
42017
42019
42020
42023
42024
42025
42026
42027
42029
42030
42032
42035
42036
42037
42042
42046
42049
42050
42051
42054
42056
42057
42062
42064
42066
42068
42069
42070
42071
42074
42075
42076
42077
42078
42080
42081
42084
42086
42087
42089
42094
42098
42100
42101
42102
42103
42105
42108
42109
42113
42115
42116
42117
42118
42119
42120
42121
42124
42128
42131
42132
42133
42134
42136
42137
42138
42141
42145
42146
42147
42150
42151
42156
42157
42158
42159
42160
42162
42164
42168
42170
42172
42173
42176
42179
42180
42184
42185
42186
42191
42192
42193
42194
42196
42199
42202
42203
42205
42213
42216
42217
42219
42221
42222
42223
42225
42226
42227
42228
42229
42230
42231
42233
42236
42237
42244
42245
42247
42249
42251
42254
42257
42259
42260
42261
42262
42263
42264
42265
42267
42270
42272
42274
42280
42282
42284
42287
42288
42290
42291
42292
42293
42294
42295
42298
42301
42302
42306
42307
42312
42313
42314
42315
42316
42317
42319
42321
42322
42323
42325
42327
42329
42330
42331
42332
42334
42337
42338
42339
42341
42345
42347
42348
42349
42350
42354
42355
42357
42358
42360
42361
42362
42364
42367
42369
42370
42371
42372
42373
42376
42377
42378
42381
42384
42385
42387
42388
42389
42390
42391
42392
42393
42395
42397
42399
42404
42406
42407
42409
42412
42416
42417
42418
42419
42423
42424
42425
42430
42431
42432
42435
42436
42440
42442
42443
42446
42449
42451
42455
42461
42466
42467
42472
42475
42476
42478
42479
42481
42487
42488
42490
42492
42495
42496
42499
42502
42506
42508
42509
42513
42516
42518
42519
42521
42522
42523
42525
42529
42532
42533
42535
42537
42540
42541
42542
42544
42546
42551
42554
42555
42556
42557
42560
42562
42563
42566
42569
42570
42571
42574
42576
42577
42578
42579
42580
42583
42585
42587
42589
42593
42595
42598
42599
42604
42606
42608
42609
42611
42612
42614
42615
42616
42619
42620
42621
42623
42624
42626
42627
42630
42631
42632
42633
42634
42635
42636
42638
42642
42646
42648
42649
42652
42653
42654
42655
42656
42657
42659
42660
42661
42663
42666
42668
42672
42674
42675
42677
42678
42679
42680
42686
42688
42689
42692
42694
42695
42697
42699
42705
42707
42708
42710
42712
42713
42714
42716
42723
42724
42725
42730
42732
42733
42737
42739
42740
42741
42742
42748
42749
42751
42753
42754
42755
42762
42763
42765
42767
42768
42771
42772
42773
42774
42778
42782
42784
42788
42789
42794
42795
42796
42797
42798
42799
42801
42802
42803
42804
42806
42810
42815
42817
42818
42820
42821
42822
42823
42824
42825
42827
42828
42829
42835
42836
42837
42839
42841
42845
42846
42847
42849
42850
42851
42857
42859
42861
42864
42866
42867
42869
42870
42871
42872
42873
42876
42880
42882
42884
42885
42886
42887
42890
42891
42892
42893
42895
42896
42898
42902
42903
42904
42909
42912
42914
42915
42917
42919
42920
42921
42924
42925
42927
42928
42929
42933
42934
42939
42941
42942
42948
42949
42950
42951
42953
42954
42955
42957
42958
42959
42960
42961
42962
42963
42967
42969
42972
42973
42975
42977
42979
42980
42984
42986
42988
42991
42998
43001
43005
43008
43010
43013
43015
43016
43017
43020
43023
43027
43031
43032
43034
43035
43036
43037
43041
43042
43043
43044
43045
43046
43048
43049
43052
43053
43054
43056
43058
43060
43062
43064
43067
43068
43069
43071
43075
43077
43078
43083
43085
43089
43094
43095
43097
43099
43100
43101
43103
43106
43110
43111
43113
43118
43119
43123
43125
43126
43127
43129
43130
43131
43133
43136
43137
43138
43139
43142
43149
43150
43154
43155
43158
43160
43163
43168
43169
43170
43171
43174
43175
43176
43179
43180
43181
43182
43185
43189
43190
43192
43194
43195
43198
43199
43200
43204
43208
43209
43212
43216
43221
43222
43223
43227
43230
43231
43232
43233
43234
43235
43236
43237
43241
43243
43244
43245
43247
43248
43250
43251
43252
43253
43255
43257
43259
43261
43262
43266
43268
43270
43271
43272
43281
43282
43284
43287
43288
43291
43292
43293
43294
43295
43296
43299
43301
43302
43303
43304
43306
43307
43308
43310
43311
43313
43315
43318
43319
43323
43324
43325
43328
43330
43333
43335
43336
43340
43343
43344
43346
43348
43351
43354
43355
43356
43359
43360
43363
43364
43365
43366
43367
43369
43372
43373
43374
43375
43377
43378
43379
43383
43384
43386
43388
43389
43390
43396
43397
43399
43402
43403
43405
43406
43407
43409
43413
43415
43416
43417
43418
43421
43424
43426
43427
43428
43432
43433
43434
43435
43437
43438
43440
43442
43443
43446
43449
43450
43456
43457
43460
43463
43465
43466
43467
43468
43469
43471
43474
43480
43482
43483
43485
43488
43490
43491
43493
43494
43495
43496
43498
43500
43503
43504
43505
43508
43510
43511
43512
43513
43514
43515
43518
43519
43522
43524
43525
43527
43529
43531
43533
43534
43535
43540
43541
43542
43543
43545
43552
43554
43559
43560
43561
43562
43563
43565
43567
43569
43570
43572
43573
43574
43576
43580
43581
43582
43585
43587
43589
43590
43593
43594
43595
43596
43598
43599
43604
43607
43609
43615
43618
43619
43620
43621
43624
43625
43626
43628
43629
43630
43631
43632
43635
43636
43638
43639
43641
43646
43647
43648
43649
43652
43655
43657
43658
43662
43666
43667
43668
43669
43671
43672
43673
43675
43676
43677
43678
43679
43681
43686
43687
43689
43690
43692
43694
43695
43697
43701
43704
43705
43706
43707
43708
43710
43712
43714
43715
43718
43720
43722
43725
43727
43728
43729
43734
43735
43736
43740
43742
43743
43747
43748
43750
43756
43757
43758
43762
43763
43765
43766
43768
43774
43777
43779
43780
43781
43783
43784
43787
43788
43789
43790
43791
43794
43797
43800
43801
43803
43806
43807
43813
43814
43815
43816
43818
43820
43821
43822
43823
43825
43826
43827
43830
43831
43834
43837
43838
43840
43841
43842
43843
43844
43845
43849
43851
43854
43856
43859
43861
43863
43865
43867
43869
43871
43872
43875
43876
43878
43879
43883
43886
43887
43888
43889
43890
43892
43895
43896
43899
43900
43902
43903
43904
43907
43908
43909
43911
43913
43918
43919
43921
43922
43929
43931
43933
43938
43939
43941
43944
43945
43947
43951
43955
43958
43961
43962
43964
43971
43972
43973
43980
43982
43983
43985
43986
43987
43991
43992
43994
43995
43996
44004
44006
44007
44008
44009
44010
44015
44017
44019
44020
44021
44023
44024
44025
44026
44027
44034
44036
44038
44039
44040
44042
44043
44045
44047
44048
44049
44050
44052
44053
44054
44055
44056
44057
44060
44062
44067
44069
44070
44072
44074
44076
44079
44084
44088
44095
44097
44099
44100
44102
44104
44106
44108
44110
44111
44115
44116
44118
44120
44121
44124
44125
44127
44130
44131
44134
44136
44141
44144
44148
44149
44151
44152
44154
44156
44158
44159
44161
44162
44164
44165
44167
44168
44170
44172
44174
44175
44176
44183
44184
44185
44186
44188
44190
44191
44193
44197
44200
44202
44204
44211
44213
44216
44221
44222
44223
44226
44227
44230
44231
44233
44235
44242
44243
44247
44248
44249
44251
44257
44267
44273
44274
44276
44279
44280
44282
44284
44287
44288
44289
44294
44295
44296
44298
44299
44300
44301
44303
44304
44306
44307
44309
44310
44311
44312
44315
44317
44318
44321
44324
44326
44329
44333
44334
44338
44339
44341
44344
44347
44349
44351
44352
44353
44354
44355
44357
44358
44359
44361
44363
44364
44365
44367
44368
44369
44370
44371
44374
44375
44376
44380
44383
44384
44386
44387
44388
44391
44392
44393
44401
44403
44405
44406
44407
44408
44410
44411
44413
44414
44415
44416
44418
44419
44422
44423
44424
44425
44426
44428
44429
44430
44431
44432
44433
44434
44435
44438
44439
44441
44442
44444
44445
44446
44449
44451
44453
44454
44455
44458
44459
44460
44461
44464
44467
44469
44470
44471
44473
44478
44479
44480
44483
44484
44485
44486
44487
44488
44489
44492
44494
44503
44505
44507
44508
44511
44512
44513
44514
44515
44518
44519
44520
44524
44525
44526
44529
44531
44534
44535
44536
44537
44538
44539
44542
44544
44545
44546
44547
44549
44550
44551
44552
44554
44555
44556
44559
44562
44563
44565
44567
44569
44572
44575
44580
44582
44583
44584
44585
44586
44594
44596
44597
44598
44602
44604
44605
44606
44607
44609
44610
44612
44615
44619
44622
44625
44630
44631
44634
44635
44638
44642
44647
44648
44651
44653
44656
44658
44660
44666
44667
44668
44669
44673
44675
44676
44677
44679
44684
44688
44689
44691
44695
44696
44699
44701
44705
44706
44707
44709
44710
44711
44712
44713
44714
44717
44719
44720
44721
44723
44727
44728
44729
44730
44731
44735
44740
44742
44744
44752
44756
44757
44758
44759
44761
44764
44765
44767
44769
44774
44776
44777
44778
44781
44782
44784
44785
44786
44787
44788
44791
44796
44797
44798
44799
44801
44802
44803
44804
44805
44806
44807
44809
44810
44814
44815
44817
44818
44820
44821
44822
44823
44825
44826
44827
44831
44835
44836
44837
44838
44839
44841
44842
44848
44851
44852
44854
44857
44858
44859
44860
44861
44863
44865
44866
44867
44868
44869
44872
44874
44877
44879
44880
44881
44882
44886
44887
44888
44889
44890
44891
44892
44893
44895
44898
44904
44906
44909
44910
44916
44920
44921
44924
44926
44927
44929
44930
44932
44933
44936
44937
44939
44940
44943
44945
44947
44949
44950
44952
44953
44955
44960
44962
44964
44966
44969
44972
44974
44975
44976
44979
44981
44983
44986
44988
44990
44991
44992
44993
44996
44997
45000
45001
45002
45003
45005
45006
45008
45009
45010
45012
45014
45019
45020
45024
45025
45026
45030
45036
45038
45045
45052
45054
45060
45061
45064
45065
45066
45067
45070
45071
45074
45079
45080
45081
45084
45087
45092
45095
45096
45099
45105
45106
45113
45114
45115
45116
45120
45122
45123
45124
45126
45134
45138
45140
45143
45144
45145
45147
45148
45153
45154
45155
45158
45163
45168
45169
45170
45172
45174
45176
45177
45180
45181
45182
45184
45186
45188
45191
45192
45194
45195
45196
45198
45199
45203
45204
45208
45210
45214
45215
45216
45219
45221
45223
45224
45225
45226
45227
45228
45230
45231
45232
45234
45235
45236
45239
45241
45243
45245
45246
45248
45249
45250
45252
45253
45255
45256
45257
45258
45259
45264
45266
45267
45270
45271
45274
45275
45276
45277
45279
45281
45283
45284
45286
45287
45288
45289
45290
45291
45292
45295
45298
45299
45301
45302
45303
45304
45305
45306
45309
45310
45311
45312
45313
45316
45317
45319
45321
45322
45326
45330
45332
45335
45342
45343
45344
45345
45348
45349
45354
45358
45359
45365
45366
45368
45370
45374
45375
45376
45377
45378
45379
45380
45381
45382
45383
45384
45385
45389
45391
45392
45395
45396
45397
45402
45403
45404
45407
45409
45410
45412
45413
45414
45416
45417
45418
45419
45421
45422
45425
45428
45430
45431
45434
45438
45440
45445
45446
45448
45451
45453
45454
45455
45457
45458
45459
45460
45461
45462
45463
45465
45466
45467
45468
45471
45472
45475
45477
45478
45481
45483
45484
45486
45487
45488
45490
45492
45493
45494
45496
45500
45502
45504
45505
45511
45513
45515
45516
45518
45521
45522
45523
45526
45533
45534
45535
45536
45538
45543
45546
45547
45549
45551
45555
45557
45561
45564
45566
45569
45570
45571
45572
45573
45574
45575
45577
45579
45583
45586
45587
45588
45590
45591
45592
45593
45594
45597
45598
45599
45600
45601
45603
45604
45607
45612
45613
45614
45619
45621
45622
45623
45626
45627
45628
45629
45632
45634
45635
45640
45643
45644
45646
45647
45648
45649
45651
45653
45655
45656
45657
45658
45661
45662
45663
45665
45670
45672
45673
45675
45677
45678
45679
45680
45681
45682
45683
45685
45686
45688
45689
45690
45691
45698
45699
45701
45702
45712
45719
45722
45723
45724
45725
45726
45728
45733
45734
45736
45740
45741
45743
45744
45746
45750
45751
45753
45754
45755
45758
45759
45762
45763
45767
45768
45770
45771
45772
45774
45776
45777
45779
45783
45786
45788
45794
45797
45798
45799
45800
45801
45802
45803
45804
45806
45808
45809
45810
45811
45812
45816
45817
45819
45820
45821
45823
45829
45830
45831
45832
45833
45834
45836
45838
45841
45846
45848
45849
45850
45852
45853
45860
45862
45863
45865
45866
45868
45869
45871
45873
45874
45876
45880
45883
45884
45886
45893
45894
45897
45901
45904
45905
45909
45911
45913
45914
45916
45917
45920
45921
45923
45925
45930
45931
45933
45934
45935
45939
45940
45941
45943
45944
45946
45950
45952
45954
45956
45957
45961
45962
45963
45964
45965
45966
45967
45969
45970
45972
45973
45975
45976
45979
45981
45982
45984
45985
45986
45987
45992
45993
45996
45998
46001
46002
46003
46005
46006
46008
46009
46011
46013
46015
46018
46019
46022
46023
46025
46027
46029
46030
46031
46034
46035
46036
46037
46041
46042
46043
46045
46051
46053
46058
46059
46060
46062
46064
46066
46067
46072
46079
46080
46082
46083
46086
46088
46091
46093
46094
46096
46098
46099
46100
46105
46108
46109
46110
46112
46115
46117
46120
46122
46124
46125
46126
46130
46131
46132
46136
46138
46139
46141
46147
46148
46149
46151
46152
46155
46156
46163
46164
46165
46168
46170
46171
46173
46176
46178
46181
46182
46183
46184
46185
46186
46187
46189
46192
46194
46195
46197
46199
46200
46201
46202
46203
46205
46206
46207
46208
46209
46214
46216
46219
46221
46224
46227
46229
46230
46231
46232
46234
46235
46236
46239
46240
46246
46247
46249
46251
46252
46253
46255
46256
46259
46260
46261
46262
46266
46267
46271
46274
46275
46278
46280
46281
46282
46284
46286
46287
46290
46293
46295
46296
46298
46299
46302
46303
46304
46305
46306
46307
46308
46309
46310
46311
46316
46317
46322
46323
46325
46326
46327
46328
46332
46334
46335
46336
46339
46345
46348
46352
46354
46355
46357
46359
46362
46363
46365
46369
46372
46374
46375
46377
46378
46384
46387
46388
46389
46390
46391
46392
46393
46395
46396
46398
46401
46403
46404
46407
46408
46410
46413
46414
46421
46423
46424
46425
46426
46427
46431
46432
46433
46434
46435
46436
46439
46440
46442
46443
46444
46450
46451
46452
46453
46456
46457
46462
46464
46467
46471
46473
46476
46480
46481
46482
46485
46486
46488
46491
46493
46494
46497
46499
46502
46504
46505
46506
46508
46509
46511
46514
46515
46516
46518
46519
46521
46522
46523
46526
46529
46530
46531
46532
46534
46536
46538
46539
46541
46542
46545
46546
46547
46549
46550
46552
46553
46554
46555
46561
46563
46565
46566
46569
46571
46572
46575
46577
46578
46580
46581
46582
46583
46584
46586
46588
46589
46595
46596
46597
46598
46601
46604
46608
46610
46613
46615
46616
46618
46620
46621
46623
46624
46627
46629
46631
46633
46636
46641
46642
46646
46647
46648
46649
46651
46657
46658
46660
46663
46665
46668
46669
46670
46671
46672
46681
46682
46683
46686
46687
46693
46694
46695
46697
46704
46705
46706
46707
46712
46713
46714
46715
46717
46719
46723
46724
46726
46728
46730
46731
46733
46734
46739
46740
46741
46744
46745
46746
46747
46748
46749
46750
46755
46756
46758
46760
46761
46762
46766
46767
46769
46773
46774
46775
46776
46778
46779
46780
46787
46788
46793
46794
46795
46796
46797
46803
46805
46808
46809
46811
46812
46815
46817
46825
46828
46829
46830
46831
46833
46834
46835
46839
46840
46842
46844
46845
46848
46849
46850
46851
46852
46854
46855
46857
46862
46864
46865
46866
46870
46871
46872
46874
46877
46881
46882
46887
46892
46893
46895
46896
46902
46904
46905
46906
46907
46908
46912
46913
46919
46920
46922
46923
46925
46926
46927
46928
46929
46933
46934
46935
46937
46938
46939
46943
46946
46947
46949
46952
46955
46956
46958
46960
46961
46965
46967
46969
46972
46973
46975
46976
46980
46981
46982
46984
46985
46986
46988
46990
46991
46994
46995
46996
46997
46999
47000
47001
47002
47008
47010
47011
47015
47018
47020
47023
47025
47027
47028
47029
47031
47032
47033
47034
47036
47037
47038
47040
47042
47044
47046
47047
47049
47050
47051
47053
47055
47057
47059
47060
47063
47065
47067
47070
47071
47074
47075
47076
47077
47078
47080
47083
47085
47086
47087
47088
47089
47090
47093
47095
47099
47100
47103
47104
47106
47108
47109
47112
47114
47116
47117
47122
47125
47126
47128
47129
47135
47136
47140
47143
47144
47147
47148
47152
47156
47158
47166
47167
47168
47169
47176
47177
47178
47179
47180
47181
47182
47183
47186
47187
47188
47190
47192
47193
47194
47195
47197
47198
47199
47200
47202
47203
47204
47209
47210
47212
47214
47215
47223
47226
47227
47229
47230
47231
47232
47234
47235
47238
47240
47242
47243
47246
47247
47248
47250
47251
47252
47253
47254
47255
47261
47262
47263
47265
47267
47270
47271
47274
47275
47279
47280
47281
47282
47285
47287
47289
47291
47292
47293
47299
47301
47306
47307
47309
47311
47312
47321
47322
47325
47328
47330
47331
47332
47333
47334
47336
47337
47338
47344
47345
47346
47348
47350
47351
47353
47360
47361
47362
47364
47365
47366
47370
47372
47374
47375
47377
47379
47381
47383
47385
47386
47387
47391
47392
47393
47395
47396
47400
47402
47403
47405
47408
47411
47412
47414
47417
47418
47419
47422
47425
47428
47432
47433
47435
47437
47438
47439
47443
47444
47446
47452
47454
47455
47457
47458
47460
47463
47465
47466
47469
47470
47472
47473
47475
47478
47480
47481
47483
47487
47488
47489
47492
47493
47494
47497
47498
47500
47501
47503
47504
47506
47510
47511
47512
47513
47514
47519
47521
47522
47523
47525
47528
47529
47530
47531
47534
47535
47536
47539
47540
47541
47543
47544
47547
47548
47549
47551
47554
47556
47558
47559
47560
47561
47562
47563
47564
47566
47569
47572
47575
47577
47578
47579
47581
47584
47585
47587
47588
47590
47592
47594
47596
47600
47601
47603
47604
47606
47607
47610
47612
47613
47615
47617
47621
47625
47627
47631
47632
47634
47638
47640
47642
47643
47644
47645
47646
47650
47651
47652
47653
47655
47656
47657
47658
47660
47661
47665
47667
47670
47672
47676
47677
47678
47683
47686
47687
47690
47693
47695
47697
47700
47701
47702
47704
47711
47713
47714
47716
47717
47719
47720
47722
47723
47724
47725
47727
47728
47732
47733
47734
47735
47737
47738
47740
47742
47743
47744
47745
47746
47747
47748
47752
47754
47755
47756
47757
47760
47761
47764
47768
47772
47775
47776
47777
47778
47780
47782
47783
47784
47787
47788
47789
47793
47794
47795
47797
47800
47801
47802
47806
47808
47809
47811
47812
47815
47816
47817
47818
47821
47822
47826
47827
47831
47835
47838
47839
47845
47848
47849
47850
47851
47854
47855
47856
47857
47862
47864
47866
47869
47870
47874
47878
47879
47884
47885
47889
47891
47894
47895
47897
47902
47903
47904
47906
47911
47912
47915
47918
47919
47920
47921
47923
47924
47926
47927
47933
47934
47935
47942
47946
47947
47948
47951
47953
47954
47956
47958
47960
47964
47967
47969
47970
47972
47975
47980
47981
47982
47983
47985
47986
47987
47989
47991
47992
47993
47997
48001
48003
48007
48008
48009
48011
48012
48019
48020
48021
48027
48029
48030
48033
48035
48037
48038
48041
48043
48044
48046
48048
48049
48052
48054
48057
48061
48064
48065
48066
48067
48069
48070
48071
48072
48079
48080
48081
48085
48087
48093
48095
48097
48098
48100
48101
48102
48103
48105
48106
48107
48108
48111
48112
48115
48116
48117
48119
48120
48121
48122
48123
48126
48127
48130
48131
48133
48135
48136
48137
48138
48139
48140
48142
48143
48144
48146
48147
48148
48149
48150
48152
48153
48154
48155
48156
48158
48159
48160
48162
48163
48164
48168
48171
48172
48175
48176
48178
48179
48180
48181
48182
48184
48185
48188
48189
48192
48194
48196
48199
48200
48203
48206
48207
48208
48211
48214
48216
48220
48221
48223
48230
48234
48238
48241
48242
48243
48245
48247
48248
48251
48252
48258
48260
48263
48265
48267
48268
48269
48272
48275
48278
48281
48284
48289
48290
48292
48293
48295
48298
48299
48302
48303
48304
48307
48308
48310
48311
48317
48318
48320
48322
48324
48325
48326
48327
48328
48329
48331
48332
48333
48335
48337
48340
48341
48344
48345
48346
48348
48349
48353
48354
48356
48357
48358
48360
48362
48365
48367
48368
48370
48371
48373
48374
48375
48376
48377
48379
48381
48383
48387
48391
48397
48399
48403
48404
48407
48412
48413
48414
48415
48417
48418
48420
48425
48426
48427
48428
48429
48430
48431
48433
48434
48435
48438
48439
48441
48444
48447
48448
48453
48455
48457
48459
48460
48462
48466
48468
48469
48471
48474
48476
48479
48480
48485
48487
48489
48491
48498
48499
48501
48503
48505
48506
48507
48511
48512
48514
48516
48517
48518
48519
48523
48526
48531
48535
48536
48538
48539
48540
48541
48542
48543
48546
48547
48550
48552
48555
48558
48559
48560
48563
48564
48565
48566
48572
48574
48575
48577
48578
48580
48581
48583
48585
48590
48592
48593
48594
48595
48596
48600
48603
48604
48606
48608
48611
48612
48615
48620
48621
48622
48623
48624
48625
48627
48628
48630
48632
48633
48634
48638
48639
48640
48641
48646
48650
48652
48653
48654
48656
48657
48658
48659
48663
48665
48666
48667
48672
48673
48675
48676
48677
48678
48680
48681
48683
48685
48686
48687
48688
48689
48691
48692
48694
48695
48696
48699
48700
48701
48702
48704
48705
48706
48709
48710
48711
48714
48715
48717
48718
48723
48726
48733
48734
48737
48739
48740
48743
48746
48747
48748
48753
48755
48757
48758
48762
48764
48767
48768
48769
48773
48774
48777
48778
48781
48783
48784
48787
48789
48793
48797
48798
48799
48802
48804
48807
48810
48812
48814
48817
48818
48819
48821
48822
48825
48829
48830
48832
48833
48836
48842
48843
48844
48845
48850
48851
48855
48856
48857
48859
48862
48864
48865
48866
48867
48869
48872
48875
48877
48878
48879
48881
48882
48883
48888
48890
48892
48894
48895
48896
48899
48903
48911
48915
48916
48919
48920
48921
48922
48923
48927
48928
48931
48933
48934
48935
48937
48940
48941
48942
48943
48944
48946
48952
48954
48955
48957
48958
48959
48960
48962
48967
48968
48969
48970
48971
48972
48974
48976
48977
48978
48980
48981
48984
48989
48990
48991
48993
48994
48996
49000
49001
49002
49003
49004
49005
49009
49012
49013
49017
49020
49022
49023
49025
49027
49028
49031
49032
49033
49034
49041
49042
49043
49044
49045
49047
49048
49049
49051
49053
49054
49055
49063
49064
49066
49067
49069
49070
49071
49074
49081
49084
49085
49086
49094
49095
49096
49097
49098
49100
49101
49110
49111
49114
49115
49116
49117
49119
49121
49123
49126
49127
49128
49129
49131
49132
49135
49140
49145
49150
49151
49153
49154
49156
49159
49161
49162
49163
49165
49169
49170
49172
49173
49174
49175
49176
49177
49179
49181
49182
49184
49185
49187
49189
49191
49192
49193
49194
49197
49201
49202
49203
49206
49209
49211
49212
49213
49215
49219
49220
49221
49223
49226
49227
49228
49229
49230
49232
49233
49236
49245
49246
49247
49248
49252
49253
49254
49255
49256
49259
49260
49261
49262
49265
49266
49271
49272
49273
49277
49281
49282
49284
49285
49286
49288
49292
49294
49295
49296
49298
49300
49305
49306
49307
49308
49311
49312
49314
49315
49319
49320
49326
49328
49329
49330
49331
49332
49333
49335
49337
49338
49341
49342
49344
49345
49347
49349
49350
49356
49358
49360
49361
49363
49365
49366
49367
49371
49372
49375
49376
49380
49382
49388
49390
49394
49398
49399
49401
49403
49405
49406
49411
49414
49420
49423
49425
49427
49429
49430
49431
49432
49434
49439
49441
49442
49443
49445
49447
49448
49449
49450
49451
49453
49455
49456
49457
49459
49460
49467
49469
49472
49473
49474
49475
49476
49478
49479
49481
49482
49486
49487
49488
49489
49491
49492
49493
49494
49495
49496
49497
49501
49502
49503
49505
49508
49510
49511
49512
49513
49515
49518
49521
49522
49523
49524
49527
49530
49532
49534
49536
49538
49539
49542
49543
49546
49547
49549
49552
49553
49554
49556
49557
49558
49559
49561
49563
49564
49565
49566
49568
49571
49572
49573
49575
49577
49578
49579
49586
49587
49588
49591
49593
49595
49597
49598
49600
49601
49606
49608
49610
49611
49615
49616
49617
49618
49623
49626
49628
49631
49633
49634
49635
49636
49637
49639
49642
49644
49646
49647
49648
49651
49656
49657
49659
49662
49664
49665
49666
49667
49668
49671
49673
49674
49676
49677
49678
49679
49680
49681
49682
49683
49685
49686
49688
49691
49693
49699
49701
49704
49705
49706
49707
49709
49713
49714
49715
49716
49718
49724
49730
49731
49733
49737
49741
49742
49743
49744
49747
49748
49751
49752
49754
49756
49758
49759
49760
49762
49763
49767
49770
49772
49773
49775
49776
49777
49780
49782
49785
49791
49792
49794
49795
49798
49802
49804
49813
49819
49820
49822
49823
49825
49829
49830
49833
49835
49837
49838
49839
49840
49841
49845
49847
49850
49853
49857
49860
49861
49866
49868
49869
49870
49872
49873
49874
49877
49882
49885
49886
49888
49890
49893
49897
49898
49900
49901
49902
49905
49907
49908
49909
49910
49911
49912
49916
49919
49920
49922
49923
49924
49925
49926
49929
49931
49932
49934
49935
49938
49942
49946
49947
49949
49951
49953
49954
49955
49962
49963
49965
49966
49967
49968
49969
49971
49973
49974
49975
49977
49978
49980
49982
49983
49984
49985
49987
49988
49990
49991
49992
49996
49999
50000
50002
50003
50005
50007
50008
50012
50013
50014
50020
50022
50024
50028
50031
50032
50036
50042
50044
50046
50048
50051
50052
50055
50056
50057
50060
50061
50064
50066
50067
50068
50069
50074
50075
50077
50078
50080
50081
50082
50084
50089
50090
50092
50093
50094
50101
50102
50104
50105
50107
50108
50109
50112
50114
50115
50117
50118
50124
50126
50127
50129
50130
50132
50135
50136
50141
50144
50147
50149
50152
50153
50154
50157
50158
50160
50161
50162
50163
50165
50166
50168
50170
50179
50181
50182
50184
50185
50186
50187
50190
50191
50192
50195
50196
50197
50198
50200
50201
50202
50204
50208
50210
50211
50212
50219
50222
50223
50224
50228
50229
50232
50235
50236
50237
50238
50242
50243
50244
50246
50247
50248
50249
50253
50255
50256
50257
50258
50264
50266
50267
50268
50270
50272
50274
50275
50276
50277
50278
50281
50282
50284
50285
50287
50288
50289
50290
50291
50293
50296
50297
50298
50303
50304
50305
50307
50309
50311
50312
50313
50315
50317
50319
50320
50321
50322
50323
50328
50329
50332
50335
50340
50343
50345
50346
50347
50349
50350
50351
50354
50355
50356
50357
50359
50361
50362
50363
50364
50366
50369
50371
50374
50375
50378
50387
50388
50390
50392
50394
50396
50397
50401
50403
50404
50407
50408
50410
50412
50415
50417
50418
50423
50426
50427
50429
50430
50431
50433
50434
50437
50440
50442
50444
50445
50448
50449
50450
50452
50457
50458
50460
50461
50462
50464
50467
50468
50471
50472
50474
50476
50477
50478
50480
50484
50488
50491
50492
50494
50495
50496
50498
50500
50501
50503
50506
50507
50508
50510
50511
50515
50516
50517
50519
50520
50522
50523
50524
50525
50527
50530
50531
50532
50533
50534
50535
50537
50541
50542
50547
50550
50551
50553
50556
50559
50560
50562
50565
50566
50567
50569
50570
50571
50575
50576
50577
50578
50585
50586
50587
50588
50590
50591
50601
50604
50608
50609
50612
50613
50617
50618
50620
50622
50623
50624
50628
50629
50631
50635
50639
50641
50643
50649
50652
50654
50655
50657
50658
50661
50663
50665
50666
50672
50675
50676
50678
50681
50683
50684
50685
50687
50689
50690
50694
50700
50703
50704
50705
50708
50709
50711
50714
50717
50718
50722
50723
50724
50727
50728
50730
50731
50737
50738
50739
50740
50743
50746
50750
50752
50755
50756
50758
50759
50766
50767
50768
50769
50770
50773
50774
50776
50779
50780
50781
50782
50783
50784
50785
50787
50788
50789
50790
50797
50798
50803
50806
50810
50811
50813
50814
50815
50816
50818
50820
50821
50823
50825
50827
50828
50830
50834
50835
50838
50839
50841
50842
50845
50847
50848
50849
50850
50851
50852
50853
50855
50858
50859
50861
50862
50863
50864
50865
50869
50870
50873
50874
50876
50877
50881
50882
50883
50884
50885
50887
50888
50889
50893
50895
50897
50899
50900
50901
50902
50903
50908
50909
50911
50912
50914
50915
50917
50920
50921
50922
50926
50928
50932
50933
50935
50937
50938
50940
50941
50942
50945
50946
50953
50954
50957
50959
50960
50961
50963
50964
50965
50968
50972
50974
50976
50977
50979
50983
50984
50988
50989
50990
50992
50994
50995
50996
50997
50998
51000
51001
51004
51005
51007
51009
51010
51012
51013
51014
51017
51018
51020
51023
51025
51026
51028
51030
51032
51033
51035
51039
51040
51041
51042
51043
51044
51045
51046
51047
51048
51051
51054
51056
51057
51058
51059
51061
51062
51064
51069
51072
51073
51074
51075
51077
51078
51079
51082
51083
51084
51085
51087
51089
51092
51093
51095
51099
51100
51101
51102
51103
51104
51105
51106
51108
51110
51111
51114
51115
51116
51117
51120
51123
51124
51126
51128
51129
51135
51136
51137
51138
51144
51145
51146
51149
51152
51157
51158
51162
51163
51164
51165
51174
51177
51178
51179
51182
51183
51185
51187
51191
51193
51194
51195
51196
51198
51199
51200
51201
51202
51203
51204
51205
51208
51210
51213
51217
51221
51222
51224
51227
51228
51229
51231
51234
51235
51236
51238
51242
51244
51245
51246
51248
51251
51254
51255
51258
51260
51264
51267
51269
51271
51272
51275
51276
51278
51279
51281
51284
51287
51290
51291
51292
51293
51294
51298
51300
51302
51303
51306
51309
51311
51315
51316
51317
51318
51319
51320
51323
51330
51332
51334
51336
51337
51338
51339
51341
51342
51344
51345
51348
51354
51355
51358
51360
51367
51368
51371
51372
51373
51374
51384
51385
51389
51391
51393
51394
51395
51400
51402
51403
51405
51408
51409
51412
51416
51420
51422
51425
51426
51428
51435
51438
51441
51442
51444
51445
51446
51447
51450
51456
51457
51460
51461
51463
51464
51465
51468
51469
51472
51474
51475
51476
51477
51478
51480
51482
51485
51487
51489
51490
51491
51492
51493
51494
51495
51496
51498
51499
51503
51504
51505
51507
51508
51510
51513
51515
51516
51517
51518
51521
51522
51523
51526
51530
51531
51532
51533
51534
51536
51539
51541
51543
51546
51553
51560
51561
51564
51566
51568
51569
51570
51572
51575
51579
51581
51583
51584
51585
51586
51588
51589
51592
51594
51596
51598
51602
51605
51606
51609
51610
51611
51613
51616
51619
51620
51621
51624
51627
51628
51629
51630
51631
51633
51637
51640
51641
51642
51645
51649
51650
51652
51654
51655
51656
51658
51659
51661
51667
51668
51671
51674
51676
51677
51680
51682
51685
51687
51689
51691
51693
51694
51695
51698
51700
51704
51705
51706
51710
51712
51713
51715
51716
51720
51721
51722
51723
51724
51727
51728
51729
51730
51732
51735
51738
51739
51741
51742
51746
51747
51748
51750
51751
51752
51756
51760
51764
51765
51766
51767
51768
51770
51771
51772
51773
51774
51775
51776
51783
51784
51788
51789
51791
51792
51793
51795
51797
51800
51801
51803
51805
51806
51807
51810
51812
51815
51817
51819
51821
51822
51823
51826
51828
51830
51832
51835
51836
51837
51839
51842
51843
51846
51847
51848
51849
51852
51854
51855
51858
51864
51865
51866
51867
51868
51871
51872
51875
51878
51879
51880
51881
51882
51884
51885
51886
51887
51890
51892
51893
51895
51898
51899
51902
51903
51909
51910
51915
51916
51920
51921
51922
51924
51925
51927
51928
51929
51931
51932
51934
51936
51938
51941
51942
51943
51944
51954
51955
51956
51957
51958
51959
51960
51963
51964
51967
51970
51973
51976
51979
51980
51982
51983
51989
51990
51993
51994
51995
51996
51999
52001
52002
52004
52005
52009
52010
52014
52015
52016
52017
52022
52023
52026
52028
52029
52030
52032
52037
52040
52042
52048
52050
52053
52056
52060
52061
52065
52067
52071
52072
52074
52075
52076
52077
52079
52081
52082
52083
52086
52087
52091
52093
52095
52096
52097
52099
52100
52101
52102
52106
52112
52114
52118
52120
52122
52129
52130
52132
52133
52135
52137
52138
52139
52141
52143
52144
52145
52147
52149
52150
52152
52155
52156
52158
52159
52160
52161
52162
52164
52168
52169
52170
52172
52174
52175
52176
52177
52178
52182
52184
52185
52187
52191
52192
52193
52194
52200
52202
52203
52204
52207
52211
52212
52214
52217
52220
52222
52225
52226
52228
52229
52232
52234
52235
52239
52240
52241
52243
52245
52246
52247
52249
52250
52251
52253
52254
52257
52259
52260
52261
52262
52265
52266
52268
52269
52273
52274
52275
52278
52281
52282
52284
52287
52289
52290
52291
52295
52296
52297
52299
52300
52301
52306
52311
52314
52315
52316
52318
52319
52321
52322
52325
52326
52327
52328
52329
52330
52331
52334
52335
52336
52338
52344
52345
52346
52348
52350
52353
52355
52356
52358
52359
52361
52362
52363
52366
52367
52368
52370
52371
52372
52373
52375
52379
52385
52387
52392
52394
52397
52398
52399
52401
52403
52404
52405
52407
52408
52409
52410
52413
52414
52416
52419
52422
52424
52426
52427
52428
52430
52432
52433
52435
52436
52437
52444
52446
52448
52450
52452
52454
52455
52458
52462
52470
52472
52474
52475
52478
52479
52480
52481
52483
52484
52485
52488
52489
52491
52494
52496
52497
52500
52501
52503
52504
52505
52507
52511
52512
52515
52516
52518
52520
52523
52529
52536
52537
52540
52544
52545
52546
52547
52549
52552
52555
52556
52557
52558
52559
52560
52561
52562
52564
52565
52567
52568
52569
52572
52575
52576
52578
52580
52582
52583
52585
52586
52587
52591
52592
52594
52598
52599
52602
52603
52604
52605
52607
52608
52609
52613
52614
52615
52619
52620
52622
52625
52627
52628
52629
52630
52631
52632
52633
52635
52636
52641
52642
52645
52647
52649
52654
52655
52656
52661
52662
52663
52665
52667
52669
52670
52674
52675
52676
52677
52678
52679
52680
52681
52682
52684
52685
52686
52688
52689
52690
52693
52694
52695
52696
52698
52704
52706
52707
52708
52710
52712
52713
52714
52716
52717
52722
52724
52725
52726
52728
52729
52732
52734
52737
52739
52741
52743
52744
52746
52748
52751
52753
52754
52755
52757
52759
52761
52763
52765
52766
52767
52768
52769
52771
52776
52779
52786
52788
52791
52792
52797
52800
52802
52805
52806
52809
52810
52811
52812
52813
52814
52815
52816
52819
52822
52823
52825
52826
52828
52829
52830
52833
52834
52835
52837
52840
52841
52844
52845
52846
52851
52854
52855
52860
52862
52869
52870
52871
52872
52874
52875
52876
52877
52878
52880
52882
52883
52885
52886
52887
52888
52889
52893
52894
52895
52898
52900
52910
52912
52916
52919
52923
52925
52926
52928
52931
52932
52934
52935
52936
52942
52946
52950
52953
52956
52957
52959
52966
52969
52971
52972
52973
52974
52978
52979
52980
52981
52982
52986
52988
52991
52992
52994
52996
52997
52999
53002
53005
53006
53007
53008
53011
53013
53014
53015
53021
53027
53030
53031
53036
53039
53041
53043
53046
53049
53050
53051
53052
53053
53054
53055
53059
53060
53062
53065
53066
53067
53075
53076
53079
53080
53084
53086
53089
53091
53092
53094
53103
53109
53110
53111
53113
53114
53115
53116
53117
53120
53122
53123
53126
53129
53130
53132
53134
53135
53136
53137
53138
53140
53142
53143
53144
53146
53147
53149
53150
53152
53154
53155
53156
53157
53158
53161
53163
53164
53165
53168
53169
53170
53171
53172
53173
53174
53176
53177
53178
53179
53184
53186
53188
53193
53195
53196
53197
53201
53202
53203
53204
53206
53212
53213
53215
53220
53221
53225
53228
53230
53232
53233
53235
53236
53237
53239
53240
53243
53244
53245
53246
53247
53251
53254
53255
53256
53257
53259
53262
53263
53269
53270
53271
53272
53276
53278
53279
53281
53282
53286
53287
53288
53289
53291
53293
53294
53296
53298
53299
53300
53302
53305
53306
53310
53317
53318
53319
53321
53322
53326
53327
53328
53330
53331
53333
53334
53336
53339
53341
53344
53345
53346
53348
53350
53353
53357
53358
53360
53369
53370
53374
53375
53377
53380
53381
53382
53384
53385
53386
53387
53389
53391
53394
53395
53397
53399
53400
53403
53406
53407
53410
53413
53414
53421
53422
53423
53424
53429
53430
53431
53432
53433
53434
53436
53437
53438
53442
53443
53445
53447
53449
53451
53452
53454
53455
53458
53459
53461
53462
53464
53465
53466
53468
53469
53472
53473
53476
53479
53480
53481
53483
53484
53485
53489
53491
53493
53494
53497
53499
53500
53501
53504
53506
53510
53514
53515
53516
53518
53519
53520
53521
53523
53526
53527
53529
53530
53534
53535
53538
53539
53545
53547
53548
53549
53551
53552
53553
53554
53557
53558
53559
53560
53561
53562
53565
53566
53573
53574
53575
53576
53579
53580
53583
53587
53588
53589
53590
53591
53593
53594
53598
53599
53600
53602
53604
53610
53611
53612
53613
53614
53615
53617
53618
53619
53624
53632
53633
53636
53639
53640
53644
53645
53646
53647
53648
53649
53651
53653
53656
53661
53663
53664
53666
53668
53669
53670
53671
53680
53681
53682
53683
53685
53686
53687
53688
53689
53695
53700
53701
53703
53704
53706
53707
53708
53709
53712
53714
53715
53716
53718
53722
53723
53724
53725
53726
53728
53730
53731
53733
53734
53735
53736
53737
53740
53741
53743
53746
53747
53748
53750
53751
53752
53760
53761
53764
53765
53766
53768
53770
53771
53772
53774
53777
53778
53782
53783
53790
53792
53793
53796
53797
53799
53803
53804
53808
53809
53810
53811
53812
53813
53816
53819
53820
53823
53824
53827
53828
53830
53832
53833
53835
53836
53838
53839
53840
53841
53842
53847
53850
53851
53854
53855
53856
53857
53859
53861
53862
53864
53866
53870
53873
53874
53876
53879
53881
53886
53887
53891
53892
53893
53895
53898
53903
53904
53905
53907
53909
53914
53915
53916
53917
53920
53922
53926
53927
53929
53931
53932
53936
53939
53941
53942
53944
53947
53948
53950
53955
53957
53958
53963
53966
53968
53971
53972
53974
53977
53980
53981
53983
53984
53985
53986
53988
53990
53992
53993
53994
53998
53999
54000
54002
54008
54010
54011
54012
54014
54015
54016
54020
54022
54023
54024
54025
54026
54029
54030
54037
54043
54044
54046
54051
54052
54055
54057
54058
54059
54060
54062
54063
54065
54066
54068
54070
54072
54074
54075
54079
54082
54085
54086
54087
54088
54091
54092
54096
54098
54099
54101
54103
54107
54108
54112
54114
54116
54118
54119
54121
54122
54126
54128
54129
54130
54131
54134
54136
54137
54138
54141
54144
54145
54147
54149
54152
54154
54157
54159
54162
54164
54165
54166
54167
54170
54172
54173
54175
54176
54177
54178
54179
54183
54184
54185
54186
54189
54190
54191
54192
54193
54195
54196
54197
54199
54201
54202
54204
54205
54207
54208
54209
54210
54211
54212
54217
54219
54223
54224
54226
54227
54228
54231
54234
54236
54239
54242
54244
54245
54246
54247
54249
54250
54255
54256
54257
54258
54259
54261
54265
54269
54270
54272
54274
54275
54277
54284
54287
54288
54290
54291
54292
54302
54305
54306
54307
54308
54312
54313
54314
54315
54316
54318
54319
54321
54322
54323
54324
54328
54331
54336
54337
54338
54339
54340
54342
54343
54346
54347
54349
54351
54358
54362
54363
54364
54366
54367
54368
54370
54371
54372
54375
54376
54378
54379
54380
54381
54382
54385
54386
54388
54389
54390
54391
54393
54394
54395
54399
54402
54403
54404
54407
54409
54410
54412
54413
54414
54415
54416
54417
54419
54421
54422
54424
54426
54428
54431
54438
54443
54444
54448
54449
54453
54455
54459
54460
54462
54463
54465
54466
54469
54470
54471
54474
54475
54477
54484
54488
54491
54494
54497
54498
54502
54504
54507
54508
54509
54516
54517
54520
54522
54524
54526
54527
54529
54530
54531
54532
54534
54536
54537
54538
54541
54542
54546
54547
54551
54553
54555
54556
54559
54562
54567
54568
54574
54576
54578
54579
54580
54581
54582
54584
54586
54588
54589
54590
54592
54593
54598
54599
54602
54603
54604
54605
54609
54611
54612
54613
54618
54619
54620
54623
54624
54625
54626
54627
54628
54629
54632
54633
54634
54640
54642
54646
54648
54649
54650
54656
54657
54658
54660
54661
54662
54663
54666
54667
54668
54669
54672
54673
54674
54681
54682
54684
54686
54687
54688
54694
54695
54696
54697
54698
54699
54700
54703
54706
54707
54708
54709
54710
54712
54715
54716
54717
54718
54721
54723
54725
54726
54727
54730
54733
54735
54736
54738
54741
54742
54744
54746
54751
54752
54753
54754
54755
54757
54759
54763
54764
54768
54769
54770
54772
54774
54775
54778
54781
54782
54784
54785
54786
54787
54794
54795
54797
54798
54801
54803
54805
54806
54808
54816
54820
54822
54824
54825
54828
54834
54835
54838
54839
54841
54842
54843
54845
54846
54847
54848
54850
54851
54853
54855
54856
54858
54860
54861
54862
54864
54865
54867
54869
54871
54872
54873
54874
54876
54879
54881
54882
54886
54887
54888
54889
54891
54896
54897
54900
54902
54903
54907
54908
54909
54912
54913
54917
54920
54921
54922
54925
54926
54928
54930
54932
54937
54939
54941
54942
54945
54947
54949
54951
54955
54956
54958
54959
54961
54962
54963
54965
54972
54975
54977
54980
54982
54983
54985
54989
54990
54991
54993
54994
54997
54999
55001
55005
55006
55007
55009
55010
55011
55012
55013
55014
55015
55016
55017
55018
55019
55020
55022
55023
55024
55025
55028
55029
55030
55031
55033
55035
55036
55037
55039
55041
55043
55044
55045
55046
55047
55049
55051
55052
55056
55057
55060
55062
55065
55070
55072
55074
55077
55078
55079
55082
55085
55089
55091
55092
55093
55095
55096
55098
55101
55102
55104
55105
55107
55108
55111
55118
55122
55123
55124
55129
55130
55131
55133
55134
55135
55139
55141
55143
55144
55145
55146
55147
55148
55149
55151
55156
55159
55161
55162
55165
55166
55168
55172
55173
55174
55176
55177
55180
55181
55182
55184
55190
55197
55199
55200
55203
55205
55206
55207
55208
55209
55210
55213
55217
55218
55219
55222
55223
55225
55227
55229
55232
55233
55234
55236
55237
55239
55240
55241
55242
55243
55249
55250
55253
55254
55258
55267
55269
55270
55272
55273
55275
55276
55277
55278
55280
55281
55284
55285
55287
55288
55292
55293
55294
55295
55297
55298
55299
55300
55301
55305
55306
55311
55315
55317
55319
55323
55325
55328
55331
55333
55336
55339
55340
55341
55342
55343
55345
55348
55351
55354
55355
55356
55358
55361
55363
55364
55365
55367
55369
55370
55372
55373
55375
55379
55382
55385
55389
55392
55393
55394
55395
55397
55399
55400
55402
55405
55415
55419
55422
55423
55424
55427
55428
55431
55432
55433
55435
55436
55438
55444
55445
55446
55448
55449
55450
55451
55456
55458
55461
55463
55465
55466
55469
55470
55471
55472
55473
55474
55475
55476
55477
55480
55481
55482
55483
55485
55487
55488
55493
55500
55504
55506
55508
55510
55511
55516
55517
55519
55520
55521
55526
55527
55530
55532
55534
55536
55537
55538
55539
55540
55542
55545
55546
55548
55550
55551
55555
55556
55558
55562
55563
55564
55567
55568
55569
55570
55573
55574
55575
55578
55581
55586
55590
55593
55594
55596
55599
55600
55601
55602
55603
55604
55605
55606
55609
55613
55614
55615
55616
55617
55618
55625
55627
55630
55631
55632
55634
55636
55638
55639
55640
55641
55642
55643
55647
55648
55652
55653
55656
55658
55664
55671
55672
55674
55676
55680
55681
55682
55683
55687
55688
55691
55694
55696
55697
55699
55700
55703
55706
55708
55709
55713
55714
55715
55716
55717
55718
55719
55720
55723
55725
55726
55728
55729
55730
55731
55732
55733
55735
55740
55741
55743
55746
55749
55750
55752
55754
55756
55758
55759
55760
55761
55762
55763
55766
55768
55769
55770
55771
55775
55776
55778
55779
55780
55782
55789
55791
55793
55794
55795
55797
55801
55804
55805
55806
55807
55808
55809
55810
55811
55813
55815
55819
55820
55821
55822
55823
55824
55826
55828
55829
55830
55833
55837
55838
55839
55842
55843
55845
55846
55847
55848
55850
55854
55855
55856
55858
55860
55861
55868
55871
55872
55874
55875
55877
55879
55881
55883
55890
55891
55892
55893
55898
55899
55900
55904
55908
55910
55911
55913
55917
55918
55919
55922
55924
55925
55926
55927
55929
55931
55935
55939
55940
55941
55942
55945
55948
55951
55953
55957
55961
55963
55965
55966
55968
55969
55970
55971
55975
55977
55978
55983
55984
55985
55986
55987
55989
55990
55997
56003
56004
56006
56008
56009
56012
56013
56016
56017
56018
56019
56023
56024
56025
56029
56032
56035
56037
56038
56040
56041
56042
56047
56048
56049
56050
56051
56052
56054
56056
56059
56060
56063
56064
56065
56066
56067
56071
56073
56075
56077
56078
56080
56082
56084
56085
56087
56089
56091
56093
56094
56101
56103
56104
56105
56106
56109
56110
56112
56115
56117
56119
56120
56123
56124
56127
56130
56132
56134
56135
56136
56137
56143
56145
56148
56149
56150
56153
56154
56155
56156
56157
56158
56159
56161
56162
56163
56164
56172
56175
56176
56177
56178
56179
56180
56183
56184
56185
56186
56194
56195
56196
56198
56200
56202
56203
56204
56206
56208
56210
56211
56212
56214
56216
56218
56219
56220
56221
56222
56225
56228
56230
56232
56233
56234
56236
56238
56244
56247
56248
56250
56251
56257
56259
56260
56266
56267
56269
56270
56273
56277
56278
56280
56281
56287
56289
56290
56291
56294
56295
56297
56298
56299
56300
56301
56305
56306
56311
56313
56315
56316
56317
56319
56320
56322
56324
56325
56326
56327
56328
56329
56330
56332
56334
56335
56336
56337
56347
56348
56349
56351
56353
56354
56355
56360
56364
56366
56375
56376
56382
56384
56385
56386
56388
56390
56393
56394
56397
56399
56401
56403
56404
56408
56409
56410
56413
56414
56416
56418
56419
56422
56423
56424
56425
56429
56432
56433
56434
56435
56437
56446
56448
56449
56450
56452
56453
56454
56455
56459
56461
56462
56465
56467
56468
56471
56472
56473
56479
56480
56483
56484
56485
56486
56487
56488
56491
56496
56497
56498
56499
56501
56502
56506
56508
56510
56513
56518
56519
56520
56521
56522
56524
56528
56530
56531
56532
56534
56536
56539
56541
56546
56547
56550
56552
56553
56554
56558
56560
56562
56564
56565
56566
56567
56568
56572
56573
56576
56577
56578
56579
56580
56581
56582
56583
56584
56585
56586
56587
56589
56590
56591
56592
56593
56596
56597
56598
56601
56604
56609
56611
56613
56615
56621
56622
56623
56629
56630
56632
56633
56635
56636
56647
56648
56651
56653
56655
56656
56658
56659
56663
56664
56670
56674
56675
56677
56679
56681
56682
56683
56686
56687
56691
56694
56696
56698
56699
56702
56704
56706
56707
56709
56711
56714
56716
56717
56718
56721
56722
56725
56726
56728
56730
56735
56736
56738
56746
56747
56748
56750
56752
56753
56756
56757
56758
56760
56763
56764
56765
56766
56768
56769
56770
56772
56773
56774
56775
56779
56780
56781
56782
56784
56786
56787
56788
56791
56792
56793
56794
56797
56798
56799
56801
56803
56805
56806
56815
56816
56818
56819
56820
56821
56822
56824
56825
56826
56827
56828
56832
56834
56836
56838
56841
56842
56843
56847
56848
56855
56860
56863
56865
56867
56868
56869
56872
56873
56875
56878
56879
56881
56883
56884
56885
56888
56889
56890
56891
56892
56897
56901
56902
56904
56905
56909
56910
56911
56912
56914
56917
56918
56921
56924
56926
56927
56928
56929
56930
56932
56933
56938
56941
56943
56944
56945
56946
56948
56952
56953
56954
56956
56957
56961
56962
56963
56966
56967
56971
56972
56973
56974
56977
56978
56982
56983
56985
56989
56990
56991
56995
56996
56998
57004
57005
57006
57007
57011
57014
57016
57018
57023
57024
57026
57029
57030
57032
57034
57035
57036
57039
57040
57042
57044
57045
57046
57048
57050
57051
57055
57056
57057
57061
57064
57065
57069
57071
57072
57073
57076
57079
57080
57085
57087
57088
57089
57091
57092
57093
57095
57097
57099
57101
57102
57106
57107
57108
57109
57110
57112
57113
57115
57118
57120
57121
57122
57124
57125
57131
57132
57135
57139
57140
57143
57144
57148
57149
57150
57152
57153
57158
57159
57160
57163
57168
57169
57173
57176
57177
57178
57179
57182
57183
57186
57188
57189
57191
57192
57193
57194
57197
57198
57201
57204
57208
57210
57211
57218
57219
57220
57221
57222
57225
57227
57228
57229
57230
57233
57234
57236
57237
57239
57243
57244
57253
57255
57256
57257
57258
57264
57268
57269
57270
57274
57275
57277
57278
57279
57281
57282
57283
57285
57288
57293
57299
57300
57302
57304
57307
57308
57309
57312
57315
57317
57320
57321
57322
57325
57326
57327
57331
57332
57336
57338
57339
57341
57343
57344
57346
57347
57351
57353
57355
57358
57359
57362
57370
57371
57372
57373
57376
57377
57378
57381
57383
57384
57385
57387
57391
57393
57395
57396
57397
57401
57403
57404
57405
57406
57410
57411
57412
57413
57414
57415
57416
57417
57418
57420
57422
57423
57424
57425
57427
57429
57430
57431
57436
57437
57439
57440
57441
57442
57443
57445
57446
57448
57453
57455
57456
57459
57460
57463
57465
57467
57469
57470
57472
57473
57474
57476
57478
57480
57481
57483
57484
57485
57487
57489
57491
57493
57495
57496
57498
57501
57502
57505
57507
57508
57510
57513
57514
57517
57520
57524
57525
57526
57527
57528
57529
57531
57532
57533
57535
57538
57541
57542
57543
57550
57552
57556
57557
57559
57560
57563
57565
57567
57569
57573
57576
57577
57579
57580
57583
57586
57587
57590
57595
57596
57597
57599
57600
57601
57602
57603
57604
57605
57607
57610
57612
57616
57621
57623
57624
57626
57631
57632
57635
57636
57637
57640
57641
57642
57643
57644
57645
57646
57648
57650
57652
57653
57654
57660
57662
57664
57666
57668
57669
57670
57672
57673
57674
57675
57678
57679
57680
57681
57682
57683
57684
57687
57689
57690
57692
57693
57694
57696
57700
57701
57705
57706
57709
57712
57713
57715
57717
57718
57719
57721
57722
57723
57726
57727
57729
57731
57732
57734
57737
57740
57742
57743
57745
57747
57749
57752
57755
57756
57757
57758
57760
57763
57764
57768
57771
57773
57783
57784
57787
57788
57789
57790
57791
57792
57796
57797
57800
57803
57804
57805
57807
57810
57812
57814
57816
57819
57822
57830
57831
57834
57835
57838
57839
57843
57846
57850
57857
57859
57862
57863
57865
57867
57869
57870
57871
57872
57874
57875
57876
57880
57881
57883
57884
57885
57887
57889
57894
57896
57898
57900
57901
57902
57906
57907
57911
57913
57914
57916
57918
57919
57924
57925
57927
57929
57931
57932
57933
57934
57935
57937
57938
57940
57943
57946
57950
57951
57952
57953
57955
57956
57959
57960
57961
57962
57965
57966
57968
57969
57971
57972
57975
57977
57978
57979
57980
57981
57986
57987
57990
57991
57995
57996
57997
57998
57999
58000
58002
58004
58005
58006
58007
58010
58011
58012
58013
58014
58020
58023
58024
58027
58028
58030
58031
58033
58035
58036
58037
58039
58042
58043
58044
58047
58048
58051
58052
58053
58054
58055
58057
58060
58061
58063
58065
58069
58070
58074
58075
58076
58078
58079
58080
58082
58084
58090
58091
58093
58094
58097
58098
58099
58101
58104
58105
58108
58112
58114
58115
58116
58117
58119
58120
58123
58126
58127
58130
58132
58134
58135
58138
58139
58140
58142
58151
58152
58154
58155
58156
58159
58161
58163
58165
58166
58167
58169
58171
58173
58174
58175
58177
58180
58181
58183
58187
58190
58191
58193
58196
58197
58199
58200
58201
58204
58205
58207
58208
58212
58216
58220
58224
58226
58228
58229
58230
58233
58234
58238
58240
58242
58244
58246
58247
58253
58260
58262
58264
58265
58266
58267
58268
58270
58273
58275
58277
58278
58286
58290
58291
58292
58293
58296
58299
58300
58301
58306
58307
58309
58311
58314
58316
58317
58320
58324
58326
58328
58331
58333
58334
58335
58337
58338
58341
58343
58344
58345
58347
58355
58356
58362
58363
58365
58366
58367
58368
58369
58370
58372
58373
58374
58376
58377
58378
58379
58384
58386
58388
58393
58395
58396
58397
58399
58404
58405
58406
58408
58409
58410
58412
58413
58414
58415
58417
58421
58423
58425
58428
58429
58430
58431
58432
58433
58434
58436
58438
58439
58440
58441
58444
58445
58446
58447
58448
58451
58454
58456
58457
58459
58463
58464
58465
58468
58470
58473
58474
58476
58477
58478
58481
58482
58485
58487
58492
58494
58496
58498
58499
58500
58501
58503
58505
58506
58507
58508
58510
58511
58514
58516
58518
58519
58526
58527
58528
58529
58530
58531
58533
58535
58538
58539
58540
58541
58542
58543
58546
58550
58556
58557
58558
58560
58561
58563
58568
58570
58571
58576
58577
58578
58580
58582
58584
58591
58592
58596
58598
58602
58603
58604
58607
58608
58611
58612
58616
58617
58619
58620
58625
58626
58627
58629
58632
58633
58636
58638
58641
58643
58648
58649
58650
58654
58655
58656
58659
58661
58662
58665
58669
58670
58672
58674
58676
58678
58679
58680
58682
58683
58686
58689
58694
58695
58697
58702
58703
58704
58705
58706
58709
58711
58713
58714
58715
58719
58721
58724
58726
58727
58728
58729
58732
58733
58736
58737
58740
58742
58746
58747
58749
58750
58752
58753
58754
58756
58757
58758
58759
58762
58765
58768
58769
58773
58775
58776
58778
58782
58783
58785
58786
58789
58791
58793
58795
58800
58804
58805
58806
58807
58809
58810
58811
58813
58814
58815
58816
58819
58821
58822
58825
58828
58830
58832
58833
58834
58836
58837
58843
58845
58846
58847
58849
58850
58851
58855
58856
58858
58859
58861
58862
58863
58867
58870
58872
58875
58877
58879
58881
58883
58884
58886
58887
58888
58889
58893
58897
58898
58899
58900
58901
58905
58907
58908
58909
58912
58914
58915
58918
58919
58920
58921
58928
58931
58932
58933
58934
58935
58937
58938
58939
58940
58941
58944
58946
58947
58948
58949
58953
58958
58962
58963
58968
58969
58971
58973
58975
58976
58978
58980
58983
58984
58985
58986
58987
58989
58990
58993
58996
58997
58998
59000
59002
59006
59009
59011
59013
59015
59017
59018
59019
59022
59027
59033
59034
59035
59036
59037
59038
59039
59040
59041
59042
59043
59045
59046
59049
59050
59051
59052
59053
59054
59055
59056
59057
59060
59061
59063
59065
59066
59067
59069
59071
59073
59074
59075
59077
59078
59080
59083
59085
59087
59088
59089
59091
59095
59098
59101
59102
59103
59110
59113
59115
59116
59117
59120
59121
59122
59124
59125
59129
59131
59133
59135
59137
59140
59141
59143
59144
59146
59147
59148
59149
59151
59152
59156
59157
59159
59160
59163
59164
59166
59170
59174
59176
59178
59183
59185
59187
59189
59191
59195
59198
59201
59203
59204
59206
59208
59209
59210
59214
59215
59216
59220
59221
59222
59223
59224
59226
59228
59229
59230
59232
59236
59238
59239
59240
59241
59242
59243
59244
59246
59248
59249
59252
59254
59258
59259
59260
59261
59262
59266
59270
59273
59274
59279
59282
59285
59286
59289
59290
59294
59295
59297
59299
59301
59304
59306
59307
59310
59311
59313
59315
59316
59317
59319
59329
59332
59333
59334
59340
59341
59345
59351
59353
59355
59356
59358
59359
59362
59365
59367
59368
59369
59370
59371
59372
59373
59374
59375
59380
59382
59385
59388
59389
59395
59399
59400
59404
59405
59407
59412
59413
59414
59418
59420
59421
59422
59425
59427
59429
59430
59433
59434
59438
59441
59442
59443
59444
59447
59449
59450
59451
59453
59454
59455
59457
59458
59459
59462
59463
59465
59469
59470
59474
59475
59477
59479
59481
59483
59484
59486
59488
59490
59491
59492
59493
59496
59497
59498
59499
59500
59501
59502
59504
59506
59507
59508
59511
59520
59523
59524
59525
59526
59527
59528
59532
59534
59536
59538
59546
59547
59549
59550
59553
59555
59556
59560
59562
59565
59566
59569
59571
59572
59573
59576
59579
59584
59586
59588
59591
59593
59596
59598
59599
59600
59603
59604
59605
59606
59609
59610
59614
59616
59617
59618
59619
59622
59623
59624
59625
59626
59627
59634
59636
59637
59639
59641
59646
59648
59651
59652
59653
59654
59656
59657
59658
59659
59660
59663
59664
59667
59668
59669
59671
59674
59675
59676
59677
59685
59686
59687
59688
59689
59692
59693
59695
59699
59700
59702
59703
59705
59706
59707
59708
59709
59710
59711
59714
59715
59716
59719
59721
59722
59723
59724
59725
59727
59729
59732
59733
59734
59737
59738
59741
59742
59745
59747
59748
59749
59751
59752
59753
59756
59758
59759
59760
59763
59764
59769
59770
59772
59773
59776
59777
59780
59781
59783
59788
59789
59791
59792
59793
59799
59805
59806
59811
59813
59815
59818
59820
59821
59822
59825
59826
59828
59829
59830
59831
59835
59836
59838
59840
59843
59844
59846
59847
59849
59852
59853
59854
59855
59858
59859
59862
59865
59867
59868
59870
59871
59872
59873
59874
59878
59879
59881
59882
59884
59885
59887
59888
59889
59890
59891
59893
59895
59896
59897
59898
59901
59903
59904
59906
59907
59908
59912
59914
59918
59922
59926
59927
59930
59931
59935
59936
59939
59940
59942
59944
59948
59949
59951
59952
59953
59957
59959
59960
59961
59965
59968
59976
59977
59980
59986
59987
59990
59992
59993
59996
59998
59999
60002
60003
60006
60007
60008
60009
60017
60018
60019
60020
60025
60028
60030
60031
60032
60034
60040
60041
60042
60043
60047
60052
60054
60056
60058
60059
60060
60063
60064
60065
60067
60072
60074
60076
60078
60079
60080
60088
60091
60093
60098
60099
60103
60104
60105
60106
60108
60111
60115
60116
60118
60120
60123
60125
60126
60127
60129
60136
60139
60140
60142
60143
60144
60145
60147
60148
60149
60150
60151
60153
60156
60157
60160
60161
60162
60164
60165
60166
60173
60175
60179
60182
60185
60186
60189
60192
60194
60199
60200
60204
60206
60207
60210
60212
60213
60214
60215
60216
60218
60219
60220
60221
60222
60223
60225
60227
60231
60232
60233
60234
60235
60239
60241
60243
60244
60247
60253
60254
60256
60257
60260
60262
60264
60265
60266
60267
60268
60269
60270
60271
60272
60281
60284
60285
60287
60288
60290
60293
60294
60295
60297
60301
60305
60306
60307
60309
60310
60312
60313
60317
60318
60320
60322
60328
60329
60330
60332
60333
60334
60335
60339
60340
60341
60342
60344
60347
60349
60350
60352
60353
60354
60355
60356
60357
60358
60360
60364
60365
60367
60369
60370
60372
60373
60374
60376
60377
60378
60380
60381
60382
60383
60384
60389
60393
60394
60395
60396
60404
60405
60407
60408
60409
60411
60413
60415
60418
60421
60422
60424
60427
60428
60430
60433
60434
60435
60436
60438
60440
60441
60443
60444
60446
60449
60450
60451
60452
60453
60454
60455
60456
60459
60460
60461
60462
60465
60467
60469
60472
60473
60474
60477
60478
60479
60483
60484
60486
60488
60490
60495
60499
60501
60503
60504
60505
60506
60507
60510
60511
60512
60513
60515
60521
60526
60527
60528
60530
60533
60534
60535
60538
60542
60546
60547
60549
60551
60552
60554
60555
60556
60558
60559
60563
60565
60567
60570
60574
60576
60583
60584
60585
60586
60588
60589
60590
60591
60592
60594
60597
60598
60599
60604
60608
60616
60618
60622
60623
60624
60626
60628
60631
60633
60635
60637
60638
60639
60640
60642
60645
60650
60651
60656
60663
60664
60665
60669
60674
60675
60676
60677
60678
60679
60682
60683
60684
60685
60686
60687
60688
60689
60691
60692
60693
60695
60697
60698
60699
60700
60701
60702
60708
60709
60711
60713
60714
60717
60718
60719
60720
60724
60725
60726
60728
60731
60733
60734
60735
60736
60737
60738
60739
60740
60741
60744
60745
60749
60750
60751
60752
60753
60754
60755
60757
60762
60764
60765
60767
60769
60772
60781
60782
60784
60788
60789
60790
60793
60798
60799
60800
60802
60803
60804
60805
60809
60811
60813
60814
60815
60820
60822
60824
60825
60826
60828
60831
60833
60834
60835
60836
60840
60841
60842
60845
60846
60847
60849
60852
60853
60854
60855
60856
60858
60860
60861
60866
60869
60870
60871
60873
60874
60875
60876
60877
60878
60879
60881
60883
60885
60887
60891
60893
60894
60900
60901
60902
60903
60905
60906
60910
60911
60915
60916
60921
60926
60928
60932
60933
60935
60936
60939
60940
60941
60943
60944
60946
60947
60948
60953
60954
60957
60958
60959
60960
60961
60966
60967
60972
60973
60974
60975
60978
60983
60984
60985
60987
60989
60991
60992
60993
60994
60998
61004
61005
61006
61008
61011
61021
61023
61025
61026
61029
61031
61032
61033
61034
61036
61038
61039
61041
61043
61045
61047
61050
61053
61057
61058
61061
61062
61064
61067
61068
61069
61070
61072
61073
61075
61076
61077
61081
61084
61086
61087
61088
61089
61091
61092
61095
61096
61099
61100
61103
61104
61106
61108
61113
61115
61119
61120
61122
61123
61124
61125
61130
61132
61133
61135
61136
61140
61143
61148
61149
61150
61153
61160
61161
61163
61166
61167
61168
61172
61173
61175
61176
61179
61183
61184
61185
61186
61189
61190
61193
61195
61196
61197
61199
61203
61207
61209
61210
61211
61212
61214
61215
61216
61218
61222
61226
61227
61229
61232
61234
61235
61238
61242
61244
61246
61249
61251
61253
61254
61255
61256
61257
61258
61259
61260
61261
61262
61263
61265
61268
61269
61271
61272
61273
61280
61284
61286
61289
61290
61292
61294
61296
61298
61299
61300
61304
61308
61309
61311
61312
61313
61314
61315
61316
61317
61320
61322
61323
61328
61329
61330
61331
61334
61336
61339
61341
61343
61344
61347
61350
61351
61352
61353
61354
61356
61358
61360
61362
61363
61366
61367
61368
61370
61371
61375
61376
61377
61380
61384
61385
61387
61389
61392
61395
61399
61401
61406
61408
61411
61412
61415
61416
61418
61421
61422
61423
61424
61425
61426
61427
61428
61430
61431
61432
61433
61434
61435
61436
61437
61441
61442
61446
61447
61448
61449
61451
61453
61455
61456
61459
61460
61463
61465
61466
61469
61472
61474
61475
61476
61477
61478
61479
61481
61482
61485
61488
61490
61491
61493
61495
61500
61503
61504
61507
61509
61512
61513
61514
61515
61518
61521
61522
61523
61524
61525
61528
61529
61530
61531
61532
61533
61534
61536
61538
61539
61540
61543
61544
61547
61549
61550
61551
61553
61554
61555
61563
61564
61568
61569
61571
61572
61575
61579
61580
61586
61587
61588
61590
61591
61592
61594
61595
61596
61597
61598
61599
61603
61606
61607
61608
61611
61615
61617
61621
61623
61626
61627
61629
61630
61631
61633
61635
61636
61637
61639
61641
61644
61646
61649
61650
61653
61656
61657
61660
61662
61663
61664
61666
61668
61671
61672
61674
61677
61682
61685
61687
61689
61691
61697
61700
61703
61704
61706
61707
61710
61711
61712
61714
61715
61717
61726
61727
61730
61733
61734
61736
61739
61741
61742
61743
61747
61748
61750
61751
61752
61755
61760
61761
61763
61764
61767
61770
61771
61772
61773
61775
61777
61778
61783
61785
61786
61788
61789
61791
61793
61799
61800
61801
61802
61806
61807
61809
61810
61811
61812
61813
61815
61816
61817
61820
61822
61823
61824
61829
61830
61833
61836
61838
61839
61840
61843
61844
61846
61847
61848
61849
61851
61856
61860
61862
61863
61864
61866
61868
61869
61873
61874
61878
61879
61880
61881
61883
61885
61889
61890
61891
61893
61895
61896
61898
61899
61900
61901
61902
61904
61906
61907
61909
61911
61912
61916
61918
61920
61922
61926
61927
61928
61929
61930
61933
61934
61937
61938
61939
61940
61942
61944
61945
61946
61947
61950
61956
61963
61964
61966
61968
61969
61972
61973
61974
61975
61976
61977
61982
61984
61989
61991
61995
61997
61999
62001
62003
62005
62007
62008
62009
62010
62012
62015
62016
62019
62021
62023
62025
62026
62027
62028
62030
62031
62032
62033
62038
62047
62048
62050
62051
62055
62056
62058
62063
62064
62068
62070
62072
62073
62074
62076
62077
62081
62083
62086
62088
62090
62091
62093
62094
62096
62100
62101
62103
62104
62106
62108
62109
62110
62112
62116
62119
62121
62122
62123
62124
62126
62127
62130
62134
62135
62137
62138
62140
62141
62144
62147
62150
62151
62153
62154
62155
62159
62160
62161
62162
62164
62165
62168
62172
62173
62174
62175
62176
62177
62180
62181
62182
62183
62186
62188
62191
62196
62199
62201
62202
62203
62206
62211
62212
62213
62214
62215
62217
62219
62220
62222
62225
62226
62229
62235
62236
62237
62239
62240
62242
62243
62244
62245
62246
62248
62249
62250
62252
62253
62256
62257
62258
62260
62264
62268
62269
62272
62273
62277
62278
62279
62286
62288
62291
62292
62293
62294
62297
62298
62299
62310
62311
62312
62316
62319
62320
62321
62322
62324
62325
62328
62330
62331
62334
62335
62336
62339
62340
62341
62342
62343
62344
62348
62349
62353
62355
62358
62359
62360
62364
62368
62371
62374
62376
62377
62378
62379
62380
62381
62382
62384
62385
62386
62387
62388
62390
62392
62393
62394
62395
62398
62399
62406
62407
62409
62412
62414
62415
62418
62419
62420
62424
62425
62427
62428
62429
62432
62434
62435
62436
62438
62441
62449
62452
62454
62456
62457
62459
62464
62465
62467
62469
62474
62475
62476
62477
62478
62481
62483
62484
62485
62487
62488
62489
62490
62494
62496
62498
62500
62502
62504
62508
62509
62510
62520
62523
62527
62530
62532
62534
62535
62536
62539
62540
62542
62545
62547
62552
62553
62554
62561
62565
62568
62570
62572
62574
62577
62578
62580
62581
62583
62584
62587
62588
62589
62590
62591
62593
62594
62597
62599
62601
62602
62606
62607
62608
62609
62613
62614
62615
62618
62619
62620
62624
62627
62630
62632
62633
62634
62636
62637
62639
62640
62642
62643
62645
62647
62648
62649
62651
62659
62660
62661
62663
62664
62665
62668
62669
62670
62672
62675
62676
62677
62678
62680
62682
62683
62684
62685
62686
62687
62688
62690
62692
62693
62694
62696
62697
62698
62699
62701
62704
62706
62709
62710
62714
62715
62716
62718
62719
62721
62723
62724
62726
62727
62729
62730
62733
62734
62739
62740
62741
62742
62743
62744
62747
62748
62750
62754
62755
62756
62757
62758
62761
62762
62763
62766
62769
62770
62771
62772
62773
62775
62776
62777
62781
62783
62784
62785
62788
62789
62792
62794
62795
62797
62799
62801
62802
62804
62806
62811
62813
62814
62815
62818
62820
62821
62826
62829
62833
62834
62836
62839
62840
62843
62844
62846
62847
62852
62854
62857
62859
62862
62864
62867
62869
62873
62876
62877
62878
62880
62882
62884
62888
62889
62890
62891
62896
62898
62903
62904
62907
62908
62911
62913
62914
62915
62917
62922
62923
62924
62926
62927
62928
62929
62931
62932
62933
62940
62942
62944
62947
62948
62949
62950
62951
62954
62955
62958
62959
62960
62961
62963
62965
62970
62971
62973
62974
62976
62980
62981
62986
62988
62990
62994
62995
62996
62997
63005
63006
63007
63009
63010
63011
63015
63020
63021
63023
63026
63027
63028
63029
63030
63031
63033
63035
63043
63044
63045
63047
63049
63053
63054
63057
63059
63060
63063
63064
63065
63069
63072
63073
63075
63076
63078
63080
63082
63083
63085
63090
63092
63095
63097
63098
63100
63103
63104
63106
63107
63108
63109
63112
63113
63114
63115
63116
63117
63120
63122
63124
63128
63129
63130
63137
63138
63140
63141
63142
63145
63146
63147
63148
63151
63152
63153
63154
63156
63157
63158
63159
63161
63163
63167
63169
63170
63172
63175
63176
63177
63178
63182
63185
63186
63187
63188
63189
63190
63192
63194
63195
63196
63197
63198
63201
63204
63206
63207
63210
63212
63213
63216
63217
63218
63223
63224
63225
63227
63233
63234
63235
63238
63240
63243
63244
63245
63246
63249
63250
63251
63254
63255
63256
63258
63261
63263
63264
63265
63266
63267
63270
63271
63273
63274
63276
63277
63280
63282
63283
63292
63294
63296
63297
63299
63300
63301
63306
63307
63308
63309
63310
63312
63313
63315
63316
63317
63319
63320
63322
63324
63327
63328
63330
63331
63333
63334
63336
63337
63340
63341
63344
63347
63348
63349
63351
63353
63354
63356
63357
63360
63362
63363
63366
63367
63369
63370
63371
63380
63382
63389
63390
63391
63392
63393
63394
63400
63401
63403
63407
63410
63413
63414
63415
63417
63419
63420
63421
63422
63428
63431
63432
63439
63441
63442
63444
63446
63447
63449
63450
63462
63463
63469
63470
63471
63472
63473
63475
63476
63477
63478
63480
63481
63483
63490
63494
63495
63497
63498
63499
63500
63501
63503
63505
63506
63507
63508
63509
63510
63511
63514
63517
63518
63522
63523
63526
63528
63529
63530
63532
63536
63537
63540
63541
63542
63543
63547
63548
63549
63551
63554
63564
63565
63566
63567
63568
63570
63571
63572
63573
63574
63575
63576
63579
63580
63582
63583
63584
63585
63586
63588
63589
63590
63593
63595
63596
63599
63601
63604
63605
63609
63611
63612
63613
63616
63617
63618
63620
63625
63626
63629
63630
63632
63633
63634
63635
63636
63638
63640
63641
63642
63644
63645
63646
63647
63648
63651
63652
63653
63654
63655
63656
63658
63660
63662
63664
63665
63667
63668
63673
63674
63675
63676
63680
63681
63682
63685
63688
63695
63698
63700
63701
63702
63704
63705
63707
63711
63715
63716
63717
63718
63720
63722
63727
63729
63731
63734
63736
63737
63740
63742
63743
63744
63745
63746
63749
63750
63753
63754
63755
63756
63759
63761
63764
63766
63769
63771
63775
63776
63777
63784
63785
63786
63787
63789
63791
63796
63800
63802
63803
63812
63813
63815
63817
63820
63821
63822
63823
63827
63828
63835
63836
63838
63839
63840
63841
63842
63843
63846
63847
63849
63850
63851
63852
63854
63857
63859
63860
63861
63862
63866
63867
63868
63869
63872
63873
63878
63882
63883
63884
63886
63894
63895
63900
63902
63904
63905
63908
63909
63911
63915
63917
63918
63921
63925
63930
63932
63933
63934
63935
63936
63939
63940
63941
63943
63944
63945
63948
63952
63956
63958
63960
63961
63962
63964
63965
63970
63973
63975
63980
63981
63982
63983
63984
63985
63988
63993
63994
63995
63998
64006
64008
64011
64015
64020
64021
64022
64023
64024
64025
64026
64028
64031
64033
64035
64036
64037
64041
64044
64047
64048
64052
64053
64057
64060
64062
64064
64066
64068
64070
64071
64072
64074
64075
64077
64079
64084
64086
64088
64090
64092
64093
64094
64100
64102
64105
64106
64108
64109
64111
64112
64115
64118
64121
64122
64123
64124
64125
64128
64129
64130
64131
64132
64137
64138
64139
64140
64144
64147
64148
64152
64154
64156
64160
64161
64162
64166
64171
64172
64173
64175
64176
64177
64179
64180
64188
64189
64190
64192
64193
64194
64198
64200
64202
64205
64208
64209
64212
64213
64215
64217
64219
64221
64222
64223
64224
64229
64230
64231
64232
64233
64234
64236
64243
64244
64245
64246
64247
64249
64253
64255
64257
64258
64259
64260
64261
64263
64265
64266
64268
64271
64273
64274
64281
64284
64285
64291
64292
64293
64294
64297
64298
64299
64300
64303
64309
64310
64315
64317
64318
64322
64323
64325
64328
64329
64330
64332
64337
64339
64343
64344
64352
64353
64354
64355
64356
64358
64359
64360
64366
64367
64368
64371
64374
64376
64377
64378
64379
64380
64381
64382
64383
64385
64386
64387
64388
64391
64392
64394
64395
64396
64397
64398
64399
64400
64402
64403
64406
64408
64409
64410
64411
64413
64414
64415
64417
64418
64420
64422
64426
64427
64428
64431
64432
64433
64435
64438
64439
64441
64445
64446
64447
64448
64449
64450
64451
64452
64458
64460
64461
64462
64463
64464
64465
64466
64467
64468
64469
64472
64473
64474
64476
64481
64482
64485
64493
64494
64495
64498
64499
64501
64503
64505
64506
64508
64510
64511
64512
64513
64516
64517
64518
64519
64520
64523
64524
64527
64528
64529
64532
64534
64536
64537
64539
64540
64541
64543
64544
64545
64547
64548
64550
64552
64553
64554
64555
64556
64557
64558
64559
64560
64563
64566
64567
64571
64572
64573
64578
64579
64584
64587
64589
64591
64593
64598
64599
64602
64603
64604
64605
64606
64611
64612
64613
64615
64618
64621
64622
64623
64625
64628
64630
64633
64635
64637
64639
64640
64642
64643
64644
64646
64652
64653
64655
64657
64659
64661
64662
64665
64667
64669
64670
64671
64678
64681
64682
64685
64688
64689
64691
64701
64703
64704
64706
64707
64708
64709
64711
64712
64713
64717
64719
64720
64721
64722
64723
64726
64731
64732
64734
64736
64741
64743
64744
64745
64746
64749
64750
64751
64753
64754
64755
64756
64757
64764
64765
64767
64768
64770
64772
64775
64779
64780
64782
64783
64784
64785
64786
64787
64790
64791
64796
64797
64798
64800
64805
64806
64809
64815
64816
64818
64821
64822
64824
64827
64829
64832
64833
64835
64836
64841
64842
64847
64848
64850
64853
64855
64856
64858
64864
64868
64869
64871
64872
64874
64876
64879
64880
64882
64883
64884
64885
64886
64887
64891
64894
64895
64898
64901
64903
64904
64905
64909
64911
64913
64914
64915
64918
64919
64920
64921
64922
64924
64926
64928
64930
64931
64932
64933
64934
64937
64940
64942
64944
64945
64946
64948
64949
64950
64951
64956
64960
64964
64965
64966
64971
64973
64976
64977
64980
64983
64984
64986
64987
64989
64990
64993
64994
64995
64999
65003
65004
65006
65007
65010
65011
65012
65013
65014
65016
65017
65019
65020
65021
65023
65024
65030
65032
65035
65038
65039
65040
65041
65042
65043
65044
65045
65046
65049
65050
65055
65057
65062
65064
65066
65071
65074
65075
65076
65084
65085
65088
65089
65090
65096
65097
65098
65099
65100
65101
65102
65105
65107
65109
65110
65111
65112
65119
65121
65123
65127
65129
65138
65139
65140
65143
65147
65148
65149
65151
65152
65155
65156
65157
65165
65169
65170
65171
65177
65178
65181
65182
65183
65185
65186
65190
65191
65194
65198
65199
65201
65205
65209
65213
65214
65215
65216
65218
65219
65220
65222
65224
65225
65228
65230
65231
65232
65233
65234
65236
65241
65242
65243
65246
65248
65249
65250
65252
65253
65254
65255
65256
65257
65258
65260
65262
65263
65265
65266
65269
65273
65275
65276
65277
65279
65283
65286
65287
65291
65292
65295
65297
65298
65300
65303
65304
65305
65306
65308
65309
65310
65311
65313
65314
65315
65316
65319
65321
65322
65323
65326
65327
65328
65329
65334
65336
65337
65342
65343
65345
65348
65350
65351
65355
65357
65358
65359
65361
65363
65364
65367
65369
65370
65373
65375
65376
65377
65384
65386
65387
65390
65391
65392
65393
65394
65395
65396
65397
65399
65400
65405
65406
65408
65410
65411
65412
65417
65418
65419
65423
65424
65425
65431
65432
65435
65436
65437
65438
65439
65441
65442
65446
65447
65450
65452
65454
65455
65456
65457
65459
65461
65463
65467
65469
65471
65474
65475
65477
65479
65483
65484
65485
65486
65488
65489
65492
65494
65495
65497
65498
65502
65503
65504
65507
65508
65509
65510
65511
65515
65516
65517
65523
65524
65527
65529
65531
65534
65535
65540
65543
65544
65545
65547
65548
65550
65553
65554
65555
65559
65561
65565
65569
65573
65576
65577
65578
65579
65581
65582
65583
65584
65585
65592
65594
65595
65597
65598
65605
65607
65611
65614
65615
65617
65620
65623
65624
65627
65629
65633
65637
65638
65641
65642
65643
65645
65649
65651
65653
65654
65657
65658
65659
65660
65661
65662
65663
65665
65667
65668
65670
65671
65672
65673
65674
65676
65677
65681
65682
65683
65684
65685
65688
65692
65694
65696
65699
65703
65706
65708
65710
65711
65712
65713
65714
65716
65717
65718
65719
65720
65721
65724
65725
65727
65729
65733
65734
65735
65737
65738
65741
65744
65745
65751
65753
65755
65757
65764
65765
65771
65772
65773
65776
65778
65779
65783
65785
65786
65788
65789
65790
65791
65793
65795
65800
65802
65803
65806
65807
65808
65810
65811
65814
65815
65816
65817
65818
65819
65821
65824
65825
65826
65829
65830
65831
65834
65837
65838
65840
65843
65845
65846
65849
65850
65855
65857
65858
65859
65860
65862
65864
65865
65866
65871
65873
65876
65878
65879
65880
65881
65882
65885
65886
65887
65888
65891
65900
65901
65902
65903
65904
65905
65907
65908
65910
65912
65913
65915
65917
65920
65921
65923
65924
65927
65928
65931
65932
65933
65934
65935
65936
65937
65940
65943
65946
65947
65948
65949
65952
65954
65955
65956
65961
65964
65967
65968
65969
65970
65974
65975
65977
65980
65981
65982
65984
65986
65987
65988
65994
65996
65997
66000
66001
66006
66008
66009
66010
66011
66012
66013
66015
66016
66018
66021
66025
66028
66029
66031
66033
66034
66035
66036
66037
66038
66039
66042
66043
66044
66045
66046
66047
66048
66049
66050
66053
66055
66057
66059
66063
66064
66068
66069
66070
66071
66074
66081
66084
66086
66087
66088
66090
66091
66092
66101
66103
66106
66107
66109
66112
66113
66114
66117
66118
66119
66120
66121
66124
66126
66127
66128
66129
66132
66133
66134
66135
66139
66140
66142
66145
66148
66150
66154
66155
66156
66159
66160
66164
66165
66166
66168
66169
66170
66172
66173
66175
66176
66180
66181
66182
66183
66184
66186
66187
66188
66190
66191
66195
66197
66198
66199
66201
66202
66203
66206
66207
66208
66212
66213
66215
66222
66226
66232
66233
66235
66237
66238
66240
66243
66246
66250
66255
66257
66258
66259
66260
66261
66262
66263
66264
66267
66268
66269
66270
66271
66272
66273
66274
66275
66276
66278
66281
66282
66283
66286
66293
66296
66297
66300
66307
66308
66310
66311
66312
66316
66317
66319
66320
66324
66326
66328
66329
66330
66331
66332
66335
66336
66338
66340
66344
66346
66347
66351
66352
66356
66357
66358
66363
66366
66370
66374
66376
66378
66379
66380
66382
66383
66385
66386
66387
66390
66392
66393
66394
66402
66404
66406
66407
66408
66409
66416
66418
66421
66422
66424
66426
66427
66429
66430
66433
66434
66435
66437
66443
66445
66447
66452
66454
66456
66462
66464
66466
66468
66469
66470
66471
66473
66476
66477
66478
66479
66480
66481
66482
66483
66484
66486
66487
66489
66491
66496
66499
66500
66503
66506
66508
66509
66514
66515
66516
66519
66520
66521
66523
66527
66529
66530
66532
66533
66535
66536
66537
66540
66541
66544
66546
66549
66551
66552
66553
66554
66556
66561
66563
66565
66566
66569
66572
66574
66575
66578
66579
66580
66581
66585
66588
66591
66592
66593
66597
66599
66602
66604
66605
66606
66607
66608
66610
66612
66613
66614
66615
66617
66618
66620
66621
66624
66625
66626
66631
66634
66635
66637
66642
66643
66645
66646
66649
66650
66651
66652
66653
66655
66656
66657
66659
66665
66666
66667
66668
66670
66671
66672
66674
66675
66678
66679
66682
66683
66684
66685
66686
66690
66691
66692
66693
66694
66696
66698
66699
66702
66703
66704
66705
66706
66708
66710
66711
66712
66713
66716
66718
66719
66720
66721
66724
66726
66728
66729
66730
66731
66733
66736
66741
66746
66747
66752
66757
66759
66761
66764
66767
66770
66771
66773
66774
66775
66777
66780
66783
66785
66787
66788
66789
66790
66791
66794
66797
66798
66800
66806
66807
66810
66812
66814
66815
66816
66818
66819
66820
66821
66822
66823
66824
66826
66828
66832
66835
66837
66838
66842
66844
66845
66848
66849
66850
66851
66852
66855
66857
66860
66861
66865
66866
66870
66871
66879
66880
66883
66885
66886
66889
66890
66891
66892
66895
66897
66898
66906
66911
66917
66919
66922
66923
66924
66927
66928
66929
66931
66933
66934
66935
66936
66938
66939
66940
66946
66953
66954
66959
66960
66961
66963
66964
66965
66966
66969
66970
66973
66974
66975
66976
66978
66980
66983
66985
66988
66990
66992
66994
66998
66999
67007
67008
67011
67013
67015
67016
67017
67020
67022
67023
67025
67031
67033
67035
67036
67040
67042
67043
67044
67047
67048
67049
67050
67051
67054
67055
67056
67057
67058
67061
67063
67065
67067
67068
67069
67072
67073
67075
67076
67078
67080
67082
67083
67085
67090
67092
67093
67096
67097
67098
67099
67100
67102
67103
67105
67107
67109
67114
67116
67117
67118
67119
67120
67122
67127
67129
67131
67132
67133
67134
67135
67137
67138
67140
67141
67143
67144
67145
67148
67149
67151
67155
67158
67160
67161
67166
67168
67170
67171
67172
67174
67177
67178
67182
67184
67185
67188
67189
67190
67193
67194
67196
67200
67201
67203
67204
67205
67206
67207
67208
67213
67214
67215
67216
67220
67221
67224
67227
67228
67229
67230
67231
67232
67237
67239
67240
67241
67242
67244
67245
67247
67248
67249
67251
67252
67255
67257
67258
67259
67260
67261
67262
67267
67268
67270
67274
67277
67278
67279
67281
67283
67285
67291
67292
67293
67294
67297
67300
67301
67303
67304
67306
67307
67310
67312
67313
67315
67317
67322
67324
67328
67333
67334
67336
67341
67342
67343
67346
67347
67350
67353
67354
67355
67356
67358
67359
67361
67363
67367
67373
67374
67375
67376
67384
67385
67387
67390
67393
67394
67396
67397
67399
67401
67403
67406
67407
67408
67411
67414
67416
67418
67420
67423
67426
67427
67428
67433
67434
67435
67436
67437
67438
67439
67442
67447
67454
67459
67461
67464
67465
67466
67467
67469
67470
67476
67477
67478
67479
67480
67483
67484
67485
67486
67487
67489
67491
67492
67497
67498
67499
67500
67501
67502
67504
67506
67509
67510
67516
67518
67519
67522
67524
67525
67530
67532
67534
67535
67536
67538
67540
67543
67544
67545
67546
67547
67550
67552
67554
67555
67557
67559
67565
67567
67568
67569
67570
67571
67581
67582
67583
67584
67588
67590
67593
67594
67597
67598
67599
67601
67608
67609
67610
67611
67612
67613
67614
67615
67616
67618
67620
67622
67623
67624
67625
67626
67627
67628
67629
67630
67633
67635
67636
67639
67641
67642
67643
67644
67646
67647
67648
67650
67659
67662
67663
67664
67665
67672
67673
67677
67678
67680
67681
67682
67685
67689
67691
67692
67693
67694
67695
67696
67697
67699
67702
67703
67704
67707
67708
67709
67711
67714
67718
67719
67720
67723
67730
67731
67734
67737
67741
67742
67744
67745
67747
67748
67755
67756
67757
67758
67760
67761
67763
67765
67767
67770
67771
67774
67778
67779
67780
67782
67784
67786
67787
67788
67795
67796
67798
67800
67801
67802
67803
67805
67806
67807
67808
67809
67810
67811
67812
67817
67818
67819
67820
67821
67822
67825
67826
67828
67829
67830
67833
67834
67835
67838
67841
67843
67844
67848
67850
67852
67854
67855
67856
67858
67859
67861
67864
67868
67874
67877
67878
67882
67883
67887
67888
67889
67890
67891
67892
67894
67896
67897
67899
67900
67903
67905
67908
67910
67916
67917
67918
67919
67923
67924
67925
67930
67933
67934
67939
67941
67945
67946
67948
67949
67952
67953
67955
67957
67960
67963
67964
67965
67966
67968
67970
67972
67973
67976
67978
67979
67980
67984
67986
67987
67988
67989
67991
67995
67996
68002
68004
68005
68006
68008
68009
68010
68011
68012
68013
68017
68018
68019
68020
68021
68023
68024
68027
68029
68031
68032
68033
68034
68036
68039
68040
68041
68042
68043
68045
68046
68050
68052
68054
68056
68059
68063
68065
68067
68068
68070
68074
68077
68079
68081
68083
68087
68090
68093
68094
68095
68096
68100
68103
68104
68106
68109
68110
68111
68112
68113
68114
68119
68120
68121
68122
68123
68124
68125
68126
68128
68129
68131
68138
68139
68140
68141
68143
68146
68147
68152
68153
68155
68159
68161
68164
68166
68167
68169
68171
68172
68174
68176
68177
68179
68180
68181
68188
68190
68191
68192
68193
68194
68196
68197
68199
68200
68202
68205
68207
68210
68213
68214
68216
68220
68221
68223
68224
68225
68226
68227
68228
68231
68232
68233
68234
68235
68238
68240
68245
68248
68251
68252
68253
68255
68256
68258
68262
68263
68264
68265
68266
68268
68269
68271
68272
68273
68275
68278
68282
68283
68285
68286
68287
68296
68298
68299
68301
68303
68304
68305
68306
68310
68312
68314
68315
68317
68318
68321
68324
68327
68332
68335
68339
68340
68341
68347
68349
68351
68354
68356
68363
68367
68369
68370
68371
68372
68373
68374
68376
68378
68379
68381
68382
68385
68386
68390
68393
68398
68399
68401
68402
68405
68406
68407
68408
68409
68410
68412
68413
68414
68415
68418
68419
68422
68424
68430
68441
68442
68443
68444
68445
68446
68448
68450
68451
68453
68456
68458
68459
68463
68464
68465
68466
68468
68469
68470
68471
68472
68474
68476
68477
68479
68480
68483
68485
68487
68488
68494
68498
68502
68504
68505
68506
68507
68509
68512
68517
68520
68526
68527
68529
68531
68532
68533
68536
68537
68538
68541
68544
68545
68546
68548
68550
68554
68555
68557
68558
68560
68561
68563
68565
68566
68567
68570
68571
68574
68575
68576
68577
68580
68581
68582
68585
68586
68588
68590
68593
68594
68595
68596
68598
68600
68601
68602
68607
68608
68614
68615
68616
68617
68618
68620
68621
68622
68623
68624
68625
68626
68629
68631
68633
68634
68636
68637
68638
68639
68642
68644
68645
68646
68647
68649
68651
68652
68654
68656
68659
68662
68664
68669
68671
68672
68674
68675
68676
68677
68678
68679
68680
68682
68683
68687
68688
68689
68690
68691
68692
68694
68703
68704
68710
68711
68712
68715
68718
68720
68722
68723
68725
68726
68727
68730
68731
68732
68735
68736
68738
68739
68741
68743
68745
68746
68748
68749
68750
68752
68757
68762
68763
68764
68767
68768
68769
68771
68775
68786
68789
68792
68793
68794
68795
68796
68797
68799
68800
68802
68804
68805
68807
68808
68809
68811
68816
68819
68827
68828
68830
68831
68832
68833
68834
68835
68836
68837
68838
68839
68840
68842
68843
68844
68848
68854
68855
68860
68862
68865
68866
68867
68869
68871
68879
68880
68881
68883
68888
68891
68892
68893
68894
68899
68902
68904
68905
68906
68908
68910
68915
68916
68917
68922
68925
68927
68928
68930
68931
68934
68937
68940
68945
68946
68947
68951
68953
68955
68957
68958
68961
68964
68965
68966
68967
68968
68970
68971
68972
68973
68976
68979
68980
68983
68984
68985
68987
68988
68991
68995
68996
68998
68999
69001
69002
69003
69005
69007
69009
69014
69016
69017
69019
69021
69022
69025
69026
69028
69030
69031
69035
69038
69039
69040
69041
69042
69045
69047
69048
69049
69052
69054
69055
69057
69058
69059
69060
69061
69064
69065
69067
69070
69071
69072
69073
69076
69079
69081
69082
69085
69087
69089
69092
69094
69095
69096
69097
69098
69100
69103
69104
69105
69106
69107
69112
69116
69117
69118
69121
69124
69126
69128
69132
69135
69138
69139
69140
69141
69143
69149
69151
69152
69159
69162
69165
69166
69167
69170
69171
69172
69173
69179
69180
69182
69183
69186
69188
69190
69191
69193
69195
69196
69201
69202
69203
69204
69205
69207
69208
69209
69210
69214
69218
69219
69220
69221
69225
69226
69229
69230
69232
69233
69236
69237
69238
69239
69243
69245
69247
69250
69251
69255
69256
69257
69262
69264
69265
69267
69271
69275
69276
69280
69282
69283
69287
69288
69289
69291
69293
69294
69295
69296
69297
69298
69300
69301
69302
69305
69307
69308
69309
69310
69312
69317
69320
69321
69322
69325
69327
69329
69332
69337
69342
69344
69347
69348
69349
69351
69353
69355
69356
69357
69358
69363
69364
69366
69368
69370
69372
69375
69376
69377
69379
69380
69382
69383
69385
69386
69387
69388
69389
69391
69392
69393
69394
69397
69398
69402
69404
69405
69407
69408
69409
69411
69412
69416
69418
69419
69423
69427
69429
69431
69433
69439
69440
69441
69442
69444
69445
69446
69449
69450
69455
69456
69458
69459
69460
69464
69467
69469
69471
69475
69477
69478
69480
69481
69482
69484
69485
69489
69491
69495
69499
69501
69503
69506
69508
69509
69510
69511
69512
69513
69514
69515
69517
69518
69519
69520
69522
69523
69525
69528
69530
69532
69535
69536
69544
69546
69549
69550
69551
69554
69559
69560
69564
69567
69569
69570
69572
69575
69576
69577
69579
69582
69583
69588
69589
69590
69592
69593
69603
69604
69607
69608
69609
69610
69611
69612
69613
69614
69618
69619
69622
69623
69624
69625
69628
69630
69631
69634
69638
69640
69643
69644
69647
69648
69649
69651
69654
69657
69660
69663
69664
69666
69668
69671
69672
69673
69674
69675
69676
69677
69678
69684
69686
69687
69689
69690
69692
69694
69695
69697
69701
69702
69703
69707
69708
69709
69710
69712
69714
69715
69718
69720
69721
69722
69723
69725
69726
69728
69730
69731
69732
69733
69734
69736
69738
69739
69740
69742
69747
69751
69753
69754
69755
69757
69758
69761
69763
69765
69767
69768
69769
69770
69771
69772
69775
69783
69785
69787
69789
69793
69795
69796
69800
69801
69803
69809
69810
69812
69813
69814
69815
69817
69822
69823
69826
69827
69828
69829
69830
69831
69832
69835
69839
69840
69846
69847
69852
69853
69860
69861
69865
69867
69868
69873
69874
69878
69879
69880
69884
69890
69891
69894
69895
69897
69898
69900
69901
69902
69906
69907
69911
69912
69913
69915
69916
69917
69918
69919
69922
69923
69925
69926
69927
69928
69929
69931
69935
69936
69937
69938
69939
69940
69941
69943
69946
69948
69953
69954
69955
69957
69961
69964
69965
69966
69969
69972
69976
69977
69981
69982
69984
69985
69986
69988
69989
69991
69993
69994
69995
69998
69999
70004
70006
70007
70010
70012
70013
70015
70017
70018
70024
70025
70028
70029
70030
70031
70033
70034
70036
70037
70038
70039
70040
70041
70042
70043
70047
70049
70050
70051
70054
70055
70056
70057
70058
70062
70063
70064
70066
70067
70069
70070
70074
70076
70078
70079
70086
70093
70094
70095
70100
70102
70103
70104
70105
70106
70107
70109
70111
70112
70114
70117
70119
70120
70121
70123
70127
70130
70132
70135
70137
70139
70143
70145
70146
70147
70148
70149
70150
70151
70153
70154
70159
70160
70161
70162
70163
70165
70167
70168
70169
70171
70173
70174
70175
70176
70179
70180
70181
70182
70183
70184
70185
70186
70187
70188
70190
70193
70196
70197
70198
70199
70201
70202
70204
70209
70212
70213
70214
70215
70217
70221
70222
70223
70228
70230
70232
70233
70237
70241
70243
70245
70246
70249
70251
70253
70254
70256
70259
70261
70264
70269
70270
70272
70274
70277
70281
70282
70286
70287
70288
70290
70295
70299
70300
70302
70303
70304
70305
70306
70308
70312
70313
70316
70317
70318
70319
70320
70321
70323
70324
70327
70329
70330
70331
70332
70333
70337
70343
70345
70346
70347
70349
70351
70353
70358
70359
70360
70361
70365
70368
70369
70370
70371
70372
70374
70376
70377
70378
70381
70383
70384
70385
70389
70391
70392
70393
70397
70400
70401
70402
70404
70405
70407
70415
70416
70419
70420
70422
70424
70426
70432
70433
70434
70436
70438
70439
70440
70441
70442
70445
70452
70453
70456
70457
70459
70462
70464
70465
70467
70468
70470
70478
70481
70483
70484
70487
70488
70491
70493
70496
70500
70501
70503
70507
70508
70509
70513
70515
70516
70518
70519
70522
70523
70526
70528
70529
70530
70531
70532
70533
70534
70535
70538
70539
70541
70545
70547
70548
70550
70552
70553
70554
70557
70558
70559
70561
70564
70565
70566
70567
70570
70571
70576
70581
70583
70585
70586
70588
70591
70593
70594
70597
70598
70599
70600
70602
70604
70605
70606
70610
70614
70618
70620
70621
70622
70625
70626
70627
70628
70629
70632
70637
70641
70642
70644
70645
70646
70648
70653
70655
70659
70660
70661
70665
70666
70668
70674
70681
70682
70683
70684
70686
70688
70689
70690
70692
70693
70696
70701
70703
70705
70706
70707
70708
70709
70715
70717
70718
70719
70720
70725
70729
70730
70733
70735
70738
70739
70740
70741
70742
70744
70746
70748
70752
70754
70755
70757
70759
70760
70767
70768
70769
70776
70777
70778
70782
70783
70784
70786
70787
70789
70790
70791
70793
70794
70795
70798
70803
70805
70810
70813
70816
70818
70821
70823
70825
70826
70828
70829
70830
70834
70835
70837
70839
70840
70841
70845
70848
70849
70850
70851
70853
70856
70858
70859
70860
70862
70863
70866
70867
70873
70875
70876
70880
70882
70884
70885
70886
70887
70890
70894
70895
70896
70897
70900
70901
70902
70905
70908
70911
70913
70916
70917
70918
70919
70920
70923
70926
70931
70932
70934
70935
70936
70937
70938
70940
70941
70942
70943
70944
70945
70948
70950
70952
70954
70955
70958
70959
70960
70961
70962
70963
70965
70966
70967
70969
70973
70974
70975
70976
70977
70980
70981
70982
70983
70988
70991
70994
70996
70997
71001
71002
71004
71006
71007
71012
71013
71014
71017
71018
71019
71020
71022
71023
71024
71026
71030
71039
71041
71042
71043
71044
71046
71047
71048
71051
71054
71058
71060
71061
71062
71067
71070
71071
71072
71073
71075
71077
71080
71083
71085
71087
71088
71090
71093
71094
71095
71097
71098
71101
71102
71103
71104
71105
71106
71109
71112
71113
71114
71115
71116
71119
71121
71122
71129
71133
71136
71139
71141
71142
71147
71148
71154
71156
71157
71158
71159
71162
71165
71171
71173
71176
71178
71181
71184
71185
71190
71191
71192
71193
71194
71195
71197
71198
71202
71203
71204
71205
71207
71212
71213
71214
71215
71216
71217
71219
71220
71223
71224
71225
71227
71229
71230
71231
71232
71233
71236
71239
71241
71244
71245
71247
71248
71249
71251
71252
71253
71254
71255
71259
71261
71262
71264
71265
71266
71272
71273
71276
71277
71279
71281
71282
71283
71285
71287
71290
71291
71292
71295
71296
71298
71301
71303
71304
71305
71307
71311
71312
71316
71318
71319
71321
71324
71326
71331
71334
71335
71338
71339
71342
71343
71346
71348
71350
71351
71353
71357
71358
71360
71361
71362
71366
71367
71368
71370
71374
71377
71379
71380
71381
71383
71384
71385
71387
71388
71389
71390
71394
71395
71397
71398
71401
71405
71406
71409
71410
71411
71413
71416
71418
71419
71420
71421
71424
71425
71426
71428
71432
71433
71434
71435
71440
71442
71447
71448
71449
71452
71453
71455
71456
71458
71460
71462
71463
71465
71466
71468
71471
71472
71474
71479
71483
71485
71491
71494
71495
71496
71497
71498
71499
71500
71501
71502
71503
71506
71508
71510
71511
71512
71514
71515
71517
71521
71526
71530
71532
71533
71534
71537
71540
71542
71543
71545
71548
71549
71550
71553
71554
71556
71560
71561
71563
71564
71567
71568
71570
71575
71576
71577
71578
71579
71581
71582
71583
71587
71588
71589
71591
71593
71594
71595
71598
71602
71607
71608
71610
71611
71612
71613
71616
71619
71620
71623
71624
71625
71628
71630
71631
71632
71636
71637
71639
71640
71641
71643
71645
71647
71651
71655
71658
71659
71660
71661
71663
71664
71666
71667
71668
71669
71672
71677
71680
71681
71682
71683
71684
71690
71695
71700
71701
71703
71705
71711
71713
71714
71716
71718
71719
71720
71722
71725
71728
71729
71730
71731
71735
71736
71737
71738
71739
71741
71744
71745
71748
71749
71750
71753
71754
71756
71757
71760
71761
71763
71765
71768
71769
71770
71772
71774
71777
71778
71779
71780
71784
71785
71786
71789
71790
71791
71793
71796
71797
71801
71802
71805
71807
71811
71812
71821
71823
71824
71825
71826
71829
71831
71832
71833
71835
71836
71837
71838
71839
71840
71841
71842
71844
71848
71849
71852
71853
71859
71863
71864
71865
71866
71867
71868
71869
71870
71871
71872
71874
71875
71876
71878
71879
71880
71881
71882
71883
71884
71887
71891
71892
71897
71902
71904
71910
71916
71917
71919
71921
71922
71923
71925
71927
71928
71931
71932
71933
71934
71939
71941
71942
71943
71946
71948
71950
71953
71955
71959
71961
71963
71967
71968
71969
71974
71975
71976
71978
71979
71980
71982
71985
71987
71988
71993
71996
71997
71999
72000
72001
72003
72004
72005
72006
72007
72012
72019
72021
72022
72024
72025
72027
72031
72033
72034
72035
72036
72041
72044
72051
72057
72059
72060
72062
72063
72064
72066
72067
72071
72072
72073
72074
72076
72078
72079
72081
72082
72085
72086
72088
72089
72094
72095
72096
72099
72100
72101
72104
72105
72109
72110
72116
72117
72118
72121
72123
72126
72127
72128
72133
72134
72136
72137
72140
72141
72142
72143
72144
72145
72146
72147
72149
72152
72155
72157
72158
72159
72162
72163
72164
72166
72169
72170
72172
72174
72175
72176
72178
72180
72181
72182
72184
72186
72187
72188
72192
72194
72196
72197
72199
72200
72201
72205
72206
72208
72210
72211
72212
72213
72214
72215
72221
72223
72224
72225
72227
72229
72232
72233
72236
72237
72239
72240
72242
72245
72251
72252
72254
72255
72256
72257
72259
72260
72265
72269
72270
72271
72272
72275
72276
72278
72280
72282
72283
72286
72287
72289
72290
72292
72293
72296
72299
72300
72301
72302
72303
72305
72306
72308
72309
72310
72311
72312
72313
72314
72316
72317
72321
72323
72324
72328
72333
72334
72335
72336
72339
72343
72347
72348
72351
72361
72362
72363
72364
72365
72374
72376
72377
72378
72380
72381
72385
72388
72389
72390
72391
72393
72397
72398
72399
72401
72403
72409
72410
72411
72418
72420
72422
72423
72427
72428
72429
72431
72434
72437
72438
72442
72443
72445
72446
72447
72448
72450
72451
72453
72456
72457
72458
72459
72460
72461
72462
72464
72466
72467
72469
72472
72473
72478
72480
72483
72487
72489
72493
72494
72495
72496
72498
72502
72503
72504
72505
72509
72510
72513
72515
72518
72521
72522
72523
72525
72526
72527
72528
72530
72531
72533
72534
72540
72541
72544
72546
72547
72550
72555
72556
72559
72560
72562
72563
72565
72566
72567
72569
72571
72575
72576
72578
72580
72581
72582
72583
72584
72585
72588
72590
72591
72592
72593
72594
72595
72597
72600
72601
72602
72603
72604
72605
72607
72610
72613
72614
72617
72625
72627
72632
72634
72636
72638
72639
72640
72641
72642
72644
72645
72651
72652
72653
72654
72656
72657
72660
72661
72669
72670
72673
72674
72675
72676
72680
72681
72682
72683
72684
72685
72686
72688
72691
72695
72697
72699
72700
72701
72702
72703
72706
72707
72708
72709
72713
72716
72717
72718
72719
72720
72721
72723
72724
72725
72727
72729
72732
72735
72738
72740
72743
72744
72745
72746
72748
72749
72752
72755
72756
72760
72761
72763
72764
72769
72770
72771
72772
72773
72776
72777
72782
72787
72788
72791
72792
72795
72796
72798
72799
72803
72804
72814
72816
72817
72818
72821
72822
72824
72829
72831
72832
72834
72835
72836
72838
72839
72840
72842
72847
72848
72850
72853
72856
72861
72862
72863
72864
72865
72867
72872
72881
72882
72883
72885
72886
72889
72892
72894
72895
72896
72900
72905
72909
72910
72912
72914
72915
72916
72918
72919
72921
72922
72923
72924
72925
72927
72930
72931
72932
72934
72935
72938
72939
72942
72943
72947
72948
72950
72952
72953
72954
72956
72958
72960
72961
72963
72964
72965
72967
72968
72971
72973
72974
72976
72979
72983
72987
72988
72990
72995
72996
72998
72999
73001
73005
73006
73007
73008
73009
73011
73013
73016
73017
73018
73019
73020
73024
73025
73026
73027
73028
73029
73030
73031
73032
73033
73034
73038
73039
73040
73041
73043
73044
73045
73047
73050
73052
73055
73057
73058
73059
73061
73062
73064
73065
73066
73072
73073
73075
73076
73077
73078
73079
73083
73086
73087
73088
73090
73094
73097
73108
73111
73112
73113
73114
73116
73120
73122
73123
73124
73125
73127
73128
73129
73133
73137
73138
73140
73141
73142
73143
73148
73153
73154
73155
73156
73157
73160
73164
73166
73167
73172
73174
73175
73177
73181
73182
73185
73186
73187
73188
73189
73190
73192
73194
73195
73196
73197
73200
73201
73203
73204
73205
73206
73207
73208
73209
73210
73211
73213
73214
73215
73216
73219
73221
73224
73225
73228
73229
73231
73232
73233
73235
73236
73239
73242
73243
73244
73245
73246
73247
73250
73253
73254
73255
73263
73264
73265
73267
73268
73269
73272
73275
73276
73277
73280
73283
73284
73287
73288
73291
73294
73295
73296
73297
73299
73300
73302
73303
73304
73305
73307
73311
73313
73314
73315
73317
73319
73320
73322
73325
73328
73329
73330
73332
73334
73335
73337
73338
73339
73344
73346
73352
73354
73361
73362
73363
73364
73365
73368
73371
73374
73375
73381
73382
73385
73386
73389
73390
73392
73397
73398
73405
73407
73408
73411
73414
73422
73424
73425
73428
73429
73434
73435
73437
73438
73445
73448
73449
73452
73453
73455
73456
73457
73459
73461
73462
73465
73469
73470
73472
73475
73476
73477
73480
73481
73487
73488
73490
73492
73494
73495
73497
73503
73504
73506
73509
73511
73513
73518
73520
73524
73526
73528
73529
73530
73531
73532
73533
73535
73537
73539
73540
73541
73542
73544
73545
73547
73549
73554
73555
73557
73559
73563
73564
73567
73569
73573
73575
73576
73577
73579
73581
73583
73584
73587
73588
73589
73590
73592
73596
73597
73599
73600
73601
73608
73609
73615
73618
73620
73622
73623
73626
73627
73630
73632
73633
73634
73636
73637
73639
73640
73642
73645
73647
73648
73649
73651
73652
73654
73659
73662
73664
73668
73671
73673
73674
73675
73676
73680
73681
73684
73685
73686
73687
73689
73690
73694
73695
73698
73699
73701
73702
73704
73705
73706
73709
73710
73711
73712
73715
73718
73719
73720
73724
73726
73729
73732
73735
73737
73739
73740
73741
73743
73744
73747
73748
73749
73752
73754
73755
73756
73758
73759
73761
73762
73763
73765
73767
73768
73770
73771
73772
73775
73776
73779
73780
73781
73782
73783
73784
73785
73786
73788
73792
73796
73799
73800
73801
73802
73803
73804
73807
73810
73811
73814
73816
73818
73819
73820
73821
73823
73829
73830
73832
73836
73838
73839
73841
73844
73850
73851
73852
73853
73856
73857
73860
73861
73863
73864
73866
73867
73870
73871
73872
73875
73877
73878
73882
73884
73887
73892
73893
73895
73896
73897
73898
73899
73900
73904
73906
73907
73911
73912
73913
73914
73916
73919
73925
73932
73935
73937
73940
73942
73945
73946
73948
73954
73955
73956
73957
73958
73961
73963
73967
73968
73970
73971
73973
73974
73977
73978
73979
73980
73981
73982
73983
73984
73986
73987
73990
73997
73998
74001
74002
74004
74006
74007
74008
74011
74014
74015
74022
74023
74025
74028
74030
74032
74037
74040
74042
74043
74046
74049
74051
74052
74053
74056
74057
74058
74062
74070
74073
74075
74078
74079
74082
74083
74084
74085
74086
74087
74088
74094
74095
74096
74097
74098
74100
74101
74102
74103
74107
74108
74113
74114
74115
74117
74118
74119
74121
74122
74125
74126
74127
74129
74130
74131
74132
74133
74134
74138
74139
74140
74141
74145
74146
74149
74150
74153
74155
74158
74159
74160
74161
74164
74166
74167
74170
74172
74174
74175
74176
74177
74180
74181
74183
74184
74187
74188
74189
74190
74191
74194
74195
74196
74197
74204
74207
74211
74212
74214
74216
74220
74222
74223
74224
74225
74226
74227
74228
74229
74230
74231
74232
74239
74240
74242
74243
74245
74246
74247
74248
74250
74253
74254
74255
74256
74257
74258
74259
74261
74262
74263
74265
74266
74267
74268
74269
74270
74275
74276
74279
74283
74284
74287
74288
74290
74291
74293
74296
74297
74298
74299
74300
74301
74302
74305
74306
74308
74309
74312
74315
74320
74328
74329
74332
74333
74334
74336
74337
74338
74340
74345
74346
74347
74348
74351
74352
74354
74358
74361
74366
74367
74369
74370
74371
74373
74374
74376
74383
74385
74386
74387
74391
74392
74393
74402
74403
74405
74406
74407
74409
74411
74412
74413
74415
74417
74418
74419
74423
74426
74429
74432
74433
74434
74437
74442
74443
74444
74447
74449
74451
74453
74456
74460
74470
74471
74472
74473
74476
74480
74481
74482
74484
74486
74488
74489
74490
74492
74494
74497
74498
74500
74504
74506
74508
74509
74513
74514
74520
74522
74524
74525
74530
74533
74534
74541
74543
74545
74546
74548
74549
74550
74551
74554
74557
74559
74561
74562
74563
74565
74566
74567
74568
74570
74571
74573
74574
74576
74577
74578
74581
74583
74584
74585
74587
74588
74589
74590
74591
74592
74595
74596
74597
74598
74599
74601
74603
74604
74605
74607
74610
74612
74613
74615
74616
74617
74620
74621
74623
74626
74630
74633
74634
74635
74637
74639
74640
74643
74645
74649
74651
74654
74655
74657
74667
74668
74672
74673
74682
74684
74685
74687
74688
74689
74690
74691
74692
74695
74696
74697
74699
74704
74705
74706
74710
74718
74720
74722
74727
74730
74734
74735
74736
74738
74739
74741
74742
74745
74747
74748
74750
74751
74752
74754
74756
74757
74766
74768
74769
74770
74771
74772
74777
74778
74779
74783
74784
74786
74790
74791
74792
74794
74795
74796
74797
74800
74802
74803
74805
74807
74808
74810
74811
74815
74816
74817
74818
74819
74821
74823
74825
74826
74828
74829
74834
74835
74836
74839
74840
74841
74845
74848
74849
74850
74852
74854
74855
74857
74859
74862
74863
74864
74865
74866
74867
74868
74873
74875
74876
74880
74881
74882
74883
74884
74885
74889
74892
74897
74899
74900
74901
74902
74906
74907
74909
74910
74912
74914
74919
74924
74925
74927
74930
74931
74937
74938
74939
74940
74941
74942
74943
74945
74947
74948
74950
74951
74952
74954
74956
74961
74962
74963
74966
74967
74968
74969
74974
74975
74978
74979
74980
74982
74983
74985
74987
74989
74992
74993
74994
74996
74999
75000
75001
75003
75005
75006
75009
75010
75013
75014
75018
75020
75021
75024
75027
75029
75031
75034
75035
75039
75042
75043
75046
75047
75048
75049
75050
75052
75054
75059
75061
75062
75065
75066
75070
75074
75075
75079
75081
75082
75083
75086
75087
75088
75089
75093
75100
75103
75104
75105
75106
75108
75109
75111
75113
75114
75117
75119
75120
75122
75128
75129
75130
75131
75133
75134
75138
75139
75140
75143
75144
75145
75147
75148
75149
75151
75156
75157
75159
75160
75161
75163
75167
75170
75171
75173
75174
75175
75177
75179
75180
75181
75182
75186
75187
75189
75190
75193
75194
75195
75199
75203
75204
75207
75208
75214
75215
75218
75223
75224
75225
75227
75229
75230
75233
75235
75237
75238
75240
75242
75244
75245
75246
75248
75249
75250
75256
75258
75261
75267
75268
75269
75270
75272
75273
75275
75276
75278
75279
75280
75286
75288
75290
75292
75293
75294
75298
75301
75310
75311
75314
75316
75321
75323
75324
75325
75326
75331
75333
75334
75336
75337
75338
75339
75340
75342
75343
75346
75347
75348
75350
75352
75353
75356
75357
75358
75359
75360
75362
75364
75365
75368
75370
75372
75373
75374
75375
75376
75381
75382
75385
75387
75390
75392
75394
75398
75401
75402
75405
75407
75408
75409
75410
75411
75418
75420
75422
75423
75425
75426
75428
75430
75435
75437
75438
75440
75443
75444
75446
75447
75448
75449
75452
75455
75456
75457
75458
75459
75460
75461
75464
75466
75467
75470
75471
75472
75473
75474
75480
75481
75482
75483
75486
75487
75488
75490
75491
75492
75493
75494
75497
75500
75501
75503
75505
75506
75507
75509
75510
75513
75514
75516
75518
75519
75520
75521
75528
75529
75535
75536
75537
75538
75539
75544
75546
75548
75549
75553
75555
75559
75561
75562
75564
75576
75577
75582
75584
75585
75586
75587
75588
75590
75591
75593
75594
75595
75597
75601
75602
75603
75604
75605
75609
75610
75611
75613
75614
75622
75623
75624
75626
75627
75628
75629
75631
75633
75636
75638
75639
75640
75642
75643
75644
75651
75653
75655
75656
75660
75661
75664
75667
75668
75669
75670
75671
75674
75678
75681
75689
75693
75697
75699
75700
75702
75704
75707
75708
75710
75714
75716
75719
75720
75721
75722
75723
75724
75727
75728
75729
75732
75733
75734
75735
75736
75737
75738
75739
75740
75743
75749
75750
75751
75753
75757
75758
75759
75762
75763
75764
75765
75766
75767
75768
75774
75775
75776
75777
75778
75782
75784
75785
75786
75788
75791
75792
75793
75794
75796
75797
75798
75799
75800
75802
75803
75806
75812
75813
75816
75817
75819
75820
75823
75824
75825
75828
75829
75830
75832
75837
75839
75840
75842
75844
75845
75846
75847
75848
75850
75851
75853
75855
75858
75860
75861
75862
75865
75866
75867
75869
75871
75872
75873
75876
75884
75886
75887
75890
75892
75895
75897
75899
75900
75901
75902
75903
75907
75908
75911
75912
75915
75917
75919
75920
75921
75925
75926
75931
75933
75937
75938
75939
75941
75942
75943
75944
75947
75949
75950
75951
75955
75956
75957
75959
75961
75962
75963
75972
75974
75975
75976
75977
75979
75981
75986
75987
75989
75990
75993
75997
75998
75999
76000
76001
76002
76007
76008
76009
76011
76015
76016
76018
76020
76022
76023
76025
76026
76027
76029
76033
76034
76036
76038
76041
76042
76043
76044
76047
76050
76051
76053
76054
76055
76056
76057
76059
76060
76062
76064
76067
76068
76069
76071
76072
76073
76082
76083
76087
76088
76089
76090
76094
76096
76100
76101
76102
76104
76105
76106
76107
76109
76110
76112
76115
76117
76121
76123
76124
76125
76126
76128
76129
76130
76131
76133
76137
76138
76140
76141
76142
76144
76145
76146
76148
76150
76152
76155
76160
76162
76167
76168
76172
76173
76174
76175
76177
76180
76181
76182
76186
76188
76189
76191
76192
76193
76195
76201
76204
76206
76209
76210
76211
76213
76214
76217
76218
76219
76220
76223
76224
76225
76227
76229
76236
76238
76239
76240
76242
76243
76244
76245
76246
76248
76250
76251
76254
76255
76256
76259
76260
76268
76269
76274
76275
76276
76277
76278
76279
76281
76286
76287
76291
76292
76293
76296
76300
76303
76304
76305
76306
76310
76311
76312
76321
76323
76324
76328
76329
76330
76331
76333
76336
76339
76343
76345
76346
76348
76350
76351
76357
76358
76360
76361
76363
76367
76371
76372
76373
76377
76380
76384
76385
76389
76390
76391
76392
76394
76397
76398
76400
76402
76404
76405
76408
76410
76411
76415
76416
76417
76420
76422
76424
76425
76426
76430
76431
76432
76434
76437
76438
76440
76441
76442
76447
76450
76451
76453
76454
76455
76456
76457
76458
76459
76460
76465
76467
76468
76469
76470
76472
76476
76478
76479
76483
76485
76490
76491
76493
76495
76496
76497
76499
76502
76504
76508
76511
76513
76514
76516
76518
76520
76522
76523
76524
76526
76527
76528
76533
76534
76537
76538
76539
76540
76541
76542
76543
76550
76552
76555
76558
76559
76560
76561
76562
76563
76567
76568
76569
76572
76575
76577
76578
76580
76582
76583
76585
76588
76590
76591
76594
76595
76596
76598
76599
76602
76603
76606
76613
76616
76617
76621
76624
76625
76628
76631
76639
76640
76641
76643
76645
76646
76647
76648
76649
76650
76652
76653
76654
76655
76656
76657
76659
76666
76668
76669
76673
76674
76676
76677
76679
76680
76682
76683
76684
76685
76687
76688
76689
76691
76695
76696
76697
76699
76703
76709
76711
76712
76714
76716
76717
76723
76724
76727
76729
76731
76732
76736
76738
76740
76741
76742
76743
76744
76745
76748
76749
76753
76755
76758
76759
76760
76761
76765
76767
76768
76774
76776
76783
76784
76785
76787
76788
76789
76793
76796
76799
76801
76802
76804
76805
76809
76810
76815
76817
76818
76820
76822
76824
76826
76827
76828
76829
76830
76832
76836
76837
76838
76839
76844
76845
76848
76849
76850
76851
76853
76854
76855
76856
76857
76858
76859
76860
76863
76864
76865
76868
76870
76872
76873
76874
76876
76878
76880
76882
76883
76896
76897
76901
76904
76906
76908
76911
76915
76916
76917
76918
76919
76920
76921
76922
76924
76927
76928
76930
76931
76932
76933
76935
76936
76942
76943
76944
76945
76948
76949
76950
76953
76957
76959
76961
76962
76963
76964
76965
76966
76968
76969
76971
76972
76973
76974
76975
76977
76978
76979
76980
76983
76985
76987
76994
76997
76998
77000
77002
77004
77006
77007
77009
77011
77014
77017
77018
77020
77021
77022
77023
77026
77029
77032
77033
77034
77035
77038
77039
77041
77042
77045
77047
77049
77050
77051
77053
77054
77055
77058
77064
77065
77066
77067
77069
77074
77075
77076
77079
77084
77089
77094
77096
77097
77098
77099
77101
77103
77105
77107
77108
77109
77114
77119
77121
77124
77125
77127
77128
77130
77131
77132
77133
77138
77140
77141
77143
77148
77152
77154
77156
77158
77159
77160
77164
77166
77167
77168
77169
77170
77171
77172
77173
77174
77175
77178
77180
77181
77182
77185
77186
77187
77190
77193
77197
77200
77208
77209
77210
77212
77215
77216
77218
77219
77221
77228
77230
77231
77234
77238
77239
77241
77243
77244
77246
77249
77250
77251
77253
77255
77257
77261
77263
77266
77268
77269
77272
77273
77274
77275
77277
77281
77282
77283
77290
77292
77293
77294
77297
77300
77301
77303
77305
77308
77309
77310
77311
77312
77313
77314
77315
77316
77317
77318
77319
77321
77323
77324
77325
77327
77329
77330
77331
77332
77336
77338
77340
77341
77342
77343
77347
77348
77349
77350
77351
77352
77353
77355
77359
77360
77361
77362
77363
77364
77366
77371
77373
77375
77376
77377
77378
77379
77381
77386
77388
77392
77394
77395
77398
77399
77400
77401
77402
77407
77408
77409
77412
77413
77415
77417
77420
77421
77422
77423
77424
77426
77430
77434
77435
77436
77437
77438
77439
77440
77444
77448
77449
77450
77456
77458
77460
77466
77467
77471
77473
77477
77478
77481
77482
77483
77485
77487
77490
77494
77495
77496
77499
77503
77504
77505
77506
77507
77508
77509
77513
77515
77516
77517
77521
77522
77524
77529
77530
77532
77535
77536
77539
77542
77544
77545
77546
77550
77551
77552
77553
77554
77557
77559
77562
77563
77566
77567
77569
77573
77574
77577
77580
77581
77582
77584
77585
77586
77587
77591
77592
77594
77595
77596
77597
77598
77599
77605
77606
77607
77608
77611
77613
77617
77619
77620
77621
77622
77626
77627
77633
77636
77638
77639
77640
77641
77644
77646
77647
77649
77650
77653
77654
77655
77656
77659
77663
77664
77668
77669
77672
77673
77674
77678
77687
77690
77693
77694
77695
77698
77700
77701
77702
77704
77707
77711
77713
77714
77715
77716
77718
77722
77724
77729
77730
77731
77736
77737
77738
77740
77742
77743
77744
77748
77749
77750
77752
77755
77763
77766
77767
77768
77769
77770
77772
77774
77776
77777
77781
77784
77785
77786
77788
77792
77793
77798
77800
77801
77803
77804
77805
77806
77807
77809
77811
77815
77818
77820
77821
77822
77823
77824
77825
77826
77827
77828
77829
77830
77831
77832
77833
77835
77838
77842
77843
77846
77847
77849
77850
77854
77859
77860
77862
77863
77864
77866
77870
77871
77874
77876
77877
77879
77882
77884
77886
77887
77892
77894
77896
77897
77898
77899
77901
77904
77905
77907
77909
77911
77912
77914
77916
77919
77921
77922
77923
77926
77928
77934
77937
77938
77941
77944
77945
77947
77948
77949
77950
77951
77953
77955
77957
77958
77959
77962
77963
77964
77968
77969
77970
77971
77973
77978
77979
77980
77981
77983
77988
77992
77993
77994
77995
77996
77998
78001
78004
78008
78009
78010
78013
78014
78015
78019
78020
78025
78026
78027
78029
78030
78032
78033
78034
78035
78036
78038
78039
78041
78042
78043
78044
78045
78046
78048
78049
78054
78055
78056
78062
78065
78066
78067
78068
78074
78076
78079
78081
78083
78084
78091
78092
78093
78094
78095
78096
78099
78103
78108
78117
78119
78121
78122
78123
78124
78127
78128
78129
78130
78131
78136
78137
78138
78141
78147
78149
78150
78151
78152
78153
78154
78155
78157
78159
78160
78163
78165
78166
78168
78169
78170
78171
78173
78179
78183
78185
78189
78190
78194
78195
78196
78197
78199
78201
78202
78204
78208
78209
78210
78213
78214
78215
78216
78217
78219
78220
78222
78224
78225
78228
78234
78235
78236
78237
78238
78241
78243
78247
78248
78250
78251
78252
78255
78256
78258
78259
78261
78262
78266
78271
78273
78275
78278
78282
78283
78285
78286
78288
78292
78293
78295
78297
78304
78306
78308
78309
78311
78312
78314
78315
78320
78322
78323
78324
78325
78327
78328
78330
78334
78336
78337
78338
78339
78340
78344
78346
78349
78352
78353
78355
78356
78357
78359
78360
78366
78367
78369
78370
78372
78373
78378
78382
78383
78384
78385
78387
78389
78390
78391
78393
78394
78395
78396
78397
78399
78401
78402
78403
78407
78408
78409
78414
78415
78416
78417
78419
78420
78422
78424
78429
78433
78435
78436
78437
78439
78440
78443
78444
78445
78446
78447
78448
78449
78450
78452
78453
78456
78457
78458
78463
78464
78470
78472
78475
78476
78477
78483
78484
78486
78487
78489
78490
78491
78494
78496
78499
78502
78503
78504
78509
78516
78518
78523
78524
78526
78528
78529
78531
78532
78534
78536
78537
78539
78542
78543
78545
78546
78547
78554
78555
78556
78560
78563
78571
78572
78573
78575
78576
78580
78582
78585
78586
78589
78590
78592
78593
78594
78595
78597
78598
78599
78600
78601
78603
78604
78608
78610
78611
78612
78613
78614
78617
78619
78620
78621
78622
78623
78626
78628
78631
78633
78634
78635
78637
78643
78644
78645
78646
78648
78653
78655
78656
78657
78658
78660
78661
78665
78667
78669
78679
78681
78683
78684
78685
78686
78687
78688
78689
78694
78699
78700
78701
78702
78703
78705
78706
78709
78711
78712
78714
78715
78716
78718
78727
78730
78731
78734
78735
78736
78738
78739
78740
78741
78742
78743
78750
78751
78756
78761
78763
78765
78766
78770
78771
78772
78776
78777
78780
78784
78785
78786
78789
78792
78793
78796
78797
78799
78800
78801
78804
78805
78806
78808
78809
78811
78813
78814
78824
78826
78828
78829
78831
78832
78833
78836
78839
78842
78846
78847
78848
78850
78852
78853
78854
78855
78856
78857
78860
78861
78862
78863
78864
78865
78866
78867
78868
78869
78871
78872
78878
78879
78882
78883
78885
78887
78888
78889
78892
78893
78895
78896
78897
78899
78901
78902
78903
78905
78908
78910
78911
78914
78918
78920
78921
78923
78924
78925
78927
78931
78932
78934
78935
78936
78937
78938
78940
78941
78943
78945
78946
78948
78951
78953
78955
78956
78961
78963
78965
78966
78967
78968
78969
78970
78975
78977
78978
78980
78982
78985
78987
78988
78990
78993
78996
78998
78999
79000
79002
79003
79004
79007
79008
79010
79014
79016
79017
79020
79021
79022
79023
79027
79028
79029
79030
79031
79033
79036
79045
79047
79048
79049
79050
79052
79055
79057
79060
79064
79065
79067
79069
79070
79071
79072
79073
79076
79077
79079
79080
79081
79082
79084
79085
79086
79087
79091
79092
79096
79099
79101
79104
79106
79107
79108
79109
79110
79113
79117
79118
79120
79122
79127
79128
79130
79131
79133
79134
79138
79139
79140
79142
79143
79145
79146
79148
79149
79150
79152
79153
79154
79155
79157
79159
79161
79162
79163
79167
79173
79174
79175
79178
79179
79180
79182
79183
79184
79186
79188
79189
79193
79194
79198
79204
79205
79208
79209
79211
79212
79213
79216
79218
79219
79221
79224
79226
79229
79234
79235
79237
79238
79239
79241
79242
79243
79246
79251
79254
79255
79257
79262
79266
79268
79269
79270
79272
79277
79279
79282
79283
79286
79287
79290
79292
79293
79295
79296
79298
79299
79302
79303
79304
79308
79309
79310
79311
79312
79313
79315
79317
79318
79319
79321
79326
79328
79329
79333
79334
79335
79338
79341
79342
79345
79346
79348
79349
79351
79352
79354
79355
79358
79360
79363
79365
79368
79369
79370
79371
79374
79378
79379
79380
79381
79382
79384
79387
79397
79398
79399
79400
79401
79409
79410
79413
79414
79415
79416
79417
79422
79426
79427
79428
79429
79430
79432
79433
79434
79436
79437
79438
79443
79444
79447
79448
79452
79454
79455
79456
79458
79459
79460
79462
79463
79464
79466
79470
79472
79473
79474
79475
79479
79480
79481
79483
79484
79487
79493
79499
79504
79505
79507
79508
79515
79523
79527
79534
79535
79536
79537
79538
79541
79546
79547
79548
79550
79552
79557
79559
79560
79561
79563
79566
79569
79570
79572
79573
79576
79578
79579
79580
79581
79582
79584
79586
79587
79590
79592
79595
79596
79598
79600
79601
79603
79606
79607
79608
79611
79613
79617
79622
79623
79624
79625
79627
79629
79630
79633
79634
79636
79638
79641
79643
79648
79650
79652
79653
79654
79656
79657
79659
79664
79665
79666
79669
79670
79674
79677
79680
79681
79682
79684
79685
79686
79688
79689
79692
79694
79696
79698
79701
79704
79705
79708
79710
79711
79713
79714
79716
79720
79722
79723
79724
79725
79727
79729
79731
79732
79736
79737
79740
79741
79742
79743
79744
79746
79747
79749
79750
79751
79754
79758
79759
79760
79764
79766
79767
79768
79769
79772
79774
79775
79778
79781
79783
79784
79785
79789
79790
79791
79794
79800
79802
79804
79805
79808
79809
79811
79812
79813
79815
79816
79822
79824
79826
79827
79828
79830
79831
79835
79836
79837
79839
79841
79843
79845
79846
79847
79849
79852
79853
79854
79855
79858
79859
79860
79861
79862
79864
79865
79867
79868
79869
79871
79872
79873
79876
79878
79880
79883
79885
79886
79887
79890
79891
79904
79905
79906
79907
79908
79909
79913
79914
79916
79917
79918
79919
79920
79922
79923
79924
79925
79926
79927
79928
79930
79933
79935
79937
79940
79943
79946
79947
79951
79952
79953
79954
79955
79956
79957
79958
79961
79962
79967
79970
79971
79972
79973
79974
79976
79978
79984
79985
79989
79992
79994
79996
79997
79999
80003
80006
80008
80009
80012
80017
80020
80022
80025
80028
80029
80030
80033
80035
80036
80037
80038
80039
80042
80043
80044
80045
80048
80049
80050
80054
80056
80057
80058
80059
80063
80064
80066
80067
80069
80072
80073
80074
80077
80078
80080
80081
80083
80084
80085
80086
80087
80091
80093
80095
80098
80099
80105
80106
80111
80113
80114
80120
80121
80122
80123
80124
80125
80128
80130
80131
80135
80136
80137
80138
80139
80141
80142
80144
80148
80149
80150
80152
80155
80156
80159
80160
80162
80164
80166
80168
80169
80170
80173
80177
80181
80182
80186
80188
80189
80190
80192
80193
80194
80195
80198
80200
80201
80202
80203
80205
80206
80207
80208
80210
80211
80212
80213
80214
80216
80217
80218
80223
80224
80225
80227
80230
80232
80233
80234
80236
80237
80240
80241
80243
80244
80245
80246
80253
80254
80255
80260
80262
80264
80265
80267
80268
80269
80270
80271
80274
80275
80276
80277
80282
80283
80286
80291
80292
80293
80295
80296
80298
80299
80301
80305
80306
80308
80309
80310
80312
80313
80315
80316
80321
80322
80324
80327
80328
80330
80334
80335
80336
80337
80338
80340
80341
80347
80348
80350
80352
80353
80354
80355
80361
80363
80364
80366
80368
80372
80374
80377
80380
80382
80383
80385
80387
80388
80389
80390
80391
80396
80399
80408
80410
80411
80415
80417
80420
80421
80422
80425
80426
80429
80430
80432
80433
80434
80435
80436
80442
80443
80445
80447
80448
80449
80450
80452
80454
80455
80460
80461
80467
80470
80471
80472
80475
80479
80482
80487
80488
80489
80495
80498
80499
80501
80502
80507
80509
80511
80513
80514
80515
80516
80519
80523
80525
80527
80529
80531
80532
80533
80534
80537
80538
80541
80543
80545
80547
80549
80550
80556
80557
80560
80561
80562
80564
80567
80568
80574
80575
80577
80578
80579
80581
80583
80585
80586
80587
80593
80595
80596
80600
80601
80602
80603
80604
80607
80608
80613
80616
80617
80619
80620
80621
80622
80623
80624
80625
80628
80629
80630
80631
80634
80636
80637
80639
80640
80642
80643
80644
80649
80654
80657
80658
80659
80662
80664
80666
80668
80669
80670
80672
80674
80676
80677
80678
80679
80681
80682
80684
80686
80687
80688
80691
80692
80693
80694
80695
80696
80697
80698
80700
80701
80703
80705
80708
80710
80711
80712
80714
80722
80727
80728
80729
80730
80731
80733
80734
80736
80737
80744
80745
80746
80748
80749
80753
80754
80756
80759
80762
80763
80766
80767
80771
80772
80775
80777
80780
80782
80784
80786
80788
80789
80791
80792
80796
80798
80799
80801
80802
80804
80805
80806
80813
80817
80820
80821
80822
80824
80825
80826
80827
80829
80831
80832
80836
80837
80838
80839
80840
80842
80843
80844
80846
80849
80850
80851
80853
80854
80855
80857
80862
80863
80864
80870
80874
80876
80877
80879
80880
80882
80883
80884
80885
80886
80887
80889
80895
80897
80900
80903
80906
80907
80908
80909
80911
80913
80915
80919
80921
80922
80925
80928
80933
80936
80937
80939
80944
80946
80950
80952
80955
80958
80959
80960
80962
80964
80967
80968
80970
80972
80977
80978
80980
80987
80988
80990
80991
80993
80994
80995
80997
80998
80999
81000
81001
81003
81004
81005
81006
81008
81009
81012
81014
81015
81018
81020
81021
81022
81026
81028
81029
81032
81033
81034
81035
81036
81037
81038
81042
81044
81047
81050
81054
81055
81056
81057
81058
81063
81067
81069
81073
81074
81075
81076
81079
81080
81081
81082
81083
81084
81085
81086
81087
81088
81089
81092
81095
81096
81097
81098
81099
81102
81103
81104
81105
81109
81110
81115
81117
81118
81121
81126
81127
81128
81129
81136
81137
81139
81140
81141
81142
81143
81144
81150
81151
81152
81156
81159
81161
81163
81164
81170
81171
81174
81175
81176
81177
81178
81179
81180
81181
81184
81188
81189
81190
81195
81198
81203
81208
81209
81211
81213
81215
81219
81220
81221
81222
81224
81226
81229
81230
81231
81232
81234
81236
81237
81239
81241
81247
81249
81253
81254
81257
81259
81260
81261
81262
81265
81267
81268
81270
81271
81272
81274
81276
81277
81279
81280
81282
81283
81287
81288
81289
81291
81292
81299
81302
81304
81305
81307
81308
81309
81313
81315
81316
81317
81319
81321
81322
81324
81326
81330
81331
81332
81334
81335
81336
81340
81341
81343
81344
81345
81352
81355
81357
81360
81369
81375
81376
81379
81380
81381
81383
81385
81388
81391
81392
81393
81399
81400
81401
81403
81408
81413
81414
81415
81418
81420
81422
81424
81425
81426
81428
81429
81433
81434
81438
81441
81442
81443
81444
81447
81451
81453
81454
81455
81456
81457
81459
81460
81462
81464
81467
81468
81469
81473
81474
81477
81479
81481
81483
81484
81485
81488
81489
81490
81491
81492
81493
81495
81497
81498
81499
81500
81504
81505
81510
81512
81513
81515
81517
81519
81520
81522
81523
81524
81527
81528
81529
81530
81532
81535
81536
81537
81539
81540
81542
81543
81545
81546
81548
81549
81551
81552
81554
81555
81557
81559
81561
81562
81564
81565
81566
81568
81573
81574
81577
81578
81579
81580
81583
81585
81586
81587
81591
81592
81593
81597
81599
81600
81603
81607
81608
81611
81613
81617
81618
81623
81625
81627
81629
81630
81631
81632
81634
81635
81640
81641
81642
81647
81651
81653
81654
81660
81662
81663
81665
81667
81669
81671
81672
81673
81676
81677
81678
81679
81680
81690
81698
81699
81702
81704
81705
81706
81707
81708
81709
81711
81712
81714
81717
81719
81722
81723
81724
81726
81728
81729
81730
81732
81737
81738
81740
81741
81744
81745
81749
81750
81753
81757
81759
81760
81761
81762
81765
81766
81768
81772
81773
81777
81778
81779
81780
81781
81788
81790
81793
81794
81797
81798
81800
81803
81804
81805
81807
81811
81814
81816
81817
81819
81821
81823
81826
81827
81828
81830
81831
81832
81834
81836
81843
81844
81846
81850
81851
81852
81853
81854
81855
81857
81859
81862
81863
81865
81866
81870
81871
81873
81874
81876
81878
81879
81880
81883
81884
81887
81890
81891
81895
81896
81897
81898
81899
81900
81901
81904
81905
81909
81910
81911
81914
81916
81919
81920
81921
81922
81923
81925
81926
81928
81930
81931
81933
81935
81938
81939
81940
81941
81943
81944
81945
81947
81948
81949
81950
81952
81954
81955
81956
81957
81962
81965
81967
81970
81976
81977
81981
81982
81984
81989
81995
81996
81998
82000
82004
82005
82006
82010
82015
82016
82017
82018
82023
82026
82028
82032
82035
82037
82038
82041
82045
82048
82050
82052
82053
82055
82057
82058
82059
82061
82062
82063
82065
82066
82069
82070
82071
82072
82073
82074
82075
82079
82080
82086
82092
82093
82094
82096
82097
82101
82102
82103
82104
82107
82108
82109
82110
82111
82112
82113
82116
82117
82118
82120
82121
82123
82125
82126
82127
82129
82132
82133
82134
82135
82136
82137
82138
82142
82143
82150
82152
82157
82158
82160
82161
82162
82163
82164
82169
82171
82172
82175
82183
82188
82191
82193
82194
82198
82199
82200
82201
82202
82204
82210
82211
82213
82218
82221
82223
82224
82225
82226
82229
82231
82233
82236
82241
82243
82244
82246
82247
82248
82249
82251
82253
82258
82260
82262
82269
82270
82271
82272
82275
82277
82280
82281
82282
82283
82286
82288
82289
82293
82295
82296
82299
82300
82301
82303
82304
82307
82308
82310
82312
82313
82314
82315
82316
82318
82319
82323
82324
82325
82326
82328
82330
82332
82333
82334
82335
82337
82341
82343
82344
82345
82346
82348
82351
82355
82356
82358
82359
82360
82362
82363
82364
82365
82366
82369
82370
82371
82372
82374
82376
82377
82378
82379
82380
82383
82385
82387
82392
82393
82394
82395
82396
82397
82398
82400
82401
82403
82404
82409
82410
82411
82415
82418
82423
82424
82427
82428
82429
82433
82435
82436
82437
82438
82440
82442
82443
82444
82447
82449
82450
82452
82453
82457
82460
82461
82462
82463
82467
82468
82473
82474
82476
82483
82485
82487
82488
82491
82492
82495
82498
82500
82501
82505
82506
82509
82510
82512
82513
82514
82515
82516
82517
82518
82519
82522
82523
82524
82525
82526
82529
82532
82533
82534
82535
82536
82538
82539
82541
82542
82543
82546
82549
82550
82552
82553
82554
82557
82558
82560
82563
82567
82568
82570
82573
82579
82580
82581
82585
82588
82589
82592
82594
82595
82598
82604
82605
82607
82610
82611
82612
82615
82616
82620
82621
82622
82626
82627
82633
82635
82636
82638
82639
82643
82644
82645
82647
82649
82653
82654
82656
82658
82659
82661
82662
82665
82671
82672
82675
82681
82684
82685
82687
82688
82689
82690
82695
82697
82703
82704
82705
82707
82710
82711
82713
82718
82719
82720
82721
82723
82725
82726
82733
82734
82737
82738
82741
82743
82744
82745
82751
82753
82758
82759
82761
82763
82764
82766
82767
82769
82772
82774
82775
82777
82778
82781
82785
82787
82788
82789
82790
82792
82793
82796
82799
82805
82809
82810
82811
82812
82813
82814
82815
82818
82819
82821
82822
82825
82826
82827
82828
82831
82833
82836
82839
82840
82842
82843
82844
82845
82849
82850
82851
82852
82853
82855
82856
82861
82863
82864
82866
82868
82869
82875
82876
82877
82878
82879
82880
82881
82882
82883
82884
82885
82886
82888
82890
82892
82893
82894
82895
82896
82897
82898
82899
82900
82906
82907
82909
82911
82912
82913
82916
82917
82919
82922
82923
82924
82926
82929
82933
82938
82939
82943
82944
82946
82947
82949
82950
82952
82957
82958
82960
82962
82963
82965
82967
82969
82971
82975
82976
82977
82978
82979
82980
82985
82994
82995
82996
82998
82999
83000
83003
83005
83008
83009
83010
83015
83016
83017
83020
83021
83022
83024
83026
83027
83028
83031
83035
83037
83039
83041
83042
83043
83044
83045
83046
83047
83048
83050
83053
83054
83058
83059
83060
83065
83068
83072
83073
83075
83076
83078
83080
83084
83085
83087
83088
83089
83094
83096
83097
83098
83100
83101
83102
83103
83104
83106
83108
83110
83111
83113
83114
83115
83116
83118
83120
83121
83124
83131
83135
83136
83137
83139
83140
83144
83148
83150
83154
83155
83156
83160
83163
83168
83169
83171
83172
83175
83178
83180
83181
83182
83184
83185
83186
83187
83188
83190
83192
83195
83198
83199
83201
83204
83205
83206
83208
83212
83215
83218
83221
83223
83224
83226
83228
83229
83230
83231
83232
83235
83236
83237
83239
83241
83244
83245
83246
83248
83249
83250
83252
83255
83256
83257
83258
83260
83262
83264
83265
83266
83267
83269
83272
83274
83276
83279
83280
83281
83282
83286
83287
83289
83290
83291
83292
83295
83297
83302
83304
83308
83309
83312
83313
83314
83315
83322
83323
83324
83327
83329
83332
83336
83337
83341
83348
83349
83351
83354
83355
83358
83362
83363
83366
83369
83370
83371
83374
83376
83377
83379
83380
83383
83384
83385
83388
83389
83390
83391
83392
83396
83397
83400
83402
83403
83405
83406
83407
83408
83409
83413
83417
83418
83419
83422
83431
83432
83433
83434
83440
83441
83445
83447
83450
83452
83453
83454
83456
83458
83460
83464
83469
83473
83474
83475
83476
83477
83478
83479
83480
83482
83483
83484
83485
83487
83489
83492
83494
83495
83496
83498
83499
83502
83504
83507
83508
83510
83511
83512
83514
83515
83516
83519
83522
83523
83524
83525
83526
83530
83532
83539
83541
83546
83549
83550
83551
83554
83555
83557
83560
83562
83564
83566
83567
83568
83569
83571
83572
83574
83577
83580
83581
83584
83587
83588
83589
83591
83593
83595
83597
83599
83600
83601
83607
83608
83609
83611
83612
83618
83620
83623
83625
83628
83629
83630
83633
83635
83636
83639
83644
83645
83646
83650
83652
83654
83656
83657
83658
83660
83665
83667
83671
83672
83674
83676
83677
83678
83680
83682
83683
83684
83685
83686
83688
83689
83690
83691
83693
83694
83695
83698
83699
83702
83703
83704
83705
83707
83708
83711
83712
83714
83715
83717
83721
83723
83724
83726
83727
83728
83729
83730
83737
83738
83739
83740
83745
83748
83750
83752
83753
83754
83755
83759
83762
83766
83767
83769
83773
83775
83776
83778
83779
83783
83785
83786
83788
83789
83793
83796
83798
83802
83804
83805
83806
83808
83812
83813
83814
83816
83818
83820
83821
83822
83823
83824
83826
83827
83828
83829
83831
83832
83834
83836
83837
83841
83842
83844
83846
83847
83851
83858
83859
83860
83862
83864
83870
83872
83873
83877
83878
83879
83880
83881
83882
83883
83886
83888
83890
83891
83892
83893
83894
83895
83897
83899
83901
83904
83905
83906
83907
83908
83909
83913
83915
83916
83919
83923
83925
83928
83929
83930
83934
83936
83938
83942
83943
83944
83948
83951
83953
83955
83961
83963
83970
83971
83973
83974
83975
83976
83977
83979
83980
83984
83987
83988
83989
83990
83991
83992
83995
83997
83999
84001
84002
84003
84004
84007
84010
84014
84016
84018
84019
84020
84023
84024
84027
84031
84032
84033
84034
84036
84037
84040
84041
84045
84050
84052
84053
84055
84057
84059
84063
84064
84065
84066
84067
84068
84069
84070
84071
84072
84073
84079
84082
84083
84085
84086
84087
84089
84090
84091
84094
84096
84097
84098
84099
84101
84104
84109
84114
84115
84119
84120
84121
84124
84126
84127
84130
84132
84135
84140
84141
84143
84145
84146
84147
84148
84149
84151
84156
84157
84161
84164
84165
84166
84170
84172
84174
84175
84177
84179
84181
84182
84183
84185
84186
84187
84189
84192
84194
84195
84199
84200
84201
84202
84203
84204
84205
84209
84210
84211
84214
84215
84216
84219
84222
84223
84224
84225
84227
84229
84230
84233
84236
84238
84239
84240
84242
84243
84244
84245
84246
84248
84249
84250
84251
84253
84259
84260
84262
84264
84266
84271
84274
84276
84279
84282
84284
84285
84289
84290
84291
84292
84294
84295
84298
84299
84300
84301
84302
84303
84304
84305
84306
84311
84312
84313
84316
84317
84318
84320
84321
84324
84326
84331
84337
84338
84343
84344
84345
84346
84349
84350
84352
84355
84358
84359
84362
84363
84364
84368
84370
84371
84378
84381
84384
84385
84387
84388
84391
84392
84393
84398
84399
84401
84402
84403
84405
84412
84413
84418
84421
84424
84425
84426
84432
84433
84436
84437
84438
84439
84441
84443
84446
84450
84456
84457
84459
84460
84461
84464
84465
84468
84469
84470
84471
84472
84473
84475
84476
84478
84481
84482
84483
84485
84488
84489
84490
84493
84494
84495
84499
84501
84502
84503
84505
84508
84509
84510
84511
84512
84514
84515
84517
84521
84525
84527
84528
84529
84531
84533
84534
84538
84539
84540
84541
84542
84543
84544
84551
84553
84554
84556
84557
84558
84566
84567
84568
84570
84572
84574
84576
84577
84579
84580
84581
84583
84586
84589
84593
84594
84595
84600
84602
84603
84606
84608
84610
84611
84612
84615
84616
84619
84620
84621
84625
84629
84632
84636
84638
84639
84643
84645
84647
84649
84650
84652
84653
84655
84657
84663
84664
84665
84667
84668
84669
84670
84671
84672
84674
84675
84678
84681
84682
84683
84688
84689
84691
84692
84700
84703
84704
84705
84706
84707
84708
84713
84714
84715
84719
84720
84722
84726
84727
84728
84729
84731
84732
84733
84734
84737
84738
84743
84744
84745
84746
84748
84751
84753
84755
84757
84758
84759
84760
84762
84763
84764
84765
84769
84771
84772
84773
84774
84776
84777
84782
84783
84787
84788
84792
84797
84798
84799
84800
84801
84802
84803
84808
84810
84811
84812
84814
84815
84819
84824
84825
84828
84829
84831
84832
84834
84836
84837
84838
84840
84841
84842
84844
84846
84847
84849
84850
84851
84853
84854
84855
84859
84862
84863
84865
84866
84868
84869
84870
84872
84873
84874
84877
84881
84886
84891
84892
84894
84897
84898
84900
84904
84905
84906
84911
84912
84918
84920
84922
84923
84924
84926
84927
84928
84932
84933
84935
84936
84938
84940
84941
84944
84946
84948
84950
84952
84954
84955
84956
84957
84962
84963
84964
84966
84967
84968
84971
84974
84978
84979
84982
84988
84992
84993
84996
84997
84998
85000
85001
85004
85005
85008
85010
85011
85013
85014
85015
85016
85019
85024
85025
85026
85027
85028
85030
85032
85034
85035
85036
85037
85038
85039
85044
85045
85047
85048
85050
85051
85055
85061
85067
85069
85071
85079
85080
85083
85085
85086
85090
85091
85093
85094
85097
85099
85100
85104
85106
85108
85109
85111
85112
85113
85117
85119
85120
85121
85122
85124
85125
85126
85129
85131
85132
85134
85135
85136
85137
85139
85140
85142
85144
85147
85152
85154
85160
85164
85168
85169
85172
85173
85174
85175
85176
85177
85178
85179
85181
85182
85184
85185
85186
85188
85190
85191
85194
85198
85199
85200
85201
85203
85205
85207
85209
85210
85212
85216
85218
85220
85221
85223
85224
85229
85233
85235
85236
85237
85238
85240
85242
85245
85247
85248
85252
85254
85256
85257
85259
85264
85265
85268
85271
85273
85274
85275
85276
85278
85279
85282
85283
85286
85287
85291
85292
85293
85294
85296
85298
85299
85303
85304
85305
85306
85310
85312
85315
85318
85321
85323
85325
85326
85327
85329
85332
85333
85334
85335
85337
85338
85341
85343
85346
85347
85349
85351
85356
85358
85359
85362
85363
85369
85370
85372
85373
85374
85378
85379
85383
85387
85391
85392
85400
85401
85402
85404
85405
85406
85407
85409
85414
85416
85418
85419
85423
85427
85428
85429
85430
85431
85432
85433
85434
85435
85437
85438
85440
85441
85442
85443
85444
85445
85446
85449
85450
85451
85453
85455
85458
85459
85462
85466
85470
85471
85472
85476
85477
85480
85481
85484
85486
85487
85489
85493
85494
85495
85496
85498
85499
85501
85502
85505
85506
85507
85510
85514
85516
85517
85518
85519
85524
85525
85526
85528
85529
85532
85533
85534
85535
85537
85538
85539
85542
85545
85546
85547
85548
85551
85553
85555
85556
85557
85561
85563
85564
85568
85575
85581
85582
85584
85585
85586
85587
85589
85592
85594
85595
85597
85600
85604
85605
85606
85608
85609
85613
85614
85616
85618
85619
85620
85621
85626
85627
85628
85631
85632
85633
85635
85636
85637
85640
85641
85644
85645
85651
85652
85653
85654
85659
85663
85666
85667
85669
85671
85679
85681
85682
85685
85686
85687
85688
85689
85691
85693
85694
85698
85702
85703
85705
85706
85707
85709
85711
85715
85718
85719
85720
85722
85726
85730
85731
85736
85737
85740
85741
85742
85744
85745
85747
85750
85751
85752
85753
85755
85757
85760
85763
85772
85773
85778
85779
85780
85783
85785
85788
85789
85792
85793
85794
85795
85798
85800
85802
85803
85805
85808
85810
85811
85815
85818
85819
85821
85823
85824
85826
85829
85830
85834
85836
85837
85841
85844
85846
85847
85849
85851
85853
85854
85859
85860
85862
85863
85865
85866
85869
85871
85872
85873
85874
85875
85876
85880
85881
85887
85888
85889
85890
85891
85893
85896
85901
85902
85904
85908
85909
85911
85913
85915
85916
85917
85918
85920
85925
85926
85927
85929
85931
85933
85934
85935
85936
85938
85940
85941
85943
85944
85945
85947
85948
85950
85951
85952
85953
85954
85957
85959
85961
85963
85965
85966
85967
85972
85973
85975
85978
85979
85980
85981
85982
85984
85985
85986
85989
85990
85992
85995
85996
85998
85999
86000
86003
86004
86005
86007
86008
86010
86012
86014
86017
86018
86020
86021
86023
86024
86028
86031
86032
86033
86034
86035
86037
86040
86042
86045
86046
86047
86048
86049
86052
86053
86056
86057
86058
86060
86061
86062
86064
86070
86071
86074
86077
86081
86082
86083
86084
86087
86088
86089
86090
86091
86093
86096
86097
86099
86100
86104
86105
86106
86110
86111
86112
86115
86117
86119
86122
86123
86124
86125
86126
86127
86130
86131
86133
86136
86138
86141
86144
86146
86148
86150
86152
86154
86155
86156
86157
86158
86159
86161
86163
86169
86171
86177
86178
86180
86181
86183
86184
86185
86187
86189
86190
86191
86196
86198
86200
86203
86207
86209
86212
86213
86214
86216
86218
86221
86222
86224
86227
86228
86229
86233
86242
86244
86246
86247
86248
86250
86252
86253
86255
86256
86258
86259
86260
86262
86264
86266
86270
86271
86272
86273
86275
86276
86278
86279
86280
86283
86284
86285
86286
86287
86288
86290
86293
86297
86299
86300
86303
86307
86308
86309
86311
86313
86314
86317
86318
86319
86320
86322
86324
86326
86328
86331
86334
86335
86337
86339
86340
86343
86345
86346
86348
86349
86350
86351
86353
86354
86355
86356
86357
86359
86362
86367
86372
86374
86379
86380
86382
86385
86387
86391
86392
86395
86396
86398
86399
86401
86406
86408
86410
86413
86416
86417
86420
86424
86425
86426
86427
86428
86430
86431
86432
86434
86435
86437
86442
86447
86449
86452
86454
86456
86459
86461
86464
86465
86466
86468
86469
86471
86474
86475
86479
86481
86484
86488
86491
86492
86496
86497
86498
86500
86501
86508
86510
86512
86514
86517
86518
86519
86522
86523
86526
86530
86531
86534
86538
86539
86543
86546
86550
86554
86555
86556
86557
86558
86560
86563
86564
86565
86568
86569
86570
86572
86574
86577
86578
86583
86585
86590
86591
86592
86594
86596
86597
86598
86599
86602
86603
86604
86605
86607
86609
86610
86611
86612
86614
86615
86616
86617
86623
86625
86627
86628
86629
86630
86631
86632
86637
86640
86641
86644
86645
86648
86650
86653
86654
86658
86662
86663
86664
86668
86670
86671
86674
86675
86678
86681
86682
86683
86687
86693
86695
86697
86698
86699
86701
86702
86703
86704
86706
86708
86710
86711
86712
86713
86715
86716
86717
86719
86720
86724
86726
86727
86729
86730
86732
86734
86737
86738
86739
86743
86744
86745
86747
86750
86751
86755
86759
86760
86762
86764
86765
86767
86770
86771
86776
86779
86783
86784
86785
86792
86797
86798
86801
86803
86804
86806
86807
86809
86810
86811
86813
86815
86818
86819
86822
86823
86825
86826
86827
86828
86832
86834
86835
86836
86837
86840
86841
86842
86843
86847
86848
86849
86850
86851
86852
86854
86857
86858
86860
86864
86866
86867
86868
86874
86875
86877
86878
86879
86880
86884
86886
86889
86890
86891
86892
86893
86894
86895
86897
86898
86903
86906
86907
86908
86910
86911
86912
86914
86915
86917
86918
86920
86923
86924
86927
86930
86931
86933
86937
86938
86939
86940
86941
86942
86945
86947
86960
86962
86964
86967
86968
86969
86970
86971
86974
86982
86983
86984
86985
86986
86988
86989
86990
86991
86993
86994
86996
86997
86998
87000
87004
87005
87006
87009
87010
87011
87014
87016
87020
87022
87023
87027
87028
87031
87033
87034
87036
87037
87038
87040
87041
87045
87046
87048
87050
87051
87052
87055
87056
87058
87059
87060
87063
87064
87065
87067
87068
87072
87074
87075
87081
87084
87086
87087
87090
87095
87097
87099
87100
87101
87102
87108
87113
87115
87116
87117
87118
87120
87121
87122
87125
87127
87129
87130
87132
87133
87134
87136
87137
87141
87142
87143
87145
87146
87147
87150
87151
87152
87154
87156
87158
87160
87167
87171
87172
87180
87181
87183
87184
87186
87191
87194
87196
87197
87199
87200
87202
87204
87207
87208
87209
87210
87214
87215
87216
87219
87220
87222
87224
87225
87226
87227
87228
87231
87232
87233
87235
87236
87238
87242
87244
87245
87246
87250
87251
87253
87257
87261
87264
87265
87268
87269
87270
87271
87273
87276
87277
87278
87281
87282
87284
87286
87288
87294
87297
87299
87301
87303
87308
87309
87311
87314
87315
87320
87323
87324
87325
87326
87328
87334
87340
87341
87342
87343
87344
87346
87347
87350
87351
87353
87356
87357
87358
87359
87363
87368
87369
87370
87374
87375
87376
87377
87378
87379
87380
87381
87382
87384
87386
87387
87388
87393
87395
87397
87398
87399
87400
87401
87403
87405
87407
87411
87415
87417
87418
87419
87420
87425
87426
87427
87428
87430
87432
87434
87435
87437
87438
87440
87441
87443
87445
87446
87447
87448
87450
87451
87452
87454
87455
87462
87464
87467
87468
87472
87473
87476
87477
87483
87484
87485
87486
87487
87488
87492
87493
87494
87497
87498
87499
87500
87503
87506
87507
87508
87515
87516
87517
87518
87519
87520
87522
87523
87525
87528
87529
87532
87534
87535
87538
87542
87545
87546
87547
87548
87550
87551
87553
87555
87557
87564
87567
87570
87571
87572
87574
87575
87577
87581
87582
87583
87585
87589
87592
87593
87594
87596
87597
87601
87602
87606
87607
87608
87612
87613
87614
87615
87619
87620
87622
87623
87624
87626
87627
87629
87630
87631
87632
87634
87637
87638
87639
87640
87642
87647
87649
87651
87652
87657
87660
87661
87662
87663
87664
87668
87671
87674
87676
87679
87680
87681
87682
87687
87688
87691
87692
87697
87699
87700
87704
87705
87707
87708
87711
87712
87713
87715
87716
87718
87719
87723
87724
87725
87730
87731
87736
87747
87749
87752
87753
87754
87755
87759
87762
87763
87765
87767
87768
87769
87773
87774
87776
87777
87778
87779
87781
87784
87786
87787
87788
87792
87793
87797
87799
87800
87801
87802
87803
87805
87807
87808
87811
87813
87815
87816
87817
87818
87819
87820
87822
87823
87826
87827
87828
87829
87832
87833
87835
87840
87841
87842
87843
87848
87851
87852
87853
87854
87855
87856
87860
87861
87862
87863
87868
87869
87871
87873
87875
87877
87882
87883
87884
87886
87887
87888
87890
87891
87894
87895
87901
87902
87903
87904
87906
87907
87910
87913
87914
87917
87918
87919
87921
87923
87928
87930
87932
87933
87935
87939
87940
87942
87945
87946
87948
87951
87952
87955
87956
87957
87959
87960
87962
87964
87965
87967
87968
87969
87974
87976
87978
87981
87982
87985
87987
87988
87992
87994
87995
87998
87999
88000
88004
88005
88007
88009
88010
88013
88014
88016
88017
88018
88020
88021
88029
88031
88032
88033
88037
88040
88041
88043
88048
88049
88052
88053
88054
88055
88059
88060
88061
88066
88068
88070
88072
88074
88076
88077
88078
88079
88082
88085
88086
88089
88094
88095
88096
88098
88102
88106
88108
88110
88111
88112
88115
88116
88120
88126
88127
88131
88132
88135
88136
88138
88142
88144
88145
88147
88149
88151
88152
88154
88155
88157
88158
88159
88160
88163
88164
88165
88166
88167
88169
88170
88171
88173
88174
88175
88179
88180
88182
88184
88185
88186
88187
88188
88189
88193
88195
88196
88197
88199
88203
88204
88206
88207
88208
88210
88212
88213
88215
88217
88218
88219
88221
88225
88227
88231
88232
88233
88234
88243
88246
88249
88251
88255
88256
88258
88260
88262
88263
88266
88270
88272
88273
88276
88278
88281
88282
88285
88291
88292
88293
88297
88298
88299
88300
88301
88304
88305
88306
88307
88308
88309
88310
88311
88312
88314
88323
88325
88327
88331
88332
88335
88338
88339
88340
88341
88344
88347
88348
88352
88356
88358
88360
88361
88364
88365
88366
88367
88370
88371
88374
88375
88377
88378
88379
88383
88384
88385
88391
88392
88393
88394
88396
88399
88403
88404
88405
88409
88413
88414
88415
88416
88417
88418
88419
88421
88422
88423
88424
88425
88426
88428
88429
88434
88438
88439
88443
88444
88445
88447
88449
88450
88452
88453
88454
88455
88456
88457
88459
88461
88465
88467
88468
88469
88470
88472
88473
88474
88475
88476
88481
88485
88486
88490
88491
88492
88493
88495
88496
88500
88505
88507
88508
88510
88516
88518
88519
88520
88523
88524
88526
88530
88531
88532
88534
88535
88541
88545
88552
88555
88556
88559
88561
88562
88564
88565
88568
88570
88572
88575
88577
88578
88581
88582
88583
88584
88585
88586
88587
88588
88590
88591
88592
88595
88596
88597
88598
88599
88600
88601
88602
88606
88607
88616
88617
88620
88623
88624
88627
88631
88632
88637
88640
88642
88644
88646
88647
88649
88654
88655
88657
88658
88661
88663
88664
88665
88666
88668
88669
88675
88678
88679
88684
88686
88687
88688
88689
88690
88693
88694
88696
88698
88700
88701
88703
88704
88706
88707
88709
88710
88716
88717
88719
88721
88722
88727
88729
88731
88734
88735
88737
88738
88740
88741
88742
88743
88744
88746
88748
88749
88752
88755
88757
88759
88762
88763
88765
88766
88769
88770
88775
88776
88783
88786
88787
88788
88789
88792
88793
88794
88796
88799
88800
88801
88802
88803
88804
88806
88808
88811
88814
88815
88816
88822
88824
88825
88826
88827
88832
88833
88839
88840
88841
88843
88852
88854
88855
88858
88859
88860
88861
88862
88863
88864
88865
88869
88871
88873
88874
88875
88877
88878
88881
88882
88885
88886
88887
88889
88890
88895
88897
88901
88902
88905
88906
88907
88908
88909
88910
88911
88912
88913
88916
88917
88918
88920
88922
88924
88926
88929
88934
88935
88936
88937
88939
88944
88946
88947
88948
88950
88954
88956
88957
88958
88959
88961
88962
88963
88964
88967
88969
88970
88971
88972
88976
88977
88979
88980
88984
88985
88987
88988
88989
88990
88991
88992
88993
88995
88996
89001
89007
89008
89009
89010
89011
89012
89018
89019
89020
89022
89024
89025
89026
89028
89029
89030
89032
89035
89036
89037
89041
89042
89045
89048
89049
89051
89053
89054
89057
89059
89061
89063
89070
89071
89072
89073
89075
89076
89080
89082
89083
89084
89086
89088
89092
89094
89097
89098
89099
89105
89106
89107
89109
89111
89112
89115
89116
89117
89118
89120
89124
89126
89131
89132
89133
89141
89142
89144
89147
89148
89157
89159
89160
89162
89165
89166
89167
89170
89172
89176
89177
89178
89182
89183
89184
89191
89193
89194
89195
89197
89199
89201
89204
89206
89207
89209
89210
89211
89213
89214
89216
89222
89223
89224
89225
89226
89227
89232
89234
89236
89239
89245
89247
89248
89249
89252
89254
89255
89256
89257
89258
89259
89260
89262
89263
89264
89266
89267
89268
89269
89271
89274
89276
89277
89280
89281
89283
89286
89288
89289
89290
89291
89293
89296
89297
89298
89300
89303
89306
89311
89312
89316
89318
89319
89320
89321
89323
89325
89326
89330
89336
89337
89339
89341
89345
89346
89347
89348
89353
89355
89356
89360
89363
89364
89365
89366
89367
89369
89370
89371
89372
89373
89375
89376
89377
89379
89381
89383
89384
89386
89388
89389
89390
89391
89392
89393
89396
89397
89399
89400
89402
89403
89404
89407
89408
89412
89413
89416
89417
89419
89420
89421
89422
89423
89424
89427
89428
89429
89430
89433
89434
89435
89438
89439
89440
89442
89443
89444
89448
89453
89455
89456
89460
89461
89462
89463
89468
89469
89471
89475
89477
89478
89479
89483
89485
89486
89488
89491
89499
89508
89510
89511
89513
89515
89519
89523
89525
89526
89529
89530
89531
89535
89540
89541
89543
89549
89550
89551
89552
89553
89554
89555
89557
89560
89561
89562
89564
89565
89566
89567
89568
89570
89574
89576
89580
89581
89586
89587
89589
89590
89592
89593
89594
89597
89598
89600
89601
89602
89603
89609
89615
89616
89617
89621
89625
89626
89628
89629
89630
89631
89632
89633
89637
89638
89639
89640
89641
89642
89644
89645
89647
89649
89650
89651
89652
89653
89655
89658
89662
89663
89667
89669
89671
89672
89679
89680
89685
89689
89690
89691
89692
89693
89695
89696
89699
89700
89701
89702
89704
89705
89706
89709
89710
89712
89715
89717
89719
89721
89722
89723
89725
89726
89727
89729
89734
89736
89739
89740
89741
89742
89743
89744
89746
89749
89750
89758
89760
89761
89763
89765
89766
89768
89769
89774
89777
89778
89780
89782
89785
89787
89788
89790
89791
89794
89795
89798
89800
89804
89806
89808
89810
89816
89820
89821
89822
89823
89824
89825
89826
89827
89831
89832
89833
89834
89835
89837
89838
89839
89840
89841
89842
89843
89845
89849
89854
89858
89859
89863
89866
89867
89868
89869
89872
89873
89874
89876
89878
89879
89884
89885
89886
89887
89889
89890
89891
89892
89894
89898
89899
89900
89906
89907
89908
89909
89910
89912
89914
89916
89917
89921
89922
89923
89926
89928
89929
89930
89933
89938
89940
89941
89942
89943
89945
89946
89947
89954
89955
89956
89957
89958
89960
89962
89963
89964
89966
89967
89969
89970
89971
89973
89978
89979
89982
89983
89987
89989
89991
89996
89998
90003
90005
90006
90009
90011
90014
90018
90019
90020
90022
90025
90026
90028
90030
90032
90036
90037
90038
90039
90041
90043
90044
90045
90047
90048
90049
90050
90052
90054
90055
90059
90060
90062
90064
90066
90068
90069
90070
90071
90072
90073
90074
90076
90077
90080
90081
90083
90084
90086
90087
90089
90090
90091
90094
90096
90098
90103
90104
90106
90107
90110
90111
90112
90114
90117
90119
90120
90121
90123
90124
90126
90128
90129
90130
90132
90133
90135
90145
90149
90153
90154
90158
90159
90160
90162
90163
90166
90170
90171
90172
90173
90174
90175
90176
90179
90180
90181
90182
90185
90186
90187
90188
90189
90200
90201
90202
90203
90204
90206
90207
90209
90212
90217
90218
90219
90222
90223
90224
90228
90232
90233
90235
90239
90240
90241
90242
90244
90245
90246
90250
90251
90252
90255
90258
90259
90261
90263
90264
90266
90267
90268
90273
90274
90278
90280
90283
90284
90288
90291
90292
90296
90298
90304
90310
90314
90315
90317
90320
90324
90325
90326
90327
90331
90332
90337
90339
90340
90342
90344
90345
90349
90350
90351
90352
90354
90359
90360
90361
90363
90365
90367
90372
90373
90374
90377
90381
90382
90383
90384
90385
90386
90389
90390
90397
90398
90399
90400
90402
90404
90406
90409
90410
90411
90412
90414
90417
90419
90420
90423
90426
90427
90430
90431
90432
90433
90436
90437
90438
90439
90441
90442
90445
90446
90447
90449
90450
90452
90453
90455
90456
90460
90461
90462
90463
90468
90469
90470
90471
90472
90473
90477
90481
90483
90484
90486
90489
90490
90491
90494
90499
90502
90503
90507
90509
90510
90511
90513
90514
90515
90517
90520
90523
90524
90525
90527
90531
90534
90535
90538
90539
90540
90542
90544
90545
90547
90548
90549
90552
90553
90554
90558
90561
90562
90563
90564
90565
90566
90567
90569
90570
90572
90578
90580
90584
90586
90587
90589
90590
90591
90593
90594
90597
90600
90601
90603
90607
90612
90614
90615
90617
90619
90623
90624
90626
90627
90628
90629
90631
90632
90633
90636
90638
90641
90642
90645
90646
90648
90650
90653
90654
90658
90660
90661
90662
90664
90666
90667
90668
90669
90670
90674
90675
90678
90683
90684
90686
90687
90689
90690
90694
90696
90701
90702
90703
90704
90706
90707
90713
90714
90715
90716
90717
90718
90719
90720
90724
90725
90726
90729
90730
90731
90732
90733
90735
90736
90737
90738
90739
90740
90746
90748
90750
90751
90753
90754
90755
90757
90758
90759
90761
90764
90768
90769
90771
90773
90774
90775
90777
90779
90780
90782
90784
90786
90787
90788
90792
90793
90794
90795
90796
90798
90799
90800
90801
90803
90806
90807
90808
90810
90814
90816
90824
90825
90827
90828
90829
90832
90834
90835
90836
90838
90839
90842
90846
90849
90853
90854
90855
90857
90859
90862
90864
90869
90874
90876
90877
90878
90881
90882
90884
90886
90892
90893
90894
90895
90897
90898
90900
90902
90904
90907
90908
90912
90913
90915
90918
90919
90921
90923
90926
90931
90936
90939
90942
90943
90944
90946
90951
90954
90955
90956
90958
90960
90962
90964
90966
90969
90971
90972
90974
90975
90976
90978
90980
90981
90984
90992
90994
90998
90999
91000
91003
91004
91005
91006
91007
91008
91009
91010
91011
91012
91016
91017
91018
91019
91020
91021
91022
91026
91027
91028
91032
91036
91038
91041
91042
91043
91045
91046
91050
91052
91053
91056
91058
91059
91062
91064
91066
91067
91069
91070
91071
91072
91073
91076
91078
91079
91081
91083
91084
91085
91087
91089
91090
91091
91093
91094
91096
91098
91099
91101
91103
91105
91106
91109
91110
91111
91112
91113
91115
91118
91123
91124
91126
91129
91131
91132
91133
91134
91135
91136
91137
91138
91139
91140
91141
91142
91144
91146
91150
91153
91154
91155
91158
91160
91161
91162
91163
91165
91168
91174
91175
91176
91177
91178
91181
91184
91189
91190
91195
91199
91202
91204
91205
91206
91208
91210
91213
91214
91215
91216
91217
91219
91221
91224
91225
91228
91230
91232
91234
91235
91236
91237
91239
91240
91241
91242
91243
91248
91249
91256
91257
91258
91259
91262
91264
91265
91269
91271
91272
91273
91276
91278
91281
91283
91284
91287
91288
91294
91296
91298
91305
91306
91308
91311
91312
91315
91320
91321
91323
91324
91328
91330
91331
91333
91334
91336
91340
91341
91342
91343
91344
91345
91346
91349
91350
91351
91352
91356
91358
91359
91360
91361
91364
91365
91367
91368
91370
91372
91373
91374
91376
91380
91381
91383
91384
91389
91390
91392
91394
91396
91397
91398
91403
91412
91417
91419
91422
91423
91425
91427
91428
91429
91432
91436
91437
91439
91442
91444
91446
91454
91455
91456
91461
91462
91464
91467
91472
91473
91476
91479
91480
91482
91488
91489
91491
91494
91495
91498
91499
91501
91502
91504
91506
91511
91512
91514
91516
91518
91520
91522
91523
91525
91526
91530
91534
91537
91539
91540
91541
91542
91548
91550
91554
91555
91556
91559
91560
91561
91564
91566
91568
91569
91570
91572
91576
91577
91578
91580
91581
91582
91583
91584
91586
91589
91590
91591
91593
91595
91596
91597
91599
91601
91602
91603
91604
91605
91610
91611
91613
91614
91616
91617
91619
91620
91622
91623
91624
91625
91628
91629
91630
91632
91633
91636
91637
91638
91639
91642
91644
91651
91653
91655
91656
91657
91661
91669
91672
91673
91675
91677
91681
91682
91684
91687
91692
91695
91696
91697
91698
91703
91704
91705
91706
91707
91708
91712
91714
91719
91720
91722
91724
91725
91730
91732
91733
91734
91740
91743
91746
91747
91749
91752
91753
91756
91761
91763
91765
91766
91767
91768
91774
91775
91778
91779
91780
91782
91785
91787
91790
91791
91793
91794
91798
91801
91805
91808
91812
91813
91814
91817
91818
91821
91822
91824
91825
91826
91827
91828
91830
91832
91835
91836
91837
91839
91840
91843
91844
91845
91849
91850
91852
91853
91854
91855
91858
91859
91861
91864
91865
91866
91867
91870
91871
91874
91876
91878
91884
91886
91890
91891
91892
91893
91896
91901
91902
91905
91907
91908
91909
91910
91912
91913
91915
91916
91918
91919
91920
91921
91922
91923
91924
91925
91933
91936
91937
91938
91939
91940
91941
91944
91945
91948
91950
91953
91954
91955
91956
91959
91961
91962
91964
91970
91971
91974
91975
91976
91977
91981
91982
91983
91986
91987
91989
91990
91991
91994
91995
91997
91998
92004
92006
92010
92011
92014
92015
92017
92020
92021
92023
92024
92025
92026
92027
92029
92032
92033
92035
92037
92039
92041
92043
92044
92047
92049
92051
92052
92056
92061
92062
92065
92067
92068
92071
92074
92077
92079
92080
92081
92082
92083
92084
92091
92098
92100
92104
92107
92109
92111
92113
92117
92120
92121
92123
92124
92126
92129
92130
92132
92133
92134
92135
92136
92137
92140
92142
92143
92146
92147
92148
92150
92153
92154
92156
92159
92160
92161
92162
92164
92166
92168
92169
92173
92175
92176
92177
92178
92179
92180
92185
92190
92193
92196
92197
92201
92202
92203
92205
92207
92209
92211
92212
92213
92214
92216
92218
92222
92223
92224
92225
92226
92227
92231
92232
92233
92234
92236
92237
92238
92239
92241
92244
92246
92249
92250
92251
92252
92253
92255
92257
92258
92259
92261
92262
92264
92267
92268
92271
92273
92278
92281
92283
92284
92285
92288
92289
92294
92298
92300
92301
92305
92306
92307
92308
92311
92312
92315
92316
92317
92321
92330
92331
92337
92338
92339
92340
92342
92344
92345
92346
92349
92350
92351
92352
92353
92354
92355
92358
92362
92363
92364
92365
92367
92368
92369
92370
92371
92372
92374
92378
92379
92380
92382
92385
92386
92388
92389
92390
92391
92393
92394
92397
92398
92400
92401
92409
92412
92413
92415
92416
92418
92420
92421
92425
92429
92432
92433
92435
92438
92439
92440
92441
92443
92444
92445
92446
92447
92448
92451
92454
92455
92459
92460
92461
92464
92469
92471
92472
92474
92475
92481
92484
92485
92486
92488
92491
92492
92496
92498
92499
92501
92502
92503
92507
92511
92512
92513
92515
92517
92519
92522
92528
92529
92531
92534
92535
92537
92539
92541
92543
92549
92550
92554
92557
92561
92563
92566
92567
92568
92569
92572
92573
92576
92578
92582
92583
92584
92587
92588
92591
92593
92595
92596
92597
92599
92600
92602
92605
92607
92608
92609
92610
92612
92616
92617
92620
92622
92623
92625
92626
92628
92633
92635
92636
92640
92641
92643
92645
92646
92647
92649
92653
92654
92655
92657
92658
92659
92661
92662
92663
92667
92670
92671
92672
92674
92676
92681
92683
92684
92686
92687
92688
92689
92690
92691
92692
92693
92697
92699
92700
92701
92702
92704
92707
92708
92712
92715
92718
92720
92721
92723
92724
92727
92728
92729
92730
92733
92736
92737
92740
92742
92743
92744
92753
92754
92755
92756
92759
92760
92761
92762
92764
92765
92766
92767
92768
92770
92771
92773
92774
92775
92778
92779
92780
92782
92785
92786
92789
92802
92805
92807
92808
92810
92812
92818
92820
92824
92826
92827
92831
92832
92835
92836
92837
92840
92842
92843
92844
92846
92848
92851
92852
92853
92854
92855
92858
92859
92860
92861
92862
92863
92864
92865
92866
92868
92873
92874
92875
92877
92878
92879
92882
92883
92887
92889
92890
92891
92897
92898
92899
92900
92902
92906
92908
92913
92916
92917
92919
92923
92924
92925
92926
92927
92929
92930
92933
92935
92937
92939
92942
92944
92947
92948
92951
92952
92954
92955
92958
92959
92960
92961
92965
92966
92967
92968
92969
92970
92971
92976
92977
92978
92982
92984
92985
92987
92989
92991
92996
92998
92999
93003
93004
93010
93011
93014
93015
93016
93017
93018
93022
93023
93028
93032
93034
93037
93038
93040
93041
93046
93047
93049
93051
93052
93054
93056
93057
93059
93062
93063
93064
93065
93066
93067
93069
93070
93073
93075
93076
93078
93079
93081
93084
93085
93086
93087
93088
93090
93093
93094
93095
93097
93103
93106
93107
93108
93109
93110
93111
93112
93113
93114
93115
93119
93120
93121
93122
93123
93125
93128
93129
93130
93131
93132
93134
93136
93137
93138
93139
93140
93141
93145
93146
93147
93149
93150
93151
93153
93154
93155
93158
93159
93160
93162
93165
93166
93172
93173
93175
93176
93177
93178
93181
93182
93183
93184
93186
93188
93189
93192
93194
93196
93197
93200
93210
93211
93212
93213
93215
93216
93220
93224
93225
93227
93229
93234
93235
93237
93238
93242
93243
93246
93250
93251
93252
93253
93254
93255
93258
93259
93260
93264
93268
93270
93272
93273
93274
93276
93279
93283
93288
93289
93291
93292
93294
93295
93297
93301
93302
93304
93310
93311
93313
93314
93315
93316
93323
93326
93327
93329
93331
93332
93334
93335
93336
93338
93339
93340
93341
93344
93346
93347
93350
93353
93354
93356
93357
93358
93360
93361
93363
93364
93365
93366
93367
93369
93370
93372
93375
93376
93377
93381
93382
93385
93386
93391
93392
93393
93395
93396
93398
93399
93401
93403
93404
93405
93406
93411
93413
93414
93421
93423
93426
93427
93428
93429
93430
93431
93435
93436
93439
93440
93441
93443
93445
93448
93450
93451
93455
93461
93470
93471
93472
93476
93477
93482
93483
93491
93492
93494
93499
93500
93504
93507
93509
93512
93514
93517
93518
93520
93521
93522
93523
93525
93527
93530
93531
93532
93533
93536
93539
93540
93541
93543
93544
93552
93553
93555
93558
93559
93560
93566
93568
93569
93570
93571
93572
93575
93576
93577
93581
93582
93583
93585
93591
93592
93593
93594
93596
93599
93601
93602
93604
93606
93607
93608
93613
93614
93617
93619
93621
93622
93625
93627
93629
93633
93634
93635
93639
93641
93642
93644
93648
93649
93651
93653
93654
93656
93659
93660
93662
93666
93667
93670
93672
93674
93676
93677
93682
93684
93685
93687
93688
93690
93693
93696
93698
93702
93704
93705
93710
93712
93713
93716
93718
93720
93721
93722
93725
93726
93728
93730
93731
93732
93733
93735
93736
93737
93739
93740
93741
93742
93744
93746
93750
93751
93752
93753
93755
93756
93758
93759
93760
93763
93764
93765
93767
93768
93769
93770
93772
93777
93778
93781
93783
93786
93787
93788
93789
93791
93793
93797
93799
93803
93804
93809
93811
93812
93813
93814
93815
93816
93819
93820
93825
93827
93828
93830
93832
93839
93840
93841
93843
93844
93848
93850
93852
93854
93855
93858
93859
93861
93862
93864
93866
93867
93868
93870
93873
93877
93878
93881
93883
93884
93886
93888
93890
93896
93897
93898
93900
93901
93902
93905
93907
93909
93910
93911
93912
93914
93918
93923
93926
93929
93930
93931
93934
93937
93941
93942
93948
93950
93951
93952
93953
93955
93956
93961
93962
93964
93966
93967
93968
93969
93970
93972
93973
93975
93977
93978
93983
93987
93989
93990
93991
93992
93993
93994
93997
93998
93999
94000
94001
94003
94005
94011
94012
94013
94014
94017
94021
94022
94023
94025
94026
94029
94030
94031
94032
94036
94038
94039
94042
94044
94047
94049
94051
94052
94055
94056
94058
94059
94060
94061
94064
94065
94070
94072
94074
94075
94077
94078
94084
94087
94090
94091
94094
94096
94098
94099
94100
94101
94102
94103
94104
94106
94107
94108
94109
94110
94115
94118
94120
94121
94126
94128
94129
94131
94132
94133
94137
94138
94142
94146
94147
94148
94149
94151
94156
94157
94159
94160
94161
94162
94163
94167
94169
94172
94173
94175
94176
94179
94180
94181
94183
94184
94185
94188
94190
94191
94196
94197
94198
94199
94201
94204
94207
94209
94210
94211
94212
94213
94214
94217
94220
94223
94224
94229
94233
94234
94235
94236
94237
94239
94240
94242
94250
94252
94253
94254
94257
94258
94260
94264
94268
94269
94270
94272
94273
94274
94279
94281
94282
94283
94284
94288
94291
94294
94295
94297
94298
94299
94300
94302
94304
94305
94306
94309
94311
94312
94313
94315
94316
94318
94323
94324
94325
94328
94329
94332
94333
94337
94338
94339
94342
94343
94348
94349
94351
94357
94359
94360
94361
94362
94363
94364
94366
94369
94371
94372
94375
94376
94377
94380
94382
94383
94387
94389
94393
94394
94395
94397
94399
94400
94401
94404
94407
94411
94414
94416
94418
94419
94420
94421
94424
94425
94426
94429
94430
94435
94443
94445
94447
94448
94451
94452
94453
94454
94457
94459
94460
94462
94463
94464
94465
94466
94468
94472
94473
94474
94477
94482
94484
94485
94492
94493
94494
94496
94497
94498
94499
94500
94503
94505
94506
94509
94511
94513
94514
94516
94518
94519
94520
94521
94523
94524
94525
94529
94530
94533
94536
94537
94538
94539
94541
94542
94544
94545
94547
94549
94551
94557
94559
94560
94565
94569
94571
94574
94577
94579
94580
94582
94584
94585
94588
94589
94590
94592
94594
94596
94597
94599
94601
94602
94603
94605
94606
94607
94611
94613
94614
94616
94620
94622
94625
94626
94630
94631
94632
94634
94635
94636
94639
94640
94644
94645
94646
94647
94648
94649
94650
94653
94655
94657
94658
94659
94660
94662
94663
94665
94671
94674
94678
94679
94683
94688
94689
94690
94691
94696
94697
94699
94700
94702
94703
94704
94705
94707
94708
94709
94710
94711
94712
94714
94716
94717
94718
94719
94720
94722
94724
94725
94726
94729
94730
94732
94736
94739
94741
94743
94744
94746
94749
94751
94755
94757
94758
94759
94760
94765
94770
94771
94774
94775
94777
94778
94779
94780
94782
94783
94784
94785
94786
94788
94789
94793
94795
94799
94800
94802
94805
94807
94810
94812
94816
94821
94825
94826
94827
94828
94834
94835
94837
94840
94848
94849
94850
94851
94855
94856
94858
94863
94867
94868
94872
94873
94874
94876
94878
94881
94882
94890
94891
94892
94893
94896
94897
94898
94900
94901
94904
94905
94906
94911
94912
94913
94914
94915
94916
94922
94924
94926
94927
94929
94932
94933
94934
94935
94937
94939
94940
94941
94943
94945
94946
94947
94948
94953
94955
94956
94957
94959
94960
94962
94965
94966
94967
94968
94971
94974
94976
94978
94980
94987
94989
94992
94993
94994
94996
94998
94999
95000
95004
95005
95006
95007
95009
95010
95011
95013
95014
95015
95017
95019
95020
95021
95024
95026
95027
95028
95032
95035
95038
95039
95040
95043
95046
95047
95048
95050
95051
95052
95053
95056
95059
95060
95061
95062
95063
95064
95065
95067
95073
95074
95075
95076
95081
95088
95090
95091
95093
95095
95096
95101
95105
95106
95108
95109
95110
95112
95117
95118
95120
95122
95124
95127
95131
95132
95133
95136
95137
95138
95139
95140
95143
95146
95148
95149
95155
95156
95157
95160
95161
95162
95163
95164
95172
95174
95176
95178
95179
95182
95183
95184
95185
95187
95188
95189
95190
95191
95195
95198
95199
95202
95206
95207
95208
95209
95211
95213
95214
95215
95218
95219
95220
95223
95231
95235
95238
95239
95240
95241
95242
95243
95244
95246
95253
95255
95256
95262
95269
95271
95272
95273
95274
95276
95280
95281
95282
95286
95288
95289
95290
95291
95293
95296
95297
95298
95299
95300
95302
95303
95304
95308
95309
95311
95317
95318
95321
95323
95326
95327
95330
95331
95332
95333
95334
95335
95337
95339
95343
95344
95348
95349
95351
95353
95354
95355
95356
95357
95358
95360
95362
95363
95365
95366
95368
95372
95373
95374
95377
95380
95382
95383
95384
95385
95387
95389
95394
95395
95397
95398
95401
95402
95403
95404
95406
95408
95410
95411
95412
95413
95415
95416
95421
95424
95425
95429
95431
95432
95435
95437
95442
95443
95444
95445
95446
95448
95449
95450
95451
95453
95454
95456
95458
95460
95462
95463
95465
95469
95471
95472
95473
95474
95478
95485
95488
95489
95491
95493
95495
95500
95501
95504
95505
95506
95507
95509
95513
95514
95515
95516
95517
95520
95521
95522
95523
95524
95525
95526
95527
95530
95531
95535
95536
95541
95542
95543
95544
95548
95551
95552
95554
95555
95556
95557
95558
95559
95560
95561
95565
95567
95568
95569
95571
95574
95575
95587
95588
95592
95593
95599
95600
95601
95602
95604
95609
95610
95615
95617
95618
95619
95620
95622
95623
95624
95626
95627
95628
95629
95634
95635
95636
95639
95641
95642
95646
95648
95649
95651
95653
95655
95658
95660
95664
95667
95668
95674
95675
95677
95678
95680
95682
95688
95689
95690
95691
95693
95694
95695
95696
95700
95701
95702
95704
95705
95707
95708
95709
95713
95718
95722
95723
95726
95727
95728
95729
95730
95731
95732
95733
95734
95735
95739
95740
95742
95743
95744
95745
95748
95750
95751
95752
95753
95754
95756
95757
95758
95759
95761
95762
95764
95765
95766
95769
95770
95773
95774
95775
95777
95779
95780
95783
95784
95785
95786
95792
95794
95800
95801
95803
95806
95807
95811
95812
95815
95818
95819
95820
95821
95823
95824
95825
95827
95828
95829
95832
95833
95834
95837
95838
95841
95847
95850
95857
95859
95863
95864
95865
95867
95868
95871
95873
95877
95880
95881
95883
95884
95885
95886
95888
95889
95894
95895
95898
95899
95906
95907
95909
95911
95912
95913
95914
95918
95920
95923
95925
95926
95936
95937
95938
95939
95940
95941
95945
95949
95950
95954
95955
95958
95960
95962
95963
95965
95966
95967
95969
95971
95975
95978
95980
95984
95985
95987
95988
95990
95991
95994
95995
95996
95997
96003
96006
96007
96012
96013
96016
96018
96019
96022
96023
96025
96028
96029
96032
96034
96039
96042
96045
96046
96048
96049
96050
96051
96052
96054
96056
96058
96059
96061
96062
96066
96067
96070
96072
96074
96078
96079
96080
96081
96082
96084
96087
96089
96091
96093
96095
96096
96097
96099
96104
96105
96107
96108
96109
96110
96112
96113
96117
96121
96122
96123
96124
96125
96127
96128
96135
96136
96137
96140
96142
96144
96145
96146
96148
96149
96152
96154
96155
96158
96159
96161
96163
96165
96166
96167
96169
96170
96172
96173
96176
96177
96179
96180
96184
96186
96187
96188
96193
96195
96206
96207
96211
96214
96215
96218
96220
96221
96223
96226
96227
96229
96230
96231
96232
96233
96237
96238
96240
96242
96247
96248
96251
96252
96253
96256
96261
96262
96263
96264
96265
96266
96268
96272
96275
96277
96278
96280
96281
96283
96284
96286
96288
96289
96290
96291
96293
96296
96297
96303
96307
96308
96312
96314
96316
96318
96321
96322
96324
96326
96327
96330
96332
96336
96338
96340
96341
96342
96343
96345
96346
96347
96348
96349
96350
96352
96354
96355
96360
96362
96363
96364
96365
96367
96368
96369
96370
96374
96375
96376
96377
96378
96379
96380
96382
96384
96386
96387
96389
96390
96393
96394
96395
96397
96403
96404
96407
96411
96413
96415
96416
96418
96421
96427
96432
96433
96434
96435
96436
96437
96438
96440
96442
96444
96447
96448
96453
96454
96455
96457
96459
96460
96461
96463
96465
96467
96469
96470
96475
96479
96481
96482
96483
96484
96486
96490
96491
96492
96494
96496
96498
96506
96507
96508
96511
96513
96514
96515
96516
96517
96519
96523
96524
96526
96528
96529
96531
96532
96533
96534
96540
96543
96545
96548
96551
96552
96553
96555
96558
96559
96560
96561
96562
96566
96568
96569
96571
96575
96577
96578
96580
96581
96584
96587
96588
96589
96590
96592
96594
96596
96598
96599
96602
96606
96609
96612
96614
96616
96621
96622
96623
96624
96626
96628
96630
96632
96636
96640
96642
96643
96644
96646
96648
96652
96654
96655
96658
96660
96663
96664
96665
96667
96668
96674
96675
96677
96681
96683
96684
96685
96687
96688
96689
96691
96695
96697
96698
96699
96700
96701
96703
96704
96705
96709
96710
96711
96717
96718
96719
96720
96721
96722
96723
96724
96731
96732
96733
96738
96746
96747
96749
96750
96751
96753
96755
96756
96757
96760
96761
96762
96765
96767
96770
96772
96774
96776
96777
96778
96779
96781
96783
96784
96785
96787
96791
96792
96797
96799
96801
96802
96804
96806
96807
96808
96809
96813
96816
96817
96819
96820
96821
96823
96825
96826
96829
96832
96833
96835
96839
96840
96841
96842
96843
96845
96849
96852
96854
96859
96861
96862
96863
96864
96865
96867
96868
96870
96871
96872
96873
96875
96878
96879
96880
96882
96883
96884
96885
96886
96888
96889
96890
96894
96896
96897
96898
96900
96901
96902
96903
96906
96911
96913
96914
96915
96916
96917
96918
96921
96927
96928
96929
96934
96942
96944
96947
96948
96949
96950
96952
96954
96955
96956
96960
96962
96963
96964
96967
96968
96969
96971
96972
96973
96976
96977
96980
96984
96986
96988
96989
96992
96994
97000
97002
97005
97007
97010
97011
97012
97014
97018
97021
97024
97025
97026
97027
97029
97035
97036
97040
97041
97042
97044
97045
97047
97048
97051
97053
97057
97058
97059
97060
97061
97062
97063
97064
97065
97072
97074
97076
97078
97079
97081
97082
97084
97085
97089
97090
97094
97096
97097
97098
97099
97100
97101
97102
97105
97106
97107
97108
97109
97110
97112
97116
97117
97119
97124
97125
97127
97128
97130
97131
97132
97138
97139
97141
97142
97144
97146
97148
97150
97151
97153
97154
97155
97158
97161
97162
97165
97166
97167
97168
97170
97171
97174
97175
97176
97177
97182
97183
97184
97185
97189
97193
97196
97197
97198
97199
97200
97201
97203
97204
97207
97210
97213
97214
97216
97217
97218
97224
97225
97227
97228
97229
97231
97234
97236
97238
97240
97247
97248
97249
97251
97253
97254
97257
97259
97262
97263
97264
97265
97266
97269
97270
97271
97274
97275
97276
97278
97279
97281
97282
97283
97284
97287
97288
97290
97291
97295
97296
97298
97299
97301
97303
97305
97307
97309
97311
97312
97313
97314
97315
97324
97326
97327
97330
97331
97337
97340
97341
97342
97344
97346
97347
97349
97350
97351
97354
97355
97356
97357
97358
97360
97361
97363
97364
97368
97369
97370
97372
97380
97381
97382
97385
97386
97389
97392
97393
97398
97402
97404
97405
97408
97409
97411
97413
97415
97417
97418
97424
97430
97433
97434
97437
97438
97442
97443
97444
97446
97447
97454
97456
97460
97462
97464
97465
97466
97467
97472
97475
97476
97480
97484
97485
97486
97488
97489
97490
97492
97493
97496
97497
97500
97501
97504
97506
97509
97510
97512
97514
97516
97525
97526
97527
97528
97529
97534
97535
97538
97544
97545
97546
97550
97551
97553
97554
97556
97557
97558
97559
97560
97561
97563
97564
97565
97566
97568
97569
97571
97573
97574
97575
97576
97577
97578
97579
97581
97582
97583
97586
97590
97591
97594
97596
97598
97601
97607
97608
97610
97611
97612
97614
97615
97616
97617
97619
97620
97624
97625
97626
97629
97631
97632
97633
97634
97636
97637
97638
97642
97643
97646
97647
97649
97651
97652
97653
97654
97655
97656
97661
97666
97667
97668
97669
97672
97673
97674
97676
97678
97682
97683
97695
97696
97698
97699
97701
97702
97703
97704
97705
97707
97708
97709
97714
97715
97719
97720
97724
97725
97727
97728
97729
97731
97734
97735
97736
97737
97741
97742
97743
97750
97751
97752
97755
97756
97758
97759
97761
97762
97765
97769
97774
97776
97777
97780
97782
97786
97788
97789
97791
97792
97793
97794
97795
97796
97801
97804
97805
97808
97809
97811
97812
97813
97815
97816
97819
97821
97823
97826
97830
97835
97839
97842
97844
97845
97850
97855
97856
97857
97858
97859
97861
97866
97869
97870
97873
97875
97877
97878
97879
97880
97881
97882
97886
97887
97888
97889
97891
97892
97895
97898
97899
97900
97902
97904
97906
97908
97910
97911
97913
97916
97918
97922
97923
97926
97927
97930
97932
97934
97935
97936
97937
97939
97940
97941
97942
97950
97952
97955
97956
97957
97958
97961
97962
97963
97964
97969
97971
97973
97974
97977
97981
97982
97985
97986
97987
97988
97989
97992
97993
97994
97998
98001
98002
98003
98004
98007
98010
98011
98012
98013
98014
98015
98016
98019
98020
98022
98025
98027
98029
98030
98031
98033
98035
98037
98039
98040
98045
98046
98047
98048
98049
98050
98054
98057
98058
98059
98060
98061
98064
98070
98076
98078
98079
98080
98081
98082
98083
98084
98086
98088
98089
98090
98092
98098
98099
98102
98106
98107
98108
98110
98111
98112
98114
98117
98118
98122
98125
98126
98127
98128
98129
98134
98135
98140
98141
98143
98144
98146
98147
98149
98150
98152
98155
98156
98158
98159
98161
98162
98164
98166
98167
98169
98172
98178
98180
98182
98184
98186
98188
98189
98191
98193
98194
98195
98198
98200
98209
98210
98213
98216
98221
98222
98226
98230
98232
98233
98234
98235
98236
98238
98239
98240
98243
98244
98245
98246
98247
98249
98251
98253
98254
98255
98256
98258
98259
98262
98265
98266
98267
98269
98275
98277
98279
98280
98281
98283
98284
98285
98289
98291
98292
98293
98295
98296
98297
98298
98305
98308
98309
98310
98311
98312
98314
98315
98316
98319
98323
98325
98329
98330
98331
98334
98340
98341
98343
98344
98347
98348
98349
98350
98352
98354
98355
98359
98362
98363
98364
98365
98367
98368
98371
98372
98374
98375
98376
98377
98381
98384
98385
98386
98387
98388
98389
98390
98393
98395
98396
98398
98399
98402
98408
98412
98414
98416
98419
98424
98427
98428
98429
98430
98431
98432
98433
98435
98439
98441
98444
98445
98446
98447
98449
98451
98453
98455
98456
98457
98459
98468
98469
98470
98472
98474
98475
98476
98477
98481
98482
98483
98485
98488
98498
98500
98502
98504
98505
98507
98508
98509
98512
98513
98514
98515
98516
98517
98520
98521
98525
98528
98529
98534
98535
98536
98537
98542
98546
98547
98548
98549
98550
98551
98553
98555
98557
98558
98559
98563
98568
98570
98571
98574
98575
98577
98578
98579
98581
98582
98584
98586
98589
98591
98592
98593
98596
98597
98600
98601
98604
98606
98608
98609
98610
98614
98616
98621
98622
98623
98624
98625
98626
98628
98630
98633
98635
98636
98637
98639
98641
98642
98644
98648
98649
98651
98652
98654
98655
98659
98661
98663
98664
98665
98666
98668
98672
98673
98676
98677
98687
98688
98689
98692
98693
98694
98697
98699
98700
98702
98704
98705
98706
98707
98708
98710
98712
98713
98715
98716
98718
98719
98721
98723
98728
98729
98730
98732
98733
98734
98735
98737
98738
98739
98740
98741
98742
98745
98747
98748
98749
98750
98751
98754
98757
98760
98763
98769
98770
98771
98772
98774
98777
98780
98781
98784
98785
98786
98789
98792
98793
98794
98796
98797
98798
98803
98804
98805
98811
98812
98814
98816
98817
98818
98820
98823
98824
98826
98829
98830
98833
98835
98836
98837
98841
98844
98846
98849
98854
98855
98858
98860
98862
98863
98864
98866
98867
98870
98874
98875
98878
98887
98888
98889
98891
98893
98895
98896
98898
98900
98903
98905
98908
98910
98912
98913
98915
98916
98922
98926
98929
98930
98932
98938
98940
98941
98943
98944
98945
98946
98947
98949
98952
98956
98958
98962
98964
98965
98967
98969
98970
98973
98974
98976
98978
98979
98981
98982
98984
98989
98992
98994
98995
98996
98999
99000
99004
99008
99009
99010
99011
99012
99013
99015
99016
99017
99020
99022
99023
99028
99031
99032
99034
99036
99038
99039
99045
99047
99048
99049
99050
99051
99054
99056
99057
99058
99060
99061
99065
99068
99072
99075
99080
99083
99084
99085
99088
99089
99091
99094
99099
99101
99102
99103
99104
99106
99111
99112
99113
99114
99115
99117
99118
99121
99122
99123
99128
99129
99130
99132
99134
99135
99136
99137
99138
99140
99141
99142
99144
99145
99148
99149
99151
99154
99155
99158
99160
99162
99163
99165
99167
99168
99169
99171
99172
99173
99180
99181
99182
99183
99186
99190
99195
99196
99197
99198
99199
99200
99202
99203
99204
99208
99210
99216
99217
99218
99219
99221
99222
99226
99228
99232
99233
99234
99238
99239
99240
99241
99242
99244
99245
99246
99250
99251
99252
99253
99254
99260
99261
99262
99267
99271
99272
99273
99275
99276
99284
99285
99286
99288
99289
99291
99295
99298
99299
99300
99301
99302
99304
99305
99306
99307
99312
99314
99315
99317
99319
99320
99322
99324
99328
99330
99333
99334
99335
99336
99338
99339
99340
99341
99342
99344
99345
99346
99348
99350
99351
99355
99357
99359
99363
99364
99367
99370
99373
99375
99378
99379
99383
99384
99385
99390
99391
99392
99396
99399
99401
99402
99404
99406
99408
99409
99410
99414
99415
99417
99420
99421
99423
99424
99425
99427
99428
99432
99433
99434
99437
99441
99442
99445
99446
99447
99453
99454
99455
99459
99467
99469
99470
99471
99472
99474
99475
99476
99477
99478
99479
99480
99481
99482
99483
99487
99489
99491
99497
99501
99502
99504
99505
99507
99508
99509
99511
99512
99518
99519
99520
99521
99522
99523
99524
99525
99527
99530
99532
99533
99535
99538
99539
99541
99542
99544
99546
99547
99549
99550
99551
99552
99553
99554
99555
99557
99558
99560
99561
99563
99564
99566
99568
99569
99572
99576
99577
99578
99579
99580
99582
99583
99586
99589
99593
99600
99603
99608
99611
99613
99621
99625
99630
99632
99633
99636
99638
99639
99640
99641
99642
99644
99649
99651
99656
99658
99659
99660
99662
99663
99664
99666
99668
99670
99671
99672
99673
99674
99677
99681
99682
99683
99686
99689
99693
99694
99696
99698
99705
99706
99710
99711
99713
99714
99716
99717
99720
99724
99725
99726
99727
99730
99731
99732
99735
99736
99737
99740
99741
99745
99746
99748
99749
99750
99752
99753
99755
99756
99758
99763
99764
99770
99772
99773
99774
99776
99777
99778
99780
99782
99783
99785
99787
99788
99789
99790
99792
99794
99797
99800
99801
99802
99806
99809
99810
99812
99813
99818
99819
99820
99821
99831
99832
99833
99836
99839
99840
99841
99844
99847
99848
99849
99850
99851
99853
99854
99855
99856
99857
99860
99861
99862
99864
99867
99869
99870
99871
99872
99873
99876
99878
99879
99880
99881
99882
99886
99888
99889
99891
99895
99899
99903
99908
99909
99911
99914
99915
99916
99917
99919
99920
99923
99924
99925
99928
99929
99931
99932
99935
99937
99938
99940
99941
99945
99947
99952
99954
99956
99961
99962
99964
99966
99967
99970
99973
99974
99979
99982
99984
99985
99986
99987
99988
99989
99992
99995
99996
99997
99998
