3
4
5
6
8
13
14
15
18
19
22
23
28
29
31
34
38
41
44
46
47
48
49
50
51
55
57
60
61
62
63
65
66
68
69
70
72
73
74
78
79
82
84
86
89
91
92
93
94
97
99
100
105
106
110
113
114
116
117
119
120
123
124
129
130
131
132
135
137
140
141
143
147
149
151
152
160
164
165
166
168
169
170
171
174
175
176
177
180
181
182
183
184
185
187
188
189
193
194
197
198
200
201
207
213
215
216
218
221
222
224
225
226
228
233
239
240
241
243
245
246
251
252
254
257
258
259
260
263
265
266
267
271
272
273
274
276
278
280
281
283
286
298
300
302
306
307
308
309
312
313
314
316
317
318
319
324
326
327
329
331
332
335
336
337
338
339
340
344
346
348
351
352
353
354
357
358
360
361
366
367
374
379
381
382
384
386
387
390
391
392
394
396
397
398
403
405
406
407
409
410
411
417
419
420
421
422
423
424
426
428
432
433
435
437
438
439
440
441
445
446
447
451
452
453
455
456
457
458
459
460
464
465
467
469
470
471
472
473
474
477
478
483
484
485
490
492
494
495
497
500
502
503
504
505
507
511
516
517
518
519
521
522
524
525
526
527
530
531
533
535
536
538
540
541
543
547
551
552
553
555
556
557
558
559
560
564
568
569
570
571
579
583
584
585
586
587
590
595
596
598
599
601
604
608
616
619
620
621
623
624
626
627
629
631
635
642
643
644
647
656
658
659
661
662
665
667
670
671
675
677
682
683
684
685
686
687
690
691
693
694
700
701
702
705
706
709
711
713
714
715
716
719
720
721
722
725
726
728
729
730
731
732
733
735
738
739
740
743
746
748
752
754
757
758
759
760
761
764
765
767
768
772
773
774
777
778
780
783
784
785
787
789
790
793
795
796
797
798
799
801
806
807
808
809
812
816
819
820
823
827
828
829
830
831
832
833
838
839
841
842
844
846
847
856
858
859
860
862
863
866
867
869
870
876
878
880
884
885
887
888
889
891
893
894
895
898
899
901
902
903
905
906
907
909
913
916
919
921
922
924
925
929
931
932
933
936
937
939
940
941
942
944
945
949
952
953
957
958
959
960
963
965
967
968
969
971
973
974
976
977
978
979
980
981
982
983
988
994
998
1002
1004
1005
1006
1009
1010
1012
1014
1018
1019
1020
1021
1023
1025
1028
1031
1032
1036
1037
1038
1041
1042
1046
1047
1048
1050
1052
1053
1054
1055
1056
1058
1061
1064
1065
1066
1069
1071
1078
1079
1080
1082
1084
1085
1086
1088
1089
1091
1094
1096
1100
1101
1102
1103
1105
1107
1108
1111
1112
1114
1118
1119
1123
1126
1130
1131
1132
1133
1134
1135
1139
1140
1142
1143
1144
1146
1147
1148
1149
1150
1152
1153
1155
1157
1161
1162
1165
1166
1167
1168
1169
1170
1173
1175
1176
1177
1179
1180
1181
1185
1191
1193
1197
1199
1203
1205
1206
1208
1212
1215
1216
1218
1219
1223
1224
1227
1236
1237
1238
1240
1242
1244
1247
1249
1250
1252
1254
1257
1262
1264
1265
1267
1268
1271
1272
1275
1277
1278
1281
1284
1285
1287
1289
1290
1291
1293
1296
1301
1302
1303
1305
1306
1308
1309
1312
1314
1315
1316
1317
1318
1319
1320
1321
1324
1325
1327
1328
1330
1331
1337
1340
1345
1351
1352
1358
1359
1360
1362
1364
1368
1369
1370
1372
1373
1375
1376
1377
1379
1381
1386
1388
1389
1390
1392
1393
1395
1396
1397
1399
1400
1402
1404
1406
1410
1412
1414
1416
1417
1418
1421
1422
1423
1425
1429
1430
1431
1432
1433
1436
1437
1438
1440
1441
1442
1445
1446
1449
1452
1454
1457
1458
1460
1461
1465
1471
1473
1476
1477
1478
1481
1485
1488
1489
1490
1491
1492
1494
1495
1497
1499
1500
1501
1504
1505
1507
1509
1510
1511
1512
1515
1518
1519
1521
1525
1534
1535
1536
1537
1538
1539
1540
1544
1546
1547
1548
1549
1551
1552
1554
1555
1560
1561
1563
1567
1570
1573
1574
1575
1578
1579
1580
1586
1587
1591
1596
1597
1600
1601
1602
1603
1604
1606
1608
1613
1614
1622
1623
1624
1626
1627
1629
1632
1633
1634
1638
1640
1641
1642
1643
1646
1650
1652
1653
1654
1655
1663
1665
1666
1667
1668
1674
1676
1678
1679
1680
1681
1683
1684
1685
1687
1688
1690
1691
1694
1697
1698
1704
1706
1707
1708
1710
1711
1712
1713
1715
1718
1719
1721
1722
1724
1725
1726
1728
1732
1736
1737
1749
1750
1753
1754
1755
1758
1759
1761
1762
1763
1765
1767
1768
1769
1772
1774
1776
1778
1781
1782
1786
1788
1790
1791
1797
1798
1800
1801
1802
1804
1805
1806
1807
1808
1814
1816
1817
1818
1819
1821
1823
1824
1827
1830
1831
1834
1835
1840
1841
1842
1845
1848
1853
1854
1856
1857
1858
1859
1861
1862
1865
1866
1868
1869
1872
1873
1875
1876
1877
1880
1885
1886
1887
1889
1890
1891
1892
1893
1896
1897
1898
1900
1901
1906
1911
1912
1913
1916
1917
1918
1920
1921
1922
1923
1924
1925
1927
1931
1935
1936
1940
1943
1944
1945
1946
1948
1951
1952
1953
1956
1957
1958
1959
1960
1961
1963
1966
1968
1969
1970
1971
1974
1975
1976
1979
1983
1984
1988
1990
1992
1995
1997
1998
1999
2000
2001
2002
2005
2006
2007
2008
2010
2012
2014
2017
2021
2022
2023
2025
2028
2029
2030
2035
2038
2040
2043
2044
2045
2047
2049
2052
2053
2055
2057
2058
2059
2060
2062
2063
2064
2066
2070
2076
2077
2081
2084
2085
2087
2088
2090
2091
2093
2095
2096
2097
2098
2099
2100
2103
2104
2106
2107
2109
2110
2111
2114
2115
2116
2118
2119
2121
2123
2124
2126
2128
2131
2132
2133
2135
2140
2146
2147
2148
2149
2150
2163
2164
2166
2167
2168
2169
2176
2177
2178
2180
2181
2182
2186
2187
2188
2190
2191
2193
2196
2197
2199
2201
2204
2206
2210
2211
2212
2213
2214
2217
2219
2220
2221
2222
2225
2228
2229
2230
2235
2238
2240
2244
2245
2247
2248
2249
2253
2254
2255
2256
2258
2259
2262
2263
2266
2267
2270
2271
2276
2277
2278
2279
2280
2283
2286
2289
2290
2291
2292
2293
2294
2298
2300
2301
2302
2304
2308
2309
2311
2315
2317
2319
2320
2321
2325
2326
2332
2333
2334
2335
2338
2343
2345
2346
2350
2352
2356
2361
2365
2367
2369
2370
2372
2373
2374
2378
2379
2380
2381
2382
2385
2387
2391
2394
2396
2399
2400
2401
2403
2405
2406
2407
2409
2411
2413
2414
2415
2416
2418
2419
2421
2422
2423
2426
2428
2429
2430
2431
2435
2436
2439
2441
2442
2445
2448
2453
2456
2458
2460
2461
2462
2466
2467
2469
2470
2471
2473
2474
2475
2478
2479
2481
2484
2487
2489
2491
2492
2497
2498
2502
2503
2504
2508
2511
2513
2515
2516
2517
2518
2521
2526
2527
2529
2530
2536
2538
2545
2549
2551
2553
2554
2556
2559
2561
2565
2566
2567
2568
2569
2571
2573
2577
2579
2580
2582
2583
2585
2586
2587
2589
2591
2593
2595
2596
2599
2601
2602
2603
2605
2606
2609
2611
2613
2614
2617
2618
2620
2622
2623
2624
2628
2631
2632
2635
2636
2638
2641
2642
2644
2646
2650
2653
2657
2659
2662
2664
2665
2666
2667
2668
2669
2670
2671
2676
2678
2679
2680
2683
2687
2688
2690
2691
2692
2698
2699
2702
2703
2708
2709
2712
2714
2718
2719
2721
2722
2725
2727
2728
2731
2734
2736
2738
2741
2743
2744
2747
2749
2751
2756
2760
2763
2764
2765
2767
2768
2769
2771
2773
2777
2779
2780
2781
2782
2784
2785
2786
2788
2789
2790
2791
2792
2795
2796
2801
2802
2804
2806
2807
2809
2810
2812
2814
2817
2818
2820
2821
2822
2827
2828
2829
2830
2831
2832
2834
2841
2842
2846
2848
2849
2850
2851
2854
2855
2863
2868
2870
2871
2872
2874
2877
2878
2881
2883
2884
2885
2886
2887
2889
2897
2898
2902
2904
2905
2908
2909
2910
2914
2916
2917
2918
2919
2920
2921
2922
2923
2924
2925
2928
2929
2931
2934
2935
2937
2938
2941
2942
2943
2944
2945
2946
2948
2949
2950
2951
2952
2953
2954
2960
2961
2962
2963
2964
2966
2967
2968
2971
2972
2973
2975
2978
2979
2980
2983
2985
2990
2996
2997
2998
2999
3000
3001
3003
3005
3006
3018
3019
3020
3023
3024
3030
3031
3034
3036
3037
3039
3040
3041
3043
3045
3046
3048
3049
3051
3053
3056
3058
3060
3061
3062
3065
3066
3069
3071
3073
3074
3075
3077
3082
3089
3092
3093
3094
3095
3096
3097
3098
3101
3102
3104
3105
3107
3108
3109
3110
3112
3114
3116
3120
3122
3124
3128
3129
3133
3135
3137
3139
3141
3142
3145
3146
3147
3151
3152
3154
3155
3158
3165
3169
3172
3173
3174
3178
3179
3181
3182
3186
3188
3189
3190
3191
3193
3194
3198
3199
3201
3203
3205
3206
3208
3209
3210
3212
3214
3216
3218
3222
3226
3227
3228
3230
3231
3232
3233
3235
3236
3237
3238
3239
3242
3244
3246
3247
3248
3250
3254
3256
3258
3261
3264
3266
3267
3268
3270
3271
3277
3279
3280
3282
3284
3287
3290
3292
3293
3295
3297
3299
3300
3301
3302
3303
3304
3305
3308
3312
3313
3316
3318
3321
3322
3323
3327
3328
3330
3332
3333
3336
3337
3338
3342
3345
3347
3348
3350
3352
3355
3356
3357
3358
3363
3364
3366
3367
3368
3374
3375
3376
3378
3381
3382
3383
3384
3389
3391
3393
3395
3396
3397
3400
3401
3402
3404
3405
3407
3408
3409
3410
3415
3416
3417
3422
3427
3431
3432
3436
3437
3438
3440
3441
3442
3447
3448
3455
3456
3458
3460
3461
3463
3464
3465
3466
3469
3471
3472
3473
3474
3479
3480
3481
3482
3483
3484
3485
3486
3487
3489
3490
3492
3495
3496
3501
3502
3503
3504
3505
3508
3510
3512
3514
3515
3517
3519
3521
3524
3527
3529
3531
3532
3535
3536
3537
3543
3544
3546
3547
3548
3551
3552
3553
3556
3559
3561
3562
3566
3567
3571
3572
3573
3577
3579
3584
3585
3589
3590
3591
3592
3593
3594
3599
3600
3602
3603
3604
3605
3607
3609
3612
3616
3617
3618
3619
3620
3621
3622
3624
3625
3626
3627
3628
3629
3630
3635
3637
3640
3641
3642
3643
3644
3645
3647
3650
3652
3654
3657
3659
3660
3663
3666
3667
3668
3670
3671
3672
3674
3676
3677
3678
3684
3685
3689
3690
3693
3694
3695
3696
3703
3706
3707
3708
3713
3714
3716
3717
3719
3720
3722
3724
3727
3729
3731
3732
3734
3741
3742
3746
3747
3748
3749
3751
3752
3753
3754
3757
3761
3762
3763
3764
3767
3770
3771
3772
3773
3775
3776
3778
3779
3780
3784
3786
3788
3797
3799
3801
3807
3808
3809
3811
3812
3818
3820
3822
3823
3824
3827
3830
3833
3834
3836
3841
3842
3848
3851
3855
3857
3858
3860
3861
3863
3865
3867
3868
3869
3873
3874
3876
3877
3878
3881
3882
3883
3885
3887
3888
3890
3892
3894
3897
3898
3899
3900
3901
3905
3906
3907
3909
3910
3912
3913
3914
3915
3918
3919
3923
3926
3929
3932
3935
3936
3940
3941
3942
3943
3944
3947
3953
3955
3956
3957
3959
3961
3962
3963
3964
3967
3972
3973
3974
3975
3977
3978
3979
3980
3983
3985
3987
3988
3989
3990
3991
3993
4001
4002
4003
4004
4007
4008
4009
4010
4012
4016
4021
4023
4024
4026
4027
4032
4033
4034
4036
4037
4038
4040
4046
4048
4050
4052
4056
4058
4059
4060
4062
4064
4065
4066
4067
4071
4074
4077
4079
4080
4081
4082
4083
4086
4090
4092
4094
4097
4098
4099
4100
4101
4102
4103
4104
4105
4106
4111
4115
4120
4123
4124
4126
4129
4131
4133
4137
4139
4140
4143
4144
4147
4148
4150
4152
4155
4156
4157
4158
4159
4160
4161
4163
4164
4165
4166
4169
4173
4174
4175
4176
4177
4179
4181
4183
4185
4186
4187
4188
4189
4194
4198
4200
4201
4203
4204
4205
4206
4208
4209
4213
4214
4218
4220
4221
4222
4225
4227
4229
4231
4232
4234
4235
4237
4240
4244
4245
4246
4247
4248
4250
4252
4253
4256
4258
4261
4262
4263
4265
4266
4267
4269
4270
4271
4272
4275
4276
4277
4279
4284
4288
4289
4290
4291
4293
4294
4295
4299
4300
4303
4304
4305
4308
4312
4314
4317
4321
4322
4323
4324
4327
4330
4331
4334
4338
4339
4341
4342
4344
4345
4346
4349
4350
4352
4355
4357
4358
4361
4362
4364
4365
4366
4370
4373
4374
4378
4380
4381
4385
4387
4388
4389
4390
4396
4401
4404
4405
4407
4408
4410
4412
4415
4419
4420
4421
4423
4426
4429
4433
4434
4435
4438
4439
4442
4444
4448
4449
4451
4452
4454
4456
4459
4461
4465
4467
4468
4470
4471
4477
4482
4483
4484
4485
4488
4492
4493
4494
4495
4496
4499
4500
4502
4504
4506
4507
4509
4512
4517
4518
4519
4520
4521
4522
4526
4528
4529
4531
4532
4533
4535
4536
4537
4538
4540
4545
4546
4547
4548
4549
4551
4552
4553
4554
4559
4561
4562
4563
4565
4566
4569
4570
4571
4572
4576
4580
4583
4586
4595
4597
4601
4602
4603
4607
4608
4609
4611
4613
4615
4617
4620
4621
4622
4624
4627
4628
4630
4632
4633
4634
4636
4639
4641
4642
4643
4644
4647
4650
4651
4653
4654
4655
4658
4659
4660
4661
4662
4663
4664
4665
4670
4675
4676
4677
4680
4681
4682
4685
4686
4692
4694
4695
4696
4699
4700
4704
4707
4708
4710
4713
4714
4720
4721
4722
4723
4724
4726
4727
4730
4731
4733
4735
4736
4737
4739
4741
4745
4747
4748
4749
4751
4752
4755
4758
4759
4760
4761
4764
4765
4768
4769
4770
4774
4781
4783
4787
4790
4791
4792
4793
4794
4795
4804
4805
4807
4809
4811
4812
4814
4815
4817
4818
4819
4820
4821
4824
4826
4827
4828
4829
4830
4831
4834
4835
4836
4839
4841
4845
4850
4851
4852
4855
4858
4860
4863
4865
4866
4867
4868
4871
4872
4873
4876
4877
4882
4883
4884
4885
4887
4889
4890
4892
4899
4902
4903
4904
4905
4909
4910
4913
4914
4918
4919
4920
4923
4925
4927
4929
4931
4936
4937
4938
4940
4941
4942
4946
4947
4948
4949
4950
4951
4952
4954
4956
4958
4961
4962
4964
4967
4969
4974
4977
4981
4982
4983
4986
4987
4988
4991
4993
4995
5002
5003
5004
5005
5010
5012
5015
5016
5019
5020
5021
5022
5023
5025
5026
5028
5029
5031
5033
5034
5039
5040
5041
5043
5044
5046
5050
5051
5052
5053
5055
5057
5058
5059
5063
5066
5072
5075
5079
5083
5085
5086
5087
5088
5095
5097
5101
5104
5105
5107
5108
5109
5112
5113
5114
5115
5117
5118
5120
5121
5123
5124
5125
5127
5128
5129
5130
5133
5137
5138
5139
5141
5143
5144
5147
5148
5150
5152
5153
5154
5156
5157
5158
5159
5160
5161
5164
5165
5166
5167
5168
5170
5171
5174
5176
5178
5179
5180
5182
5186
5187
5188
5191
5192
5194
5195
5197
5198
5200
5201
5203
5206
5209
5211
5213
5215
5216
5218
5219
5221
5231
5233
5234
5242
5243
5245
5246
5253
5256
5257
5261
5262
5264
5265
5266
5267
5271
5272
5274
5275
5276
5277
5278
5279
5282
5283
5284
5285
5287
5293
5294
5295
5298
5304
5305
5306
5307
5308
5309
5311
5315
5316
5318
5319
5320
5323
5325
5328
5329
5333
5335
5338
5339
5348
5349
5350
5351
5356
5358
5359
5361
5362
5364
5365
5368
5369
5371
5377
5378
5380
5382
5387
5389
5391
5394
5395
5396
5397
5399
5401
5402
5405
5406
5408
5412
5413
5416
5420
5423
5424
5425
5429
5431
5434
5435
5439
5440
5441
5443
5444
5445
5446
5448
5449
5450
5451
5452
5453
5456
5457
5458
5463
5465
5467
5468
5470
5471
5478
5479
5482
5484
5485
5486
5488
5489
5491
5492
5494
5495
5499
5500
5503
5505
5506
5507
5509
5510
5511
5512
5513
5518
5521
5523
5524
5529
5530
5531
5532
5535
5537
5538
5541
5543
5544
5545
5546
5547
5548
5549
5550
5553
5558
5559
5562
5564
5566
5567
5568
5570
5575
5576
5578
5584
5587
5588
5589
5592
5593
5595
5596
5598
5600
5603
5604
5605
5606
5607
5608
5611
5613
5616
5618
5624
5626
5627
5628
5629
5630
5632
5635
5638
5640
5641
5643
5645
5648
5651
5652
5654
5656
5657
5658
5659
5662
5665
5666
5667
5668
5669
5670
5676
5677
5678
5682
5684
5686
5687
5688
5690
5691
5694
5695
5697
5698
5700
5702
5703
5705
5706
5708
5710
5711
5712
5713
5715
5716
5717
5718
5723
5728
5732
5735
5737
5739
5740
5743
5745
5746
5747
5750
5752
5756
5758
5763
5765
5766
5770
5774
5780
5782
5783
5784
5786
5789
5792
5794
5796
5797
5800
5801
5802
5803
5804
5805
5806
5807
5811
5814
5815
5816
5817
5818
5819
5821
5822
5826
5827
5829
5831
5833
5836
5838
5843
5844
5846
5852
5853
5854
5855
5856
5860
5861
5862
5867
5868
5869
5870
5874
5876
5878
5882
5885
5886
5887
5888
5889
5892
5894
5895
5896
5900
5901
5912
5914
5915
5917
5918
5921
5923
5929
5930
5931
5932
5936
5938
5941
5942
5943
5944
5945
5947
5948
5949
5950
5951
5952
5954
5955
5956
5957
5958
5965
5967
5968
5970
5972
5975
5976
5977
5980
5981
5982
5984
5986
5988
5989
5990
5994
5995
5996
6003
6006
6009
6010
6013
6014
6015
6016
6017
6018
6021
6022
6023
6024
6025
6027
6028
6029
6033
6034
6039
6040
6041
6042
6043
6044
6045
6046
6050
6053
6054
6057
6058
6061
6062
6064
6066
6068
6069
6070
6071
6074
6076
6078
6079
6082
6084
6085
6087
6090
6094
6095
6096
6097
6098
6104
6105
6106
6109
6110
6114
6115
6118
6119
6123
6124
6125
6127
6128
6129
6130
6131
6132
6136
6137
6138
6140
6143
6144
6145
6146
6147
6148
6149
6154
6155
6156
6157
6160
6164
6166
6167
6168
6169
6171
6172
6173
6174
6175
6176
6180
6182
6187
6192
6193
6199
6200
6201
6204
6205
6206
6207
6208
6210
6212
6213
6217
6218
6222
6223
6225
6229
6232
6234
6237
6239
6240
6241
6248
6251
6252
6256
6257
6259
6261
6262
6263
6265
6268
6271
6273
6275
6278
6281
6284
6287
6289
6290
6291
6292
6293
6300
6302
6303
6304
6310
6311
6314
6318
6322
6323
6324
6325
6327
6329
6334
6336
6338
6341
6342
6343
6346
6347
6352
6353
6356
6358
6359
6360
6361
6363
6365
6366
6368
6369
6371
6373
6375
6379
6381
6382
6386
6388
6389
6390
6391
6392
6393
6394
6397
6398
6400
6402
6405
6407
6411
6413
6414
6416
6418
6419
6420
6422
6423
6425
6427
6428
6430
6432
6434
6436
6438
6439
6440
6441
6442
6447
6448
6453
6454
6455
6456
6459
6461
6465
6466
6472
6474
6478
6479
6481
6482
6483
6484
6485
6487
6489
6491
6492
6497
6501
6502
6503
6504
6506
6507
6509
6510
6511
6512
6513
6515
6517
6518
6519
6522
6523
6524
6525
6530
6531
6533
6534
6541
6542
6543
6545
6547
6550
6555
6556
6557
6559
6561
6564
6565
6566
6567
6572
6576
6577
6578
6579
6582
6584
6587
6592
6593
6594
6595
6596
6599
6604
6607
6608
6610
6612
6614
6617
6619
6620
6623
6624
6625
6627
6629
6631
6632
6634
6636
6638
6639
6640
6642
6645
6646
6650
6651
6652
6653
6654
6655
6657
6658
6659
6660
6661
6663
6668
6671
6672
6673
6679
6680
6681
6684
6685
6686
6688
6691
6692
6693
6695
6696
6698
6699
6700
6703
6707
6710
6713
6714
6715
6716
6717
6719
6723
6724
6728
6730
6732
6733
6734
6736
6737
6744
6751
6753
6757
6759
6761
6763
6764
6765
6766
6774
6775
6783
6785
6786
6787
6788
6789
6790
6791
6792
6793
6801
6805
6806
6807
6809
6810
6813
6814
6815
6816
6818
6820
6822
6824
6827
6828
6831
6833
6835
6836
6837
6838
6839
6840
6841
6843
6845
6848
6854
6856
6860
6863
6867
6868
6869
6872
6876
6877
6879
6880
6881
6882
6883
6885
6888
6889
6890
6891
6892
6893
6894
6895
6896
6898
6904
6906
6909
6913
6914
6915
6917
6918
6920
6921
6922
6926
6927
6929
6931
6932
6933
6939
6941
6942
6944
6946
6948
6949
6954
6955
6956
6958
6959
6960
6961
6962
6965
6969
6971
6972
6973
6974
6975
6976
6977
6978
6979
6980
6987
6988
6990
6992
6995
7001
7003
7006
7007
7009
7011
7012
7013
7014
7015
7018
7021
7022
7023
7024
7026
7028
7030
7032
7036
7040
7041
7043
7044
7045
7047
7053
7059
7060
7061
7062
7063
7068
7072
7073
7074
7075
7076
7078
7079
7082
7083
7091
7093
7094
7096
7097
7098
7099
7101
7102
7103
7106
7108
7113
7115
7116
7117
7120
7121
7122
7124
7126
7128
7130
7131
7135
7138
7139
7142
7143
7145
7148
7149
7152
7153
7154
7156
7158
7160
7161
7162
7165
7166
7170
7172
7173
7175
7177
7178
7181
7182
7183
7184
7188
7194
7195
7199
7203
7206
7207
7208
7209
7210
7211
7212
7213
7214
7215
7217
7218
7219
7220
7221
7222
7228
7229
7230
7233
7234
7236
7237
7238
7242
7245
7248
7250
7251
7254
7255
7260
7264
7265
7270
7274
7275
7278
7279
7280
7281
7282
7284
7289
7292
7294
7297
7299
7301
7304
7306
7307
7310
7312
7313
7315
7318
7323
7327
7328
7329
7330
7331
7332
7334
7338
7339
7341
7342
7343
7347
7352
7353
7355
7356
7363
7364
7367
7368
7369
7370
7371
7374
7375
7376
7378
7385
7388
7389
7391
7395
7399
7400
7401
7403
7405
7408
7409
7410
7412
7416
7417
7418
7419
7421
7426
7427
7428
7430
7431
7432
7433
7436
7437
7440
7441
7442
7444
7445
7447
7451
7455
7456
7457
7458
7459
7461
7462
7463
7465
7466
7467
7469
7471
7472
7476
7477
7479
7480
7482
7483
7484
7488
7490
7491
7493
7494
7496
7497
7498
7499
7507
7508
7509
7511
7513
7515
7516
7517
7519
7521
7522
7528
7529
7530
7531
7532
7534
7538
7539
7541
7544
7545
7546
7551
7552
7554
7555
7556
7558
7559
7562
7563
7564
7567
7568
7570
7572
7574
7577
7579
7583
7588
7590
7591
7592
7593
7596
7597
7598
7599
7601
7602
7603
7605
7606
7607
7609
7610
7614
7619
7621
7623
7625
7632
7634
7635
7638
7640
7641
7642
7644
7647
7654
7658
7659
7662
7663
7664
7665
7666
7667
7668
7669
7670
7672
7674
7675
7676
7677
7680
7681
7682
7683
7684
7687
7688
7692
7694
7695
7696
7698
7701
7702
7703
7707
7708
7711
7714
7715
7716
7718
7720
7723
7726
7728
7729
7731
7732
7736
7738
7740
7741
7742
7745
7750
7751
7752
7753
7757
7758
7759
7760
7763
7765
7767
7768
7769
7771
7773
7774
7776
7778
7780
7784
7787
7789
7790
7793
7794
7798
7801
7804
7808
7809
7810
7811
7812
7816
7819
7820
7821
7824
7825
7826
7827
7828
7829
7830
7831
7832
7836
7837
7841
7845
7846
7849
7853
7854
7855
7859
7861
7863
7864
7867
7869
7871
7872
7874
7877
7880
7881
7882
7884
7885
7886
7888
7889
7890
7900
7903
7904
7906
7907
7911
7912
7913
7914
7918
7920
7921
7922
7924
7925
7926
7929
7931
7932
7933
7937
7939
7940
7942
7943
7945
7947
7951
7954
7955
7958
7959
7960
7963
7964
7967
7968
7975
7978
7979
7980
7982
7983
7985
7987
7988
7989
7990
7991
7992
7993
7994
8001
8002
8005
8006
8008
8009
8011
8012
8014
8017
8021
8022
8024
8025
8029
8031
8033
8036
8039
8040
8041
8046
8048
8049
8050
8052
8054
8061
8063
8064
8066
8067
8068
8070
8072
8073
8074
8075
8077
8079
8080
8082
8083
8085
8087
8091
8092
8093
8097
8098
8099
8100
8101
8103
8104
8106
8107
8108
8109
8110
8113
8114
8118
8119
8122
8123
8124
8125
8127
8131
8132
8133
8134
8137
8138
8141
8142
8143
8144
8145
8146
8150
8153
8154
8156
8157
8158
8159
8160
8161
8167
8169
8171
8175
8177
8179
8180
8182
8183
8185
8188
8189
8191
8195
8196
8198
8199
8201
8202
8203
8204
8206
8208
8209
8212
8213
8214
8217
8218
8223
8226
8229
8231
8232
8234
8238
8240
8241
8243
8251
8254
8256
8258
8262
8263
8269
8270
8273
8275
8276
8278
8279
8281
8282
8284
8286
8288
8289
8291
8295
8297
8298
8301
8304
8307
8308
8309
8311
8315
8317
8318
8319
8320
8321
8322
8323
8324
8325
8328
8329
8331
8332
8334
8335
8338
8339
8341
8342
8343
8345
8347
8348
8349
8351
8352
8354
8357
8361
8362
8365
8366
8369
8370
8371
8374
8375
8378
8380
8381
8383
8385
8392
8393
8394
8397
8400
8401
8402
8404
8406
8408
8409
8410
8411
8412
8413
8419
8421
8424
8429
8430
8432
8433
8435
8436
8438
8442
8444
8448
8451
8453
8454
8455
8458
8459
8465
8466
8468
8470
8472
8473
8480
8483
8486
8487
8488
8491
8496
8497
8498
8500
8503
8504
8509
8510
8512
8513
8514
8518
8519
8520
8521
8524
8525
8528
8529
8531
8535
8536
8538
8540
8541
8546
8547
8548
8550
8551
8552
8554
8557
8564
8568
8569
8571
8574
8575
8578
8579
8580
8582
8585
8587
8589
8590
8593
8596
8599
8600
8601
8602
8604
8605
8610
8611
8612
8613
8614
8615
8616
8620
8621
8622
8623
8626
8627
8628
8629
8631
8632
8633
8635
8637
8638
8639
8640
8645
8647
8657
8664
8665
8667
8670
8672
8673
8674
8678
8679
8680
8681
8683
8685
8686
8688
8689
8690
8691
8692
8698
8699
8701
8702
8703
8704
8705
8706
8707
8708
8712
8713
8715
8716
8717
8719
8721
8722
8723
8724
8725
8727
8728
8732
8733
8735
8736
8737
8738
8739
8740
8745
8746
8747
8748
8751
8752
8753
8755
8756
8758
8759
8761
8766
8770
8771
8774
8775
8776
8778
8780
8781
8782
8783
8784
8785
8787
8789
8790
8792
8797
8801
8804
8805
8808
8810
8811
8813
8814
8820
8822
8823
8824
8831
8834
8836
8839
8845
8846
8847
8850
8851
8852
8853
8855
8856
8859
8861
8863
8864
8865
8866
8868
8869
8871
8872
8873
8875
8876
8877
8883
8886
8887
8894
8895
8898
8899
8901
8903
8904
8905
8906
8907
8909
8914
8915
8916
8917
8918
8924
8927
8930
8933
8935
8936
8940
8942
8944
8946
8947
8948
8950
8951
8956
8957
8959
8962
8966
8968
8970
8973
8979
8982
8983
8984
8985
8986
8989
8990
8994
8995
8997
8999
9001
9006
9007
9008
9014
9016
9017
9018
9019
9020
9021
9022
9026
9027
9028
9029
9030
9032
9034
9035
9037
9038
9039
9043
9044
9045
9048
9049
9050
9051
9055
9056
9057
9058
9060
9061
9064
9068
9072
9073
9076
9077
9079
9082
9083
9085
9086
9091
9093
9094
9096
9097
9098
9101
9102
9105
9106
9108
9110
9111
9114
9115
9116
9118
9120
9122
9123
9128
9129
9130
9131
9132
9133
9134
9135
9137
9142
9145
9146
9147
9153
9157
9164
9165
9167
9168
9171
9172
9173
9175
9176
9178
9179
9183
9187
9188
9190
9191
9193
9196
9200
9201
9202
9203
9204
9206
9207
9213
9216
9217
9218
9223
9224
9228
9232
9233
9234
9239
9240
9242
9245
9247
9250
9252
9255
9257
9259
9262
9267
9268
9269
9272
9273
9275
9277
9279
9283
9284
9285
9288
9290
9291
9292
9293
9294
9295
9297
9298
9300
9302
9306
9312
9314
9317
9320
9321
9322
9326
9327
9328
9331
9334
9335
9337
9338
9339
9340
9344
9345
9348
9349
9351
9355
9356
9357
9359
9363
9364
9365
9366
9367
9368
9370
9371
9374
9375
9376
9377
9379
9380
9381
9383
9384
9389
9395
9396
9400
9401
9403
9404
9405
9410
9412
9414
9415
9416
9417
9419
9420
9421
9424
9426
9430
9437
9438
9439
9440
9444
9445
9450
9451
9454
9456
9457
9458
9461
9462
9464
9465
9466
9467
9469
9471
9473
9474
9475
9478
9479
9480
9481
9483
9485
9486
9489
9490
9493
9494
9496
9497
9498
9500
9503
9504
9506
9507
9508
9509
9510
9511
9514
9515
9517
9520
9521
9523
9524
9526
9527
9528
9529
9533
9534
9535
9538
9540
9541
9543
9545
9546
9548
9549
9550
9554
9557
9558
9560
9562
9565
9566
9568
9569
9573
9576
9579
9581
9582
9583
9585
9590
9594
9596
9599
9603
9604
9605
9606
9609
9610
9614
9616
9617
9618
9619
9620
9621
9622
9623
9624
9626
9627
9630
9631
9636
9637
9638
9642
9644
9646
9649
9651
9652
9660
9662
9664
9666
9667
9668
9670
9672
9673
9674
9675
9676
9677
9679
9680
9681
9682
9684
9686
9687
9688
9690
9691
9696
9697
9698
9699
9701
9702
9703
9704
9707
9712
9714
9715
9717
9718
9720
9722
9725
9726
9727
9730
9731
9734
9736
9738
9739
9740
9742
9748
9749
9753
9755
9756
9760
9762
9764
9766
9768
9771
9773
9774
9776
9778
9781
9782
9783
9784
9786
9789
9790
9792
9793
9794
9797
9798
9800
9801
9802
9805
9808
9813
9815
9816
9817
9818
9819
9820
9821
9823
9827
9833
9834
9840
9846
9848
9849
9852
9854
9858
9860
9861
9864
9868
9869
9872
9873
9874
9875
9876
9877
9882
9885
9886
9889
9893
9896
9898
9900
9901
9908
9911
9913
9915
9916
9917
9918
9919
9921
9923
9925
9926
9927
9934
9935
9936
9938
9939
9940
9942
9944
9945
9949
9951
9952
9953
9954
9957
9959
9961
9962
9963
9964
9973
9974
9975
9978
9979
9982
9983
9988
9989
9990
9991
9993
9995
9998
9999
10000
10001
10002
10004
10005
10006
10007
10008
10009
10010
10012
10013
10014
10015
10016
10017
10019
10022
10023
10024
10028
10029
10030
10035
10036
10038
10040
10042
10045
10047
10050
10052
10053
10054
10055
10056
10059
10060
10063
10064
10065
10067
10069
10072
10077
10079
10080
10081
10082
10089
10090
10091
10098
10099
10101
10106
10108
10109
10111
10112
10114
10115
10116
10122
10123
10124
10126
10128
10132
10134
10135
10136
10137
10139
10140
10142
10144
10145
10146
10148
10150
10153
10156
10159
10161
10172
10173
10177
10178
10179
10181
10183
10184
10185
10186
10188
10189
10191
10192
10195
10197
10198
10199
10200
10201
10203
10205
10207
10208
10209
10210
10214
10216
10217
10219
10220
10221
10224
10231
10232
10233
10237
10239
10241
10244
10245
10248
10250
10253
10257
10259
10262
10264
10267
10268
10269
10272
10274
10275
10276
10277
10278
10280
10281
10284
10285
10286
10287
10288
10289
10290
10294
10297
10299
10301
10304
10306
10310
10311
10314
10317
10320
10323
10326
10327
10328
10329
10330
10332
10333
10338
10343
10344
10346
10348
10354
10355
10361
10362
10363
10364
10365
10367
10368
10370
10371
10372
10373
10374
10375
10376
10377
10378
10381
10384
10385
10387
10388
10389
10398
10399
10403
10408
10409
10410
10413
10415
10418
10419
10420
10422
10424
10426
10428
10429
10430
10432
10434
10436
10440
10441
10446
10447
10450
10451
10452
10453
10454
10455
10456
10458
10460
10463
10464
10465
10466
10468
10470
10472
10474
10477
10480
10481
10483
10484
10490
10493
10497
10498
10499
10500
10503
10504
10505
10507
10508
10509
10511
10512
10513
10515
10516
10517
10518
10519
10520
10521
10524
10525
10529
10531
10532
10533
10536
10538
10540
10542
10543
10548
10549
10552
10554
10555
10557
10561
10562
10564
10566
10567
10568
10569
10571
10574
10576
10585
10587
10588
10589
10592
10594
10595
10596
10597
10598
10602
10604
10605
10606
10611
10614
10615
10619
10620
10623
10625
10626
10627
10630
10631
10633
10636
10638
10641
10642
10643
10645
10647
10648
10657
10658
10660
10661
10663
10664
10665
10666
10669
10670
10671
10672
10673
10674
10675
10680
10681
10682
10683
10684
10685
10686
10689
10691
10692
10693
10694
10695
10696
10699
10701
10704
10706
10707
10708
10709
10711
10712
10715
10716
10717
10718
10721
10724
10726
10728
10729
10731
10732
10735
10741
10742
10743
10746
10747
10748
10749
10751
10753
10754
10757
10759
10760
10762
10763
10764
10765
10766
10771
10778
10783
10784
10787
10789
10792
10796
10798
10799
10802
10804
10809
10810
10811
10812
10814
10815
10816
10818
10819
10821
10822
10825
10827
10829
10834
10836
10837
10838
10840
10843
10845
10846
10847
10850
10851
10853
10854
10858
10860
10861
10864
10865
10866
10869
10870
10872
10874
10875
10876
10878
10882
10884
10889
10891
10893
10901
10904
10907
10909
10914
10918
10920
10922
10923
10925
10927
10928
10930
10931
10932
10933
10935
10937
10939
10941
10942
10944
10945
10947
10951
10953
10954
10955
10957
10960
10962
10963
10966
10968
10970
10973
10978
10979
10981
10982
10988
10992
10993
10994
10996
10998
10999
11000
11007
11008
11009
11011
11013
11016
11017
11018
11020
11026
11030
11031
11032
11034
11035
11039
11041
11042
11043
11048
11049
11052
11055
11057
11060
11061
11062
11063
11064
11067
11070
11072
11073
11076
11079
11080
11081
11082
11083
11084
11088
11090
11094
11098
11099
11103
11107
11113
11114
11116
11117
11120
11121
11126
11127
11128
11129
11131
11134
11136
11139
11140
11141
11143
11145
11146
11147
11149
11150
11154
11157
11159
11162
11163
11164
11166
11167
11168
11171
11172
11173
11174
11180
11181
11182
11184
11185
11186
11187
11188
11189
11190
11192
11200
11202
11203
11204
11206
11207
11208
11209
11210
11213
11214
11215
11216
11217
11219
11221
11222
11223
11226
11228
11230
11231
11232
11234
11235
11236
11238
11240
11245
11247
11248
11249
11250
11253
11257
11258
11262
11265
11268
11269
11274
11279
11281
11283
11287
11290
11294
11295
11298
11300
11301
11305
11306
11307
11308
11310
11316
11317
11318
11319
11321
11322
11324
11325
11327
11331
11332
11335
11336
11338
11341
11342
11344
11346
11347
11348
11349
11350
11351
11353
11354
11356
11357
11360
11363
11364
11366
11370
11371
11373
11377
11380
11382
11384
11385
11387
11389
11390
11391
11392
11394
11398
11399
11400
11402
11403
11406
11407
11409
11411
11412
11416
11418
11421
11422
11423
11425
11426
11429
11434
11439
11441
11442
11443
11444
11446
11448
11449
11452
11456
11457
11458
11459
11461
11463
11468
11469
11471
11472
11473
11474
11475
11476
11478
11479
11480
11482
11483
11485
11489
11491
11492
11493
11497
11498
11499
11504
11509
11515
11517
11521
11524
11526
11529
11533
11536
11539
11541
11542
11545
11547
11548
11551
11552
11554
11556
11558
11563
11564
11565
11567
11568
11570
11572
11575
11576
11577
11580
11581
11585
11586
11590
11591
11593
11598
11600
11605
11606
11607
11609
11610
11612
11613
11615
11616
11619
11620
11621
11628
11630
11631
11636
11637
11638
11639
11640
11642
11643
11645
11646
11647
11648
11649
11650
11651
11652
11653
11654
11655
11656
11657
11659
11660
11662
11666
11671
11674
11676
11677
11678
11680
11683
11684
11687
11688
11689
11693
11695
11696
11698
11700
11701
11704
11705
11706
11711
11714
11716
11718
11720
11721
11722
11723
11724
11725
11728
11730
11732
11733
11735
11736
11737
11742
11743
11748
11749
11750
11757
11760
11761
11766
11767
11769
11770
11772
11773
11775
11776
11777
11779
11781
11783
11787
11788
11789
11795
11797
11802
11803
11804
11807
11808
11809
11810
11812
11815
11819
11820
11822
11823
11824
11825
11828
11829
11833
11834
11835
11836
11837
11839
11842
11844
11845
11846
11847
11848
11850
11851
11852
11855
11856
11858
11859
11861
11863
11864
11865
11866
11867
11870
11877
11878
11879
11880
11881
11883
11884
11888
11890
11891
11895
11896
11897
11898
11902
11904
11905
11906
11907
11909
11911
11912
11916
11917
11919
11921
11923
11925
11926
11927
11929
11931
11934
11935
11936
11938
11939
11940
11942
11944
11951
11952
11954
11956
11961
11963
11965
11967
11968
11970
11972
11973
11974
11977
11978
11981
11983
11986
11988
11990
11991
11993
11996
11997
11998
11999
12001
12002
12003
12004
12006
12008
12010
12011
12014
12017
12021
12022
12024
12025
12027
12028
12033
12034
12038
12039
12040
12041
12046
12047
12049
12051
12052
12053
12054
12061
12062
12067
12069
12070
12071
12075
12076
12078
12079
12080
12082
12089
12090
12092
12093
12094
12095
12098
12101
12102
12103
12104
12105
12106
12108
12110
12113
12116
12117
12121
12123
12124
12125
12126
12128
12130
12136
12139
12142
12143
12144
12146
12147
12148
12151
12153
12155
12158
12160
12162
12165
12166
12170
12174
12185
12190
12195
12196
12199
12200
12201
12203
12207
12208
12209
12211
12213
12217
12218
12220
12221
12222
12223
12224
12225
12226
12227
12234
12235
12241
12245
12248
12249
12251
12253
12256
12257
12258
12259
12260
12262
12265
12267
12268
12269
12271
12272
12273
12275
12276
12278
12279
12281
12282
12283
12287
12289
12290
12292
12293
12294
12295
12297
12299
12301
12302
12304
12305
12307
12308
12311
12313
12316
12317
12318
12320
12323
12324
12325
12329
12331
12332
12334
12341
12343
12345
12346
12348
12349
12350
12351
12355
12356
12360
12362
12363
12364
12365
12366
12367
12368
12370
12371
12372
12373
12381
12382
12383
12384
12386
12387
12388
12389
12391
12392
12393
12395
12396
12397
12400
12402
12403
12405
12406
12407
12411
12412
12414
12415
12418
12419
12421
12423
12424
12426
12429
12430
12435
12439
12440
12443
12444
12445
12452
12453
12454
12455
12457
12458
12459
12463
12464
12467
12469
12470
12471
12473
12474
12479
12481
12482
12483
12486
12488
12489
12491
12493
12495
12497
12499
12503
12504
12505
12506
12508
12509
12515
12516
12518
12519
12520
12521
12522
12523
12524
12525
12529
12530
12536
12539
12542
12545
12546
12547
12548
12549
12552
12553
12554
12555
12559
12561
12564
12570
12574
12575
12578
12580
12582
12583
12585
12586
12590
12591
12592
12594
12595
12596
12597
12599
12600
12602
12603
12605
12606
12607
12608
12611
12612
12614
12615
12621
12622
12623
12625
12627
12629
12631
12633
12634
12635
12636
12639
12642
12643
12644
12646
12649
12653
12654
12655
12658
12659
12663
12666
12669
12670
12672
12677
12678
12679
12684
12688
12693
12695
12696
12698
12699
12700
12704
12706
12709
12712
12716
12717
12718
12719
12721
12722
12726
12729
12731
12732
12733
12735
12737
12738
12740
12742
12744
12745
12746
12747
12748
12751
12752
12754
12756
12757
12759
12762
12769
12770
12771
12772
12774
12777
12779
12781
12782
12783
12785
12787
12792
12793
12794
12797
12798
12799
12801
12802
12803
12804
12805
12806
12810
12814
12815
12817
12819
12824
12825
12826
12827
12831
12834
12836
12837
12838
12839
12840
12841
12843
12846
12852
12853
12854
12856
12858
12860
12863
12867
12868
12871
12872
12876
12877
12878
12879
12881
12884
12885
12890
12891
12894
12897
12899
12901
12902
12904
12905
12908
12910
12913
12916
12917
12918
12921
12922
12924
12926
12927
12929
12931
12932
12934
12936
12937
12938
12939
12940
12941
12950
12951
12952
12954
12955
12956
12958
12959
12960
12961
12962
12968
12970
12971
12972
12973
12976
12977
12978
12982
12983
12984
12988
12989
12990
12993
12995
12997
13000
13001
13002
13005
13007
13009
13010
13012
13014
13015
13021
13023
13024
13025
13029
13030
13032
13033
13034
13035
13037
13038
13040
13042
13044
13046
13047
13048
13050
13058
13059
13060
13061
13062
13066
13067
13068
13070
13071
13072
13073
13074
13075
13082
13084
13086
13087
13088
13089
13090
13092
13094
13095
13097
13104
13106
13108
13109
13113
13119
13121
13122
13123
13127
13128
13129
13132
13133
13134
13135
13136
13137
13139
13141
13142
13145
13146
13149
13150
13151
13152
13154
13155
13156
13157
13158
13159
13162
13168
13169
13171
13172
13173
13175
13179
13182
13183
13187
13191
13192
13197
13198
13202
13203
13206
13207
13208
13209
13210
13211
13212
13215
13218
13219
13220
13221
13224
13225
13226
13228
13230
13231
13232
13233
13234
13236
13240
13242
13244
13247
13248
13249
13250
13251
13256
13257
13266
13268
13270
13272
13273
13275
13276
13278
13279
13280
13284
13286
13287
13288
13290
13291
13293
13294
13297
13300
13301
13303
13305
13308
13309
13315
13321
13326
13327
13328
13330
13332
13333
13336
13337
13341
13343
13346
13347
13348
13351
13354
13359
13361
13363
13368
13372
13374
13376
13377
13378
13381
13382
13383
13384
13386
13391
13392
13393
13394
13395
13396
13401
13403
13406
13407
13408
13409
13413
13416
13417
13418
13421
13423
13424
13429
13432
13434
13437
13439
13441
13444
13446
13447
13448
13449
13451
13456
13458
13459
13461
13463
13464
13468
13470
13471
13473
13476
13477
13478
13479
13480
13483
13484
13485
13486
13488
13489
13490
13491
13492
13496
13497
13498
13504
13505
13506
13511
13512
13514
13515
13516
13517
13520
13522
13524
13527
13538
13540
13542
13544
13545
13546
13548
13553
13554
13555
13556
13558
13563
13564
13565
13569
13570
13571
13572
13573
13575
13576
13578
13580
13582
13584
13585
13586
13587
13588
13590
13593
13599
13601
13603
13612
13617
13619
13622
13624
13626
13629
13630
13635
13640
13645
13646
13648
13651
13652
13653
13654
13656
13657
13659
13662
13663
13664
13665
13666
13668
13669
13671
13672
13677
13679
13681
13684
13689
13691
13693
13695
13697
13704
13705
13706
13709
13711
13713
13716
13717
13721
13723
13724
13726
13727
13728
13729
13730
13732
13733
13737
13740
13744
13745
13746
13747
13748
13749
13751
13754
13756
13759
13760
13764
13765
13766
13767
13768
13769
13771
13775
13777
13778
13779
13780
13782
13783
13784
13786
13789
13793
13797
13798
13799
13800
13801
13802
13806
13809
13811
13812
13815
13816
13818
13820
13821
13822
13823
13824
13827
13829
13831
13832
13833
13834
13835
13838
13840
13841
13842
13845
13846
13848
13849
13851
13853
13854
13857
13859
13863
13865
13869
13870
13873
13875
13878
13879
13881
13882
13883
13884
13885
13886
13888
13889
13891
13893
13895
13896
13897
13898
13899
13900
13901
13902
13908
13914
13916
13917
13918
13920
13922
13923
13924
13925
13927
13929
13931
13933
13935
13936
13937
13940
13942
13943
13950
13951
13953
13958
13960
13961
13962
13964
13965
13967
13970
13971
13972
13973
13974
13975
13976
13977
13980
13982
13985
13986
13987
13989
13990
13991
13992
13994
13995
13997
13998
14000
14002
14005
14008
14010
14011
14013
14014
14016
14018
14021
14023
14025
14027
14030
14031
14032
14034
14036
14037
14038
14040
14041
14042
14043
14044
14047
14048
14050
14051
14054
14055
14059
14060
14061
14062
14063
14064
14065
14066
14071
14072
14074
14076
14079
14080
14083
14084
14085
14087
14088
14089
14090
14091
14092
14094
14095
14096
14097
14098
14105
14107
14110
14111
14113
14114
14116
14118
14119
14121
14122
14127
14128
14129
14133
14140
14141
14143
14144
14145
14147
14148
14150
14154
14158
14160
14162
14163
14164
14165
14166
14171
14174
14175
14176
14177
14178
14179
14181
14183
14185
14188
14191
14195
14196
14197
14199
14201
14203
14206
14208
14209
14210
14211
14214
14217
14219
14220
14222
14224
14226
14228
14231
14233
14235
14239
14242
14243
14245
14247
14249
14250
14252
14255
14258
14259
14263
14268
14269
14270
14272
14275
14277
14278
14280
14281
14282
14283
14284
14288
14289
14290
14293
14296
14299
14301
14303
14307
14309
14310
14317
14318
14319
14320
14321
14323
14325
14326
14329
14331
14336
14337
14338
14342
14348
14351
14353
14354
14356
14357
14360
14361
14366
14369
14370
14372
14373
14374
14375
14376
14378
14381
14382
14383
14386
14388
14389
14390
14391
14392
14395
14400
14401
14402
14403
14405
14407
14408
14410
14413
14417
14421
14423
14424
14426
14428
14429
14430
14433
14436
14437
14438
14439
14440
14441
14442
14445
14446
14447
14448
14449
14450
14452
14456
14458
14459
14461
14462
14465
14466
14470
14473
14479
14480
14482
14485
14487
14495
14496
14499
14500
14501
14502
14505
14509
14511
14512
14517
14518
14523
14524
14525
14527
14529
14532
14534
14535
14536
14537
14539
14540
14541
14542
14545
14546
14548
14553
14554
14556
14557
14558
14559
14564
14566
14567
14571
14572
14574
14576
14578
14579
14582
14587
14588
14589
14590
14591
14592
14595
14596
14597
14598
14601
14604
14605
14606
14608
14609
14612
14615
14617
14624
14627
14629
14630
14632
14635
14639
14640
14642
14645
14647
14652
14653
14657
14660
14661
14664
14665
14666
14669
14673
14674
14676
14677
14678
14679
14683
14685
14687
14690
14693
14695
14696
14697
14698
14699
14702
14705
14706
14712
14716
14717
14718
14724
14726
14728
14729
14730
14733
14734
14737
14739
14740
14745
14748
14750
14751
14756
14758
14759
14760
14761
14765
14766
14768
14769
14772
14774
14777
14780
14781
14783
14786
14787
14788
14789
14790
14792
14795
14796
14798
14799
14800
14802
14804
14808
14810
14812
14814
14815
14816
14818
14821
14823
14824
14826
14827
14832
14833
14834
14836
14840
14842
14845
14847
14849
14851
14852
14853
14854
14855
14856
14857
14858
14860
14866
14867
14869
14870
14871
14872
14873
14874
14875
14876
14877
14884
14886
14887
14891
14892
14893
14895
14898
14899
14901
14903
14907
14908
14909
14911
14912
14914
14916
14919
14921
14923
14924
14928
14929
14931
14932
14933
14934
14936
14938
14940
14941
14943
14946
14947
14949
14951
14953
14955
14959
14960
14961
14964
14966
14967
14968
14969
14970
14971
14972
14976
14978
14979
14981
14983
14985
14987
14988
14989
14990
14993
14995
14998
15001
15002
15004
15005
15008
15009
15010
15011
15014
15018
15023
15024
15025
15026
15029
15032
15035
15036
15037
15038
15040
15041
15044
15045
15046
15050
15052
15058
15060
15061
15065
15066
15067
15068
15071
15072
15073
15074
15075
15076
15078
15079
15080
15081
15082
15083
15087
15089
15092
15093
15095
15100
15101
15103
15104
15106
15107
15108
15110
15111
15112
15114
15115
15117
15118
15120
15122
15123
15125
15127
15129
15134
15137
15138
15140
15141
15145
15146
15147
15149
15150
15151
15152
15153
15154
15158
15159
15160
15161
15162
15163
15164
15166
15168
15169
15170
15173
15174
15175
15177
15181
15184
15187
15192
15196
15204
15207
15208
15213
15214
15216
15218
15221
15222
15224
15225
15226
15227
15228
15231
15233
15237
15244
15245
15247
15248
15249
15250
15251
15252
15257
15259
15260
15261
15262
15268
15269
15272
15274
15275
15276
15281
15282
15287
15291
15294
15296
15298
15302
15303
15306
15311
15312
15316
15319
15320
15321
15322
15324
15325
15326
15327
15330
15331
15334
15335
15336
15338
15339
15340
15341
15344
15345
15348
15350
15351
15353
15354
15361
15367
15368
15370
15372
15373
15374
15377
15380
15381
15382
15383
15384
15386
15387
15388
15390
15391
15393
15394
15399
15400
15401
15403
15404
15405
15410
15411
15413
15414
15415
15416
15418
15419
15421
15422
15423
15424
15427
15428
15431
15433
15435
15441
15442
15444
15445
15446
15448
15449
15450
15454
15457
15458
15462
15465
15467
15468
15471
15472
15475
15476
15477
15478
15479
15489
15490
15491
15495
15496
15498
15499
15500
15504
15510
15511
15513
15517
15518
15519
15520
15521
15522
15523
15524
15525
15527
15528
15529
15531
15538
15543
15544
15546
15547
15551
15552
15556
15558
15559
15560
15567
15570
15573
15574
15578
15579
15580
15581
15582
15583
15587
15588
15589
15592
15594
15595
15597
15599
15601
15602
15604
15605
15606
15609
15612
15616
15617
15618
15626
15628
15630
15633
15635
15638
15644
15646
15647
15650
15654
15656
15658
15660
15661
15663
15664
15665
15666
15669
15670
15672
15675
15677
15678
15681
15683
15684
15685
15689
15690
15691
15692
15694
15695
15697
15699
15703
15706
15708
15712
15715
15716
15717
15719
15721
15724
15725
15726
15729
15732
15733
15734
15735
15736
15738
15740
15742
15743
15745
15746
15747
15748
15749
15751
15752
15758
15759
15760
15761
15763
15764
15767
15768
15769
15770
15771
15772
15774
15776
15777
15783
15784
15786
15792
15793
15795
15796
15797
15800
15806
15808
15813
15814
15815
15816
15818
15819
15822
15824
15825
15827
15830
15831
15835
15837
15838
15839
15840
15841
15842
15843
15844
15846
15847
15849
15854
15855
15856
15859
15861
15865
15868
15869
15871
15872
15876
15877
15879
15880
15882
15885
15890
15891
15892
15894
15895
15897
15900
15902
15904
15905
15909
15910
15911
15912
15914
15915
15916
15917
15918
15919
15920
15921
15922
15923
15924
15927
15934
15936
15937
15938
15939
15940
15944
15947
15951
15954
15957
15959
15963
15964
15966
15967
15969
15971
15972
15975
15977
15978
15979
15980
15981
15982
15983
15984
15985
15987
15989
15991
15993
15994
15997
16001
16002
16003
16004
16006
16007
16008
16010
16012
16013
16016
16017
16020
16022
16023
16024
16025
16027
16028
16031
16032
16033
16037
16039
16040
16041
16044
16046
16047
16048
16054
16056
16057
16061
16062
16064
16065
16067
16070
16071
16073
16077
16078
16080
16081
16084
16087
16089
16090
16092
16093
16095
16098
16099
16104
16111
16116
16118
16119
16120
16122
16124
16126
16129
16131
16132
16133
16134
16136
16137
16139
16140
16143
16146
16147
16148
16151
16152
16153
16154
16155
16156
16158
16162
16163
16164
16168
16169
16170
16171
16173
16175
16176
16178
16180
16182
16184
16187
16188
16190
16192
16193
16194
16195
16196
16197
16201
16203
16204
16206
16207
16208
16210
16211
16212
16215
16217
16218
16220
16222
16223
16225
16228
16229
16233
16236
16240
16243
16244
16248
16249
16250
16252
16253
16256
16257
16260
16261
16263
16264
16265
16270
16274
16275
16278
16279
16282
16283
16284
16286
16287
16289
16290
16293
16296
16299
16301
16303
16305
16306
16307
16308
16311
16312
16313
16315
16319
16321
16323
16327
16328
16329
16331
16332
16335
16341
16342
16343
16345
16346
16347
16348
16349
16351
16353
16356
16357
16358
16359
16367
16370
16373
16378
16380
16381
16382
16386
16389
16392
16395
16396
16398
16399
16401
16402
16403
16407
16408
16409
16410
16412
16413
16417
16418
16419
16422
16423
16425
16426
16435
16439
16447
16448
16451
16454
16455
16456
16459
16461
16462
16464
16465
16466
16468
16471
16472
16473
16476
16477
16479
16483
16484
16486
16487
16488
16491
16494
16495
16496
16499
16500
16501
16502
16503
16505
16507
16508
16510
16511
16512
16513
16514
16515
16517
16518
16520
16522
16523
16524
16525
16527
16531
16532
16533
16535
16536
16537
16539
16540
16544
16546
16547
16550
16551
16553
16555
16556
16558
16560
16562
16564
16566
16569
16575
16577
16578
16579
16580
16583
16584
16585
16588
16589
16590
16593
16595
16598
16599
16603
16604
16605
16606
16607
16609
16620
16621
16622
16624
16626
16627
16628
16629
16630
16631
16632
16633
16637
16638
16639
16644
16648
16652
16653
16654
16655
16662
16664
16665
16666
16667
16668
16673
16674
16680
16681
16683
16685
16686
16689
16691
16696
16697
16698
16699
16700
16702
16705
16708
16709
16713
16716
16717
16718
16722
16723
16725
16726
16730
16731
16732
16735
16736
16738
16739
16745
16750
16751
16752
16755
16759
16762
16763
16765
16766
16767
16769
16770
16772
16776
16777
16783
16784
16787
16789
16790
16791
16793
16795
16800
16805
16807
16808
16809
16810
16812
16815
16816
16820
16827
16828
16830
16832
16833
16834
16835
16836
16837
16838
16840
16841
16843
16844
16846
16847
16848
16849
16851
16853
16855
16856
16857
16859
16862
16866
16867
16868
16870
16871
16872
16876
16878
16881
16883
16885
16889
16891
16893
16895
16900
16903
16905
16906
16907
16908
16917
16918
16919
16923
16925
16926
16927
16929
16930
16936
16937
16938
16941
16942
16943
16944
16947
16948
16949
16950
16951
16952
16954
16955
16956
16957
16960
16961
16962
16963
16966
16967
16969
16971
16972
16973
16975
16977
16980
16981
16985
16987
16988
16990
16994
16995
17000
17001
17002
17007
17008
17009
17013
17015
17022
17026
17027
17028
17033
17034
17035
17036
17037
17039
17041
17042
17043
17044
17045
17046
17048
17049
17057
17058
17059
17060
17061
17062
17068
17069
17070
17073
17080
17082
17087
17090
17092
17097
17099
17101
17102
17104
17105
17107
17108
17111
17112
17116
17121
17123
17124
17125
17131
17134
17137
17138
17139
17140
17141
17143
17146
17147
17148
17149
17151
17152
17153
17154
17155
17156
17157
17161
17167
17168
17169
17171
17173
17174
17175
17176
17177
17180
17181
17184
17185
17186
17188
17190
17192
17193
17195
17197
17199
17200
17201
17202
17203
17205
17206
17208
17209
17210
17212
17213
17215
17218
17219
17223
17224
17226
17229
17231
17232
17233
17236
17237
17239
17240
17241
17242
17243
17247
17248
17250
17251
17254
17260
17262
17266
17269
17272
17273
17274
17277
17281
17282
17283
17284
17286
17287
17288
17289
17290
17291
17295
17298
17299
17301
17302
17303
17304
17306
17307
17309
17311
17312
17313
17314
17316
17317
17320
17323
17325
17327
17329
17334
17335
17337
17343
17345
17353
17357
17360
17362
17364
17365
17366
17368
17369
17370
17371
17372
17373
17374
17375
17376
17377
17380
17381
17382
17384
17385
17386
17387
17388
17392
17395
17396
17397
17401
17402
17403
17404
17406
17408
17410
17411
17412
17415
17416
17417
17419
17423
17424
17425
17426
17428
17431
17432
17433
17435
17436
17440
17441
17445
17449
17453
17457
17458
17460
17462
17465
17468
17470
17472
17474
17477
17478
17486
17488
17489
17493
17494
17495
17496
17499
17500
17501
17505
17507
17509
17512
17517
17523
17524
17526
17529
17531
17532
17533
17534
17535
17536
17538
17539
17544
17546
17548
17549
17551
17552
17554
17555
17556
17558
17560
17561
17565
17566
17571
17572
17573
17574
17575
17578
17580
17583
17585
17586
17588
17591
17594
17596
17598
17599
17600
17601
17603
17605
17608
17609
17610
17613
17615
17617
17623
17625
17628
17630
17631
17633
17634
17635
17637
17642
17643
17644
17646
17647
17649
17651
17652
17653
17654
17657
17658
17659
17660
17662
17664
17665
17667
17668
17669
17670
17672
17673
17675
17676
17677
17685
17686
17690
17691
17693
17694
17696
17697
17699
17701
17702
17704
17707
17708
17709
17713
17717
17718
17719
17720
17721
17723
17725
17726
17728
17729
17736
17737
17738
17740
17743
17744
17745
17747
17748
17751
17752
17753
17755
17757
17758
17759
17764
17766
17768
17772
17774
17775
17776
17779
17782
17785
17786
17787
17789
17790
17792
17794
17796
17797
17798
17801
17804
17806
17807
17809
17810
17812
17814
17815
17817
17820
17821
17823
17824
17825
17828
17829
17831
17832
17833
17834
17835
17837
17838
17839
17844
17848
17851
17852
17855
17856
17857
17858
17863
17868
17870
17871
17872
17876
17878
17881
17884
17887
17890
17891
17893
17895
17896
17897
17898
17901
17902
17905
17906
17907
17909
17910
17911
17913
17916
17921
17926
17929
17930
17932
17933
17934
17935
17937
17938
17939
17940
17945
17949
17955
17956
17959
17961
17963
17967
17968
17971
17973
17974
17975
17976
17979
17980
17984
17991
17994
17995
17996
17997
17998
18000
18002
18005
18007
18008
18010
18012
18013
18014
18015
18018
18021
18024
18025
18026
18028
18031
18034
18038
18040
18041
18043
18045
18047
18048
18051
18052
18054
18056
18060
18061
18062
18071
18072
18074
18075
18076
18078
18081
18082
18083
18089
18090
18092
18093
18094
18095
18096
18100
18101
18103
18104
18109
18112
18114
18116
18117
18119
18120
18121
18123
18124
18127
18132
18133
18135
18137
18141
18144
18145
18148
18149
18150
18151
18152
18153
18156
18157
18158
18159
18161
18163
18165
18167
18168
18170
18171
18174
18175
18176
18177
18178
18182
18185
18187
18188
18189
18192
18194
18195
18197
18198
18200
18202
18209
18210
18212
18214
18216
18217
18219
18221
18223
18225
18226
18228
18230
18232
18233
18236
18238
18239
18241
18242
18243
18244
18246
18250
18251
18257
18258
18260
18266
18267
18268
18269
18270
18277
18279
18281
18282
18287
18291
18294
18295
18296
18299
18300
18301
18306
18309
18315
18316
18318
18323
18324
18326
18333
18336
18340
18341
18342
18346
18347
18348
18349
18350
18352
18353
18355
18357
18359
18360
18361
18362
18365
18367
18369
18370
18372
18374
18375
18376
18377
18378
18379
18380
18382
18383
18386
18387
18389
18390
18391
18393
18394
18395
18396
18397
18400
18402
18403
18405
18407
18408
18411
18412
18414
18416
18418
18423
18424
18425
18427
18429
18430
18433
18434
18435
18437
18438
18439
18440
18443
18446
18447
18448
18449
18456
18458
18459
18460
18461
18463
18466
18471
18472
18473
18478
18480
18481
18482
18483
18484
18485
18486
18489
18491
18497
18498
18500
18501
18502
18503
18506
18508
18509
18512
18513
18519
18520
18524
18525
18526
18527
18528
18529
18531
18532
18533
18534
18536
18539
18540
18541
18542
18545
18548
18549
18550
18553
18554
18557
18567
18572
18577
18580
18581
18582
18590
18592
18593
18594
18598
18600
18602
18603
18605
18606
18608
18609
18612
18616
18617
18619
18620
18621
18625
18626
18627
18628
18632
18634
18635
18636
18637
18638
18642
18647
18648
18653
18654
18655
18659
18661
18663
18664
18667
18668
18669
18670
18671
18675
18676
18677
18678
18681
18684
18692
18693
18695
18696
18699
18700
18707
18710
18711
18714
18715
18717
18718
18719
18720
18722
18724
18725
18726
18727
18728
18732
18733
18734
18735
18736
18740
18744
18745
18746
18748
18751
18752
18757
18759
18760
18761
18762
18763
18764
18765
18767
18769
18770
18772
18777
18778
18782
18784
18787
18788
18790
18791
18793
18794
18795
18796
18798
18803
18806
18807
18808
18809
18811
18812
18813
18814
18815
18817
18822
18824
18831
18833
18834
18836
18837
18838
18839
18841
18843
18844
18847
18848
18849
18850
18851
18852
18854
18856
18857
18861
18862
18863
18867
18868
18871
18875
18877
18878
18880
18881
18884
18885
18894
18896
18897
18898
18899
18900
18901
18905
18907
18908
18910
18911
18912
18915
18916
18917
18920
18921
18922
18924
18926
18927
18930
18932
18934
18935
18937
18938
18939
18940
18942
18943
18947
18950
18953
18956
18959
18960
18961
18962
18963
18964
18966
18967
18968
18969
18971
18974
18976
18978
18979
18980
18986
18987
18988
18989
18993
18994
18998
19000
19002
19003
19006
19012
19013
19014
19016
19017
19022
19025
19026
19028
19029
19030
19032
19033
19036
19037
19044
19046
19050
19051
19052
19053
19055
19056
19058
19061
19062
19064
19065
19067
19068
19069
19073
19074
19075
19076
19081
19083
19084
19085
19087
19089
19091
19094
19097
19099
19100
19103
19104
19105
19107
19108
19110
19111
19113
19116
19117
19119
19122
19125
19128
19131
19132
19133
19138
19140
19142
19144
19145
19151
19153
19155
19160
19163
19164
19165
19167
19168
19170
19175
19176
19177
19178
19180
19184
19185
19186
19187
19188
19189
19193
19194
19195
19199
19201
19202
19205
19206
19209
19211
19214
19215
19216
19217
19218
19221
19227
19228
19229
19230
19231
19232
19233
19238
19239
19240
19241
19242
19243
19245
19247
19250
19251
19255
19257
19259
19263
19270
19271
19272
19275
19277
19278
19279
19280
19282
19286
19287
19288
19290
19292
19293
19295
19296
19297
19298
19302
19304
19305
19306
19307
19308
19311
19313
19314
19318
19321
19323
19324
19328
19329
19330
19333
19337
19338
19339
19340
19341
19342
19343
19344
19347
19348
19349
19356
19358
19361
19362
19363
19367
19369
19370
19371
19372
19374
19375
19377
19378
19381
19383
19384
19386
19389
19390
19391
19392
19393
19398
19399
19400
19401
19403
19404
19405
19407
19408
19410
19412
19413
19416
19417
19419
19420
19421
19422
19424
19426
19427
19435
19437
19438
19440
19441
19442
19446
19450
19452
19453
19457
19461
19464
19465
19466
19470
19471
19472
19475
19478
19481
19482
19484
19486
19487
19490
19493
19495
19497
19506
19507
19509
19511
19512
19513
19515
19516
19518
19519
19522
19523
19524
19525
19527
19529
19531
19534
19536
19537
19544
19546
19548
19552
19554
19558
19562
19567
19569
19570
19571
19572
19573
19575
19577
19578
19579
19581
19582
19584
19585
19587
19588
19590
19591
19596
19597
19599
19600
19601
19604
19605
19611
19612
19613
19614
19619
19621
19622
19623
19624
19625
19629
19630
19631
19636
19641
19642
19643
19646
19648
19649
19651
19653
19654
19655
19657
19658
19659
19664
19666
19667
19668
19669
19671
19673
19674
19675
19681
19683
19684
19686
19687
19688
19690
19691
19692
19695
19696
19698
19699
19700
19701
19704
19705
19707
19709
19710
19711
19713
19714
19715
19718
19720
19721
19723
19725
19732
19736
19737
19740
19742
19743
19744
19749
19751
19755
19757
19759
19765
19767
19769
19771
19774
19776
19777
19779
19780
19784
19790
19792
19793
19794
19795
19796
19798
19804
19805
19807
19808
19809
19810
19811
19815
19816
19817
19818
19820
19821
19823
19824
19825
19828
19830
19832
19836
19837
19838
19840
19841
19844
19845
19847
19848
19849
19851
19852
19853
19858
19859
19860
19862
19863
19865
19866
19868
19869
19871
19874
19875
19876
19878
19880
19881
19883
19884
19886
19888
19890
19891
19893
19895
19896
19897
19898
19902
19905
19906
19907
19909
19911
19914
19917
19918
19923
19924
19926
19930
19934
19938
19939
19941
19942
19943
19945
19947
19951
19953
19954
19955
19956
19957
19959
19963
19966
19967
19971
19972
19974
19977
19979
19981
19982
19983
19988
19989
19992
19993
19994
19995
20000
20002
20003
20004
20005
20008
20009
20011
20018
20020
20022
20024
20030
20035
20037
20038
20039
20040
20041
20045
20046
20051
20053
20057
20058
20060
20063
20065
20066
20067
20068
20070
20071
20073
20074
20077
20078
20079
20081
20082
20084
20085
20086
20087
20090
20091
20093
20094
20095
20098
20099
20104
20105
20106
20108
20109
20110
20112
20116
20119
20124
20126
20128
20129
20131
20132
20133
20134
20136
20137
20140
20142
20143
20144
20145
20146
20148
20151
20152
20153
20154
20158
20159
20160
20164
20165
20170
20172
20173
20174
20175
20176
20177
20178
20179
20182
20184
20185
20191
20192
20193
20194
20195
20196
20197
20199
20202
20206
20207
20208
20210
20211
20214
20217
20218
20222
20223
20224
20225
20229
20230
20231
20236
20239
20240
20241
20242
20245
20246
20250
20251
20253
20259
20260
20263
20264
20265
20266
20267
20268
20269
20272
20273
20277
20279
20280
20282
20283
20285
20288
20290
20291
20293
20296
20297
20299
20302
20305
20310
20312
20313
20315
20318
20319
20321
20322
20324
20328
20330
20332
20333
20336
20338
20343
20344
20346
20347
20352
20356
20358
20362
20364
20367
20368
20370
20371
20372
20373
20374
20378
20379
20380
20384
20388
20389
20390
20391
20394
20397
20399
20400
20402
20403
20404
20405
20411
20417
20418
20419
20424
20425
20426
20427
20428
20429
20430
20431
20438
20439
20440
20441
20444
20445
20450
20451
20454
20455
20457
20459
20460
20461
20465
20469
20471
20472
20473
20475
20476
20478
20482
20484
20487
20488
20490
20491
20494
20496
20497
20498
20499
20500
20502
20503
20506
20507
20508
20516
20517
20520
20525
20527
20528
20530
20532
20536
20538
20539
20542
20544
20545
20547
20550
20556
20559
20560
20562
20563
20564
20565
20569
20571
20572
20573
20574
20575
20576
20578
20582
20585
20586
20588
20589
20590
20592
20593
20596
20599
20600
20602
20603
20604
20608
20611
20612
20615
20618
20620
20621
20623
20627
20630
20631
20632
20634
20636
20637
20642
20645
20647
20648
20652
20662
20666
20668
20670
20671
20672
20675
20677
20678
20679
20684
20685
20688
20689
20690
20691
20692
20693
20695
20696
20697
20698
20699
20700
20701
20702
20706
20707
20708
20714
20715
20716
20717
20718
20719
20722
20723
20726
20728
20729
20734
20735
20736
20741
20744
20745
20746
20747
20749
20750
20751
20752
20756
20757
20760
20762
20773
20774
20775
20777
20780
20781
20785
20787
20788
20793
20795
20799
20801
20807
20808
20810
20811
20812
20814
20815
20817
20819
20820
20823
20824
20826
20828
20830
20831
20832
20834
20835
20836
20837
20838
20842
20843
20845
20849
20850
20851
20854
20855
20857
20858
20860
20862
20864
20866
20869
20871
20872
20873
20874
20876
20881
20882
20886
20889
20890
20895
20896
20897
20900
20902
20903
20904
20905
20907
20908
20909
20913
20914
20915
20916
20918
20919
20921
20923
20924
20925
20926
20927
20930
20931
20933
20935
20937
20938
20940
20942
20943
20944
20946
20948
20953
20954
20956
20958
20961
20963
20966
20967
20968
20969
20971
20972
20974
20975
20977
20978
20980
20982
20984
20985
20987
20988
20990
20991
20992
20994
20995
20998
21003
21004
21007
21008
21009
21010
21011
21012
21014
21017
21018
21019
21021
21023
21024
21028
21030
21031
21033
21034
21035
21037
21038
21039
21040
21041
21043
21044
21045
21046
21050
21053
21055
21064
21066
21068
21072
21073
21076
21077
21078
21080
21083
21084
21086
21090
21092
21093
21094
21097
21098
21099
21101
21103
21104
21106
21113
21117
21119
21121
21122
21124
21127
21128
21129
21133
21134
21135
21139
21140
21141
21142
21144
21147
21148
21151
21153
21158
21160
21163
21164
21165
21166
21167
21172
21173
21174
21175
21176
21181
21184
21186
21188
21190
21193
21194
21196
21197
21200
21201
21202
21203
21204
21205
21206
21208
21211
21212
21213
21214
21217
21218
21222
21223
21224
21226
21229
21232
21237
21239
21240
21241
21242
21243
21248
21251
21252
21257
21260
21265
21270
21271
21272
21273
21277
21279
21280
21281
21283
21284
21286
21287
21291
21293
21294
21296
21297
21298
21301
21302
21303
21306
21308
21310
21312
21313
21316
21318
21319
21321
21322
21323
21324
21325
21326
21327
21328
21329
21331
21333
21334
21335
21336
21337
21339
21341
21346
21348
21354
21355
21356
21357
21358
21362
21364
21366
21367
21369
21371
21375
21376
21379
21380
21382
21387
21388
21390
21391
21392
21393
21394
21395
21398
21399
21400
21403
21404
21406
21407
21409
21410
21411
21414
21416
21417
21418
21419
21421
21423
21426
21427
21428
21429
21436
21442
21443
21444
21445
21449
21450
21451
21452
21456
21457
21458
21459
21461
21468
21470
21475
21476
21479
21480
21483
21484
21488
21489
21491
21492
21496
21502
21503
21506
21507
21508
21509
21510
21513
21514
21518
21519
21520
21523
21524
21525
21526
21527
21529
21531
21532
21535
21536
21539
21542
21543
21545
21546
21549
21550
21551
21554
21561
21563
21564
21567
21568
21570
21571
21572
21574
21576
21581
21583
21584
21586
21587
21588
21592
21594
21595
21598
21599
21600
21601
21602
21603
21604
21605
21608
21610
21612
21613
21615
21621
21625
21627
21628
21630
21632
21634
21636
21637
21638
21640
21641
21642
21643
21646
21649
21652
21654
21655
21657
21658
21660
21661
21663
21664
21668
21669
21671
21673
21678
21679
21680
21682
21683
21684
21686
21692
21695
21696
21699
21703
21705
21707
21711
21712
21715
21716
21718
21721
21723
21728
21730
21732
21733
21736
21737
21739
21740
21741
21743
21745
21746
21747
21748
21749
21750
21753
21755
21756
21758
21762
21764
21765
21770
21771
21773
21776
21777
21778
21779
21782
21783
21784
21785
21786
21788
21789
21790
21791
21792
21794
21795
21797
21798
21799
21801
21802
21803
21804
21806
21809
21810
21811
21813
21814
21819
21822
21824
21826
21827
21828
21831
21833
21837
21838
21841
21842
21843
21844
21845
21846
21847
21850
21855
21856
21857
21861
21862
21863
21864
21867
21868
21871
21872
21873
21877
21878
21880
21881
21882
21884
21885
21890
21891
21894
21896
21900
21901
21904
21905
21907
21909
21911
21913
21916
21918
21921
21928
21929
21931
21933
21935
21940
21945
21946
21947
21949
21950
21951
21955
21956
21958
21960
21962
21965
21969
21976
21977
21978
21981
21984
21987
21988
21989
21992
21993
21997
22000
22001
22003
22004
22005
22006
22009
22010
22011
22013
22016
22018
22022
22023
22024
22028
22029
22030
22031
22032
22034
22037
22040
22041
22043
22045
22049
22051
22052
22053
22055
22056
22057
22059
22063
22065
22067
22069
22070
22071
22072
22073
22075
22076
22078
22080
22081
22082
22083
22086
22089
22090
22091
22093
22095
22096
22100
22104
22106
22108
22109
22113
22114
22116
22118
22119
22121
22131
22132
22133
22138
22140
22141
22142
22143
22144
22145
22149
22154
22159
22160
22162
22165
22166
22170
22172
22173
22174
22176
22178
22180
22181
22182
22185
22186
22189
22190
22192
22193
22195
22196
22198
22200
22201
22202
22206
22208
22209
22210
22213
22214
22215
22216
22218
22219
22220
22222
22226
22228
22233
22239
22240
22243
22244
22245
22246
22249
22250
22252
22253
22254
22257
22258
22259
22260
22261
22267
22268
22271
22276
22278
22280
22282
22285
22286
22287
22290
22291
22292
22293
22295
22299
22302
22303
22304
22310
22311
22312
22313
22320
22321
22322
22325
22329
22330
22331
22332
22336
22337
22341
22342
22343
22344
22346
22348
22350
22353
22355
22356
22357
22358
22360
22362
22363
22364
22365
22366
22367
22369
22376
22377
22378
22379
22380
22382
22383
22384
22386
22387
22392
22394
22397
22398
22404
22405
22406
22407
22408
22409
22414
22415
22416
22423
22427
22428
22429
22431
22433
22435
22436
22437
22438
22442
22446
22447
22448
22451
22455
22458
22460
22462
22465
22466
22469
22470
22471
22472
22473
22476
22478
22479
22480
22482
22483
22484
22485
22486
22494
22497
22498
22500
22505
22506
22510
22511
22512
22514
22517
22518
22519
22521
22526
22529
22530
22531
22534
22539
22540
22541
22542
22543
22545
22547
22548
22549
22553
22555
22556
22558
22559
22560
22564
22567
22568
22570
22571
22575
22576
22577
22583
22584
22585
22588
22590
22592
22594
22595
22597
22601
22603
22605
22606
22607
22608
22611
22614
22616
22617
22623
22626
22627
22630
22633
22634
22636
22637
22638
22641
22644
22645
22646
22647
22650
22652
22653
22656
22658
22659
22660
22665
22666
22668
22672
22676
22679
22681
22682
22683
22686
22687
22688
22691
22695
22696
22697
22699
22701
22702
22705
22706
22712
22714
22715
22716
22718
22720
22722
22727
22729
22730
22732
22738
22739
22741
22742
22743
22747
22749
22750
22751
22753
22754
22755
22756
22759
22761
22762
22763
22765
22766
22767
22768
22769
22770
22771
22772
22773
22774
22775
22777
22779
22780
22782
22783
22786
22788
22789
22794
22799
22802
22804
22806
22807
22808
22813
22814
22818
22819
22820
22821
22824
22825
22827
22828
22829
22832
22834
22835
22836
22837
22838
22839
22842
22844
22846
22848
22849
22850
22852
22857
22862
22864
22865
22869
22870
22871
22873
22875
22877
22878
22879
22881
22882
22883
22885
22886
22887
22888
22890
22897
22898
22899
22903
22904
22907
22911
22913
22915
22916
22920
22923
22924
22925
22926
22928
22931
22933
22936
22938
22940
22941
22944
22945
22946
22947
22950
22951
22955
22957
22962
22963
22964
22965
22968
22969
22970
22972
22973
22974
22980
22986
22987
22988
22990
22991
22993
22994
22995
22997
22998
23003
23005
23007
23009
23010
23011
23012
23013
23014
23018
23019
23021
23022
23025
23026
23027
23028
23029
23032
23033
23042
23043
23045
23046
23047
23050
23053
23057
23059
23063
23064
23066
23067
23069
23073
23076
23081
23082
23083
23084
23087
23088
23091
23094
23095
23097
23099
23100
23102
23103
23105
23107
23108
23110
23112
23113
23118
23119
23121
23124
23127
23128
23129
23133
23134
23135
23136
23140
23141
23142
23143
23144
23145
23149
23150
23151
23152
23153
23155
23159
23164
23167
23169
23170
23173
23176
23179
23181
23183
23185
23187
23191
23192
23193
23194
23195
23197
23198
23200
23201
23202
23205
23207
23212
23214
23215
23216
23218
23219
23220
23221
23222
23223
23228
23231
23235
23236
23237
23238
23239
23240
23243
23244
23248
23250
23251
23252
23254
23255
23256
23257
23258
23259
23260
23262
23263
23264
23268
23269
23272
23275
23276
23279
23280
23283
23284
23285
23287
23289
23291
23298
23299
23301
23304
23312
23315
23320
23322
23324
23325
23326
23328
23333
23334
23335
23337
23338
23342
23344
23345
23349
23353
23354
23358
23360
23361
23362
23363
23368
23369
23370
23371
23374
23376
23378
23379
23380
23382
23383
23384
23385
23386
23388
23390
23393
23395
23399
23400
23401
23402
23404
23405
23406
23407
23409
23410
23413
23415
23418
23419
23420
23422
23426
23427
23429
23432
23433
23434
23435
23438
23442
23444
23446
23451
23453
23457
23458
23460
23461
23464
23465
23466
23468
23471
23472
23473
23482
23483
23486
23487
23488
23490
23491
23492
23493
23494
23495
23496
23497
23498
23500
23502
23504
23509
23512
23513
23514
23515
23516
23517
23519
23520
23521
23523
23524
23526
23529
23530
23531
23534
23535
23536
23537
23538
23540
23542
23543
23544
23546
23550
23551
23552
23555
23558
23560
23561
23564
23567
23568
23570
23573
23574
23579
23582
23583
23585
23588
23591
23593
23595
23596
23597
23599
23605
23608
23610
23611
23612
23616
23617
23618
23619
23625
23626
23628
23630
23631
23634
23635
23636
23638
23641
23643
23644
23645
23646
23651
23652
23653
23654
23657
23658
23662
23666
23667
23668
23670
23673
23679
23681
23682
23683
23686
23687
23688
23693
23696
23697
23698
23699
23700
23701
23703
23705
23706
23707
23709
23711
23713
23717
23718
23722
23727
23728
23729
23730
23735
23736
23738
23739
23740
23741
23744
23752
23753
23754
23756
23758
23761
23762
23764
23766
23769
23774
23776
23778
23779
23786
23788
23790
23791
23792
23793
23794
23795
23796
23797
23800
23801
23803
23806
23809
23810
23811
23812
23814
23815
23817
23818
23821
23824
23825
23826
23828
23829
23830
23834
23836
23837
23838
23840
23841
23843
23846
23848
23849
23850
23854
23855
23856
23857
23858
23860
23863
23864
23865
23866
23867
23868
23870
23872
23874
23875
23878
23885
23886
23887
23891
23892
23893
23898
23902
23905
23907
23908
23909
23910
23912
23914
23915
23916
23917
23918
23920
23921
23924
23927
23928
23929
23930
23931
23933
23935
23940
23942
23945
23948
23950
23953
23958
23959
23960
23963
23966
23969
23971
23975
23977
23978
23980
23981
23983
23984
23990
23991
23992
23993
23996
23997
23999
24003
24005
24006
24008
24010
24014
24017
24019
24021
24025
24030
24032
24033
24034
24035
24036
24037
24038
24040
24047
24050
24053
24054
24055
24056
24058
24061
24062
24065
24067
24068
24072
24077
24080
24081
24083
24084
24085
24087
24088
24089
24095
24098
24099
24103
24105
24106
24109
24111
24113
24115
24116
24117
24118
24119
24122
24123
24129
24131
24132
24133
24134
24136
24137
24138
24139
24141
24147
24150
24152
24154
24155
24156
24157
24158
24161
24162
24164
24165
24167
24174
24175
24176
24177
24180
24183
24186
24187
24188
24192
24193
24194
24195
24196
24199
24204
24207
24211
24213
24214
24215
24217
24218
24221
24223
24224
24228
24231
24232
24234
24235
24236
24238
24239
24241
24243
24246
24247
24251
24252
24255
24260
24262
24263
24264
24265
24267
24269
24272
24274
24275
24276
24280
24283
24285
24286
24293
24296
24297
24299
24300
24303
24306
24307
24308
24309
24311
24312
24314
24316
24317
24318
24322
24323
24325
24326
24328
24329
24331
24333
24334
24336
24337
24339
24341
24343
24344
24345
24346
24348
24349
24351
24354
24358
24359
24361
24364
24365
24366
24367
24370
24372
24373
24374
24376
24378
24380
24386
24387
24388
24389
24390
24393
24394
24395
24397
24398
24401
24402
24405
24407
24408
24414
24418
24420
24421
24422
24423
24424
24425
24426
24428
24429
24430
24431
24435
24437
24440
24441
24442
24443
24445
24446
24450
24452
24453
24454
24456
24459
24460
24464
24465
24466
24468
24469
24470
24471
24476
24477
24480
24483
24484
24485
24489
24490
24491
24492
24493
24497
24498
24501
24502
24504
24506
24507
24508
24510
24521
24522
24525
24527
24528
24529
24531
24534
24536
24538
24542
24544
24545
24547
24548
24549
24550
24551
24552
24554
24555
24556
24557
24558
24561
24562
24563
24564
24566
24568
24575
24579
24581
24583
24586
24591
24592
24593
24594
24595
24598
24599
24601
24603
24605
24606
24607
24609
24611
24613
24617
24619
24621
24624
24627
24629
24632
24633
24634
24635
24640
24641
24643
24645
24647
24649
24651
24652
24654
24655
24656
24657
24658
24660
24663
24671
24672
24678
24679
24681
24685
24686
24687
24689
24690
24692
24694
24696
24698
24699
24701
24702
24705
24707
24708
24712
24714
24716
24717
24718
24719
24722
24726
24727
24728
24731
24732
24734
24735
24737
24738
24739
24741
24742
24743
24744
24746
24747
24751
24752
24754
24756
24757
24761
24763
24765
24766
24767
24769
24771
24774
24776
24777
24780
24781
24782
24783
24784
24785
24787
24790
24791
24792
24793
24794
24795
24796
24797
24799
24800
24801
24802
24803
24804
24805
24806
24809
24812
24814
24816
24818
24819
24820
24823
24827
24828
24829
24831
24832
24834
24836
24840
24843
24844
24845
24848
24850
24853
24855
24856
24857
24859
24862
24867
24868
24869
24871
24872
24875
24879
24882
24884
24885
24886
24890
24892
24894
24895
24897
24898
24901
24908
24910
24914
24916
24917
24918
24920
24922
24923
24932
24934
24936
24937
24938
24941
24942
24946
24947
24948
24951
24953
24955
24956
24957
24958
24963
24964
24965
24967
24972
24975
24977
24980
24983
24984
24985
24987
24989
24990
24996
24997
24999
25001
25003
25004
25005
25007
25012
25013
25015
25016
25017
25020
25021
25023
25024
25025
25026
25029
25030
25037
25038
25042
25046
25048
25050
25051
25053
25055
25056
25057
25058
25061
25062
25063
25065
25067
25068
25070
25071
25072
25073
25074
25075
25076
25077
25081
25082
25083
25087
25088
25090
25091
25095
25097
25099
25101
25102
25103
25104
25106
25110
25111
25113
25115
25118
25119
25120
25122
25123
25124
25125
25126
25128
25134
25140
25143
25144
25145
25146
25147
25150
25151
25152
25154
25159
25161
25164
25165
25167
25168
25169
25170
25171
25174
25176
25179
25182
25185
25186
25187
25188
25190
25192
25193
25195
25197
25198
25199
25205
25207
25208
25209
25210
25212
25215
25216
25217
25219
25220
25223
25224
25227
25229
25230
25232
25234
25237
25242
25243
25244
25246
25247
25251
25253
25254
25255
25256
25257
25259
25261
25264
25265
25266
25267
25271
25273
25281
25282
25284
25287
25288
25289
25290
25292
25293
25296
25297
25301
25303
25305
25306
25307
25310
25311
25312
25319
25321
25323
25326
25327
25331
25332
25333
25334
25335
25339
25340
25341
25343
25345
25350
25352
25362
25364
25369
25370
25371
25372
25373
25376
25377
25378
25380
25381
25382
25383
25387
25389
25391
25392
25397
25399
25400
25401
25402
25403
25404
25405
25409
25412
25415
25418
25419
25420
25422
25423
25424
25430
25432
25433
25434
25435
25436
25438
25440
25447
25448
25449
25452
25456
25458
25459
25460
25466
25467
25468
25469
25470
25473
25474
25475
25478
25479
25480
25482
25484
25488
25490
25491
25494
25497
25502
25504
25506
25508
25509
25510
25514
25515
25516
25517
25518
25523
25524
25527
25528
25530
25531
25532
25533
25538
25539
25540
25542
25550
25551
25553
25556
25559
25560
25561
25562
25568
25573
25576
25577
25578
25579
25582
25584
25588
25589
25590
25592
25593
25594
25595
25597
25598
25600
25606
25607
25609
25610
25614
25615
25616
25620
25623
25625
25626
25627
25629
25632
25635
25636
25638
25639
25641
25644
25645
25650
25652
25655
25659
25662
25663
25668
25670
25671
25672
25674
25678
25680
25682
25685
25687
25688
25691
25692
25695
25697
25699
25702
25703
25704
25706
25708
25709
25711
25712
25713
25716
25717
25719
25720
25721
25722
25723
25724
25725
25726
25727
25733
25743
25745
25747
25748
25750
25751
25752
25753
25755
25756
25759
25761
25763
25765
25767
25768
25771
25776
25777
25778
25779
25781
25783
25784
25785
25786
25787
25794
25796
25798
25799
25801
25802
25803
25805
25806
25810
25811
25813
25816
25818
25820
25822
25824
25825
25826
25828
25829
25832
25835
25836
25837
25839
25840
25841
25843
25847
25848
25849
25852
25854
25857
25858
25861
25863
25869
25870
25871
25872
25873
25874
25875
25877
25880
25881
25882
25883
25885
25887
25888
25889
25894
25895
25896
25897
25898
25901
25902
25903
25905
25907
25909
25910
25911
25912
25916
25917
25919
25921
25922
25924
25927
25928
25930
25933
25936
25937
25938
25941
25942
25943
25946
25948
25949
25953
25954
25956
25957
25961
25962
25963
25969
25970
25971
25974
25977
25978
25979
25980
25986
25988
25990
25991
25993
25995
25996
25998
26000
26003
26006
26008
26009
26010
26011
26018
26021
26024
26025
26027
26028
26031
26034
26036
26037
26038
26039
26040
26042
26043
26044
26047
26050
26051
26052
26054
26055
26058
26061
26067
26068
26069
26073
26076
26077
26078
26081
26082
26084
26086
26087
26090
26093
26099
26100
26101
26106
26108
26109
26110
26112
26113
26114
26118
26119
26121
26122
26123
26125
26127
26128
26129
26132
26136
26137
26138
26141
26146
26147
26148
26149
26150
26151
26153
26156
26159
26160
26163
26164
26167
26171
26173
26176
26181
26183
26184
26189
26190
26192
26194
26196
26198
26201
26202
26203
26204
26207
26216
26218
26219
26221
26222
26224
26225
26226
26227
26229
26233
26235
26236
26237
26239
26240
26241
26242
26243
26246
26247
26253
26254
26257
26258
26263
26264
26265
26267
26268
26269
26270
26271
26272
26274
26277
26278
26280
26281
26282
26283
26285
26286
26287
26288
26289
26290
26291
26292
26293
26296
26302
26303
26305
26306
26307
26308
26309
26310
26313
26317
26318
26320
26322
26323
26324
26328
26329
26333
26336
26337
26339
26344
26346
26347
26351
26353
26355
26356
26360
26361
26365
26366
26367
26368
26369
26372
26377
26383
26386
26387
26388
26391
26392
26395
26397
26404
26405
26406
26408
26409
26410
26411
26413
26416
26417
26421
26423
26424
26425
26426
26428
26430
26432
26433
26434
26435
26438
26439
26441
26442
26444
26445
26446
26448
26449
26450
26452
26453
26455
26456
26458
26459
26461
26464
26467
26471
26473
26474
26476
26477
26478
26481
26484
26485
26487
26488
26491
26493
26496
26497
26502
26504
26507
26508
26509
26510
26511
26512
26515
26518
26519
26521
26522
26525
26527
26528
26529
26531
26532
26533
26534
26539
26540
26542
26544
26547
26548
26549
26553
26554
26555
26556
26558
26559
26561
26563
26564
26566
26567
26568
26569
26572
26574
26576
26579
26580
26583
26586
26587
26588
26590
26592
26595
26596
26603
26604
26605
26607
26609
26611
26619
26620
26621
26622
26625
26626
26627
26629
26630
26631
26633
26635
26636
26638
26641
26644
26646
26651
26653
26655
26656
26659
26663
26666
26667
26671
26673
26674
26675
26678
26680
26681
26682
26686
26687
26689
26690
26692
26693
26694
26696
26698
26700
26702
26706
26707
26710
26712
26713
26714
26716
26719
26720
26721
26722
26723
26726
26730
26735
26736
26743
26746
26747
26748
26749
26750
26752
26753
26756
26759
26761
26762
26763
26764
26767
26775
26776
26777
26780
26783
26785
26787
26788
26789
26792
26794
26797
26799
26800
26801
26802
26803
26805
26807
26809
26812
26813
26816
26818
26819
26820
26824
26827
26829
26831
26837
26840
26841
26843
26844
26845
26846
26847
26848
26851
26852
26853
26856
26858
26859
26865
26866
26868
26869
26870
26872
26873
26875
26877
26878
26880
26881
26882
26883
26885
26887
26889
26890
26895
26897
26899
26900
26901
26904
26907
26908
26909
26912
26915
26916
26917
26918
26920
26922
26924
26925
26926
26935
26936
26937
26938
26941
26943
26945
26947
26949
26957
26959
26961
26963
26965
26966
26968
26970
26974
26975
26976
26977
26978
26979
26982
26983
26984
26986
26989
26991
26992
26993
26995
26996
27000
27002
27004
27005
27007
27010
27011
27014
27017
27020
27021
27022
27026
27028
27030
27031
27035
27036
27043
27044
27048
27049
27051
27052
27053
27055
27058
27059
27060
27061
27063
27066
27069
27072
27073
27074
27075
27078
27081
27084
27087
27088
27093
27095
27099
27100
27101
27103
27105
27108
27109
27112
27114
27116
27124
27127
27128
27130
27131
27134
27135
27136
27137
27138
27140
27141
27143
27144
27150
27152
27153
27154
27155
27157
27158
27159
27160
27173
27174
27175
27177
27179
27181
27184
27186
27188
27189
27190
27191
27195
27197
27198
27199
27202
27205
27207
27208
27209
27211
27213
27214
27216
27218
27219
27220
27221
27222
27223
27224
27226
27228
27229
27230
27231
27234
27235
27237
27238
27240
27241
27249
27250
27253
27255
27256
27258
27259
27261
27263
27268
27270
27274
27276
27279
27280
27281
27282
27284
27287
27288
27293
27297
27300
27301
27302
27303
27305
27306
27307
27308
27310
27312
27314
27315
27316
27318
27319
27320
27321
27324
27326
27327
27328
27329
27331
27332
27334
27335
27338
27340
27346
27347
27348
27350
27351
27352
27354
27355
27357
27358
27359
27361
27363
27371
27374
27380
27382
27383
27384
27387
27390
27391
27392
27393
27395
27400
27401
27403
27404
27405
27407
27408
27409
27410
27411
27412
27413
27414
27417
27419
27420
27421
27424
27426
27430
27432
27433
27435
27436
27437
27440
27444
27446
27448
27449
27456
27457
27458
27459
27460
27462
27463
27465
27468
27470
27471
27472
27476
27480
27481
27482
27483
27485
27487
27488
27493
27495
27497
27498
27499
27502
27505
27506
27507
27508
27510
27511
27514
27515
27516
27527
27528
27529
27530
27533
27536
27538
27539
27540
27541
27543
27544
27546
27547
27548
27553
27556
27560
27561
27562
27563
27568
27569
27575
27576
27577
27578
27579
27584
27589
27590
27592
27594
27595
27602
27605
27609
27610
27611
27613
27614
27615
27616
27618
27620
27625
27627
27628
27629
27630
27632
27633
27634
27636
27637
27638
27639
27644
27645
27646
27647
27648
27649
27654
27656
27659
27660
27661
27663
27664
27667
27670
27673
27674
27675
27676
27684
27687
27689
27691
27695
27696
27698
27700
27701
27705
27707
27708
27714
27715
27719
27721
27722
27726
27732
27733
27734
27736
27737
27738
27739
27740
27743
27745
27746
27748
27751
27752
27756
27758
27759
27760
27761
27763
27764
27769
27776
27781
27788
27789
27790
27792
27793
27794
27795
27796
27797
27801
27802
27804
27805
27807
27808
27810
27811
27812
27813
27815
27816
27822
27825
27828
27829
27831
27832
27833
27835
27836
27840
27843
27845
27846
27847
27848
27849
27852
27853
27857
27858
27859
27862
27865
27869
27871
27872
27873
27874
27876
27878
27879
27881
27882
27883
27884
27885
27887
27888
27889
27891
27892
27898
27899
27901
27903
27904
27906
27908
27911
27913
27914
27915
27921
27922
27923
27925
27926
27927
27930
27932
27933
27935
27936
27937
27939
27940
27941
27942
27943
27945
27948
27949
27951
27953
27955
27961
27962
27963
27965
27966
27967
27969
27971
27972
27973
27975
27977
27978
27982
27985
27986
27987
27988
27989
27990
27992
27993
27994
27995
27996
27998
28001
28002
28004
28005
28006
28007
28009
28014
28015
28017
28021
28023
28024
28026
28027
28030
28032
28033
28035
28036
28038
28039
28042
28043
28044
28047
28048
28052
28055
28058
28061
28062
28063
28064
28065
28066
28068
28070
28071
28074
28075
28076
28078
28079
28082
28083
28087
28090
28091
28093
28095
28102
28103
28105
28106
28108
28109
28111
28112
28113
28114
28121
28124
28127
28128
28131
28132
28135
28136
28137
28140
28142
28143
28145
28149
28150
28154
28155
28156
28158
28159
28160
28161
28162
28164
28168
28169
28170
28173
28178
28180
28188
28189
28190
28193
28197
28198
28200
28202
28203
28204
28205
28206
28209
28210
28212
28214
28216
28218
28219
28221
28224
28225
28226
28227
28229
28231
28233
28239
28240
28241
28242
28243
28244
28248
28250
28255
28259
28260
28261
28262
28263
28272
28274
28275
28276
28278
28282
28284
28285
28287
28288
28290
28293
28295
28296
28298
28300
28301
28302
28308
28309
28311
28312
28313
28316
28317
28319
28325
28326
28328
28329
28330
28332
28336
28338
28343
28345
28346
28347
28353
28354
28356
28357
28358
28360
28364
28370
28373
28374
28376
28379
28380
28381
28383
28384
28385
28388
28389
28392
28393
28395
28396
28397
28400
28401
28406
28408
28411
28412
28414
28416
28417
28418
28420
28421
28425
28426
28427
28428
28430
28432
28433
28436
28437
28438
28439
28441
28442
28443
28444
28445
28447
28448
28450
28451
28452
28453
28458
28459
28461
28463
28465
28468
28471
28474
28476
28478
28479
28480
28482
28484
28485
28486
28489
28492
28493
28494
28495
28496
28500
28501
28505
28506
28508
28509
28511
28512
28514
28520
28521
28524
28526
28530
28531
28535
28536
28538
28539
28543
28544
28545
28546
28548
28549
28550
28551
28552
28555
28556
28557
28558
28559
28562
28566
28569
28570
28573
28574
28575
28576
28579
28580
28583
28584
28585
28587
28588
28590
28591
28594
28596
28597
28598
28599
28600
28603
28604
28606
28608
28611
28612
28613
28614
28616
28619
28622
28624
28625
28626
28628
28632
28635
28637
28639
28641
28642
28644
28645
28647
28648
28649
28650
28651
28652
28655
28657
28658
28660
28661
28664
28667
28671
28672
28673
28674
28676
28677
28681
28684
28685
28686
28687
28690
28691
28693
28694
28697
28698
28699
28700
28701
28703
28706
28709
28710
28711
28714
28720
28726
28729
28734
28738
28739
28740
28741
28742
28743
28745
28748
28751
28752
28754
28755
28757
28758
28759
28761
28763
28764
28766
28767
28768
28772
28774
28779
28781
28782
28784
28785
28790
28792
28797
28801
28804
28805
28806
28807
28818
28819
28823
28824
28825
28832
28834
28835
28840
28841
28844
28847
28848
28850
28852
28853
28854
28855
28856
28858
28860
28861
28863
28865
28866
28868
28871
28872
28874
28875
28876
28879
28880
28881
28886
28887
28888
28889
28891
28892
28893
28896
28898
28901
28903
28904
28906
28907
28909
28910
28911
28913
28914
28917
28924
28927
28928
28930
28931
28932
28934
28935
28936
28937
28941
28942
28944
28946
28947
28948
28950
28958
28962
28964
28965
28968
28969
28970
28974
28975
28976
28978
28979
28981
28982
28983
28984
28986
28990
28993
28995
28999
29004
29005
29011
29012
29013
29014
29016
29017
29019
29020
29021
29022
29023
29024
29027
29028
29032
29033
29038
29042
29046
29047
29048
29049
29051
29053
29056
29057
29058
29059
29061
29062
29065
29066
29068
29069
29071
29072
29073
29075
29076
29081
29083
29084
29085
29087
29088
29090
29096
29099
29102
29104
29105
29106
29107
29109
29110
29111
29113
29118
29120
29123
29124
29125
29128
29137
29138
29139
29142
29143
29144
29145
29146
29147
29148
29149
29150
29153
29157
29159
29160
29161
29162
29163
29164
29165
29166
29168
29170
29171
29175
29176
29179
29180
29184
29186
29187
29189
29190
29192
29194
29195
29196
29199
29200
29202
29203
29204
29206
29209
29210
29213
29215
29218
29221
29224
29225
29228
29229
29231
29237
29241
29242
29243
29244
29247
29248
29249
29252
29253
29255
29257
29260
29261
29262
29267
29271
29273
29274
29275
29279
29280
29281
29282
29287
29292
29293
29295
29296
29302
29305
29306
29308
29310
29312
29314
29315
29320
29323
29324
29326
29327
29328
29329
29331
29340
29341
29342
29344
29345
29347
29348
29349
29350
29352
29353
29354
29355
29359
29362
29364
29365
29366
29368
29369
29370
29374
29375
29377
29378
29379
29383
29385
29389
29390
29393
29394
29395
29396
29398
29403
29404
29406
29408
29409
29410
29411
29412
29414
29416
29418
29419
29420
29421
29422
29429
29433
29434
29436
29437
29439
29442
29446
29447
29448
29451
29452
29453
29456
29458
29461
29464
29465
29469
29470
29471
29472
29473
29477
29480
29481
29482
29483
29485
29488
29489
29493
29494
29495
29497
29500
29501
29502
29504
29505
29506
29507
29509
29510
29512
29515
29517
29520
29521
29522
29523
29528
29529
29533
29534
29541
29547
29548
29549
29553
29554
29555
29556
29557
29558
29559
29560
29561
29562
29565
29569
29570
29572
29574
29577
29578
29580
29581
29583
29584
29586
29587
29589
29590
29591
29592
29594
29596
29601
29603
29605
29606
29611
29612
29613
29615
29618
29621
29622
29626
29628
29630
29634
29635
29638
29640
29641
29642
29646
29648
29650
29653
29654
29656
29659
29661
29663
29667
29669
29672
29674
29677
29679
29683
29684
29686
29688
29689
29693
29696
29697
29700
29701
29708
29709
29717
29720
29722
29723
29724
29727
29730
29732
29734
29736
29737
29738
29739
29741
29743
29744
29745
29746
29748
29752
29753
29755
29756
29758
29759
29760
29762
29763
29765
29770
29771
29772
29774
29775
29776
29778
29779
29780
29782
29786
29788
29789
29790
29791
29792
29793
29794
29795
29799
29801
29802
29804
29805
29806
29807
29809
29810
29811
29812
29813
29815
29816
29819
29820
29821
29823
29827
29828
29831
29832
29834
29835
29837
29839
29840
29843
29844
29845
29847
29852
29854
29855
29857
29860
29861
29862
29863
29865
29866
29868
29871
29872
29873
29874
29875
29876
29877
29881
29883
29891
29895
29896
29897
29898
29899
29900
29901
29902
29904
29911
29915
29917
29918
29919
29920
29924
29927
29929
29930
29933
29935
29936
29939
29941
29942
29944
29947
29948
29950
29953
29954
29955
29956
29959
29960
29961
29969
29973
29974
29975
29976
29978
29980
29981
29984
29986
29991
29992
29993
29994
30000
30001
30002
30003
30005
30007
30009
30010
30012
30015
30016
30018
30020
30021
30025
30026
30028
30031
30034
30037
30038
30039
30040
30041
30042
30047
30048
30052
30054
30056
30057
30058
30060
30061
30062
30067
30068
30069
30071
30075
30076
30079
30080
30083
30084
30085
30088
30091
30092
30095
30096
30100
30102
30103
30104
30106
30108
30109
30110
30112
30118
30119
30121
30125
30126
30129
30130
30131
30132
30135
30137
30138
30139
30141
30143
30144
30147
30152
30154
30159
30160
30164
30165
30167
30169
30171
30172
30175
30181
30182
30183
30184
30186
30187
30188
30192
30197
30198
30200
30201
30203
30204
30205
30206
30207
30211
30214
30215
30218
30219
30221
30222
30223
30224
30227
30228
30232
30235
30236
30238
30242
30243
30244
30245
30247
30248
30249
30251
30253
30254
30256
30258
30263
30265
30266
30267
30268
30269
30270
30280
30282
30285
30286
30287
30289
30291
30292
30296
30299
30301
30305
30306
30308
30309
30313
30315
30316
30317
30319
30320
30321
30323
30325
30326
30329
30330
30331
30333
30334
30337
30339
30341
30343
30347
30351
30354
30357
30359
30361
30363
30364
30366
30367
30372
30373
30375
30378
30380
30381
30384
30386
30389
30391
30393
30394
30396
30397
30399
30400
30402
30406
30407
30410
30414
30415
30416
30418
30419
30420
30421
30422
30427
30430
30431
30432
30433
30436
30437
30438
30440
30441
30444
30445
30448
30450
30452
30453
30454
30456
30458
30460
30461
30462
30464
30466
30467
30470
30474
30475
30480
30481
30482
30484
30488
30490
30492
30494
30495
30496
30499
30500
30501
30502
30504
30505
30507
30509
30514
30516
30518
30521
30526
30527
30528
30531
30533
30536
30537
30539
30541
30542
30544
30547
30548
30551
30552
30553
30555
30557
30559
30560
30562
30563
30564
30567
30569
30570
30571
30572
30574
30575
30576
30577
30580
30582
30584
30585
30586
30591
30593
30595
30596
30601
30602
30603
30604
30605
30610
30612
30615
30616
30617
30618
30622
30625
30627
30628
30629
30630
30632
30633
30635
30641
30643
30644
30652
30653
30654
30656
30658
30659
30660
30661
30663
30664
30665
30666
30667
30668
30670
30671
30672
30675
30676
30678
30680
30685
30687
30691
30695
30696
30698
30699
30700
30701
30703
30705
30709
30712
30713
30715
30716
30717
30720
30721
30724
30726
30727
30728
30729
30731
30733
30739
30740
30746
30751
30753
30754
30757
30761
30763
30764
30767
30769
30771
30773
30774
30775
30776
30778
30783
30784
30785
30786
30787
30789
30790
30798
30799
30800
30802
30804
30807
30808
30810
30812
30813
30816
30818
30819
30820
30821
30824
30826
30827
30828
30830
30831
30833
30836
30838
30840
30841
30848
30851
30852
30853
30856
30858
30859
30860
30863
30864
30866
30869
30871
30872
30873
30874
30877
30878
30879
30880
30881
30882
30883
30884
30885
30891
30892
30894
30896
30898
30902
30903
30905
30907
30908
30910
30914
30915
30916
30920
30922
30923
30924
30925
30927
30929
30930
30931
30932
30933
30935
30940
30941
30944
30949
30952
30953
30954
30955
30958
30960
30964
30965
30966
30967
30968
30972
30980
30983
30985
30986
30989
30990
30991
30994
30995
30997
31003
31007
31008
31012
31013
31014
31017
31021
31022
31025
31026
31028
31029
31031
31033
31037
31038
31041
31042
31044
31047
31048
31050
31052
31054
31055
31056
31060
31063
31065
31068
31069
31070
31072
31073
31074
31076
31077
31085
31089
31090
31091
31092
31095
31098
31101
31102
31103
31104
31105
31107
31110
31111
31113
31115
31116
31119
31120
31121
31123
31125
31127
31128
31129
31131
31134
31136
31139
31140
31143
31147
31148
31149
31150
31151
31153
31154
31155
31156
31157
31161
31163
31165
31167
31168
31169
31172
31174
31175
31176
31178
31179
31181
31182
31185
31187
31191
31193
31195
31196
31197
31198
31200
31207
31209
31210
31215
31219
31223
31225
31226
31227
31228
31229
31231
31232
31233
31236
31240
31241
31242
31244
31247
31249
31251
31252
31253
31259
31262
31266
31267
31269
31270
31271
31272
31275
31277
31281
31282
31283
31285
31286
31288
31290
31293
31294
31295
31299
31300
31301
31302
31303
31304
31307
31308
31309
31310
31311
31312
31313
31316
31317
31319
31321
31323
31324
31326
31327
31328
31329
31330
31331
31336
31337
31338
31341
31343
31344
31346
31347
31348
31349
31353
31354
31355
31357
31360
31365
31366
31368
31371
31373
31375
31378
31379
31383
31384
31387
31390
31391
31393
31395
31397
31398
31399
31404
31407
31408
31409
31411
31417
31419
31422
31424
31427
31429
31430
31432
31435
31436
31437
31446
31451
31452
31454
31457
31458
31460
31461
31462
31465
31468
31469
31471
31473
31475
31476
31479
31481
31482
31484
31487
31489
31490
31491
31493
31494
31495
31497
31498
31500
31505
31506
31507
31511
31512
31514
31519
31520
31521
31524
31526
31530
31532
31538
31543
31545
31548
31550
31551
31552
31553
31554
31557
31558
31560
31564
31566
31569
31570
31575
31576
31577
31579
31584
31585
31588
31589
31590
31591
31592
31595
31598
31599
31600
31603
31604
31605
31606
31607
31614
31615
31618
31619
31622
31626
31627
31629
31631
31633
31634
31636
31637
31640
31644
31647
31650
31651
31653
31659
31660
31661
31662
31663
31664
31668
31670
31671
31672
31675
31676
31677
31678
31680
31682
31683
31684
31685
31686
31687
31689
31693
31700
31702
31707
31708
31710
31712
31713
31716
31717
31718
31720
31721
31725
31726
31727
31728
31729
31732
31735
31737
31738
31739
31741
31744
31751
31752
31753
31755
31756
31758
31759
31760
31761
31762
31764
31767
31768
31769
31772
31775
31776
31778
31781
31783
31786
31787
31788
31792
31793
31794
31795
31797
31798
31799
31803
31804
31808
31809
31814
31815
31816
31819
31821
31824
31825
31827
31831
31832
31835
31836
31837
31838
31841
31842
31846
31847
31848
31850
31851
31852
31854
31856
31857
31859
31862
31863
31866
31868
31869
31880
31882
31883
31884
31886
31891
31892
31894
31895
31898
31902
31906
31908
31909
31910
31911
31915
31916
31918
31920
31921
31922
31923
31924
31925
31926
31927
31931
31933
31936
31937
31938
31939
31940
31941
31942
31945
31946
31948
31949
31950
31951
31955
31956
31957
31958
31959
31963
31966
31967
31969
31970
31971
31973
31974
31975
31976
31979
31981
31982
31985
31986
31989
31990
31991
31993
31996
31997
31998
32002
32005
32006
32008
32009
32010
32011
32012
32013
32015
32016
32017
32024
32026
32028
32033
32035
32038
32043
32045
32047
32048
32050
32052
32053
32054
32055
32056
32062
32063
32066
32067
32068
32069
32071
32072
32073
32074
32076
32077
32078
32085
32088
32089
32093
32094
32095
32096
32098
32099
32101
32105
32106
32109
32111
32112
32114
32116
32118
32119
32121
32122
32123
32125
32126
32127
32129
32132
32133
32134
32137
32142
32143
32144
32145
32146
32147
32149
32150
32152
32153
32157
32158
32159
32162
32163
32165
32166
32172
32173
32175
32179
32181
32183
32185
32187
32189
32190
32192
32194
32195
32199
32201
32202
32205
32209
32211
32212
32213
32214
32215
32217
32224
32226
32230
32231
32234
32235
32236
32237
32238
32242
32246
32250
32252
32254
32256
32257
32258
32259
32261
32265
32266
32269
32272
32274
32277
32278
32283
32285
32287
32289
32290
32291
32293
32295
32296
32297
32300
32301
32302
32303
32306
32307
32311
32312
32313
32318
32320
32321
32322
32325
32330
32332
32336
32337
32339
32340
32341
32345
32347
32348
32349
32350
32352
32354
32355
32358
32359
32361
32369
32371
32372
32374
32376
32379
32381
32382
32383
32384
32386
32387
32390
32391
32393
32394
32396
32398
32399
32400
32403
32404
32414
32417
32419
32420
32423
32426
32428
32429
32430
32432
32433
32434
32437
32438
32439
32441
32442
32443
32444
32447
32449
32450
32453
32454
32455
32456
32457
32458
32461
32462
32463
32464
32465
32469
32473
32474
32475
32476
32479
32480
32481
32483
32486
32488
32493
32495
32496
32498
32500
32502
32508
32512
32513
32516
32517
32518
32519
32520
32521
32526
32527
32529
32531
32533
32535
32536
32538
32539
32542
32544
32545
32547
32548
32552
32553
32554
32555
32557
32558
32559
32561
32562
32567
32569
32570
32572
32573
32574
32580
32583
32586
32588
32590
32593
32594
32595
32596
32599
32601
32603
32604
32605
32608
32609
32610
32612
32616
32617
32618
32619
32620
32621
32623
32625
32629
32631
32632
32633
32634
32636
32641
32643
32646
32654
32655
32656
32659
32666
32669
32670
32672
32673
32674
32677
32681
32682
32683
32690
32691
32693
32695
32696
32699
32700
32705
32707
32709
32715
32718
32720
32728
32731
32732
32733
32734
32735
32736
32740
32742
32743
32744
32745
32746
32749
32750
32751
32752
32753
32755
32758
32762
32764
32765
32767
32771
32774
32776
32777
32778
32783
32785
32787
32790
32791
32793
32797
32801
32802
32804
32807
32809
32812
32813
32814
32816
32817
32818
32819
32820
32821
32822
32824
32826
32827
32828
32833
32834
32835
32836
32837
32838
32839
32840
32841
32842
32843
32844
32846
32850
32851
32852
32856
32860
32862
32863
32866
32867
32869
32870
32871
32873
32874
32876
32882
32884
32885
32886
32889
32891
32893
32896
32899
32900
32901
32902
32903
32904
32905
32907
32910
32911
32913
32914
32915
32920
32921
32922
32924
32925
32926
32927
32928
32929
32931
32936
32937
32938
32940
32942
32945
32946
32948
32951
32953
32954
32956
32958
32960
32961
32964
32966
32970
32971
32972
32974
32976
32977
32979
32980
32982
32983
32985
32987
32988
32990
32995
32997
32998
33000
33001
33002
33004
33007
33008
33009
33010
33011
33012
33013
33015
33016
33019
33021
33023
33024
33025
33031
33032
33033
33034
33035
33036
33040
33043
33044
33045
33046
33049
33050
33053
33056
33057
33060
33066
33067
33071
33073
33076
33080
33081
33082
33084
33085
33088
33092
33095
33096
33098
33101
33102
33103
33108
33109
33116
33119
33122
33123
33124
33125
33129
33132
33135
33136
33137
33138
33148
33149
33150
33151
33152
33158
33160
33163
33164
33165
33171
33172
33173
33174
33175
33178
33179
33181
33187
33188
33189
33190
33191
33192
33194
33197
33200
33203
33204
33205
33206
33208
33212
33213
33215
33217
33218
33220
33221
33222
33223
33226
33227
33232
33234
33236
33239
33240
33241
33242
33243
33244
33247
33248
33251
33253
33254
33255
33256
33257
33258
33262
33263
33264
33265
33266
33270
33271
33277
33278
33284
33287
33289
33290
33291
33292
33296
33297
33301
33302
33304
33305
33306
33307
33309
33311
33312
33313
33314
33327
33328
33329
33330
33332
33333
33334
33336
33337
33338
33339
33340
33341
33344
33346
33350
33351
33354
33358
33359
33360
33361
33362
33363
33365
33366
33367
33368
33370
33372
33374
33376
33377
33378
33382
33385
33387
33388
33391
33392
33393
33394
33400
33402
33404
33405
33406
33410
33411
33412
33413
33414
33416
33419
33422
33424
33425
33426
33427
33430
33432
33433
33436
33437
33438
33439
33444
33445
33446
33448
33449
33450
33452
33456
33457
33458
33459
33462
33463
33469
33470
33473
33475
33477
33480
33481
33484
33486
33492
33493
33494
33495
33497
33499
33500
33501
33502
33510
33513
33517
33518
33521
33524
33525
33528
33530
33533
33536
33537
33539
33540
33542
33546
33547
33548
33550
33556
33557
33559
33560
33564
33566
33569
33573
33574
33575
33576
33577
33580
33581
33582
33584
33586
33588
33590
33591
33593
33595
33596
33597
33598
33599
33602
33603
33605
33606
33607
33609
33612
33614
33616
33617
33620
33622
33624
33625
33627
33628
33629
33632
33637
33638
33639
33640
33642
33643
33645
33646
33651
33652
33654
33655
33656
33657
33658
33659
33664
33665
33671
33673
33676
33677
33681
33683
33684
33685
33686
33687
33691
33695
33696
33698
33700
33705
33709
33710
33711
33714
33715
33716
33717
33718
33721
33722
33723
33724
33729
33730
33731
33732
33734
33744
33745
33746
33747
33749
33752
33754
33757
33760
33762
33763
33766
33771
33775
33777
33778
33779
33781
33784
33787
33788
33790
33791
33792
33793
33799
33803
33805
33807
33808
33809
33810
33811
33812
33815
33816
33817
33818
33821
33822
33824
33825
33829
33831
33832
33833
33834
33836
33838
33839
33840
33841
33843
33844
33845
33846
33848
33854
33856
33859
33861
33862
33863
33865
33867
33870
33871
33872
33873
33876
33877
33879
33880
33883
33884
33888
33889
33890
33892
33893
33894
33897
33898
33899
33900
33901
33902
33903
33904
33905
33906
33907
33908
33915
33916
33918
33919
33921
33923
33924
33930
33933
33934
33935
33939
33940
33945
33946
33947
33948
33949
33951
33953
33954
33955
33960
33964
33966
33967
33969
33970
33972
33973
33976
33977
33983
33985
33990
33991
33992
33996
33997
33999
34001
34002
34003
34004
34007
34009
34011
34012
34013
34018
34022
34023
34025
34028
34029
34030
34031
34034
34036
34037
34038
34039
34040
34043
34044
34045
34046
34048
34049
34052
34054
34058
34059
34063
34066
34069
34072
34076
34077
34080
34082
34083
34084
34089
34091
34093
34095
34096
34098
34101
34106
34108
34110
34111
34112
34115
34116
34119
34120
34121
34122
34124
34126
34129
34131
34141
34142
34145
34146
34147
34148
34152
34153
34154
34155
34157
34158
34159
34160
34161
34163
34164
34168
34172
34174
34175
34178
34180
34181
34182
34183
34184
34186
34188
34189
34191
34192
34195
34196
34197
34200
34201
34203
34204
34205
34207
34209
34210
34213
34214
34216
34217
34218
34221
34224
34225
34226
34231
34236
34237
34238
34240
34242
34244
34245
34247
34248
34252
34254
34255
34257
34263
34264
34265
34267
34268
34270
34271
34275
34277
34278
34279
34282
34283
34284
34285
34286
34287
34288
34289
34290
34291
34294
34295
34298
34305
34308
34309
34310
34312
34319
34320
34323
34329
34332
34333
34334
34336
34337
34339
34340
34346
34348
34349
34350
34355
34357
34359
34361
34363
34364
34367
34368
34369
34372
34375
34377
34383
34385
34386
34387
34390
34391
34393
34395
34396
34398
34401
34403
34405
34407
34408
34409
34410
34411
34412
34415
34420
34423
34426
34427
34428
34429
34430
34432
34434
34435
34436
34438
34441
34445
34446
34447
34448
34451
34452
34453
34456
34457
34458
34459
34460
34461
34463
34464
34465
34466
34467
34468
34469
34476
34477
34478
34479
34481
34484
34491
34492
34494
34495
34503
34505
34507
34508
34511
34514
34515
34520
34521
34522
34523
34526
34531
34533
34534
34538
34544
34545
34546
34548
34549
34552
34553
34555
34557
34560
34567
34569
34570
34571
34572
34576
34577
34578
34586
34587
34588
34589
34590
34592
34594
34595
34597
34599
34602
34606
34609
34610
34611
34612
34613
34614
34615
34616
34617
34618
34619
34620
34622
34624
34626
34627
34628
34629
34630
34631
34632
34636
34639
34644
34648
34650
34651
34652
34654
34655
34658
34659
34661
34662
34663
34666
34667
34669
34671
34672
34673
34674
34676
34677
34678
34686
34688
34689
34691
34692
34695
34697
34700
34702
34705
34708
34710
34711
34712
34713
34717
34718
34719
34720
34721
34722
34724
34727
34732
34736
34738
34739
34741
34743
34745
34746
34747
34749
34750
34753
34754
34756
34757
34759
34760
34762
34768
34769
34770
34773
34774
34775
34777
34778
34782
34785
34786
34788
34793
34795
34796
34797
34798
34799
34801
34802
34803
34805
34807
34809
34810
34811
34812
34815
34817
34818
34819
34823
34829
34830
34831
34832
34834
34835
34836
34837
34838
34848
34850
34851
34853
34856
34857
34858
34860
34861
34863
34864
34865
34869
34871
34873
34876
34877
34880
34882
34883
34884
34886
34889
34890
34892
34893
34894
34897
34899
34900
34907
34910
34911
34913
34914
34916
34918
34919
34922
34924
34925
34928
34930
34931
34934
34935
34938
34942
34943
34944
34945
34950
34951
34952
34953
34954
34955
34957
34958
34961
34962
34964
34971
34972
34973
34975
34977
34978
34981
34982
34983
34985
34990
34992
34994
34995
34998
35004
35005
35008
35010
35011
35012
35013
35015
35018
35020
35021
35025
35026
35027
35028
35029
35030
35032
35033
35034
35035
35036
35037
35039
35043
35045
35046
35047
35049
35050
35051
35052
35056
35058
35059
35060
35061
35062
35063
35064
35065
35066
35068
35069
35070
35075
35076
35079
35081
35085
35086
35088
35089
35090
35092
35093
35098
35101
35102
35105
35109
35111
35112
35115
35116
35119
35121
35124
35125
35126
35127
35128
35129
35131
35132
35133
35136
35139
35141
35143
35145
35146
35149
35151
35152
35157
35158
35160
35162
35163
35165
35171
35172
35173
35177
35180
35181
35183
35189
35190
35191
35192
35193
35194
35196
35197
35198
35199
35200
35201
35203
35205
35208
35212
35215
35216
35218
35219
35221
35225
35227
35228
35230
35233
35238
35240
35244
35246
35248
35250
35254
35259
35260
35264
35266
35268
35269
35273
35275
35276
35277
35278
35279
35282
35283
35284
35285
35286
35287
35292
35293
35297
35304
35305
35309
35310
35311
35313
35314
35315
35316
35317
35318
35323
35324
35326
35332
35350
35351
35353
35355
35356
35357
35358
35359
35363
35366
35367
35370
35374
35375
35376
35378
35379
35383
35385
35387
35388
35390
35391
35392
35393
35396
35400
35401
35403
35408
35410
35412
35413
35414
35417
35418
35419
35423
35424
35425
35427
35428
35430
35431
35439
35440
35441
35443
35444
35445
35446
35451
35452
35456
35457
35460
35461
35463
35465
35466
35467
35468
35469
35470
35471
35472
35473
35474
35476
35477
35478
35479
35480
35482
35483
35484
35485
35486
35487
35489
35490
35492
35498
35504
35505
35506
35507
35509
35510
35511
35512
35514
35522
35524
35525
35526
35528
35529
35536
35538
35541
35543
35544
35545
35546
35547
35550
35553
35554
35555
35557
35560
35563
35566
35568
35569
35570
35575
35576
35577
35578
35579
35582
35583
35586
35587
35588
35592
35593
35597
35598
35600
35602
35603
35604
35607
35608
35610
35612
35613
35615
35616
35619
35621
35623
35625
35627
35631
35632
35634
35636
35638
35641
35642
35643
35645
35646
35648
35650
35651
35652
35655
35656
35658
35659
35661
35663
35666
35670
35673
35676
35677
35678
35680
35681
35685
35686
35691
35692
35694
35695
35696
35697
35698
35700
35704
35706
35708
35710
35713
35716
35717
35718
35719
35722
35723
35724
35726
35728
35729
35732
35733
35735
35736
35737
35740
35741
35742
35743
35744
35745
35747
35750
35753
35755
35757
35759
35760
35761
35762
35764
35766
35770
35772
35780
35782
35784
35793
35794
35795
35796
35797
35798
35801
35802
35803
35805
35806
35807
35809
35811
35812
35816
35817
35819
35820
35822
35823
35825
35828
35829
35831
35832
35834
35838
35839
35841
35845
35846
35851
35853
35854
35855
35856
35861
35863
35865
35866
35869
35872
35873
35876
35880
35881
35883
35884
35885
35889
35891
35892
35893
35894
35896
35899
35900
35901
35903
35906
35908
35912
35914
35915
35916
35917
35919
35920
35921
35922
35923
35924
35926
35927
35930
35932
35933
35934
35936
35939
35941
35942
35944
35952
35953
35954
35957
35960
35961
35962
35964
35967
35970
35973
35975
35977
35978
35979
35981
35983
35984
35986
35988
35993
35998
36001
36004
36005
36006
36010
36012
36013
36014
36016
36017
36020
36021
36022
36023
36024
36027
36028
36029
36030
36031
36033
36035
36039
36040
36041
36042
36043
36044
36047
36048
36051
36054
36057
36058
36060
36061
36062
36063
36065
36066
36067
36069
36070
36071
36076
36077
36081
36082
36085
36086
36089
36092
36095
36097
36100
36110
36115
36116
36118
36119
36120
36121
36124
36125
36128
36130
36131
36134
36138
36140
36141
36143
36145
36147
36148
36150
36152
36154
36159
36162
36170
36172
36173
36174
36177
36183
36184
36185
36189
36190
36193
36196
36197
36198
36199
36200
36201
36203
36204
36209
36211
36212
36216
36217
36219
36222
36224
36226
36228
36230
36231
36234
36235
36236
36240
36243
36248
36252
36253
36255
36257
36258
36259
36262
36264
36265
36266
36267
36268
36269
36271
36272
36276
36277
36278
36279
36281
36282
36286
36289
36290
36291
36292
36294
36297
36298
36299
36301
36303
36305
36308
36311
36312
36316
36317
36318
36319
36322
36323
36324
36326
36327
36329
36330
36331
36332
36333
36337
36338
36339
36340
36341
36344
36345
36353
36354
36357
36358
36364
36366
36368
36369
36370
36372
36374
36375
36377
36378
36381
36383
36387
36389
36391
36392
36393
36394
36395
36396
36397
36400
36401
36402
36403
36408
36409
36410
36412
36413
36414
36418
36421
36422
36424
36425
36426
36428
36429
36431
36434
36440
36441
36442
36443
36444
36447
36448
36450
36451
36452
36454
36455
36456
36457
36460
36461
36462
36464
36473
36474
36478
36480
36482
36484
36485
36491
36492
36493
36495
36496
36498
36502
36503
36505
36509
36510
36511
36512
36513
36517
36519
36520
36521
36524
36525
36528
36529
36530
36532
36533
36536
36537
36538
36539
36542
36543
36544
36546
36548
36552
36553
36568
36572
36575
36580
36581
36582
36585
36590
36591
36592
36593
36594
36596
36598
36599
36600
36606
36607
36608
36610
36611
36612
36615
36616
36618
36619
36620
36622
36623
36624
36626
36627
36628
36629
36634
36635
36637
36639
36640
36641
36642
36644
36645
36646
36647
36651
36652
36653
36654
36655
36656
36657
36660
36661
36662
36663
36665
36666
36670
36672
36673
36675
36676
36677
36679
36681
36682
36683
36684
36685
36688
36689
36692
36695
36698
36704
36707
36708
36709
36711
36712
36714
36715
36716
36721
36724
36725
36731
36732
36734
36738
36740
36742
36744
36750
36752
36754
36757
36758
36759
36760
36762
36763
36764
36766
36772
36773
36774
36777
36781
36785
36786
36788
36789
36792
36795
36796
36798
36799
36801
36803
36804
36808
36810
36811
36814
36815
36818
36819
36823
36824
36828
36834
36837
36839
36840
36842
36847
36850
36852
36853
36855
36857
36858
36861
36863
36864
36865
36867
36869
36872
36873
36874
36876
36877
36879
36880
36881
36883
36884
36886
36887
36889
36891
36895
36896
36898
36901
36903
36908
36911
36913
36914
36917
36925
36926
36928
36931
36933
36935
36936
36939
36942
36943
36944
36945
36946
36947
36948
36950
36951
36953
36954
36956
36957
36958
36959
36960
36961
36963
36964
36965
36967
36971
36972
36973
36974
36978
36979
36982
36983
36984
36985
36987
36989
36990
36994
36995
36998
36999
37003
37004
37007
37009
37010
37012
37015
37017
37018
37020
37023
37024
37026
37027
37028
37029
37031
37033
37034
37036
37042
37043
37044
37046
37047
37051
37052
37053
37056
37058
37059
37060
37061
37062
37063
37064
37066
37067
37068
37071
37073
37075
37076
37077
37079
37080
37081
37083
37084
37086
37087
37090
37091
37093
37094
37102
37103
37105
37106
37113
37117
37120
37122
37123
37124
37125
37126
37128
37129
37130
37138
37140
37143
37145
37148
37149
37150
37152
37153
37154
37155
37156
37160
37162
37164
37165
37166
37167
37171
37173
37183
37184
37185
37187
37188
37190
37191
37193
37195
37197
37199
37203
37204
37206
37208
37210
37214
37217
37219
37221
37222
37223
37224
37228
37232
37235
37236
37237
37240
37241
37244
37246
37248
37249
37252
37253
37256
37257
37259
37261
37263
37264
37266
37268
37271
37272
37274
37275
37277
37278
37283
37285
37288
37290
37293
37297
37298
37299
37301
37302
37303
37304
37305
37306
37308
37309
37310
37311
37314
37316
37317
37322
37324
37328
37329
37330
37331
37335
37336
37339
37343
37344
37345
37346
37348
37349
37350
37354
37358
37362
37363
37364
37365
37366
37368
37372
37375
37376
37378
37381
37384
37388
37389
37390
37391
37393
37396
37399
37400
37401
37402
37403
37404
37405
37407
37410
37414
37418
37419
37422
37423
37424
37425
37426
37427
37428
37429
37430
37435
37437
37442
37443
37444
37445
37446
37448
37452
37457
37458
37459
37461
37462
37463
37464
37468
37469
37470
37474
37475
37476
37478
37484
37485
37486
37487
37488
37491
37493
37495
37498
37504
37505
37506
37507
37508
37510
37511
37520
37523
37526
37527
37528
37529
37532
37533
37534
37538
37541
37542
37543
37546
37548
37554
37559
37560
37561
37563
37564
37566
37568
37570
37573
37574
37576
37577
37579
37580
37585
37588
37593
37597
37598
37599
37600
37601
37603
37604
37605
37609
37611
37613
37617
37622
37623
37626
37631
37632
37635
37638
37639
37641
37643
37646
37652
37653
37654
37655
37656
37657
37659
37661
37663
37667
37669
37670
37671
37674
37678
37681
37682
37683
37684
37685
37686
37687
37688
37690
37691
37692
37693
37694
37695
37699
37700
37701
37702
37703
37704
37708
37709
37710
37711
37712
37713
37715
37716
37717
37718
37719
37722
37723
37724
37726
37729
37731
37732
37735
37738
37739
37740
37744
37745
37746
37749
37750
37753
37758
37763
37764
37765
37768
37774
37775
37779
37784
37785
37786
37789
37790
37791
37792
37795
37797
37798
37800
37801
37802
37804
37805
37806
37808
37809
37810
37811
37812
37814
37816
37819
37820
37822
37824
37828
37829
37832
37836
37837
37839
37840
37842
37843
37844
37845
37846
37847
37848
37849
37851
37852
37853
37855
37859
37860
37861
37864
37865
37869
37870
37871
37873
37874
37875
37878
37881
37882
37885
37887
37889
37891
37892
37895
37896
37897
37898
37899
37900
37901
37903
37904
37910
37911
37913
37917
37919
37920
37921
37925
37926
37933
37934
37936
37938
37945
37948
37953
37954
37959
37960
37962
37963
37964
37965
37968
37972
37973
37974
37979
37980
37982
37985
37986
37987
37989
37991
37993
37994
37995
37996
37997
37998
37999
38000
38002
38003
38004
38008
38014
38015
38016
38017
38019
38022
38023
38024
38025
38026
38030
38031
38034
38035
38037
38040
38042
38047
38050
38051
38052
38053
38055
38058
38060
38061
38062
38064
38067
38068
38070
38071
38073
38077
38078
38083
38085
38087
38089
38090
38092
38093
38094
38095
38096
38099
38100
38102
38104
38106
38109
38110
38112
38114
38115
38118
38121
38122
38123
38126
38127
38128
38131
38139
38140
38143
38144
38147
38148
38151
38153
38154
38158
38159
38160
38161
38162
38165
38169
38170
38173
38176
38178
38179
38180
38183
38186
38189
38190
38193
38196
38197
38198
38199
38200
38201
38202
38205
38207
38210
38212
38214
38217
38219
38220
38221
38223
38224
38232
38234
38235
38236
38237
38238
38239
38240
38241
38242
38245
38247
38248
38250
38251
38252
38254
38255
38256
38257
38260
38261
38264
38265
38266
38269
38273
38276
38277
38279
38281
38283
38286
38287
38290
38292
38294
38296
38297
38298
38299
38301
38302
38303
38304
38308
38309
38312
38316
38321
38324
38325
38326
38329
38330
38332
38333
38335
38337
38340
38341
38342
38343
38345
38346
38347
38350
38351
38354
38355
38358
38360
38361
38365
38368
38369
38371
38372
38373
38375
38376
38378
38381
38382
38383
38384
38386
38391
38393
38395
38397
38398
38399
38401
38402
38405
38406
38408
38409
38411
38412
38416
38417
38419
38421
38424
38426
38427
38429
38430
38435
38437
38439
38440
38442
38444
38446
38448
38450
38453
38462
38465
38469
38471
38472
38475
38478
38480
38481
38483
38484
38485
38486
38487
38491
38493
38495
38500
38502
38505
38507
38508
38509
38510
38511
38513
38514
38515
38516
38517
38518
38520
38524
38525
38526
38527
38528
38532
38533
38534
38537
38538
38539
38540
38542
38548
38549
38551
38554
38560
38562
38564
38565
38566
38567
38569
38570
38571
38572
38575
38580
38581
38586
38587
38588
38592
38593
38594
38595
38600
38601
38602
38603
38604
38605
38606
38607
38608
38611
38614
38615
38616
38618
38619
38621
38622
38625
38626
38628
38633
38634
38635
38636
38637
38639
38640
38647
38652
38653
38654
38655
38657
38659
38660
38661
38663
38666
38669
38671
38672
38673
38674
38677
38678
38680
38681
38683
38685
38688
38691
38695
38697
38698
38700
38704
38705
38710
38712
38715
38717
38718
38720
38721
38722
38723
38724
38729
38732
38736
38737
38738
38746
38747
38748
38749
38751
38758
38759
38762
38768
38769
38771
38772
38773
38775
38776
38780
38781
38782
38786
38791
38794
38795
38797
38798
38801
38803
38806
38807
38809
38813
38814
38817
38818
38820
38821
38823
38824
38825
38826
38827
38828
38829
38831
38833
38835
38836
38841
38842
38843
38844
38846
38847
38848
38852
38853
38854
38855
38860
38862
38866
38867
38869
38872
38876
38878
38879
38885
38886
38887
38888
38890
38895
38897
38900
38901
38902
38903
38905
38907
38911
38915
38916
38917
38918
38919
38921
38922
38924
38927
38929
38930
38933
38936
38938
38941
38942
38944
38945
38947
38951
38952
38954
38956
38957
38960
38963
38965
38966
38967
38968
38970
38971
38973
38975
38977
38978
38979
38981
38986
38987
38989
38992
38993
38996
38998
38999
39001
39002
39004
39008
39012
39013
39014
39015
39016
39020
39021
39022
39024
39026
39031
39032
39036
39040
39041
39042
39046
39048
39050
39051
39053
39054
39055
39056
39058
39060
39061
39062
39063
39071
39077
39078
39079
39086
39089
39091
39092
39094
39095
39097
39099
39100
39101
39102
39104
39105
39107
39108
39109
39116
39117
39118
39120
39122
39124
39125
39127
39128
39129
39130
39133
39134
39136
39137
39138
39139
39140
39142
39143
39144
39148
39149
39151
39152
39153
39154
39156
39157
39160
39162
39163
39166
39171
39173
39174
39175
39176
39177
39182
39184
39187
39188
39189
39191
39192
39193
39195
39196
39198
39201
39202
39203
39204
39205
39207
39208
39211
39212
39214
39218
39222
39223
39225
39227
39228
39231
39234
39235
39236
39237
39240
39241
39242
39244
39251
39252
39253
39255
39256
39259
39260
39263
39266
39267
39269
39270
39271
39272
39275
39278
39279
39280
39283
39284
39285
39288
39292
39295
39300
39302
39303
39304
39309
39313
39316
39317
39318
39319
39324
39326
39327
39331
39333
39334
39341
39342
39343
39345
39346
39347
39348
39350
39352
39353
39354
39355
39356
39357
39358
39361
39362
39363
39364
39365
39368
39373
39374
39375
39376
39381
39383
39385
39387
39389
39393
39394
39396
39401
39402
39404
39407
39409
39410
39411
39412
39413
39418
39419
39423
39424
39426
39428
39429
39430
39434
39435
39438
39439
39442
39443
39449
39450
39452
39454
39459
39463
39465
39466
39467
39468
39469
39471
39472
39475
39476
39477
39479
39480
39481
39484
39485
39488
39489
39492
39496
39498
39500
39501
39504
39505
39507
39508
39513
39514
39515
39518
39520
39522
39524
39525
39526
39527
39529
39532
39533
39534
39536
39543
39544
39545
39546
39547
39548
39550
39554
39557
39558
39559
39562
39564
39565
39566
39567
39569
39571
39572
39574
39576
39577
39578
39579
39580
39582
39584
39585
39587
39588
39590
39594
39596
39597
39598
39600
39602
39608
39611
39613
39614
39615
39616
39617
39618
39619
39622
39623
39634
39636
39638
39640
39642
39643
39645
39646
39647
39648
39650
39652
39654
39658
39660
39664
39665
39670
39672
39674
39675
39680
39681
39682
39683
39685
39686
39687
39690
39692
39693
39694
39695
39696
39697
39698
39699
39701
39703
39705
39706
39707
39708
39710
39711
39712
39713
39714
39716
39720
39721
39723
39728
39730
39732
39734
39736
39737
39744
39746
39747
39749
39750
39751
39753
39755
39756
39757
39758
39759
39760
39761
39767
39768
39773
39779
39781
39784
39785
39788
39789
39790
39792
39797
39798
39799
39800
39803
39805
39811
39812
39815
39816
39818
39822
39825
39827
39828
39831
39835
39836
39839
39841
39842
39843
39849
39853
39855
39860
39861
39863
39866
39869
39870
39871
39873
39874
39876
39883
39884
39886
39889
39891
39892
39893
39894
39896
39899
39900
39901
39902
39903
39905
39908
39909
39911
39913
39915
39916
39917
39920
39921
39923
39927
39928
39929
39930
39934
39937
39938
39947
39948
39951
39952
39957
39958
39959
39960
39961
39964
39966
39967
39970
39972
39973
39976
39977
39979
39981
39982
39983
39984
39986
39988
39989
39990
39991
39992
39997
39998
39999
40004
40006
40007
40008
40013
40015
40020
40021
40023
40024
40026
40027
40028
40029
40030
40031
40032
40033
40034
40036
40037
40040
40042
40047
40048
40049
40051
40052
40054
40055
40057
40060
40061
40063
40064
40067
40069
40070
40072
40073
40076
40078
40080
40081
40085
40086
40087
40088
40089
40090
40093
40096
40098
40101
40103
40106
40108
40110
40111
40114
40115
40116
40117
40119
40120
40121
40122
40124
40128
40129
40131
40133
40135
40136
40137
40138
40145
40146
40149
40151
40152
40154
40155
40157
40163
40164
40166
40167
40168
40170
40171
40174
40175
40176
40180
40182
40183
40184
40185
40186
40187
40188
40193
40194
40195
40196
40199
40200
40201
40203
40204
40206
40209
40210
40213
40215
40216
40217
40221
40225
40226
40227
40229
40231
40232
40233
40237
40240
40241
40243
40244
40246
40251
40253
40254
40255
40256
40258
40259
40260
40261
40262
40264
40266
40267
40268
40270
40279
40281
40282
40283
40286
40288
40290
40291
40294
40295
40299
40301
40302
40303
40304
40305
40307
40308
40313
40317
40321
40323
40325
40326
40327
40331
40333
40334
40335
40338
40341
40345
40346
40347
40348
40349
40350
40352
40353
40354
40356
40357
40358
40359
40360
40365
40366
40369
40371
40374
40378
40379
40385
40386
40388
40390
40392
40394
40395
40396
40398
40399
40402
40405
40408
40409
40413
40417
40418
40419
40420
40422
40427
40428
40432
40433
40435
40437
40438
40441
40444
40448
40452
40454
40456
40457
40459
40460
40465
40466
40469
40476
40477
40480
40481
40482
40485
40488
40489
40493
40494
40496
40498
40500
40502
40503
40504
40505
40508
40509
40510
40511
40513
40514
40516
40518
40522
40524
40527
40531
40532
40540
40543
40544
40546
40548
40549
40552
40553
40555
40557
40559
40560
40563
40566
40568
40571
40572
40574
40580
40581
40582
40584
40586
40587
40591
40593
40594
40597
40600
40601
40602
40604
40605
40607
40609
40610
40611
40612
40613
40615
40617
40618
40619
40620
40639
40641
40642
40643
40644
40645
40650
40651
40652
40654
40655
40657
40660
40662
40663
40665
40666
40668
40669
40670
40671
40673
40681
40685
40690
40691
40692
40693
40694
40697
40699
40701
40702
40706
40709
40711
40714
40715
40719
40720
40724
40725
40726
40727
40728
40729
40732
40733
40735
40736
40737
40739
40740
40741
40742
40744
40747
40748
40749
40750
40751
40755
40757
40759
40761
40762
40763
40765
40767
40769
40771
40776
40778
40779
40782
40783
40784
40786
40788
40792
40793
40795
40797
40799
40800
40802
40803
40806
40808
40809
40810
40813
40816
40817
40818
40819
40827
40828
40831
40833
40836
40838
40839
40842
40843
40844
40846
40847
40849
40851
40853
40854
40855
40857
40859
40862
40864
40867
40868
40871
40877
40879
40885
40888
40889
40890
40891
40892
40894
40896
40898
40899
40900
40901
40903
40906
40908
40910
40911
40913
40914
40915
40916
40918
40919
40921
40922
40924
40925
40926
40929
40930
40931
40933
40936
40937
40939
40941
40942
40945
40946
40947
40948
40949
40953
40955
40956
40957
40960
40961
40962
40968
40969
40970
40971
40973
40974
40976
40979
40980
40981
40982
40983
40984
40987
40988
40989
40992
41000
41001
41002
41005
41006
41007
41010
41011
41013
41014
41015
41016
41022
41023
41026
41028
41030
41032
41033
41034
41035
41037
41039
41045
41051
41053
41054
41058
41059
41064
41066
41067
41069
41072
41073
41074
41076
41077
41079
41080
41081
41082
41083
41086
41090
41092
41100
41101
41102
41103
41104
41107
41109
41110
41111
41113
41120
41121
41123
41126
41127
41128
41129
41131
41132
41133
41136
41138
41139
41140
41142
41145
41146
41147
41148
41150
41151
41153
41156
41160
41163
41165
41167
41168
41171
41172
41173
41174
41176
41181
41183
41185
41186
41187
41191
41192
41193
41194
41196
41197
41198
41199
41201
41202
41204
41208
41210
41217
41218
41225
41226
41227
41230
41231
41234
41235
41236
41238
41244
41245
41249
41250
41251
41252
41253
41254
41256
41257
41258
41259
41261
41264
41266
41268
41269
41272
41273
41275
41277
41280
41281
41284
41290
41292
41293
41294
41297
41298
41301
41302
41304
41306
41309
41310
41312
41313
41314
41321
41323
41326
41329
41330
41332
41333
41335
41336
41338
41342
41343
41344
41345
41347
41348
41353
41354
41355
41361
41367
41371
41372
41373
41374
41375
41376
41377
41380
41381
41382
41383
41385
41387
41388
41389
41390
41391
41392
41393
41395
41396
41397
41402
41403
41405
41407
41409
41411
41414
41415
41416
41421
41424
41426
41430
41431
41432
41434
41435
41437
41438
41439
41441
41442
41444
41445
41446
41448
41449
41452
41454
41456
41459
41464
41466
41468
41474
41476
41478
41480
41481
41482
41483
41484
41486
41487
41488
41489
41494
41496
41497
41499
41501
41506
41507
41513
41516
41518
41519
41521
41522
41523
41524
41529
41530
41532
41535
41536
41537
41539
41544
41546
41548
41549
41550
41557
41558
41562
41563
41566
41567
41571
41574
41575
41577
41579
41581
41582
41585
41587
41588
41590
41591
41592
41593
41595
41596
41598
41599
41600
41601
41603
41604
41606
41608
41611
41613
41614
41616
41618
41620
41624
41625
41626
41627
41629
41630
41632
41633
41635
41639
41642
41644
41645
41646
41647
41650
41653
41658
41660
41661
41662
41664
41668
41669
41673
41674
41676
41678
41679
41681
41683
41687
41691
41694
41695
41696
41697
41701
41702
41704
41706
41708
41711
41712
41713
41714
41715
41721
41725
41727
41729
41734
41735
41737
41743
41745
41746
41749
41751
41752
41755
41756
41758
41760
41762
41763
41764
41767
41770
41771
41774
41777
41779
41780
41782
41783
41785
41787
41789
41792
41794
41797
41802
41803
41804
41805
41806
41807
41810
41811
41812
41813
41814
41818
41821
41822
41823
41825
41828
41830
41832
41835
41837
41839
41841
41842
41844
41845
41846
41851
41852
41854
41858
41860
41861
41863
41864
41865
41866
41867
41871
41878
41880
41881
41884
41885
41889
41890
41892
41893
41894
41897
41898
41899
41903
41904
41907
41908
41910
41915
41916
41918
41920
41922
41928
41929
41930
41931
41932
41935
41936
41937
41938
41940
41941
41944
41947
41948
41949
41950
41951
41954
41956
41957
41958
41961
41962
41963
41965
41967
41968
41969
41970
41971
41972
41974
41975
41976
41977
41979
41981
41984
41986
41988
41990
41993
41994
41995
41997
41998
41999
42001
42002
42005
42006
42008
42009
42010
42013
42015
42016
42019
42020
42022
42023
42024
42026
42028
42029
42030
42032
42033
42035
42037
42040
42041
42042
42045
42047
42048
42053
42054
42057
42058
42063
42068
42069
42071
42073
42074
42075
42076
42078
42083
42084
42085
42089
42090
42097
42098
42100
42101
42102
42104
42105
42109
42110
42111
42113
42115
42120
42121
42122
42123
42124
42125
42127
42128
42129
42130
42133
42138
42139
42141
42142
42148
42149
42151
42152
42154
42156
42157
42158
42160
42163
42164
42170
42172
42175
42177
42181
42182
42186
42188
42191
42193
42194
42195
42196
42197
42200
42202
42203
42206
42207
42208
42211
42212
42218
42221
42222
42223
42226
42230
42232
42233
42238
42241
42244
42246
42249
42250
42253
42254
42257
42260
42261
42263
42264
42266
42268
42271
42272
42273
42274
42275
42276
42277
42278
42280
42282
42284
42285
42288
42289
42294
42301
42302
42304
42305
42306
42308
42309
42311
42312
42316
42318
42319
42320
42321
42322
42323
42325
42329
42330
42331
42332
42333
42334
42335
42340
42341
42342
42343
42344
42345
42347
42350
42351
42352
42355
42358
42360
42364
42365
42368
42370
42372
42373
42376
42377
42378
42383
42384
42386
42388
42391
42392
42393
42396
42397
42398
42399
42401
42405
42406
42409
42410
42412
42413
42416
42417
42418
42419
42420
42423
42426
42431
42432
42435
42436
42437
42440
42441
42442
42445
42446
42447
42449
42450
42451
42452
42453
42458
42459
42460
42461
42473
42477
42478
42479
42481
42483
42484
42486
42487
42488
42489
42492
42493
42495
42500
42502
42504
42505
42508
42509
42512
42516
42517
42520
42524
42526
42527
42528
42529
42531
42532
42534
42535
42537
42538
42541
42542
42543
42549
42550
42552
42555
42562
42566
42567
42569
42570
42572
42573
42575
42576
42580
42582
42583
42585
42587
42589
42591
42593
42594
42596
42597
42598
42600
42602
42606
42607
42608
42609
42610
42612
42613
42616
42617
42619
42620
42623
42624
42626
42627
42629
42632
42633
42636
42637
42638
42639
42642
42647
42648
42649
42652
42653
42654
42657
42658
42659
42662
42664
42665
42667
42668
42674
42675
42676
42677
42678
42681
42682
42685
42686
42687
42688
42690
42693
42695
42696
42698
42699
42701
42702
42704
42707
42708
42711
42712
42718
42719
42720
42721
42722
42723
42724
42726
42729
42730
42731
42733
42735
42737
42738
42739
42740
42742
42745
42746
42750
42751
42753
42754
42755
42756
42761
42763
42764
42768
42770
42771
42775
42778
42779
42781
42783
42784
42788
42789
42791
42793
42794
42795
42800
42809
42810
42812
42813
42814
42815
42816
42817
42818
42822
42827
42828
42829
42830
42831
42834
42837
42838
42839
42843
42844
42847
42848
42852
42854
42855
42856
42866
42869
42870
42871
42874
42875
42878
42879
42882
42885
42886
42890
42891
42893
42896
42898
42901
42902
42903
42904
42906
42909
42913
42914
42918
42919
42922
42923
42926
42929
42931
42932
42934
42936
42940
42941
42942
42944
42945
42947
42948
42949
42950
42952
42954
42960
42962
42964
42966
42970
42974
42976
42978
42979
42980
42985
42986
42987
42988
42990
42991
42992
42995
42996
42997
42999
43002
43003
43008
43009
43010
43011
43012
43013
43019
43020
43021
43023
43027
43028
43029
43033
43034
43036
43040
43043
43048
43051
43052
43053
43055
43059
43060
43061
43062
43063
43064
43065
43072
43073
43075
43076
43078
43080
43081
43082
43083
43085
43086
43090
43093
43094
43095
43099
43100
43101
43102
43105
43107
43109
43110
43111
43112
43113
43116
43118
43120
43121
43123
43125
43127
43131
43132
43133
43134
43135
43136
43138
43141
43142
43144
43145
43146
43147
43148
43151
43153
43154
43155
43156
43159
43163
43164
43171
43172
43176
43177
43179
43181
43182
43183
43185
43186
43187
43189
43191
43192
43195
43196
43198
43199
43200
43204
43205
43207
43215
43217
43218
43219
43220
43225
43226
43227
43230
43232
43234
43236
43237
43238
43241
43244
43246
43247
43248
43249
43250
43251
43253
43255
43258
43259
43260
43263
43268
43274
43275
43276
43279
43281
43283
43285
43286
43287
43288
43289
43290
43294
43297
43301
43303
43304
43308
43310
43313
43315
43319
43320
43322
43324
43325
43327
43330
43331
43335
43336
43337
43339
43349
43352
43353
43355
43356
43359
43362
43363
43364
43365
43366
43367
43368
43369
43370
43371
43374
43375
43377
43380
43382
43383
43386
43388
43389
43390
43391
43392
43394
43396
43399
43400
43403
43407
43408
43410
43411
43412
43416
43417
43421
43424
43426
43427
43428
43432
43437
43442
43443
43446
43448
43452
43453
43455
43457
43458
43460
43461
43462
43463
43466
43467
43469
43472
43474
43481
43482
43483
43484
43485
43486
43487
43488
43490
43492
43493
43496
43498
43499
43500
43501
43502
43503
43507
43508
43511
43512
43514
43516
43517
43518
43519
43520
43522
43523
43524
43525
43526
43527
43528
43530
43531
43534
43536
43538
43539
43541
43543
43544
43545
43546
43550
43553
43555
43560
43564
43566
43568
43569
43572
43574
43575
43582
43583
43584
43585
43586
43587
43588
43591
43592
43594
43595
43596
43597
43598
43602
43603
43606
43607
43609
43612
43613
43614
43616
43618
43619
43620
43622
43623
43629
43633
43637
43640
43641
43642
43643
43644
43647
43648
43650
43655
43656
43659
43661
43664
43665
43667
43669
43670
43671
43672
43673
43677
43678
43680
43688
43689
43690
43693
43694
43699
43701
43702
43704
43705
43708
43711
43713
43714
43716
43723
43725
43726
43728
43729
43730
43732
43737
43740
43742
43743
43744
43745
43746
43747
43748
43751
43752
43755
43761
43762
43764
43768
43770
43774
43776
43779
43783
43784
43786
43790
43793
43794
43795
43797
43798
43799
43808
43809
43810
43813
43814
43815
43816
43818
43819
43820
43822
43824
43825
43826
43827
43829
43831
43832
43833
43835
43836
43839
43842
43846
43847
43848
43849
43852
43853
43857
43858
43860
43866
43869
43870
43871
43873
43876
43877
43878
43879
43882
43885
43886
43891
43894
43895
43896
43897
43898
43901
43904
43905
43906
43911
43912
43913
43914
43915
43919
43920
43921
43924
43925
43926
43928
43931
43932
43934
43935
43938
43941
43943
43945
43948
43949
43952
43954
43958
43959
43960
43963
43965
43966
43968
43970
43971
43973
43974
43978
43979
43981
43983
43986
43987
43989
43993
43994
43996
43998
43999
44000
44001
44002
44005
44006
44010
44012
44013
44015
44016
44017
44019
44021
44022
44024
44026
44030
44031
44033
44034
44037
44038
44039
44041
44047
44053
44055
44056
44057
44060
44062
44063
44064
44065
44067
44070
44071
44073
44075
44076
44077
44078
44081
44082
44083
44084
44086
44087
44088
44089
44091
44096
44097
44100
44104
44105
44107
44108
44109
44111
44117
44129
44134
44135
44137
44138
44139
44140
44142
44145
44146
44147
44148
44150
44152
44153
44155
44157
44158
44159
44162
44163
44165
44167
44168
44169
44170
44172
44173
44175
44180
44181
44184
44185
44186
44188
44189
44190
44193
44194
44195
44197
44203
44206
44208
44210
44212
44214
44215
44216
44219
44221
44225
44228
44229
44231
44233
44234
44236
44239
44243
44244
44245
44246
44248
44250
44253
44254
44255
44259
44262
44263
44264
44271
44272
44273
44274
44275
44278
44279
44280
44281
44283
44285
44286
44289
44293
44294
44295
44297
44299
44301
44307
44309
44310
44311
44312
44315
44325
44329
44333
44334
44337
44339
44341
44342
44344
44348
44349
44351
44352
44356
44357
44359
44363
44364
44365
44367
44369
44370
44371
44373
44376
44377
44378
44380
44381
44382
44385
44386
44387
44388
44391
44392
44395
44396
44400
44401
44402
44403
44406
44408
44409
44411
44412
44413
44415
44416
44417
44418
44421
44422
44424
44425
44426
44429
44431
44433
44434
44443
44444
44451
44454
44455
44456
44457
44459
44460
44461
44462
44467
44468
44469
44470
44471
44472
44474
44479
44480
44481
44482
44483
44484
44489
44490
44491
44494
44496
44498
44499
44502
44505
44506
44508
44511
44515
44517
44521
44522
44524
44525
44527
44530
44531
44536
44538
44539
44540
44541
44543
44547
44549
44550
44552
44553
44555
44557
44559
44562
44563
44565
44566
44567
44571
44572
44579
44581
44583
44584
44587
44588
44589
44590
44591
44592
44595
44597
44598
44599
44601
44602
44603
44606
44610
44611
44613
44615
44616
44617
44619
44621
44623
44625
44626
44627
44628
44629
44632
44636
44638
44639
44641
44651
44654
44656
44659
44660
44666
44669
44670
44672
44673
44674
44676
44678
44680
44682
44685
44687
44689
44690
44693
44695
44697
44698
44700
44701
44702
44704
44707
44708
44709
44711
44712
44714
44715
44716
44717
44718
44720
44724
44726
44727
44730
44731
44734
44735
44737
44740
44742
44745
44746
44748
44751
44752
44755
44758
44759
44761
44762
44765
44767
44769
44770
44771
44774
44775
44776
44777
44779
44782
44783
44784
44785
44787
44788
44790
44791
44793
44797
44800
44803
44805
44806
44807
44808
44811
44812
44815
44817
44818
44819
44823
44825
44827
44828
44829
44831
44832
44835
44837
44838
44840
44844
44845
44846
44848
44850
44851
44852
44855
44858
44863
44865
44866
44868
44872
44873
44874
44876
44878
44879
44881
44882
44883
44884
44888
44889
44891
44893
44894
44896
44904
44905
44908
44913
44918
44919
44924
44925
44927
44928
44929
44930
44931
44935
44936
44941
44942
44943
44944
44945
44946
44947
44949
44951
44955
44959
44961
44962
44963
44965
44967
44968
44969
44970
44971
44973
44976
44982
44983
44984
44986
44987
44988
44989
44991
44992
44997
44999
45001
45006
45009
45010
45012
45013
45015
45016
45017
45018
45019
45020
45021
45022
45024
45025
45026
45027
45028
45031
45033
45037
45039
45042
45044
45045
45046
45047
45048
45050
45052
45053
45060
45061
45062
45063
45064
45066
45067
45071
45077
45081
45083
45084
45085
45087
45089
45091
45092
45094
45095
45096
45098
45101
45105
45107
45110
45111
45113
45114
45119
45120
45124
45125
45130
45131
45134
45135
45138
45139
45143
45144
45146
45147
45149
45150
45151
45154
45156
45157
45159
45160
45162
45163
45166
45167
45169
45174
45175
45176
45177
45181
45182
45183
45186
45193
45194
45196
45197
45198
45202
45203
45206
45207
45208
45210
45214
45217
45219
45224
45226
45229
45230
45231
45232
45233
45237
45239
45240
45241
45242
45243
45244
45245
45246
45247
45248
45249
45250
45251
45252
45257
45258
45259
45263
45264
45266
45267
45270
45271
45272
45273
45274
45276
45285
45286
45290
45295
45298
45299
45300
45301
45302
45303
45305
45312
45313
45315
45322
45323
45325
45326
45327
45329
45330
45331
45332
45333
45334
45336
45337
45339
45340
45343
45346
45347
45348
45349
45350
45351
45353
45359
45362
45363
45365
45366
45367
45368
45370
45372
45375
45377
45378
45383
45384
45387
45388
45391
45392
45394
45395
45398
45399
45402
45403
45404
45405
45406
45407
45411
45415
45418
45419
45420
45421
45423
45429
45431
45434
45435
45436
45437
45438
45439
45441
45449
45450
45451
45454
45455
45456
45458
45460
45461
45462
45463
45464
45465
45474
45475
45476
45478
45479
45482
45487
45488
45489
45495
45497
45499
45502
45503
45504
45505
45511
45512
45514
45515
45519
45521
45525
45526
45527
45528
45529
45531
45533
45534
45535
45537
45542
45545
45547
45548
45550
45552
45554
45555
45558
45559
45560
45562
45564
45565
45567
45568
45569
45571
45572
45574
45575
45579
45583
45589
45591
45592
45593
45594
45596
45598
45600
45601
45605
45608
45610
45612
45614
45616
45617
45621
45623
45624
45627
45629
45630
45634
45635
45636
45637
45638
45639
45642
45645
45646
45647
45648
45649
45650
45651
45654
45657
45660
45661
45662
45663
45667
45669
45670
45671
45672
45674
45677
45678
45679
45684
45685
45686
45688
45689
45691
45692
45693
45694
45696
45697
45698
45699
45706
45708
45711
45712
45713
45714
45715
45717
45719
45720
45723
45727
45728
45730
45733
45735
45737
45739
45742
45743
45745
45747
45748
45749
45750
45751
45753
45757
45758
45760
45763
45765
45766
45767
45769
45770
45771
45774
45775
45778
45779
45780
45782
45783
45784
45788
45791
45792
45797
45799
45802
45803
45806
45807
45808
45809
45810
45812
45813
45814
45815
45816
45818
45820
45822
45825
45826
45827
45828
45830
45832
45837
45838
45839
45840
45841
45843
45847
45848
45851
45852
45854
45857
45863
45865
45867
45868
45869
45871
45874
45877
45880
45885
45886
45887
45889
45891
45892
45895
45898
45904
45906
45908
45909
45911
45914
45918
45920
45925
45926
45927
45930
45933
45936
45937
45942
45945
45951
45953
45954
45958
45959
45962
45964
45967
45968
45970
45971
45972
45975
45976
45977
45978
45979
45985
45986
45987
45988
45990
45991
45992
45995
45996
46001
46003
46005
46008
46012
46013
46017
46018
46020
46021
46022
46023
46024
46025
46026
46028
46029
46032
46033
46037
46044
46048
46050
46054
46056
46057
46059
46060
46063
46067
46068
46071
46072
46079
46086
46087
46089
46090
46092
46093
46094
46095
46097
46100
46102
46104
46105
46106
46108
46110
46112
46118
46119
46127
46128
46131
46135
46138
46140
46141
46142
46143
46146
46148
46152
46160
46161
46162
46163
46165
46168
46169
46170
46172
46175
46176
46177
46182
46186
46187
46188
46190
46191
46195
46196
46201
46204
46213
46214
46217
46218
46219
46221
46223
46224
46226
46228
46231
46232
46236
46237
46238
46243
46244
46246
46248
46249
46252
46253
46255
46256
46257
46258
46261
46263
46264
46265
46266
46267
46268
46269
46272
46279
46281
46282
46283
46284
46288
46289
46290
46291
46292
46294
46296
46297
46299
46300
46301
46304
46306
46307
46312
46314
46316
46318
46321
46322
46323
46326
46327
46328
46331
46332
46333
46335
46336
46338
46341
46342
46343
46345
46346
46349
46350
46354
46355
46356
46357
46358
46359
46360
46361
46362
46363
46366
46367
46368
46372
46373
46374
46375
46376
46379
46382
46384
46387
46388
46389
46390
46392
46393
46395
46397
46398
46399
46400
46401
46402
46404
46407
46408
46409
46410
46412
46414
46416
46417
46421
46423
46425
46428
46429
46431
46433
46435
46436
46437
46438
46439
46441
46443
46444
46446
46448
46450
46451
46455
46456
46461
46463
46465
46466
46467
46470
46471
46472
46473
46475
46477
46478
46479
46480
46482
46483
46487
46488
46489
46492
46493
46499
46504
46505
46507
46508
46510
46511
46513
46514
46515
46517
46519
46521
46522
46523
46524
46525
46528
46531
46532
46533
46535
46539
46544
46545
46546
46547
46549
46550
46552
46554
46555
46557
46558
46559
46573
46574
46575
46576
46577
46579
46581
46583
46586
46587
46590
46592
46594
46596
46602
46609
46610
46611
46612
46613
46614
46615
46616
46617
46618
46624
46625
46627
46629
46630
46631
46635
46637
46641
46644
46646
46648
46649
46650
46651
46652
46653
46654
46659
46660
46661
46664
46670
46671
46672
46674
46675
46676
46679
46680
46681
46682
46683
46684
46686
46687
46688
46689
46690
46691
46693
46694
46696
46698
46700
46701
46703
46704
46706
46708
46711
46712
46713
46714
46715
46717
46718
46723
46724
46725
46727
46729
46730
46732
46733
46737
46738
46746
46747
46754
46756
46757
46759
46760
46761
46764
46765
46766
46767
46769
46771
46772
46775
46776
46778
46779
46781
46782
46783
46784
46786
46787
46790
46792
46795
46797
46799
46800
46803
46804
46805
46806
46807
46811
46812
46813
46817
46818
46823
46824
46826
46831
46832
46833
46836
46837
46838
46839
46843
46845
46847
46848
46849
46851
46852
46853
46854
46858
46859
46860
46861
46864
46868
46869
46871
46872
46875
46877
46878
46882
46883
46894
46895
46897
46900
46901
46903
46904
46906
46907
46909
46913
46918
46919
46922
46923
46928
46930
46931
46933
46935
46937
46939
46940
46942
46943
46944
46945
46948
46949
46952
46953
46955
46956
46957
46958
46961
46966
46970
46971
46972
46973
46974
46981
46985
46986
46988
46990
46991
46994
46996
47000
47001
47002
47005
47006
47007
47010
47011
47016
47023
47026
47031
47037
47038
47041
47042
47045
47047
47048
47050
47051
47053
47056
47058
47059
47060
47063
47064
47066
47067
47068
47069
47070
47076
47078
47079
47080
47081
47082
47083
47084
47086
47087
47090
47093
47095
47100
47101
47102
47103
47105
47106
47108
47109
47110
47111
47114
47117
47118
47119
47122
47125
47127
47130
47131
47133
47134
47135
47137
47139
47140
47141
47143
47145
47151
47152
47155
47156
47161
47162
47163
47165
47167
47170
47171
47172
47173
47175
47176
47177
47179
47181
47183
47184
47186
47187
47188
47189
47190
47192
47193
47197
47198
47200
47201
47203
47209
47211
47212
47214
47215
47217
47219
47220
47222
47224
47226
47228
47230
47231
47232
47235
47236
47237
47239
47241
47242
47244
47247
47248
47249
47252
47253
47254
47256
47259
47260
47263
47265
47266
47267
47269
47271
47274
47275
47277
47279
47285
47288
47290
47291
47292
47294
47295
47296
47300
47302
47304
47308
47309
47311
47312
47313
47315
47316
47317
47320
47321
47323
47326
47328
47331
47337
47338
47339
47344
47347
47350
47352
47357
47361
47362
47363
47364
47365
47368
47370
47372
47373
47375
47380
47382
47383
47384
47387
47390
47391
47392
47393
47396
47397
47398
47399
47400
47401
47403
47405
47407
47411
47412
47413
47417
47419
47420
47421
47422
47427
47429
47431
47432
47433
47435
47436
47437
47439
47441
47442
47446
47447
47448
47450
47452
47454
47455
47466
47468
47470
47471
47473
47476
47483
47484
47485
47486
47487
47489
47490
47492
47494
47498
47500
47502
47503
47504
47506
47509
47510
47511
47512
47517
47519
47521
47522
47525
47526
47527
47528
47529
47530
47531
47534
47536
47539
47540
47541
47542
47543
47545
47546
47547
47548
47549
47550
47553
47554
47557
47558
47560
47562
47567
47569
47571
47572
47575
47577
47578
47579
47581
47583
47586
47587
47590
47591
47593
47594
47596
47599
47603
47605
47606
47609
47610
47611
47612
47613
47616
47617
47619
47621
47626
47627
47628
47630
47631
47633
47634
47636
47639
47640
47641
47642
47644
47647
47652
47653
47654
47656
47662
47664
47667
47669
47670
47671
47673
47678
47679
47681
47683
47684
47688
47694
47697
47698
47699
47700
47702
47707
47708
47712
47717
47719
47720
47721
47723
47725
47727
47728
47732
47734
47735
47737
47738
47739
47741
47742
47744
47745
47746
47748
47750
47753
47754
47755
47757
47762
47763
47764
47772
47775
47776
47777
47778
47779
47780
47782
47786
47787
47788
47789
47795
47796
47798
47799
47800
47801
47806
47808
47811
47812
47813
47815
47816
47819
47823
47828
47832
47833
47834
47838
47839
47840
47842
47845
47846
47852
47853
47855
47857
47859
47860
47865
47866
47873
47875
47878
47879
47880
47881
47883
47884
47885
47886
47888
47889
47892
47896
47900
47902
47903
47904
47905
47907
47908
47910
47912
47913
47914
47916
47918
47919
47920
47922
47924
47926
47927
47930
47931
47932
47934
47935
47943
47945
47946
47947
47948
47950
47951
47954
47956
47957
47962
47963
47968
47970
47971
47974
47975
47979
47980
47981
47982
47985
47989
47990
47991
47993
47994
47996
47998
47999
48000
48001
48002
48007
48009
48014
48015
48016
48017
48019
48020
48025
48028
48029
48030
48031
48033
48034
48036
48039
48043
48045
48048
48050
48054
48056
48057
48058
48059
48061
48062
48064
48067
48068
48069
48072
48073
48074
48076
48077
48079
48082
48084
48086
48087
48088
48089
48096
48098
48100
48101
48103
48105
48108
48109
48112
48113
48114
48115
48118
48119
48121
48122
48123
48124
48125
48126
48127
48128
48134
48136
48138
48139
48140
48143
48145
48148
48149
48150
48151
48152
48153
48155
48158
48159
48161
48162
48163
48167
48172
48175
48176
48177
48180
48181
48183
48185
48187
48188
48192
48194
48196
48202
48207
48208
48212
48215
48216
48218
48219
48221
48223
48224
48226
48228
48229
48230
48231
48232
48235
48241
48242
48244
48245
48254
48260
48261
48263
48264
48267
48269
48270
48271
48272
48273
48274
48276
48277
48278
48281
48288
48290
48291
48294
48296
48297
48302
48308
48312
48313
48314
48315
48316
48317
48318
48320
48322
48323
48325
48326
48328
48329
48330
48331
48333
48334
48337
48339
48341
48343
48347
48348
48349
48350
48351
48352
48355
48360
48362
48363
48364
48370
48377
48379
48380
48381
48382
48383
48384
48387
48389
48390
48393
48396
48400
48403
48404
48406
48407
48411
48413
48414
48417
48419
48421
48425
48429
48430
48433
48434
48435
48436
48437
48438
48440
48443
48444
48446
48447
48449
48450
48451
48455
48458
48459
48460
48461
48462
48464
48468
48469
48470
48473
48475
48476
48477
48478
48479
48480
48481
48482
48484
48486
48487
48491
48492
48493
48495
48496
48497
48501
48507
48508
48509
48516
48518
48521
48522
48523
48524
48525
48527
48528
48529
48530
48531
48532
48533
48535
48536
48538
48541
48542
48545
48546
48548
48552
48553
48554
48559
48561
48562
48563
48570
48572
48573
48574
48575
48576
48577
48579
48584
48587
48588
48591
48592
48593
48596
48598
48600
48605
48606
48607
48610
48611
48614
48616
48617
48618
48619
48620
48621
48623
48625
48626
48628
48632
48633
48644
48646
48648
48650
48653
48654
48658
48661
48662
48663
48664
48665
48666
48668
48669
48670
48672
48673
48674
48676
48677
48678
48682
48683
48685
48686
48687
48689
48696
48697
48703
48704
48708
48709
48710
48712
48713
48715
48716
48717
48719
48720
48721
48722
48726
48730
48732
48735
48737
48738
48739
48745
48746
48747
48749
48750
48751
48753
48754
48759
48760
48763
48765
48766
48767
48768
48772
48777
48778
48779
48782
48785
48786
48787
48788
48791
48793
48796
48801
48804
48807
48808
48809
48815
48817
48818
48820
48824
48827
48828
48829
48830
48831
48834
48839
48840
48843
48844
48845
48846
48848
48849
48855
48856
48858
48861
48865
48870
48871
48872
48873
48874
48876
48877
48878
48879
48880
48881
48884
48885
48886
48888
48889
48892
48894
48895
48896
48897
48900
48901
48904
48906
48909
48911
48912
48914
48917
48918
48919
48920
48921
48923
48925
48928
48929
48930
48934
48935
48936
48938
48940
48941
48942
48943
48945
48946
48947
48949
48950
48951
48955
48956
48957
48959
48962
48964
48967
48969
48970
48971
48976
48978
48981
48985
48988
48989
48990
48994
48995
48996
48998
48999
49007
49010
49016
49020
49021
49022
49024
49029
49031
49032
49034
49035
49036
49038
49041
49042
49043
49044
49046
49048
49049
49050
49052
49053
49055
49057
49059
49060
49062
49063
49064
49066
49067
49071
49074
49076
49077
49080
49081
49082
49084
49085
49086
49087
49088
49092
49093
49096
49098
49099
49101
49103
49104
49107
49112
49113
49114
49116
49117
49120
49121
49122
49123
49128
49129
49133
49134
49135
49138
49141
49142
49145
49146
49147
49148
49149
49154
49156
49157
49159
49160
49163
49164
49165
49170
49171
49172
49176
49177
49178
49179
49181
49182
49186
49192
49194
49195
49199
49201
49202
49209
49211
49212
49216
49217
49218
49219
49221
49222
49224
49234
49235
49239
49240
49242
49243
49244
49245
49246
49248
49251
49254
49255
49256
49257
49258
49259
49260
49261
49262
49263
49264
49267
49269
49270
49272
49273
49274
49277
49280
49281
49282
49284
49285
49286
49287
49288
49290
49291
49293
49295
49296
49297
49302
49305
49307
49308
49310
49314
49316
49317
49319
49321
49323
49324
49325
49326
49330
49332
49333
49335
49336
49341
49345
49347
49348
49350
49351
49352
49356
49357
49361
49362
49364
49368
49370
49373
49377
49381
49382
49387
49388
49389
49390
49391
49392
49393
49396
49397
49398
49399
49400
49401
49402
49403
49404
49405
49407
49410
49412
49413
49420
49421
49424
49425
49426
49428
49431
49432
49436
49437
49441
49442
49444
49447
49448
49450
49452
49453
49457
49460
49461
49463
49464
49465
49467
49468
49471
49472
49474
49475
49478
49481
49485
49487
49488
49489
49493
49496
49498
49501
49502
49503
49505
49510
49512
49513
49515
49517
49518
49519
49521
49524
49525
49528
49529
49533
49534
49535
49538
49539
49542
49543
49545
49549
49552
49553
49554
49555
49556
49557
49558
49562
49565
49566
49571
49573
49576
49577
49578
49581
49582
49583
49585
49587
49588
49589
49591
49592
49594
49596
49597
49598
49599
49600
49601
49602
49604
49606
49608
49610
49613
49616
49618
49621
49622
49627
49628
49632
49636
49639
49640
49641
49643
49644
49645
49650
49651
49653
49658
49661
49662
49663
49664
49667
49669
49670
49673
49674
49677
49678
49680
49683
49685
49686
49688
49690
49691
49692
49694
49695
49696
49697
49698
49699
49700
49701
49703
49705
49706
49708
49709
49711
49712
49713
49714
49718
49719
49722
49723
49724
49725
49726
49728
49729
49731
49733
49734
49735
49736
49739
49740
49741
49742
49746
49747
49749
49750
49752
49753
49754
49757
49760
49761
49763
49767
49774
49775
49777
49778
49780
49783
49785
49787
49789
49790
49792
49795
49797
49798
49801
49804
49805
49806
49807
49810
49811
49812
49814
49815
49816
49820
49821
49822
49823
49825
49827
49828
49830
49834
49836
49839
49842
49843
49846
49847
49852
49854
49856
49861
49865
49866
49867
49873
49874
49875
49877
49880
49881
49885
49890
49892
49894
49895
49899
49900
49902
49904
49905
49906
49907
49909
49911
49912
49913
49914
49918
49920
49922
49924
49932
49934
49936
49939
49941
49943
49944
49945
49950
49951
49952
49953
49954
49958
49960
49963
49964
49967
49968
49973
49974
49975
49976
49980
49981
49987
49993
49994
49996
49999
50001
50002
50003
50004
50005
50007
50010
50011
50012
50013
50014
50015
50016
50018
50022
50023
50025
50026
50029
50030
50032
50033
50035
50037
50038
50042
50045
50047
50048
50051
50052
50054
50055
50056
50069
50070
50071
50076
50077
50079
50080
50081
50083
50085
50087
50089
50092
50094
50095
50096
50098
50099
50102
50103
50104
50106
50107
50108
50110
50111
50119
50123
50124
50125
50132
50133
50134
50136
50141
50143
50148
50149
50152
50154
50155
50156
50158
50159
50160
50161
50163
50164
50166
50167
50173
50174
50178
50179
50181
50182
50183
50184
50185
50186
50187
50188
50191
50193
50194
50195
50200
50205
50206
50208
50209
50213
50214
50215
50218
50220
50221
50222
50225
50227
50230
50232
50237
50239
50241
50242
50243
50245
50247
50248
50251
50252
50253
50254
50255
50256
50262
50265
50269
50270
50278
50279
50280
50282
50283
50284
50285
50287
50288
50289
50291
50292
50293
50294
50295
50296
50300
50302
50303
50304
50305
50308
50312
50314
50318
50320
50322
50323
50326
50327
50328
50332
50333
50334
50340
50341
50342
50346
50347
50348
50349
50351
50352
50354
50355
50357
50360
50366
50369
50370
50372
50376
50379
50380
50383
50386
50387
50388
50389
50394
50395
50398
50399
50400
50403
50404
50405
50406
50407
50411
50412
50414
50420
50422
50423
50424
50426
50428
50429
50430
50431
50434
50435
50437
50438
50440
50441
50442
50444
50447
50448
50449
50451
50452
50453
50457
50458
50465
50466
50467
50469
50471
50472
50474
50475
50478
50480
50483
50485
50487
50488
50491
50495
50497
50498
50499
50501
50503
50506
50507
50509
50510
50511
50512
50514
50516
50517
50518
50521
50522
50523
50524
50526
50534
50535
50536
50537
50540
50544
50545
50546
50548
50549
50551
50552
50554
50558
50560
50561
50562
50564
50566
50567
50569
50571
50573
50574
50575
50578
50580
50582
50583
50584
50590
50591
50592
50593
50594
50597
50598
50601
50603
50605
50612
50613
50614
50615
50616
50617
50620
50621
50626
50627
50629
50631
50633
50634
50635
50637
50638
50639
50641
50642
50644
50647
50648
50656
50658
50660
50661
50662
50664
50665
50670
50671
50674
50677
50678
50679
50681
50683
50684
50687
50691
50697
50698
50701
50704
50706
50707
50708
50711
50712
50714
50718
50719
50720
50725
50728
50733
50734
50736
50737
50738
50739
50742
50747
50749
50751
50752
50754
50755
50758
50761
50763
50764
50765
50766
50768
50770
50772
50774
50778
50779
50780
50787
50789
50791
50792
50793
50796
50798
50800
50801
50804
50808
50811
50812
50814
50816
50818
50820
50823
50824
50827
50829
50831
50832
50833
50835
50838
50842
50844
50846
50850
50852
50856
50857
50858
50859
50862
50865
50867
50869
50870
50874
50875
50876
50877
50879
50880
50881
50883
50886
50887
50888
50889
50892
50893
50894
50896
50898
50899
50900
50901
50905
50907
50908
50911
50912
50914
50916
50917
50919
50922
50923
50924
50925
50926
50927
50928
50929
50935
50937
50938
50939
50940
50941
50942
50943
50944
50947
50949
50950
50953
50954
50956
50957
50959
50960
50963
50964
50970
50972
50974
50975
50976
50977
50978
50980
50981
50982
50984
50986
50988
50991
51000
51003
51005
51006
51007
51008
51009
51010
51013
51014
51016
51019
51021
51022
51024
51025
51026
51027
51028
51031
51033
51034
51037
51038
51041
51042
51043
51045
51048
51052
51055
51058
51059
51060
51064
51065
51066
51068
51071
51072
51075
51077
51080
51081
51083
51084
51085
51086
51087
51088
51101
51104
51106
51111
51112
51113
51114
51115
51122
51126
51129
51131
51132
51133
51134
51135
51137
51138
51139
51140
51141
51145
51147
51148
51152
51154
51158
51160
51162
51163
51164
51167
51168
51170
51172
51174
51176
51177
51181
51183
51185
51186
51189
51190
51193
51195
51196
51197
51198
51200
51202
51204
51209
51210
51215
51216
51218
51221
51223
51225
51226
51227
51229
51231
51233
51237
51238
51240
51241
51244
51245
51247
51248
51254
51255
51260
51261
51262
51263
51267
51269
51270
51273
51275
51276
51277
51281
51282
51285
51287
51288
51289
51290
51291
51294
51298
51300
51301
51303
51304
51305
51308
51309
51310
51311
51312
51313
51316
51319
51324
51325
51326
51330
51335
51336
51337
51338
51339
51340
51342
51347
51348
51349
51350
51352
51354
51355
51356
51359
51362
51363
51364
51365
51367
51371
51374
51375
51377
51382
51383
51385
51386
51388
51394
51395
51397
51400
51401
51405
51408
51409
51410
51411
51412
51415
51416
51418
51419
51424
51426
51433
51434
51435
51436
51438
51439
51441
51442
51444
51445
51447
51448
51450
51451
51454
51455
51457
51459
51462
51463
51465
51466
51469
51470
51471
51472
51475
51477
51478
51480
51482
51483
51485
51487
51488
51489
51490
51491
51492
51493
51500
51504
51505
51506
51507
51508
51509
51514
51516
51519
51523
51525
51526
51529
51532
51534
51535
51537
51538
51539
51544
51545
51546
51549
51551
51552
51558
51560
51562
51564
51565
51567
51568
51570
51571
51574
51575
51576
51577
51578
51579
51583
51585
51586
51588
51594
51596
51598
51601
51602
51604
51605
51607
51611
51612
51613
51614
51616
51617
51618
51619
51620
51622
51623
51626
51630
51631
51632
51633
51635
51637
51639
51642
51644
51646
51650
51652
51653
51655
51657
51659
51660
51661
51662
51663
51666
51667
51672
51673
51675
51683
51691
51692
51693
51695
51696
51698
51699
51700
51703
51704
51705
51707
51708
51711
51713
51714
51716
51717
51719
51721
51722
51727
51729
51732
51733
51734
51736
51738
51739
51741
51744
51747
51749
51751
51752
51753
51754
51758
51759
51760
51761
51764
51766
51767
51768
51770
51771
51772
51774
51776
51780
51781
51782
51784
51786
51787
51794
51795
51798
51799
51800
51803
51804
51805
51806
51810
51813
51814
51818
51819
51823
51827
51828
51830
51831
51832
51835
51837
51840
51843
51844
51846
51849
51850
51851
51852
51854
51858
51859
51862
51863
51866
51867
51868
51869
51881
51882
51885
51886
51887
51889
51890
51896
51897
51898
51899
51901
51903
51904
51905
51906
51908
51909
51910
51911
51913
51914
51916
51918
51920
51930
51931
51932
51933
51935
51937
51939
51940
51941
51942
51943
51944
51945
51948
51949
51951
51954
51957
51958
51959
51961
51964
51966
51967
51968
51969
51970
51971
51972
51973
51975
51978
51979
51982
51983
51989
51994
51996
51997
52001
52002
52003
52004
52005
52007
52008
52010
52012
52015
52016
52017
52019
52031
52033
52034
52036
52039
52040
52041
52042
52043
52045
52046
52047
52048
52053
52054
52056
52058
52061
52062
52065
52066
52068
52069
52071
52072
52073
52074
52079
52082
52083
52084
52085
52089
52090
52093
52094
52095
52096
52100
52104
52109
52110
52111
52114
52115
52116
52120
52121
52122
52123
52125
52126
52129
52130
52132
52133
52135
52139
52141
52146
52147
52148
52151
52153
52158
52160
52161
52165
52166
52169
52170
52172
52173
52174
52176
52178
52181
52182
52183
52186
52192
52193
52196
52197
52199
52200
52201
52205
52206
52207
52208
52209
52213
52216
52222
52223
52224
52225
52226
52227
52230
52233
52236
52237
52242
52244
52245
52246
52247
52250
52251
52252
52255
52256
52257
52258
52259
52260
52264
52265
52266
52269
52274
52276
52278
52282
52284
52286
52287
52288
52292
52295
52296
52299
52301
52303
52304
52305
52310
52311
52313
52316
52317
52318
52319
52320
52321
52322
52325
52329
52330
52331
52332
52334
52335
52337
52339
52340
52341
52346
52347
52348
52349
52350
52352
52353
52354
52355
52357
52360
52366
52367
52368
52369
52371
52373
52376
52378
52381
52383
52384
52385
52393
52394
52399
52400
52402
52404
52406
52408
52409
52420
52421
52425
52426
52427
52428
52429
52430
52431
52432
52433
52434
52435
52436
52437
52441
52443
52450
52452
52453
52455
52458
52459
52460
52461
52465
52466
52467
52468
52470
52472
52475
52476
52477
52479
52480
52482
52485
52486
52487
52489
52492
52495
52497
52498
52499
52501
52502
52503
52504
52505
52507
52508
52509
52510
52512
52513
52515
52517
52519
52520
52521
52522
52525
52526
52529
52530
52533
52535
52538
52546
52547
52549
52552
52554
52556
52558
52559
52560
52562
52564
52569
52571
52575
52576
52578
52581
52582
52583
52584
52585
52586
52587
52592
52593
52594
52598
52599
52600
52603
52605
52606
52607
52610
52611
52612
52613
52615
52617
52624
52625
52626
52629
52633
52636
52640
52641
52643
52648
52654
52655
52656
52657
52658
52659
52660
52663
52664
52665
52667
52668
52669
52671
52672
52673
52674
52681
52682
52683
52684
52689
52691
52692
52694
52696
52697
52698
52700
52704
52710
52718
52720
52722
52725
52726
52730
52731
52732
52733
52734
52736
52737
52738
52739
52741
52744
52746
52747
52748
52749
52750
52753
52755
52756
52757
52758
52759
52760
52763
52764
52767
52770
52772
52774
52775
52776
52777
52780
52781
52782
52783
52784
52788
52790
52791
52792
52795
52796
52799
52801
52803
52804
52805
52806
52807
52808
52812
52813
52816
52817
52819
52822
52823
52824
52825
52826
52828
52830
52833
52834
52835
52836
52837
52839
52840
52841
52843
52844
52845
52846
52847
52849
52850
52852
52855
52856
52857
52859
52866
52869
52872
52874
52876
52878
52879
52880
52881
52883
52889
52890
52891
52893
52894
52897
52898
52899
52900
52901
52907
52910
52912
52914
52915
52918
52919
52920
52924
52926
52930
52932
52936
52939
52941
52946
52948
52949
52951
52953
52955
52957
52959
52961
52965
52968
52969
52970
52973
52974
52975
52976
52977
52978
52982
52989
52996
52999
53003
53005
53012
53019
53021
53023
53026
53027
53028
53030
53032
53033
53034
53035
53037
53040
53041
53042
53044
53046
53049
53051
53055
53056
53057
53058
53060
53065
53067
53069
53070
53076
53077
53079
53081
53082
53083
53084
53086
53087
53089
53090
53091
53092
53093
53095
53096
53097
53099
53100
53102
53103
53104
53105
53106
53107
53108
53110
53111
53113
53115
53117
53124
53125
53126
53127
53132
53134
53136
53137
53138
53140
53144
53148
53149
53152
53157
53159
53160
53162
53163
53167
53170
53171
53172
53178
53185
53187
53191
53192
53193
53194
53196
53197
53198
53199
53201
53203
53206
53207
53208
53209
53210
53212
53213
53214
53216
53219
53222
53223
53224
53225
53226
53227
53228
53231
53234
53235
53236
53237
53238
53240
53241
53242
53243
53245
53246
53247
53248
53252
53253
53256
53257
53261
53262
53264
53266
53268
53270
53271
53276
53277
53279
53280
53282
53284
53287
53288
53289
53290
53291
53292
53293
53296
53300
53301
53302
53304
53305
53306
53308
53310
53311
53312
53313
53317
53318
53322
53324
53332
53333
53340
53342
53343
53348
53349
53351
53353
53354
53359
53360
53364
53366
53367
53369
53370
53371
53372
53376
53377
53380
53383
53384
53386
53391
53392
53395
53396
53398
53399
53401
53403
53406
53407
53409
53411
53412
53413
53418
53419
53425
53426
53428
53429
53430
53431
53433
53434
53435
53438
53440
53442
53443
53448
53450
53453
53454
53455
53456
53463
53466
53468
53470
53471
53472
53473
53477
53478
53479
53480
53483
53487
53488
53492
53493
53494
53496
53497
53498
53499
53503
53506
53512
53513
53514
53516
53518
53522
53524
53525
53526
53528
53533
53534
53537
53538
53540
53541
53543
53544
53545
53546
53547
53548
53549
53550
53551
53552
53554
53558
53559
53560
53561
53564
53565
53567
53569
53575
53576
53580
53581
53583
53584
53585
53586
53591
53593
53594
53596
53597
53598
53604
53607
53609
53610
53612
53613
53615
53617
53621
53623
53624
53627
53628
53629
53631
53634
53637
53639
53640
53642
53643
53644
53645
53647
53648
53649
53651
53652
53654
53661
53662
53663
53666
53667
53668
53674
53675
53676
53677
53678
53679
53681
53683
53684
53685
53689
53691
53695
53698
53701
53702
53703
53707
53708
53709
53710
53711
53712
53713
53714
53715
53716
53719
53725
53726
53727
53729
53730
53731
53732
53733
53736
53737
53738
53739
53740
53741
53743
53744
53746
53748
53754
53755
53756
53757
53759
53761
53763
53769
53771
53773
53775
53779
53782
53784
53788
53790
53791
53792
53794
53799
53803
53806
53807
53808
53810
53812
53815
53816
53819
53822
53825
53826
53828
53829
53832
53833
53834
53836
53838
53839
53844
53845
53847
53848
53853
53855
53857
53858
53861
53862
53863
53865
53866
53868
53869
53870
53871
53872
53875
53876
53877
53880
53882
53885
53890
53896
53897
53898
53899
53900
53901
53902
53903
53905
53910
53911
53914
53916
53920
53924
53925
53928
53936
53937
53938
53939
53940
53941
53944
53945
53948
53949
53950
53954
53956
53957
53959
53961
53962
53967
53968
53971
53972
53974
53977
53978
53981
53982
53984
53985
53986
53987
53988
53991
53992
53993
53997
53998
54001
54003
54004
54005
54006
54008
54010
54011
54012
54013
54016
54017
54019
54021
54022
54025
54026
54030
54032
54034
54035
54036
54037
54041
54042
54046
54049
54050
54051
54054
54055
54058
54059
54060
54063
54069
54070
54071
54073
54075
54076
54077
54080
54081
54083
54086
54087
54090
54091
54095
54096
54097
54098
54099
54100
54102
54103
54104
54109
54111
54113
54115
54116
54118
54119
54122
54125
54127
54128
54129
54130
54131
54134
54135
54136
54142
54143
54145
54146
54147
54149
54150
54152
54153
54157
54158
54159
54160
54161
54162
54164
54165
54169
54174
54176
54179
54180
54181
54185
54189
54194
54195
54196
54197
54198
54200
54201
54204
54206
54208
54210
54218
54220
54221
54222
54223
54227
54229
54230
54232
54235
54236
54237
54239
54240
54241
54242
54244
54245
54247
54249
54250
54251
54255
54257
54260
54265
54270
54273
54274
54276
54277
54280
54282
54283
54284
54285
54286
54287
54289
54291
54294
54299
54301
54304
54308
54309
54312
54313
54315
54316
54317
54319
54320
54322
54326
54327
54328
54331
54333
54343
54347
54348
54350
54354
54355
54356
54357
54358
54359
54361
54362
54364
54365
54367
54368
54372
54378
54382
54383
54384
54385
54389
54391
54392
54393
54395
54396
54397
54398
54403
54405
54406
54409
54410
54411
54412
54416
54417
54418
54419
54420
54422
54424
54425
54427
54428
54429
54432
54433
54435
54440
54443
54444
54446
54449
54450
54452
54453
54455
54457
54458
54462
54463
54466
54467
54472
54473
54475
54477
54481
54482
54484
54485
54486
54489
54493
54496
54497
54498
54506
54507
54508
54509
54512
54514
54515
54516
54517
54518
54520
54522
54523
54524
54527
54534
54535
54539
54542
54544
54545
54547
54548
54550
54553
54554
54555
54556
54558
54559
54562
54564
54565
54567
54568
54569
54570
54573
54576
54577
54578
54580
54582
54584
54588
54589
54593
54595
54596
54598
54599
54600
54601
54609
54613
54616
54617
54618
54621
54625
54629
54630
54632
54633
54634
54638
54639
54643
54644
54646
54647
54648
54650
54651
54653
54654
54655
54656
54657
54660
54662
54663
54664
54665
54666
54668
54670
54671
54672
54677
54678
54681
54685
54688
54689
54691
54692
54694
54695
54696
54697
54700
54702
54704
54705
54706
54709
54710
54712
54714
54716
54717
54721
54725
54728
54730
54731
54732
54733
54734
54735
54746
54747
54748
54749
54754
54756
54758
54760
54763
54764
54768
54770
54771
54772
54775
54778
54783
54785
54787
54792
54796
54797
54802
54803
54804
54805
54806
54811
54812
54814
54816
54817
54818
54819
54825
54826
54829
54830
54831
54832
54833
54835
54836
54840
54842
54843
54844
54848
54850
54851
54852
54853
54854
54858
54861
54862
54863
54865
54868
54869
54870
54871
54872
54873
54876
54879
54881
54882
54884
54891
54892
54894
54896
54898
54900
54903
54904
54905
54906
54907
54908
54909
54910
54913
54916
54917
54920
54922
54929
54930
54931
54932
54933
54934
54935
54936
54938
54943
54945
54949
54950
54953
54954
54955
54956
54958
54959
54960
54961
54965
54966
54969
54971
54972
54973
54976
54978
54979
54980
54981
54982
54984
54985
54989
54990
54992
54997
54998
54999
55000
55002
55006
55009
55011
55012
55018
55019
55022
55023
55025
55027
55028
55030
55033
55035
55036
55039
55041
55042
55050
55052
55053
55056
55059
55060
55062
55063
55064
55065
55066
55067
55071
55072
55074
55080
55084
55086
55087
55088
55089
55090
55094
55095
55099
55102
55103
55105
55106
55107
55108
55112
55113
55115
55117
55118
55122
55123
55128
55129
55134
55135
55136
55139
55140
55142
55145
55148
55149
55150
55151
55152
55153
55154
55155
55157
55158
55161
55162
55163
55164
55165
55166
55167
55168
55169
55170
55173
55180
55181
55186
55187
55189
55191
55192
55193
55194
55197
55198
55199
55202
55203
55208
55209
55216
55217
55218
55220
55223
55224
55226
55227
55228
55230
55233
55235
55238
55242
55247
55248
55252
55253
55254
55255
55259
55262
55265
55269
55272
55275
55277
55278
55280
55283
55284
55285
55286
55290
55297
55299
55302
55303
55304
55305
55306
55307
55309
55310
55316
55318
55320
55321
55323
55325
55326
55331
55332
55336
55337
55339
55340
55341
55344
55345
55346
55349
55350
55353
55354
55356
55359
55361
55362
55365
55366
55369
55370
55371
55375
55376
55380
55381
55382
55383
55384
55385
55388
55390
55393
55396
55397
55398
55399
55400
55401
55402
55404
55411
55412
55414
55416
55420
55422
55423
55425
55426
55427
55428
55430
55431
55433
55434
55437
55438
55439
55441
55443
55444
55445
55448
55449
55450
55451
55453
55454
55456
55457
55458
55459
55461
55462
55463
55466
55467
55469
55470
55471
55472
55473
55474
55476
55477
55484
55485
55487
55491
55492
55494
55495
55498
55500
55501
55507
55518
55519
55520
55521
55526
55527
55531
55533
55534
55535
55537
55539
55540
55541
55542
55543
55548
55551
55552
55553
55557
55558
55559
55560
55562
55563
55565
55567
55569
55570
55571
55574
55575
55577
55578
55580
55582
55583
55584
55587
55588
55589
55590
55591
55596
55597
55598
55599
55600
55602
55604
55607
55608
55609
55610
55612
55622
55624
55629
55641
55642
55644
55645
55646
55647
55649
55650
55651
55653
55654
55655
55656
55661
55662
55663
55664
55666
55668
55669
55670
55671
55674
55676
55677
55683
55684
55685
55686
55689
55691
55692
55694
55696
55697
55702
55703
55707
55708
55709
55713
55714
55715
55717
55723
55724
55725
55734
55736
55737
55738
55742
55744
55745
55746
55747
55752
55754
55758
55759
55761
55764
55765
55766
55768
55772
55773
55778
55779
55780
55782
55783
55786
55789
55791
55794
55796
55799
55801
55802
55804
55808
55809
55813
55814
55815
55816
55817
55818
55820
55822
55823
55824
55825
55826
55827
55828
55829
55830
55832
55836
55837
55840
55841
55843
55847
55848
55850
55852
55853
55855
55859
55860
55861
55862
55863
55864
55865
55866
55868
55870
55872
55873
55874
55875
55878
55880
55884
55886
55889
55890
55894
55895
55896
55897
55901
55902
55903
55904
55905
55906
55907
55910
55911
55914
55915
55920
55924
55925
55926
55928
55930
55931
55932
55933
55934
55935
55936
55937
55938
55941
55942
55943
55944
55945
55946
55947
55955
55957
55958
55959
55960
55961
55967
55968
55969
55970
55973
55974
55975
55979
55982
55983
55986
55989
55996
55997
55998
56001
56003
56006
56008
56009
56012
56014
56016
56022
56025
56026
56030
56031
56032
56035
56036
56042
56046
56049
56050
56054
56059
56061
56062
56065
56066
56068
56069
56070
56071
56072
56075
56076
56078
56080
56081
56085
56086
56087
56090
56091
56092
56093
56097
56098
56099
56100
56101
56105
56106
56107
56109
56110
56111
56112
56115
56117
56118
56121
56123
56128
56129
56132
56133
56134
56135
56137
56138
56144
56146
56147
56149
56150
56154
56155
56157
56158
56160
56164
56169
56171
56174
56178
56180
56181
56182
56185
56186
56187
56190
56192
56193
56194
56199
56200
56202
56206
56208
56210
56212
56213
56214
56215
56216
56217
56219
56222
56223
56224
56225
56226
56229
56230
56232
56237
56238
56239
56240
56242
56243
56244
56245
56251
56252
56254
56256
56259
56263
56264
56266
56267
56270
56271
56272
56273
56274
56277
56278
56279
56281
56282
56283
56284
56286
56287
56288
56289
56295
56297
56298
56299
56302
56306
56307
56308
56310
56312
56314
56318
56319
56322
56324
56325
56327
56328
56329
56330
56333
56334
56335
56337
56339
56340
56341
56342
56343
56346
56347
56349
56351
56357
56359
56362
56364
56365
56368
56370
56372
56373
56378
56382
56383
56384
56386
56392
56394
56395
56398
56400
56406
56407
56409
56410
56412
56413
56414
56415
56417
56418
56420
56423
56424
56426
56430
56432
56433
56436
56440
56442
56449
56450
56452
56453
56455
56456
56457
56458
56459
56460
56461
56466
56468
56469
56471
56472
56473
56474
56476
56478
56479
56480
56481
56482
56484
56485
56488
56490
56494
56497
56498
56501
56502
56503
56505
56507
56511
56512
56513
56516
56518
56523
56524
56525
56526
56527
56532
56533
56534
56539
56541
56542
56543
56545
56547
56552
56559
56560
56563
56566
56569
56571
56575
56576
56579
56581
56582
56584
56585
56589
56591
56594
56596
56598
56600
56602
56606
56607
56613
56617
56620
56624
56626
56629
56630
56631
56633
56636
56639
56641
56645
56647
56650
56651
56652
56653
56655
56656
56657
56661
56662
56664
56666
56670
56671
56672
56674
56675
56676
56678
56683
56685
56686
56688
56689
56692
56694
56695
56696
56698
56699
56700
56701
56702
56703
56705
56707
56708
56709
56710
56711
56715
56718
56719
56721
56722
56723
56724
56726
56727
56730
56732
56734
56735
56737
56738
56740
56742
56743
56744
56746
56749
56752
56754
56755
56756
56757
56758
56761
56765
56768
56769
56770
56773
56775
56776
56778
56779
56781
56782
56783
56784
56787
56788
56789
56792
56794
56795
56796
56797
56803
56805
56806
56807
56808
56811
56814
56815
56816
56817
56818
56821
56823
56825
56826
56830
56832
56833
56835
56837
56838
56840
56843
56849
56850
56851
56856
56860
56863
56864
56865
56866
56868
56869
56870
56875
56876
56877
56878
56879
56881
56882
56883
56886
56887
56889
56893
56894
56895
56897
56898
56899
56902
56904
56906
56910
56912
56914
56916
56917
56918
56919
56921
56922
56924
56928
56930
56932
56937
56938
56941
56942
56943
56945
56947
56949
56951
56952
56954
56961
56963
56965
56966
56967
56969
56970
56971
56972
56974
56978
56982
56983
56984
56985
56987
56989
56992
56994
56995
56996
56999
57001
57002
57003
57005
57008
57009
57010
57014
57016
57017
57020
57021
57023
57027
57028
57029
57033
57034
57036
57041
57042
57044
57047
57050
57052
57054
57055
57057
57059
57061
57063
57064
57065
57068
57070
57071
57072
57073
57078
57079
57081
57085
57086
57087
57088
57090
57091
57092
57095
57096
57097
57098
57099
57100
57103
57104
57106
57111
57116
57117
57118
57121
57122
57124
57125
57127
57128
57129
57131
57132
57133
57137
57139
57140
57142
57143
57144
57146
57149
57150
57151
57152
57153
57156
57158
57160
57161
57162
57166
57169
57171
57172
57173
57174
57176
57177
57180
57182
57184
57185
57187
57189
57190
57191
57192
57195
57198
57199
57201
57206
57209
57213
57215
57216
57217
57227
57228
57229
57230
57231
57233
57234
57237
57238
57239
57240
57241
57250
57252
57256
57258
57260
57261
57264
57265
57266
57271
57273
57276
57277
57281
57282
57283
57285
57286
57287
57291
57293
57296
57297
57299
57300
57302
57303
57306
57307
57310
57311
57312
57314
57316
57318
57319
57321
57322
57325
57326
57327
57330
57332
57334
57337
57338
57339
57341
57342
57343
57345
57347
57348
57349
57351
57352
57355
57357
57359
57360
57363
57367
57368
57372
57377
57382
57383
57384
57385
57387
57388
57390
57391
57392
57394
57395
57399
57401
57402
57405
57408
57409
57410
57411
57413
57414
57415
57416
57417
57419
57420
57425
57427
57428
57429
57433
57443
57446
57447
57448
57452
57453
57454
57456
57460
57462
57463
57465
57466
57470
57471
57472
57477
57478
57479
57481
57483
57484
57486
57489
57490
57497
57498
57502
57505
57506
57507
57510
57512
57514
57515
57516
57519
57523
57526
57527
57528
57529
57530
57533
57534
57535
57536
57537
57538
57541
57542
57545
57546
57548
57549
57550
57551
57552
57557
57559
57560
57564
57565
57569
57570
57576
57577
57579
57581
57582
57585
57586
57591
57592
57594
57595
57598
57600
57603
57604
57607
57608
57609
57613
57615
57617
57618
57620
57621
57623
57625
57628
57629
57630
57631
57632
57636
57638
57639
57640
57643
57644
57645
57646
57648
57651
57654
57655
57660
57663
57664
57666
57668
57669
57670
57671
57674
57675
57676
57677
57678
57679
57680
57681
57683
57685
57686
57688
57692
57693
57695
57697
57698
57702
57705
57707
57712
57717
57720
57723
57724
57727
57728
57729
57730
57731
57732
57734
57735
57738
57741
57742
57743
57746
57747
57748
57749
57750
57751
57752
57753
57755
57757
57761
57763
57764
57765
57768
57769
57771
57776
57778
57780
57781
57784
57788
57789
57790
57793
57795
57796
57802
57803
57807
57808
57809
57810
57814
57816
57819
57820
57821
57825
57826
57831
57833
57834
57835
57836
57838
57839
57840
57841
57844
57845
57847
57850
57856
57858
57859
57860
57862
57863
57864
57865
57868
57871
57873
57875
57877
57878
57879
57880
57881
57882
57884
57886
57887
57889
57892
57894
57901
57903
57904
57905
57907
57908
57910
57913
57916
57918
57919
57921
57923
57924
57925
57926
57929
57932
57937
57938
57946
57949
57951
57955
57956
57958
57959
57960
57962
57963
57964
57965
57966
57969
57972
57975
57977
57983
57984
57985
57987
57989
57990
57993
57994
57998
58000
58003
58006
58008
58009
58012
58013
58014
58018
58021
58023
58026
58028
58029
58030
58031
58032
58033
58034
58035
58037
58040
58041
58042
58046
58047
58049
58050
58053
58054
58056
58057
58063
58064
58065
58067
58071
58073
58074
58075
58076
58078
58079
58081
58084
58091
58094
58097
58098
58099
58101
58102
58108
58109
58111
58113
58119
58120
58121
58122
58123
58125
58127
58128
58129
58130
58131
58133
58134
58135
58136
58137
58138
58141
58144
58145
58146
58148
58150
58152
58155
58159
58160
58163
58164
58165
58168
58169
58172
58173
58177
58178
58179
58181
58182
58184
58185
58186
58190
58194
58195
58197
58200
58201
58202
58206
58208
58213
58214
58216
58218
58219
58220
58221
58223
58226
58230
58232
58233
58236
58237
58241
58243
58247
58249
58250
58254
58257
58260
58264
58265
58267
58268
58270
58273
58274
58278
58279
58280
58282
58284
58286
58289
58290
58294
58296
58297
58298
58302
58303
58304
58309
58310
58311
58313
58314
58315
58316
58317
58318
58321
58322
58325
58327
58330
58332
58335
58336
58337
58340
58346
58347
58348
58349
58350
58355
58356
58358
58360
58364
58365
58366
58367
58368
58372
58374
58376
58377
58381
58383
58384
58392
58393
58394
58395
58400
58402
58403
58404
58406
58410
58411
58412
58413
58414
58415
58416
58417
58420
58424
58428
58429
58430
58431
58432
58435
58436
58437
58439
58440
58443
58446
58450
58451
58452
58453
58455
58456
58460
58462
58463
58466
58467
58468
58469
58472
58474
58476
58477
58480
58481
58482
58487
58488
58490
58491
58493
58496
58497
58499
58502
58504
58505
58506
58508
58509
58511
58519
58520
58522
58523
58524
58525
58526
58527
58528
58530
58531
58533
58537
58538
58539
58540
58541
58542
58544
58545
58546
58547
58549
58550
58551
58554
58557
58558
58561
58562
58563
58566
58568
58570
58573
58576
58577
58578
58581
58584
58585
58587
58589
58590
58592
58593
58599
58600
58601
58602
58605
58614
58617
58619
58620
58621
58622
58625
58626
58633
58634
58637
58638
58641
58642
58644
58646
58647
58648
58651
58653
58654
58656
58657
58658
58660
58661
58662
58664
58665
58666
58668
58669
58670
58671
58673
58674
58675
58678
58681
58682
58683
58685
58686
58688
58689
58690
58691
58694
58696
58699
58701
58702
58703
58706
58707
58709
58710
58711
58712
58715
58718
58720
58721
58722
58724
58727
58728
58729
58730
58732
58733
58735
58738
58741
58742
58744
58746
58749
58752
58758
58759
58762
58763
58765
58768
58769
58773
58774
58775
58783
58784
58785
58788
58789
58790
58795
58797
58800
58802
58803
58807
58809
58820
58826
58829
58833
58834
58836
58842
58845
58846
58847
58848
58850
58851
58853
58854
58855
58856
58861
58862
58863
58866
58867
58869
58872
58873
58875
58876
58877
58878
58880
58881
58882
58885
58886
58888
58889
58890
58891
58893
58896
58899
58900
58901
58903
58907
58908
58909
58914
58916
58920
58921
58922
58923
58924
58926
58929
58930
58931
58932
58936
58938
58940
58942
58944
58945
58947
58949
58950
58954
58962
58963
58964
58965
58967
58968
58970
58972
58973
58974
58977
58983
58984
58986
58987
58990
58993
58995
58997
58998
58999
59001
59005
59006
59008
59009
59012
59015
59016
59017
59018
59019
59020
59023
59024
59025
59026
59027
59029
59033
59034
59035
59037
59038
59039
59040
59041
59042
59043
59044
59047
59048
59049
59050
59051
59054
59057
59058
59063
59065
59068
59069
59074
59078
59080
59081
59084
59086
59087
59088
59089
59091
59094
59095
59099
59101
59102
59103
59104
59105
59106
59110
59111
59114
59119
59120
59124
59126
59127
59131
59133
59135
59136
59137
59139
59141
59143
59150
59152
59153
59155
59156
59158
59159
59161
59164
59165
59166
59168
59169
59171
59172
59173
59178
59179
59180
59182
59184
59187
59189
59190
59192
59196
59197
59198
59199
59204
59206
59208
59209
59211
59212
59213
59216
59218
59219
59220
59225
59226
59228
59229
59230
59231
59233
59235
59236
59243
59244
59247
59249
59251
59252
59255
59256
59257
59259
59262
59264
59266
59267
59268
59270
59271
59272
59275
59277
59278
59281
59283
59285
59286
59289
59290
59292
59294
59298
59300
59303
59304
59307
59308
59310
59313
59315
59317
59321
59322
59323
59324
59326
59327
59328
59329
59330
59331
59333
59334
59335
59336
59337
59339
59341
59342
59343
59345
59347
59348
59349
59350
59352
59355
59356
59357
59358
59360
59363
59364
59365
59368
59369
59372
59374
59375
59377
59378
59379
59382
59383
59385
59386
59389
59390
59391
59392
59395
59396
59397
59398
59401
59407
59408
59409
59410
59411
59412
59414
59415
59417
59418
59419
59424
59431
59438
59441
59447
59449
59455
59456
59459
59460
59463
59464
59470
59472
59474
59476
59485
59487
59491
59493
59494
59501
59502
59503
59505
59507
59511
59512
59513
59514
59516
59517
59520
59521
59523
59524
59525
59527
59529
59530
59531
59536
59538
59539
59540
59545
59548
59550
59551
59553
59554
59555
59556
59557
59558
59559
59560
59561
59562
59563
59565
59566
59567
59574
59577
59579
59580
59583
59584
59585
59590
59594
59596
59597
59599
59600
59603
59605
59607
59610
59611
59612
59613
59614
59615
59617
59619
59620
59621
59623
59624
59625
59627
59628
59629
59631
59632
59636
59637
59639
59640
59642
59643
59644
59645
59646
59651
59653
59656
59657
59658
59659
59666
59667
59668
59669
59670
59671
59672
59674
59675
59677
59678
59680
59686
59693
59700
59701
59702
59703
59704
59705
59708
59709
59712
59714
59715
59716
59718
59723
59726
59727
59730
59731
59733
59734
59736
59737
59738
59740
59741
59742
59744
59748
59749
59752
59754
59756
59757
59759
59760
59761
59770
59772
59775
59779
59781
59783
59785
59786
59787
59789
59792
59795
59796
59797
59798
59802
59803
59804
59807
59809
59811
59813
59816
59822
59824
59825
59830
59832
59833
59834
59835
59836
59837
59838
59842
59843
59846
59847
59848
59850
59851
59852
59853
59854
59856
59857
59858
59859
59860
59862
59863
59865
59868
59870
59871
59872
59873
59874
59875
59879
59881
59883
59884
59889
59891
59892
59894
59896
59899
59902
59905
59909
59914
59916
59917
59918
59921
59923
59928
59932
59935
59939
59940
59941
59947
59948
59950
59953
59955
59958
59960
59962
59964
59968
59970
59971
59972
59973
59974
59976
59977
59978
59979
59982
59984
59987
59989
59992
59996
60000
60003
60005
60007
60009
60011
60013
60014
60015
60016
60019
60024
60025
60027
60028
60029
60030
60031
60032
60037
60038
60043
60044
60045
60047
60050
60053
60056
60057
60058
60060
60065
60066
60067
60069
60071
60073
60074
60075
60078
60081
60085
60086
60087
60088
60092
60095
60097
60100
60101
60103
60107
60108
60114
60115
60117
60118
60121
60122
60129
60130
60133
60140
60144
60145
60147
60148
60151
60152
60157
60159
60161
60163
60164
60167
60168
60169
60170
60171
60172
60175
60176
60178
60181
60182
60184
60186
60188
60192
60194
60196
60198
60200
60202
60206
60207
60208
60211
60213
60214
60216
60217
60218
60219
60220
60223
60225
60226
60227
60228
60232
60236
60237
60238
60240
60241
60242
60243
60250
60251
60252
60255
60256
60258
60259
60265
60266
60269
60270
60275
60277
60278
60279
60280
60281
60282
60283
60285
60289
60293
60297
60300
60303
60307
60308
60309
60315
60319
60320
60322
60323
60324
60325
60326
60327
60329
60332
60333
60334
60335
60336
60340
60342
60343
60345
60347
60348
60349
60350
60353
60354
60357
60358
60359
60361
60365
60366
60367
60368
60370
60371
60374
60375
60377
60378
60383
60384
60385
60386
60388
60389
60393
60394
60397
60398
60399
60400
60401
60403
60405
60407
60408
60409
60411
60414
60415
60416
60421
60422
60423
60424
60425
60426
60427
60428
60430
60431
60433
60435
60441
60442
60443
60444
60445
60446
60450
60453
60454
60456
60457
60461
60465
60466
60467
60468
60469
60473
60474
60478
60479
60480
60481
60483
60484
60485
60489
60490
60494
60495
60498
60500
60501
60504
60507
60509
60511
60513
60514
60517
60520
60521
60523
60524
60525
60526
60531
60534
60538
60540
60544
60546
60548
60552
60554
60557
60560
60566
60569
60572
60573
60574
60575
60577
60579
60588
60589
60595
60597
60599
60600
60605
60606
60607
60608
60611
60612
60614
60618
60621
60622
60623
60625
60627
60628
60629
60633
60634
60639
60641
60643
60644
60646
60650
60652
60658
60660
60661
60662
60663
60668
60669
60670
60672
60673
60674
60675
60676
60677
60678
60682
60683
60684
60686
60689
60690
60692
60693
60696
60697
60698
60699
60700
60701
60703
60704
60706
60707
60710
60712
60713
60716
60717
60718
60719
60722
60723
60725
60728
60729
60730
60732
60733
60736
60738
60740
60742
60747
60748
60750
60751
60752
60753
60755
60756
60757
60758
60760
60762
60766
60768
60770
60772
60775
60777
60778
60779
60782
60783
60784
60786
60787
60788
60793
60796
60797
60798
60802
60803
60804
60805
60807
60808
60809
60811
60812
60815
60818
60819
60821
60822
60824
60827
60830
60835
60836
60837
60839
60842
60844
60845
60847
60850
60851
60852
60853
60855
60859
60862
60864
60866
60868
60869
60870
60871
60872
60875
60876
60879
60882
60884
60888
60889
60890
60894
60895
60896
60897
60898
60899
60908
60909
60912
60913
60915
60917
60919
60925
60927
60931
60932
60933
60934
60937
60940
60941
60944
60945
60946
60949
60951
60952
60953
60954
60959
60960
60962
60963
60965
60967
60970
60972
60973
60974
60975
60976
60977
60978
60980
60982
60983
60984
60985
60986
60987
60988
60989
60991
60992
60993
60998
61000
61006
61007
61008
61013
61015
61017
61018
61022
61029
61030
61031
61034
61035
61036
61037
61039
61041
61043
61045
61046
61047
61048
61049
61050
61051
61052
61054
61055
61060
61064
61066
61068
61069
61070
61071
61073
61074
61075
61076
61077
61079
61085
61089
61090
61094
61095
61096
61097
61100
61102
61103
61105
61106
61107
61108
61113
61118
61119
61121
61122
61126
61128
61131
61134
61136
61137
61138
61140
61142
61143
61145
61146
61147
61148
61149
61151
61152
61153
61154
61155
61156
61158
61159
61160
61162
61163
61165
61166
61170
61171
61174
61176
61178
61179
61181
61185
61187
61188
61194
61195
61198
61199
61202
61203
61205
61207
61211
61213
61214
61218
61219
61224
61230
61231
61234
61236
61237
61240
61241
61243
61246
61253
61255
61257
61258
61260
61262
61263
61264
61267
61268
61270
61271
61275
61277
61282
61283
61284
61286
61288
61289
61290
61291
61292
61293
61297
61299
61300
61301
61302
61303
61304
61305
61306
61307
61309
61312
61313
61316
61317
61319
61321
61325
61327
61329
61330
61333
61334
61335
61337
61338
61339
61340
61343
61344
61345
61348
61349
61351
61353
61355
61357
61359
61363
61364
61367
61370
61371
61372
61374
61376
61377
61380
61381
61382
61383
61384
61386
61387
61389
61390
61391
61393
61395
61396
61397
61398
61400
61403
61407
61408
61409
61411
61412
61413
61414
61416
61418
61420
61424
61426
61429
61432
61434
61435
61443
61446
61447
61448
61450
61452
61454
61455
61458
61462
61463
61464
61471
61476
61478
61479
61482
61483
61489
61490
61491
61494
61495
61498
61500
61501
61506
61507
61508
61509
61510
61513
61514
61518
61522
61524
61527
61530
61532
61533
61538
61539
61540
61541
61543
61545
61546
61548
61554
61556
61557
61560
61562
61563
61566
61570
61571
61572
61574
61576
61578
61582
61585
61586
61587
61589
61591
61592
61594
61595
61598
61599
61600
61602
61608
61609
61611
61612
61613
61614
61615
61616
61617
61622
61624
61629
61630
61631
61632
61633
61634
61635
61638
61639
61640
61641
61642
61643
61644
61645
61646
61648
61649
61650
61652
61653
61658
61659
61663
61664
61670
61671
61672
61674
61676
61677
61678
61685
61687
61688
61689
61691
61694
61695
61696
61698
61700
61702
61704
61706
61708
61710
61711
61713
61714
61715
61717
61722
61723
61724
61727
61728
61731
61732
61734
61735
61736
61738
61741
61742
61744
61746
61749
61750
61755
61759
61760
61762
61766
61767
61770
61771
61772
61775
61776
61777
61779
61781
61782
61783
61784
61785
61786
61789
61792
61793
61798
61800
61802
61803
61805
61806
61808
61809
61810
61812
61813
61816
61818
61822
61824
61825
61828
61833
61834
61835
61843
61844
61846
61847
61849
61854
61858
61860
61863
61864
61872
61873
61875
61876
61878
61880
61883
61884
61885
61887
61893
61895
61896
61897
61898
61899
61900
61901
61903
61904
61905
61908
61910
61912
61913
61914
61915
61916
61918
61919
61923
61927
61933
61934
61937
61938
61939
61945
61946
61949
61950
61951
61953
61954
61956
61959
61962
61965
61967
61968
61969
61971
61972
61973
61975
61976
61980
61981
61982
61983
61987
61988
61989
61990
61992
61993
61994
61999
62000
62002
62004
62006
62011
62012
62013
62016
62017
62018
62019
62020
62021
62022
62026
62032
62033
62034
62035
62039
62042
62043
62046
62049
62050
62052
62054
62055
62057
62058
62060
62061
62063
62064
62065
62066
62067
62068
62069
62071
62072
62073
62074
62075
62078
62081
62083
62084
62085
62087
62089
62090
62092
62093
62094
62095
62096
62099
62101
62102
62104
62106
62107
62108
62109
62112
62115
62117
62119
62123
62124
62126
62129
62134
62135
62136
62140
62142
62145
62146
62147
62150
62151
62152
62154
62155
62160
62161
62162
62164
62165
62166
62168
62169
62170
62176
62177
62178
62180
62182
62184
62187
62189
62190
62199
62204
62205
62206
62207
62211
62213
62214
62215
62218
62219
62220
62222
62227
62228
62233
62235
62236
62239
62240
62243
62244
62246
62248
62249
62250
62251
62252
62253
62254
62255
62258
62261
62262
62263
62264
62266
62267
62269
62271
62272
62273
62274
62276
62277
62279
62280
62281
62291
62293
62300
62302
62309
62311
62312
62314
62318
62320
62321
62323
62324
62325
62326
62328
62329
62332
62333
62337
62340
62341
62343
62345
62346
62347
62348
62350
62352
62355
62356
62359
62360
62361
62362
62369
62370
62372
62378
62379
62380
62381
62386
62387
62388
62390
62396
62397
62401
62402
62404
62406
62407
62408
62410
62411
62414
62419
62421
62422
62423
62425
62426
62429
62431
62437
62440
62442
62443
62445
62447
62448
62449
62450
62452
62453
62456
62458
62463
62466
62471
62472
62473
62474
62477
62478
62479
62481
62482
62483
62484
62485
62486
62487
62489
62492
62494
62497
62501
62502
62505
62508
62509
62510
62511
62513
62517
62518
62521
62522
62523
62525
62526
62527
62531
62534
62535
62536
62539
62540
62542
62546
62547
62550
62551
62553
62557
62558
62559
62561
62562
62568
62569
62571
62572
62574
62577
62578
62582
62584
62585
62587
62589
62590
62591
62594
62595
62596
62597
62599
62600
62601
62603
62604
62607
62609
62612
62613
62614
62615
62617
62619
62620
62621
62622
62624
62627
62628
62629
62632
62633
62643
62644
62646
62648
62649
62650
62652
62653
62654
62655
62656
62657
62658
62660
62666
62667
62669
62672
62673
62674
62677
62682
62683
62684
62685
62688
62689
62690
62692
62695
62696
62698
62702
62703
62707
62708
62709
62711
62712
62713
62715
62716
62717
62718
62721
62722
62724
62726
62728
62729
62732
62735
62737
62738
62739
62740
62742
62743
62746
62752
62756
62759
62760
62761
62762
62763
62765
62767
62770
62772
62775
62776
62777
62780
62785
62787
62789
62791
62795
62796
62798
62804
62805
62806
62810
62811
62812
62819
62820
62823
62825
62828
62829
62830
62832
62833
62834
62835
62839
62841
62844
62847
62849
62858
62859
62860
62862
62864
62866
62870
62873
62874
62875
62876
62880
62881
62882
62886
62887
62888
62889
62890
62891
62892
62894
62895
62897
62900
62904
62908
62912
62913
62914
62915
62916
62917
62918
62920
62923
62929
62932
62933
62934
62935
62936
62938
62939
62940
62941
62945
62946
62947
62948
62951
62952
62954
62956
62961
62962
62964
62971
62975
62976
62977
62978
62981
62982
62983
62984
62987
62988
62990
62992
62993
62995
62996
62999
63001
63003
63004
63005
63007
63014
63017
63021
63022
63025
63028
63032
63033
63034
63039
63043
63045
63046
63048
63049
63051
63052
63056
63057
63058
63063
63066
63068
63074
63081
63083
63084
63085
63086
63090
63092
63095
63097
63098
63102
63103
63105
63106
63107
63108
63112
63114
63116
63120
63121
63122
63127
63129
63131
63132
63134
63135
63136
63140
63141
63142
63145
63146
63147
63148
63150
63151
63152
63154
63156
63157
63160
63161
63162
63163
63164
63166
63169
63173
63174
63177
63179
63180
63181
63182
63183
63185
63186
63188
63189
63191
63192
63193
63194
63197
63200
63204
63206
63208
63209
63210
63211
63212
63214
63215
63216
63218
63220
63221
63222
63223
63224
63225
63227
63228
63231
63234
63235
63236
63237
63238
63241
63244
63246
63247
63250
63251
63252
63254
63255
63258
63259
63263
63264
63265
63266
63272
63273
63274
63275
63278
63279
63281
63283
63286
63287
63289
63291
63292
63293
63296
63297
63298
63299
63300
63302
63306
63307
63308
63310
63311
63312
63316
63318
63320
63322
63323
63324
63327
63330
63333
63337
63340
63341
63343
63344
63345
63347
63351
63352
63353
63355
63356
63357
63360
63362
63363
63367
63368
63370
63371
63376
63377
63379
63380
63381
63384
63385
63386
63388
63389
63390
63393
63395
63396
63398
63400
63403
63404
63407
63411
63412
63414
63418
63419
63420
63421
63423
63429
63431
63432
63434
63437
63438
63440
63441
63442
63444
63446
63449
63451
63454
63456
63457
63459
63461
63462
63464
63465
63466
63469
63473
63478
63482
63487
63489
63491
63493
63497
63499
63500
63507
63508
63512
63517
63518
63519
63522
63524
63526
63527
63531
63532
63534
63536
63540
63541
63546
63549
63550
63552
63554
63556
63557
63562
63563
63564
63566
63567
63568
63570
63571
63574
63577
63578
63580
63581
63582
63583
63586
63587
63589
63591
63592
63594
63595
63596
63597
63598
63601
63604
63605
63606
63607
63613
63614
63616
63619
63620
63622
63623
63624
63625
63626
63629
63630
63631
63632
63633
63634
63638
63645
63646
63648
63652
63654
63655
63656
63657
63658
63659
63660
63661
63662
63665
63667
63668
63669
63672
63675
63678
63679
63680
63682
63685
63687
63689
63690
63697
63698
63699
63700
63702
63703
63706
63707
63710
63711
63712
63716
63717
63718
63719
63720
63722
63723
63724
63725
63729
63732
63734
63744
63746
63747
63748
63749
63750
63754
63755
63756
63757
63759
63764
63765
63766
63768
63769
63770
63771
63772
63773
63775
63776
63777
63778
63779
63780
63781
63783
63784
63785
63786
63789
63790
63791
63792
63797
63799
63802
63805
63806
63808
63810
63811
63814
63816
63819
63820
63821
63825
63826
63827
63828
63829
63836
63838
63841
63844
63846
63850
63852
63856
63858
63859
63860
63861
63863
63864
63865
63866
63867
63868
63870
63871
63872
63873
63874
63877
63878
63879
63880
63883
63888
63889
63890
63893
63894
63895
63897
63903
63905
63906
63912
63913
63914
63916
63918
63924
63929
63930
63933
63935
63937
63938
63940
63942
63943
63944
63948
63949
63950
63951
63952
63955
63958
63959
63960
63965
63966
63969
63970
63973
63981
63983
63984
63986
63987
63991
63992
63996
64000
64001
64002
64003
64004
64005
64006
64009
64010
64011
64014
64017
64018
64020
64021
64023
64025
64026
64027
64029
64031
64032
64033
64035
64036
64037
64039
64040
64042
64043
64045
64046
64047
64048
64049
64051
64053
64054
64055
64056
64059
64060
64064
64070
64071
64072
64073
64074
64077
64078
64080
64082
64084
64085
64088
64090
64092
64096
64097
64100
64101
64105
64107
64108
64110
64112
64113
64115
64116
64118
64119
64124
64129
64130
64132
64133
64134
64135
64136
64137
64138
64140
64141
64143
64145
64147
64149
64153
64155
64158
64159
64161
64162
64163
64164
64165
64167
64168
64174
64180
64188
64193
64195
64198
64200
64201
64202
64206
64207
64209
64211
64213
64214
64215
64216
64217
64218
64224
64226
64232
64233
64234
64237
64239
64241
64242
64245
64248
64249
64250
64255
64256
64259
64260
64261
64262
64266
64270
64271
64272
64273
64274
64279
64281
64283
64284
64285
64286
64287
64289
64291
64292
64293
64294
64298
64300
64301
64305
64307
64316
64319
64322
64323
64324
64326
64328
64329
64330
64334
64337
64339
64342
64345
64346
64349
64351
64352
64353
64354
64355
64359
64360
64361
64366
64369
64371
64377
64378
64379
64380
64381
64382
64383
64384
64386
64388
64389
64390
64392
64396
64399
64401
64402
64403
64407
64411
64415
64416
64417
64419
64421
64423
64424
64429
64430
64433
64435
64436
64439
64447
64448
64449
64453
64454
64455
64457
64458
64460
64461
64462
64463
64464
64465
64470
64471
64478
64479
64482
64483
64484
64486
64487
64490
64493
64494
64495
64496
64497
64498
64499
64500
64502
64505
64507
64508
64511
64515
64516
64517
64518
64519
64523
64528
64529
64530
64533
64536
64538
64540
64541
64542
64544
64545
64547
64548
64549
64550
64552
64555
64558
64560
64562
64563
64564
64565
64566
64568
64570
64572
64573
64574
64575
64579
64580
64584
64587
64590
64591
64595
64596
64597
64601
64603
64605
64606
64607
64608
64609
64610
64613
64615
64616
64617
64619
64620
64622
64623
64624
64627
64630
64632
64636
64638
64639
64644
64645
64647
64648
64649
64650
64655
64656
64657
64658
64660
64661
64664
64665
64666
64669
64672
64674
64676
64677
64678
64680
64682
64686
64687
64691
64693
64695
64696
64698
64699
64700
64701
64703
64704
64706
64708
64709
64712
64716
64717
64718
64720
64724
64725
64729
64730
64732
64736
64737
64738
64740
64741
64745
64747
64748
64749
64751
64753
64758
64760
64763
64767
64768
64770
64771
64776
64777
64778
64780
64784
64785
64786
64787
64788
64799
64802
64803
64806
64808
64809
64810
64814
64816
64825
64828
64829
64830
64832
64833
64835
64836
64837
64840
64842
64844
64845
64847
64848
64851
64852
64854
64857
64862
64863
64864
64868
64871
64873
64874
64875
64877
64880
64883
64884
64886
64891
64893
64895
64896
64899
64900
64902
64903
64904
64907
64909
64910
64911
64912
64917
64919
64920
64921
64922
64923
64924
64927
64929
64930
64935
64937
64939
64940
64941
64942
64943
64944
64946
64947
64948
64954
64955
64956
64959
64960
64961
64964
64965
64966
64970
64971
64974
64976
64977
64978
64979
64980
64981
64983
64986
64990
64992
64993
64995
64997
65000
65001
65002
65003
65004
65007
65009
65013
65015
65016
65021
65022
65025
65026
65027
65030
65031
65033
65035
65036
65042
65043
65045
65046
65049
65050
65051
65052
65053
65055
65056
65057
65059
65063
65064
65065
65067
65068
65071
65075
65078
65080
65081
65083
65084
65085
65086
65087
65088
65089
65094
65097
65101
65102
65103
65110
65112
65115
65116
65117
65118
65120
65121
65127
65128
65130
65131
65139
65140
65141
65142
65143
65144
65145
65148
65149
65151
65154
65155
65156
65158
65159
65160
65162
65164
65165
65166
65167
65169
65170
65172
65173
65174
65175
65176
65179
65180
65181
65182
65183
65184
65186
65190
65191
65192
65194
65195
65197
65199
65200
65201
65203
65204
65211
65212
65215
65216
65217
65218
65220
65221
65222
65223
65224
65227
65228
65229
65230
65231
65235
65237
65240
65241
65245
65246
65249
65251
65254
65257
65259
65261
65264
65265
65267
65271
65272
65274
65275
65278
65279
65280
65282
65287
65288
65289
65290
65291
65293
65294
65297
65298
65300
65302
65303
65305
65307
65308
65309
65310
65311
65312
65314
65315
65319
65321
65325
65326
65327
65334
65335
65339
65341
65344
65346
65349
65351
65355
65356
65362
65364
65366
65368
65373
65374
65377
65379
65380
65381
65382
65383
65388
65390
65394
65399
65404
65409
65410
65413
65415
65417
65418
65427
65428
65429
65430
65431
65432
65435
65436
65437
65438
65439
65440
65441
65442
65444
65445
65450
65452
65456
65457
65459
65460
65462
65463
65466
65468
65473
65474
65475
65476
65478
65479
65481
65486
65488
65492
65494
65496
65499
65501
65503
65505
65509
65510
65511
65515
65518
65519
65523
65524
65525
65526
65527
65529
65530
65535
65536
65537
65540
65546
65547
65549
65551
65552
65553
65555
65557
65559
65560
65561
65562
65565
65566
65570
65571
65573
65574
65575
65576
65582
65583
65584
65585
65588
65591
65592
65594
65596
65598
65600
65601
65602
65607
65608
65609
65615
65616
65619
65620
65624
65625
65626
65627
65631
65632
65633
65636
65637
65638
65639
65640
65643
65644
65645
65646
65647
65649
65651
65654
65655
65656
65657
65659
65665
65667
65669
65673
65674
65677
65680
65684
65686
65697
65698
65699
65701
65704
65705
65706
65708
65711
65712
65713
65715
65716
65719
65722
65725
65727
65730
65731
65732
65735
65736
65737
65739
65742
65743
65746
65749
65750
65751
65752
65753
65754
65755
65756
65761
65762
65764
65765
65767
65768
65769
65771
65773
65774
65775
65777
65781
65783
65786
65788
65789
65790
65792
65793
65794
65796
65798
65804
65806
65807
65808
65811
65813
65815
65817
65818
65819
65828
65829
65830
65833
65835
65836
65837
65838
65840
65842
65843
65847
65848
65849
65851
65852
65855
65857
65858
65859
65862
65863
65865
65867
65869
65870
65872
65874
65875
65877
65879
65881
65883
65887
65888
65889
65895
65896
65897
65899
65900
65901
65902
65903
65904
65905
65906
65907
65908
65913
65915
65917
65918
65921
65923
65925
65930
65933
65935
65939
65940
65941
65942
65945
65946
65948
65950
65952
65954
65956
65958
65959
65960
65961
65962
65963
65969
65970
65974
65975
65976
65977
65987
65988
65989
65991
65994
65996
65997
66002
66005
66009
66010
66012
66016
66017
66018
66019
66020
66021
66022
66024
66027
66031
66034
66038
66041
66042
66044
66045
66048
66049
66050
66052
66053
66056
66057
66059
66065
66066
66067
66069
66074
66076
66079
66080
66082
66084
66085
66087
66088
66092
66094
66096
66097
66098
66100
66101
66104
66106
66107
66108
66110
66111
66112
66115
66117
66119
66120
66121
66124
66125
66126
66129
66130
66131
66134
66142
66144
66146
66148
66151
66154
66155
66156
66159
66160
66161
66165
66173
66174
66177
66178
66181
66186
66187
66191
66192
66193
66194
66195
66196
66197
66199
66200
66202
66203
66205
66206
66210
66214
66218
66219
66221
66222
66224
66226
66228
66230
66233
66235
66236
66237
66238
66239
66244
66247
66249
66253
66255
66258
66264
66265
66266
66267
66271
66272
66273
66276
66277
66278
66279
66280
66281
66283
66284
66285
66286
66289
66291
66294
66297
66298
66301
66308
66309
66312
66314
66316
66317
66318
66320
66321
66322
66323
66324
66326
66328
66329
66332
66333
66334
66336
66339
66342
66345
66346
66347
66348
66350
66351
66352
66355
66357
66359
66360
66361
66362
66363
66365
66366
66367
66371
66372
66373
66374
66377
66379
66380
66381
66383
66385
66387
66388
66389
66391
66392
66394
66395
66398
66399
66400
66402
66405
66406
66410
66411
66413
66416
66417
66422
66424
66425
66427
66428
66429
66430
66433
66435
66436
66437
66441
66442
66443
66444
66446
66447
66448
66449
66450
66451
66454
66458
66460
66461
66462
66464
66466
66469
66472
66478
66479
66483
66484
66485
66486
66487
66491
66498
66501
66504
66507
66511
66515
66516
66519
66520
66523
66524
66525
66527
66528
66529
66532
66535
66538
66539
66541
66542
66543
66544
66548
66549
66551
66552
66554
66555
66556
66558
66560
66561
66562
66564
66566
66570
66572
66575
66577
66581
66583
66584
66586
66587
66588
66589
66590
66592
66593
66594
66595
66596
66597
66599
66600
66601
66604
66607
66609
66610
66611
66616
66619
66620
66622
66623
66624
66628
66630
66631
66632
66635
66638
66640
66641
66642
66646
66647
66648
66649
66650
66652
66653
66654
66655
66656
66657
66658
66662
66663
66666
66669
66670
66671
66672
66673
66675
66677
66679
66681
66683
66684
66687
66688
66689
66690
66691
66694
66697
66698
66700
66701
66704
66706
66708
66709
66710
66712
66716
66718
66719
66721
66723
66725
66726
66727
66730
66731
66735
66739
66741
66742
66744
66746
66747
66749
66750
66751
66752
66753
66754
66756
66757
66758
66763
66764
66770
66771
66773
66775
66776
66778
66780
66781
66782
66783
66784
66785
66787
66788
66789
66792
66797
66803
66805
66807
66809
66811
66812
66817
66823
66825
66827
66836
66837
66838
66839
66840
66841
66843
66844
66846
66848
66850
66851
66852
66856
66858
66865
66866
66867
66873
66874
66876
66877
66878
66879
66884
66885
66888
66895
66896
66897
66899
66902
66904
66905
66906
66907
66908
66910
66916
66917
66920
66921
66922
66923
66924
66926
66928
66929
66934
66935
66937
66940
66941
66942
66943
66950
66951
66952
66954
66961
66963
66964
66967
66969
66971
66974
66975
66979
66981
66986
66987
66988
66989
66991
66993
66994
66998
67000
67001
67005
67006
67008
67009
67010
67012
67015
67018
67020
67021
67023
67026
67027
67032
67035
67036
67043
67047
67048
67049
67054
67056
67058
67060
67064
67070
67073
67075
67078
67083
67085
67087
67094
67096
67098
67100
67101
67104
67105
67106
67107
67109
67110
67112
67113
67116
67117
67118
67119
67122
67124
67125
67126
67127
67128
67130
67131
67132
67134
67135
67136
67138
67139
67140
67143
67144
67147
67149
67151
67154
67157
67162
67163
67164
67165
67167
67169
67170
67172
67174
67176
67177
67179
67181
67183
67186
67188
67189
67190
67191
67192
67193
67194
67195
67196
67197
67199
67200
67201
67203
67204
67207
67210
67211
67213
67214
67217
67219
67220
67221
67222
67226
67227
67228
67229
67230
67231
67233
67234
67236
67237
67238
67240
67243
67245
67246
67249
67250
67252
67255
67258
67259
67260
67262
67263
67264
67265
67266
67267
67269
67270
67271
67272
67273
67275
67276
67278
67279
67281
67282
67284
67285
67290
67291
67293
67294
67301
67303
67306
67312
67313
67314
67315
67316
67317
67318
67319
67320
67321
67324
67327
67331
67333
67336
67339
67340
67341
67344
67346
67347
67353
67355
67360
67363
67364
67369
67371
67376
67377
67378
67379
67380
67381
67384
67385
67388
67391
67393
67394
67395
67396
67397
67399
67400
67401
67403
67405
67408
67409
67410
67412
67413
67414
67416
67421
67423
67424
67431
67435
67437
67441
67444
67446
67448
67449
67450
67452
67454
67457
67460
67461
67462
67466
67468
67469
67473
67475
67476
67477
67478
67482
67483
67485
67487
67488
67489
67493
67495
67507
67508
67511
67513
67515
67516
67517
67519
67520
67521
67522
67523
67524
67525
67526
67527
67532
67533
67535
67536
67540
67542
67543
67545
67546
67548
67551
67553
67555
67557
67560
67561
67564
67565
67566
67568
67572
67573
67574
67576
67579
67584
67588
67589
67591
67592
67593
67594
67598
67600
67603
67606
67607
67608
67610
67612
67614
67616
67617
67620
67621
67622
67623
67625
67626
67628
67630
67631
67635
67639
67640
67643
67644
67646
67647
67649
67650
67654
67655
67659
67666
67667
67668
67673
67675
67676
67677
67678
67683
67684
67689
67690
67693
67694
67697
67699
67702
67703
67704
67705
67707
67708
67712
67715
67716
67718
67720
67725
67727
67728
67729
67730
67732
67734
67736
67737
67744
67745
67747
67748
67749
67750
67753
67755
67756
67760
67761
67769
67770
67771
67772
67775
67776
67777
67778
67780
67781
67782
67783
67785
67791
67792
67793
67795
67798
67799
67800
67801
67802
67803
67805
67806
67807
67809
67810
67811
67813
67814
67815
67819
67820
67821
67822
67823
67824
67825
67826
67830
67832
67833
67835
67840
67842
67843
67845
67846
67847
67849
67853
67855
67856
67859
67862
67863
67872
67873
67876
67878
67882
67883
67886
67888
67889
67891
67892
67893
67895
67897
67901
67902
67903
67905
67907
67911
67913
67914
67915
67916
67917
67918
67922
67923
67924
67925
67931
67934
67936
67938
67939
67942
67943
67944
67945
67946
67948
67950
67951
67952
67953
67957
67958
67960
67962
67963
67964
67965
67972
67976
67977
67981
67984
67985
67987
67989
67990
67991
67993
67997
67998
67999
68000
68001
68002
68003
68010
68011
68012
68016
68019
68021
68024
68029
68030
68032
68036
68037
68039
68040
68043
68044
68046
68047
68048
68049
68051
68053
68054
68055
68056
68057
68060
68061
68065
68067
68068
68069
68071
68073
68074
68076
68078
68081
68083
68084
68086
68088
68090
68095
68098
68100
68101
68104
68105
68106
68107
68108
68114
68117
68118
68119
68121
68123
68124
68125
68126
68127
68128
68129
68130
68133
68136
68137
68140
68141
68143
68144
68145
68148
68149
68150
68151
68152
68153
68155
68156
68157
68160
68162
68163
68165
68167
68168
68169
68170
68172
68175
68177
68182
68183
68185
68186
68188
68189
68190
68191
68193
68195
68197
68198
68200
68201
68206
68208
68209
68210
68211
68216
68219
68223
68224
68228
68233
68234
68237
68238
68240
68242
68243
68247
68248
68251
68256
68258
68259
68262
68263
68264
68265
68266
68268
68269
68271
68272
68277
68279
68280
68283
68286
68287
68288
68289
68290
68291
68292
68293
68296
68297
68298
68301
68302
68305
68306
68307
68308
68311
68314
68315
68322
68324
68325
68327
68329
68330
68332
68334
68335
68336
68337
68340
68346
68347
68353
68356
68361
68364
68366
68367
68371
68372
68373
68374
68375
68376
68378
68380
68381
68385
68387
68388
68389
68393
68394
68398
68400
68401
68402
68403
68405
68411
68412
68415
68416
68418
68419
68420
68422
68425
68427
68430
68431
68433
68434
68435
68436
68439
68440
68442
68444
68448
68452
68455
68458
68460
68463
68464
68465
68466
68467
68472
68476
68480
68481
68484
68487
68488
68490
68491
68495
68498
68499
68501
68502
68503
68504
68506
68507
68509
68510
68512
68513
68516
68518
68520
68523
68526
68529
68531
68533
68540
68543
68545
68547
68550
68551
68554
68555
68559
68560
68562
68563
68564
68566
68567
68572
68573
68574
68577
68579
68582
68585
68587
68589
68597
68598
68600
68602
68604
68605
68606
68611
68615
68616
68619
68621
68622
68623
68628
68629
68631
68634
68637
68641
68642
68643
68644
68645
68648
68649
68652
68653
68656
68657
68660
68663
68666
68669
68672
68673
68675
68676
68681
68682
68686
68687
68688
68689
68691
68693
68695
68697
68701
68703
68704
68705
68706
68708
68710
68712
68715
68717
68718
68719
68720
68724
68726
68727
68728
68731
68733
68735
68736
68737
68739
68740
68744
68748
68753
68755
68757
68758
68759
68760
68763
68765
68766
68767
68768
68770
68774
68775
68776
68777
68778
68783
68785
68786
68790
68791
68792
68793
68794
68795
68796
68798
68800
68801
68802
68804
68806
68810
68813
68815
68816
68817
68819
68822
68823
68825
68827
68828
68829
68831
68833
68834
68837
68838
68844
68849
68853
68856
68857
68858
68866
68871
68875
68876
68877
68878
68881
68882
68883
68884
68886
68889
68890
68892
68893
68895
68899
68900
68902
68903
68910
68911
68912
68913
68914
68919
68920
68921
68923
68924
68926
68927
68928
68929
68931
68935
68937
68938
68940
68943
68944
68945
68946
68948
68949
68950
68952
68953
68954
68955
68956
68957
68958
68960
68962
68964
68965
68966
68967
68968
68969
68972
68973
68974
68975
68977
68978
68981
68982
68985
68987
68988
68990
68991
68993
68994
68997
68999
69004
69005
69007
69010
69011
69017
69020
69021
69023
69025
69026
69027
69028
69029
69033
69034
69035
69039
69042
69046
69047
69052
69055
69056
69057
69060
69062
69063
69064
69065
69066
69070
69073
69075
69077
69078
69079
69080
69081
69082
69084
69085
69086
69087
69088
69089
69092
69094
69096
69102
69103
69104
69105
69106
69109
69110
69112
69113
69114
69121
69122
69125
69130
69131
69132
69133
69135
69136
69137
69138
69145
69146
69148
69152
69153
69155
69156
69157
69161
69163
69166
69167
69168
69169
69170
69171
69172
69173
69175
69182
69183
69187
69192
69195
69197
69198
69200
69201
69202
69203
69204
69205
69208
69211
69212
69214
69218
69219
69221
69223
69225
69226
69227
69228
69230
69231
69232
69234
69235
69236
69237
69238
69240
69241
69243
69244
69246
69247
69249
69250
69251
69252
69256
69259
69262
69263
69264
69265
69268
69269
69273
69275
69277
69278
69280
69282
69284
69286
69288
69291
69293
69295
69296
69298
69300
69304
69307
69308
69312
69320
69322
69323
69328
69329
69330
69335
69336
69339
69340
69341
69343
69345
69347
69348
69350
69351
69356
69357
69361
69364
69367
69369
69371
69373
69375
69377
69378
69381
69382
69386
69389
69391
69392
69394
69396
69399
69401
69402
69403
69404
69406
69408
69410
69411
69413
69415
69416
69418
69419
69421
69425
69427
69428
69431
69432
69434
69435
69436
69437
69438
69441
69442
69443
69444
69447
69448
69449
69450
69452
69454
69455
69456
69457
69458
69459
69461
69462
69464
69469
69471
69472
69473
69474
69477
69482
69485
69486
69490
69493
69494
69501
69503
69506
69509
69511
69515
69516
69517
69518
69519
69522
69524
69526
69528
69530
69531
69532
69534
69535
69536
69537
69540
69541
69543
69544
69546
69547
69548
69549
69550
69551
69555
69556
69558
69560
69561
69567
69570
69571
69572
69573
69577
69580
69582
69584
69585
69586
69588
69595
69596
69597
69600
69601
69604
69605
69606
69607
69608
69609
69611
69612
69613
69615
69617
69620
69621
69626
69628
69629
69631
69634
69635
69642
69647
69650
69652
69656
69657
69663
69665
69667
69668
69670
69671
69673
69674
69675
69676
69678
69680
69681
69682
69683
69685
69686
69687
69688
69691
69693
69694
69698
69699
69700
69703
69704
69705
69706
69712
69714
69716
69719
69721
69725
69726
69727
69728
69729
69731
69732
69736
69739
69740
69741
69742
69744
69749
69753
69754
69757
69760
69764
69765
69768
69769
69774
69775
69778
69779
69780
69782
69783
69785
69786
69788
69790
69792
69799
69802
69804
69806
69808
69811
69813
69819
69820
69821
69823
69825
69826
69827
69828
69829
69830
69831
69832
69835
69843
69844
69846
69847
69848
69850
69852
69855
69856
69857
69858
69859
69860
69861
69862
69863
69865
69866
69867
69868
69869
69874
69875
69877
69878
69879
69880
69881
69882
69883
69884
69886
69887
69888
69893
69897
69898
69900
69902
69903
69905
69906
69908
69909
69911
69912
69914
69917
69918
69922
69923
69924
69925
69927
69928
69929
69930
69935
69937
69939
69940
69943
69946
69950
69951
69956
69957
69961
69964
69966
69968
69970
69971
69972
69975
69976
69977
69978
69979
69980
69993
69994
69998
69999
70000
70003
70005
70008
70012
70014
70015
70017
70018
70020
70023
70025
70028
70029
70031
70032
70036
70040
70042
70044
70046
70047
70048
70049
70050
70054
70055
70058
70059
70061
70066
70068
70069
70070
70073
70075
70077
70082
70084
70085
70089
70093
70094
70096
70097
70099
70101
70102
70103
70104
70105
70106
70107
70108
70109
70110
70112
70114
70115
70116
70121
70122
70123
70124
70125
70127
70128
70129
70130
70132
70133
70138
70139
70144
70146
70147
70150
70152
70155
70157
70159
70165
70167
70172
70175
70180
70183
70185
70188
70189
70191
70192
70194
70195
70196
70197
70198
70200
70201
70203
70204
70207
70209
70211
70217
70224
70227
70228
70231
70232
70233
70236
70239
70241
70242
70243
70244
70246
70251
70252
70253
70257
70260
70261
70264
70265
70268
70270
70273
70274
70275
70277
70279
70284
70286
70287
70288
70290
70291
70292
70294
70295
70296
70297
70298
70299
70300
70303
70304
70306
70310
70315
70318
70319
70320
70321
70323
70328
70329
70334
70335
70336
70337
70338
70340
70341
70343
70345
70346
70347
70350
70353
70355
70356
70358
70360
70361
70363
70364
70368
70373
70376
70377
70378
70379
70380
70381
70382
70383
70384
70385
70386
70388
70393
70397
70398
70399
70400
70406
70410
70412
70413
70414
70415
70418
70419
70424
70425
70426
70430
70431
70436
70437
70440
70441
70444
70446
70447
70450
70451
70452
70453
70454
70457
70459
70460
70462
70463
70465
70467
70468
70469
70470
70471
70472
70473
70477
70482
70484
70485
70487
70488
70489
70490
70491
70492
70493
70496
70497
70498
70500
70501
70505
70506
70507
70508
70510
70511
70513
70514
70515
70520
70521
70522
70523
70528
70529
70530
70535
70536
70538
70540
70542
70543
70544
70545
70546
70548
70549
70551
70552
70553
70558
70559
70560
70561
70564
70565
70566
70567
70570
70572
70573
70574
70575
70577
70580
70581
70583
70584
70587
70588
70589
70595
70596
70599
70600
70601
70602
70605
70606
70607
70608
70615
70616
70617
70621
70623
70624
70625
70627
70628
70630
70631
70632
70633
70634
70636
70638
70640
70643
70644
70645
70648
70652
70657
70658
70659
70660
70661
70663
70664
70666
70667
70668
70673
70674
70676
70677
70680
70681
70682
70688
70689
70690
70691
70692
70693
70695
70699
70700
70702
70703
70706
70709
70710
70711
70712
70715
70716
70718
70719
70720
70721
70723
70731
70733
70735
70736
70737
70738
70740
70743
70748
70749
70751
70752
70756
70758
70763
70765
70768
70772
70780
70785
70786
70787
70790
70792
70794
70797
70798
70799
70801
70802
70805
70806
70808
70809
70812
70813
70814
70815
70816
70818
70823
70824
70825
70826
70830
70832
70833
70835
70836
70837
70838
70841
70843
70846
70847
70849
70854
70855
70856
70858
70859
70860
70861
70862
70863
70864
70865
70867
70869
70871
70872
70873
70874
70880
70881
70882
70883
70889
70892
70893
70894
70895
70898
70901
70903
70904
70905
70906
70907
70908
70911
70912
70915
70921
70922
70923
70930
70935
70936
70937
70943
70944
70946
70948
70952
70953
70954
70955
70956
70957
70958
70960
70961
70964
70966
70967
70968
70973
70977
70978
70986
70990
70996
70998
70999
71000
71004
71006
71007
71008
71012
71014
71015
71016
71017
71019
71024
71025
71026
71027
71031
71036
71038
71042
71044
71046
71047
71048
71050
71051
71054
71058
71060
71061
71062
71067
71069
71070
71072
71074
71076
71077
71078
71079
71080
71081
71082
71086
71087
71088
71089
71091
71092
71093
71095
71096
71097
71099
71107
71108
71111
71112
71113
71114
71115
71117
71118
71120
71122
71123
71124
71128
71129
71130
71131
71132
71135
71137
71140
71141
71143
71144
71146
71147
71148
71149
71151
71156
71157
71160
71166
71168
71169
71170
71171
71175
71177
71178
71179
71181
71183
71187
71189
71190
71191
71194
71195
71196
71200
71201
71202
71203
71212
71215
71216
71217
71220
71222
71223
71224
71225
71227
71228
71229
71230
71231
71232
71241
71242
71243
71246
71249
71250
71252
71258
71266
71268
71269
71270
71271
71272
71275
71278
71280
71282
71283
71286
71287
71289
71290
71293
71295
71296
71297
71299
71300
71302
71304
71306
71308
71313
71314
71316
71320
71321
71322
71323
71324
71326
71327
71328
71329
71332
71333
71337
71339
71340
71342
71344
71345
71346
71347
71348
71349
71353
71357
71359
71360
71366
71368
71373
71375
71376
71377
71379
71380
71382
71392
71394
71395
71396
71397
71398
71401
71402
71403
71404
71405
71410
71415
71416
71417
71420
71421
71423
71424
71425
71427
71428
71430
71433
71434
71435
71436
71442
71443
71446
71451
71453
71455
71456
71457
71458
71459
71460
71461
71462
71464
71465
71467
71468
71469
71472
71475
71476
71478
71479
71482
71483
71484
71488
71489
71490
71495
71497
71500
71503
71504
71507
71508
71509
71510
71512
71513
71515
71517
71521
71522
71525
71527
71528
71529
71530
71531
71534
71535
71537
71538
71539
71541
71544
71545
71547
71548
71550
71552
71554
71556
71557
71560
71563
71565
71567
71568
71569
71570
71571
71572
71575
71576
71577
71578
71580
71581
71583
71584
71585
71587
71588
71589
71590
71591
71593
71594
71595
71597
71601
71602
71604
71609
71612
71614
71618
71619
71621
71622
71626
71628
71630
71634
71648
71649
71653
71655
71656
71659
71661
71663
71664
71665
71667
71671
71679
71682
71683
71686
71689
71690
71694
71696
71698
71699
71700
71705
71707
71708
71710
71711
71712
71714
71715
71717
71718
71719
71722
71723
71724
71725
71729
71730
71731
71732
71736
71737
71738
71739
71740
71745
71746
71748
71752
71754
71757
71758
71759
71760
71761
71762
71763
71764
71766
71767
71769
71770
71771
71774
71776
71777
71780
71782
71783
71784
71790
71794
71795
71796
71798
71800
71804
71805
71808
71810
71813
71815
71818
71821
71824
71825
71826
71831
71832
71835
71836
71839
71844
71846
71847
71849
71850
71852
71857
71858
71861
71862
71863
71865
71867
71870
71871
71872
71873
71874
71875
71876
71878
71879
71882
71885
71886
71889
71890
71893
71895
71897
71898
71900
71901
71905
71908
71910
71911
71914
71915
71916
71917
71918
71920
71922
71924
71925
71926
71927
71929
71932
71934
71935
71937
71938
71939
71941
71943
71946
71947
71952
71953
71956
71960
71961
71962
71965
71968
71970
71972
71973
71975
71977
71979
71982
71988
71989
71990
71992
71994
71996
71999
72000
72001
72003
72004
72005
72006
72008
72009
72014
72016
72017
72018
72019
72022
72025
72026
72028
72029
72034
72036
72038
72040
72043
72045
72050
72056
72059
72060
72062
72065
72069
72071
72072
72074
72075
72077
72078
72079
72081
72083
72085
72088
72090
72093
72094
72098
72100
72102
72104
72106
72107
72108
72111
72112
72114
72120
72124
72127
72128
72129
72130
72131
72132
72133
72134
72143
72145
72148
72149
72150
72151
72153
72154
72157
72161
72163
72164
72168
72174
72176
72178
72180
72182
72185
72186
72187
72189
72193
72194
72195
72196
72198
72199
72202
72205
72206
72208
72212
72213
72214
72215
72219
72221
72223
72225
72226
72227
72228
72229
72230
72232
72234
72235
72237
72240
72242
72244
72245
72247
72248
72249
72250
72254
72257
72259
72261
72265
72267
72268
72269
72271
72276
72277
72282
72285
72286
72287
72289
72290
72291
72292
72297
72302
72303
72304
72307
72308
72310
72312
72313
72314
72315
72317
72318
72319
72323
72324
72325
72326
72327
72328
72329
72330
72331
72332
72333
72336
72337
72338
72340
72342
72344
72347
72352
72353
72355
72356
72360
72361
72362
72363
72367
72369
72370
72371
72374
72376
72379
72383
72384
72389
72391
72395
72396
72398
72400
72402
72403
72404
72405
72406
72408
72410
72412
72414
72415
72417
72419
72422
72423
72425
72426
72427
72428
72429
72430
72432
72433
72434
72436
72438
72440
72443
72447
72449
72454
72457
72458
72460
72461
72462
72463
72464
72465
72467
72468
72469
72470
72472
72480
72481
72483
72485
72486
72488
72490
72493
72495
72496
72499
72502
72503
72508
72509
72511
72516
72517
72523
72524
72525
72526
72527
72530
72532
72533
72534
72537
72539
72540
72541
72543
72546
72548
72549
72552
72557
72559
72560
72561
72562
72563
72567
72569
72570
72571
72572
72577
72579
72580
72583
72587
72591
72595
72596
72597
72600
72601
72603
72604
72609
72610
72611
72612
72615
72616
72621
72628
72632
72636
72638
72639
72641
72642
72644
72645
72646
72647
72649
72650
72651
72652
72654
72658
72659
72660
72661
72663
72664
72667
72671
72672
72679
72680
72681
72682
72683
72684
72685
72689
72690
72691
72692
72694
72697
72699
72700
72702
72704
72705
72707
72708
72710
72711
72712
72713
72715
72716
72717
72718
72719
72720
72721
72722
72723
72724
72725
72730
72733
72734
72737
72738
72742
72743
72745
72746
72751
72755
72757
72761
72763
72764
72765
72766
72769
72770
72771
72774
72779
72780
72784
72788
72791
72792
72794
72795
72798
72804
72808
72810
72811
72812
72813
72814
72815
72818
72823
72825
72828
72830
72833
72834
72835
72836
72838
72840
72842
72844
72849
72850
72853
72854
72855
72858
72860
72863
72866
72869
72872
72875
72876
72878
72885
72886
72887
72890
72892
72893
72894
72895
72898
72899
72901
72902
72903
72904
72906
72908
72909
72912
72913
72915
72916
72918
72921
72922
72923
72925
72926
72927
72931
72932
72933
72934
72936
72938
72939
72940
72942
72943
72944
72945
72946
72948
72949
72952
72953
72957
72958
72959
72960
72964
72965
72967
72968
72972
72973
72975
72978
72981
72982
72983
72986
72987
72988
72989
72990
72993
72994
72997
72998
73001
73002
73005
73006
73010
73014
73015
73017
73020
73021
73022
73025
73029
73030
73031
73032
73034
73035
73036
73041
73043
73047
73049
73054
73056
73059
73060
73065
73069
73071
73072
73074
73075
73083
73086
73089
73091
73092
73093
73094
73096
73097
73098
73099
73101
73103
73106
73107
73112
73116
73117
73118
73119
73122
73123
73128
73130
73132
73133
73139
73140
73141
73142
73143
73144
73145
73149
73152
73153
73157
73158
73162
73163
73164
73166
73167
73171
73172
73173
73174
73178
73184
73188
73189
73190
73193
73194
73198
73199
73200
73202
73203
73204
73207
73208
73209
73213
73214
73215
73216
73219
73221
73223
73224
73225
73226
73230
73232
73233
73234
73241
73243
73245
73247
73248
73249
73251
73253
73259
73260
73261
73267
73268
73270
73272
73274
73275
73278
73279
73280
73281
73282
73283
73284
73286
73287
73288
73292
73294
73296
73297
73298
73299
73301
73302
73304
73306
73307
73309
73311
73313
73315
73316
73317
73318
73319
73320
73322
73323
73325
73327
73328
73333
73334
73335
73338
73339
73340
73342
73343
73346
73348
73350
73351
73352
73358
73360
73366
73368
73369
73370
73371
73374
73376
73381
73382
73383
73384
73385
73387
73389
73393
73396
73398
73401
73402
73404
73405
73408
73409
73411
73412
73414
73416
73418
73419
73420
73421
73423
73424
73426
73427
73430
73433
73436
73437
73440
73443
73444
73445
73446
73447
73448
73450
73453
73456
73458
73459
73461
73464
73467
73468
73469
73470
73471
73474
73475
73478
73479
73480
73483
73485
73486
73487
73490
73491
73493
73495
73497
73499
73502
73504
73507
73508
73510
73514
73515
73517
73519
73521
73525
73526
73528
73529
73530
73531
73532
73534
73536
73537
73539
73541
73543
73545
73546
73548
73555
73556
73558
73559
73560
73562
73566
73568
73570
73571
73572
73573
73574
73575
73577
73580
73583
73586
73588
73589
73592
73593
73595
73600
73601
73602
73607
73608
73609
73610
73611
73612
73613
73614
73615
73617
73623
73626
73628
73629
73630
73635
73637
73638
73642
73643
73644
73645
73646
73648
73649
73651
73652
73653
73657
73659
73660
73661
73662
73664
73667
73670
73671
73673
73674
73675
73676
73677
73678
73680
73682
73684
73685
73688
73689
73692
73693
73696
73698
73699
73701
73702
73705
73709
73710
73711
73713
73714
73715
73716
73720
73731
73732
73733
73735
73736
73737
73738
73742
73743
73745
73747
73748
73749
73750
73752
73754
73756
73760
73763
73764
73765
73766
73770
73771
73773
73775
73778
73782
73783
73784
73788
73790
73792
73794
73797
73798
73800
73805
73806
73809
73813
73818
73820
73821
73824
73825
73826
73828
73830
73833
73834
73836
73838
73841
73846
73847
73848
73853
73855
73856
73857
73859
73862
73863
73865
73867
73869
73870
73871
73872
73876
73879
73881
73882
73883
73885
73886
73887
73890
73892
73895
73897
73898
73900
73902
73905
73906
73909
73911
73914
73917
73920
73923
73924
73925
73928
73929
73930
73932
73933
73936
73937
73938
73939
73940
73942
73945
73947
73949
73954
73956
73958
73964
73966
73967
73968
73970
73973
73974
73975
73976
73977
73984
73985
73988
73989
73990
73992
73993
73994
73996
73997
73998
74000
74005
74006
74009
74010
74011
74012
74014
74016
74018
74021
74026
74028
74029
74030
74031
74035
74036
74037
74039
74045
74046
74047
74048
74049
74050
74051
74053
74055
74057
74058
74060
74061
74064
74065
74067
74075
74076
74077
74079
74081
74082
74085
74095
74096
74101
74103
74104
74105
74106
74107
74109
74111
74112
74113
74115
74116
74118
74120
74121
74122
74123
74126
74128
74129
74130
74133
74134
74139
74143
74146
74147
74148
74149
74150
74151
74152
74153
74155
74158
74159
74160
74161
74164
74165
74166
74168
74170
74173
74174
74178
74179
74183
74186
74187
74188
74190
74195
74196
74198
74199
74200
74201
74202
74203
74204
74206
74207
74210
74212
74214
74215
74220
74221
74225
74226
74228
74230
74231
74233
74234
74238
74239
74240
74242
74244
74249
74250
74255
74259
74260
74261
74262
74263
74264
74266
74269
74270
74272
74274
74277
74278
74280
74281
74282
74284
74288
74290
74294
74296
74298
74301
74302
74309
74310
74312
74313
74314
74315
74316
74318
74319
74320
74322
74323
74326
74328
74330
74331
74333
74334
74335
74338
74339
74340
74342
74343
74345
74346
74351
74356
74360
74362
74365
74366
74367
74371
74373
74381
74382
74384
74385
74386
74387
74392
74393
74394
74395
74396
74399
74400
74401
74402
74405
74411
74412
74413
74414
74415
74416
74418
74422
74423
74424
74425
74426
74427
74429
74433
74435
74436
74437
74438
74443
74444
74448
74451
74452
74453
74455
74457
74459
74462
74464
74470
74472
74473
74476
74480
74484
74486
74489
74490
74491
74492
74495
74496
74497
74498
74499
74501
74507
74508
74515
74516
74517
74519
74520
74523
74527
74528
74531
74532
74533
74535
74537
74539
74540
74542
74545
74547
74548
74551
74552
74553
74554
74555
74557
74558
74559
74561
74568
74570
74572
74576
74578
74581
74587
74589
74590
74594
74596
74597
74599
74602
74603
74605
74607
74610
74611
74613
74614
74616
74619
74623
74624
74625
74626
74628
74629
74630
74631
74632
74633
74634
74635
74637
74638
74639
74642
74646
74647
74648
74649
74651
74652
74653
74654
74655
74657
74658
74659
74662
74665
74667
74670
74672
74673
74675
74679
74681
74685
74688
74689
74691
74692
74696
74698
74702
74703
74706
74708
74709
74712
74714
74717
74718
74720
74722
74723
74724
74727
74729
74733
74735
74739
74740
74742
74743
74744
74748
74751
74752
74759
74761
74763
74764
74765
74767
74768
74769
74771
74772
74776
74778
74780
74782
74784
74787
74791
74795
74796
74799
74800
74801
74804
74805
74806
74807
74808
74812
74814
74815
74816
74817
74821
74822
74823
74826
74827
74828
74829
74830
74831
74833
74834
74836
74837
74840
74845
74846
74847
74852
74853
74854
74856
74858
74860
74861
74863
74864
74867
74869
74871
74875
74876
74878
74879
74880
74881
74882
74883
74886
74887
74888
74890
74893
74896
74898
74899
74901
74902
74904
74905
74906
74907
74910
74915
74917
74918
74920
74921
74924
74928
74930
74931
74932
74933
74938
74939
74940
74941
74945
74949
74950
74952
74953
74954
74956
74957
74958
74959
74960
74962
74963
74967
74969
74970
74972
74973
74974
74978
74980
74981
74983
74986
74988
74990
74991
74998
75001
75002
75003
75006
75007
75009
75012
75014
75016
75018
75019
75030
75032
75034
75035
75036
75037
75039
75040
75041
75042
75043
75045
75049
75050
75052
75053
75057
75058
75059
75061
75062
75064
75068
75069
75070
75076
75077
75078
75080
75082
75085
75086
75093
75095
75096
75101
75103
75107
75109
75110
75116
75117
75120
75121
75124
75126
75127
75128
75129
75130
75131
75133
75135
75136
75139
75140
75141
75142
75143
75145
75146
75147
75149
75150
75151
75152
75155
75159
75162
75164
75165
75168
75169
75170
75171
75174
75176
75177
75178
75180
75181
75182
75186
75188
75190
75191
75193
75196
75197
75198
75202
75204
75205
75207
75214
75216
75217
75219
75220
75221
75224
75225
75229
75230
75231
75233
75234
75238
75240
75242
75244
75246
75247
75248
75249
75250
75251
75252
75253
75254
75255
75258
75261
75262
75264
75265
75267
75268
75269
75271
75272
75273
75274
75275
75276
75277
75282
75289
75292
75293
75294
75295
75296
75297
75298
75304
75306
75307
75309
75310
75313
75314
75315
75316
75318
75319
75320
75322
75324
75326
75328
75329
75330
75333
75335
75336
75337
75339
75340
75343
75344
75345
75349
75350
75352
75354
75355
75356
75358
75359
75361
75362
75365
75367
75370
75373
75374
75375
75377
75379
75380
75383
75384
75385
75386
75392
75394
75399
75401
75402
75406
75407
75408
75411
75414
75417
75422
75423
75431
75433
75438
75439
75440
75443
75444
75451
75452
75453
75454
75456
75459
75461
75465
75468
75470
75471
75473
75475
75477
75479
75483
75484
75485
75486
75487
75490
75493
75497
75499
75500
75501
75503
75504
75505
75506
75507
75509
75510
75512
75519
75521
75523
75524
75525
75529
75530
75532
75534
75536
75537
75539
75542
75543
75545
75546
75549
75550
75551
75552
75553
75555
75556
75557
75562
75563
75564
75566
75567
75571
75573
75574
75575
75576
75579
75585
75586
75587
75588
75589
75590
75592
75594
75597
75599
75600
75605
75606
75607
75610
75612
75613
75614
75617
75621
75622
75623
75625
75627
75628
75631
75633
75634
75639
75640
75641
75642
75643
75646
75647
75650
75651
75652
75654
75655
75657
75658
75659
75660
75662
75663
75665
75666
75668
75671
75673
75674
75676
75679
75682
75683
75686
75687
75689
75691
75698
75699
75700
75701
75702
75705
75709
75710
75713
75714
75715
75717
75718
75722
75723
75725
75728
75729
75733
75734
75735
75738
75739
75743
75744
75745
75748
75750
75753
75755
75757
75759
75761
75763
75766
75769
75770
75771
75773
75777
75778
75779
75781
75785
75786
75793
75795
75799
75800
75801
75802
75804
75805
75807
75808
75809
75812
75813
75814
75815
75816
75817
75818
75821
75823
75825
75826
75827
75828
75830
75831
75835
75838
75845
75847
75848
75849
75850
75856
75857
75858
75859
75860
75861
75862
75863
75865
75866
75875
75877
75878
75880
75881
75884
75885
75886
75892
75893
75894
75900
75904
75905
75906
75907
75909
75910
75913
75916
75921
75923
75924
75929
75930
75931
75932
75933
75936
75938
75943
75946
75947
75950
75951
75957
75959
75961
75963
75966
75967
75968
75970
75972
75976
75979
75980
75981
75985
75986
75988
75989
75992
75993
75996
75997
75998
76003
76008
76013
76014
76017
76018
76024
76025
76026
76028
76031
76034
76036
76038
76043
76044
76046
76047
76049
76050
76052
76056
76057
76059
76060
76061
76064
76065
76066
76067
76071
76072
76073
76075
76078
76080
76081
76082
76083
76084
76085
76087
76094
76098
76099
76100
76105
76109
76112
76113
76116
76117
76118
76121
76122
76123
76127
76130
76131
76133
76134
76135
76136
76137
76138
76140
76141
76142
76144
76145
76146
76148
76149
76153
76154
76156
76157
76159
76163
76166
76168
76173
76175
76176
76180
76182
76184
76186
76188
76189
76191
76192
76193
76194
76195
76199
76204
76205
76207
76211
76212
76213
76214
76215
76218
76219
76221
76223
76224
76225
76228
76229
76231
76232
76233
76235
76237
76240
76242
76244
76246
76250
76251
76253
76255
76259
76260
76261
76267
76268
76269
76273
76276
76281
76283
76285
76288
76289
76292
76293
76296
76299
76300
76302
76303
76304
76306
76307
76310
76311
76312
76313
76314
76315
76317
76318
76321
76322
76323
76324
76325
76327
76329
76330
76333
76334
76337
76343
76344
76345
76346
76347
76349
76350
76351
76352
76353
76362
76363
76365
76366
76367
76368
76369
76370
76371
76372
76374
76376
76377
76379
76380
76382
76383
76386
76387
76388
76390
76391
76394
76395
76397
76399
76404
76405
76408
76410
76412
76415
76416
76419
76420
76423
76425
76426
76428
76430
76437
76438
76446
76448
76450
76452
76453
76454
76455
76456
76457
76458
76459
76461
76464
76465
76469
76471
76472
76474
76479
76483
76484
76486
76487
76488
76489
76490
76492
76493
76496
76497
76498
76502
76503
76504
76505
76508
76510
76511
76512
76513
76519
76520
76522
76523
76524
76525
76528
76530
76531
76533
76534
76535
76537
76538
76539
76540
76541
76543
76545
76548
76549
76552
76553
76554
76555
76560
76563
76564
76568
76569
76570
76571
76572
76573
76575
76576
76578
76581
76583
76587
76595
76597
76599
76600
76601
76602
76603
76605
76607
76609
76610
76611
76612
76613
76614
76615
76616
76618
76619
76620
76621
76622
76623
76627
76628
76632
76636
76637
76638
76640
76642
76643
76646
76647
76650
76651
76654
76655
76657
76658
76659
76660
76663
76665
76666
76668
76675
76678
76680
76681
76682
76684
76685
76688
76689
76691
76693
76700
76701
76702
76705
76707
76710
76711
76713
76717
76720
76721
76724
76726
76727
76730
76735
76736
76738
76743
76746
76749
76750
76752
76753
76758
76759
76762
76767
76768
76772
76774
76778
76779
76780
76781
76785
76792
76794
76797
76800
76801
76802
76806
76807
76809
76810
76811
76812
76814
76816
76817
76818
76819
76821
76826
76827
76828
76832
76834
76835
76836
76837
76841
76844
76845
76846
76847
76848
76851
76852
76855
76858
76859
76860
76865
76867
76868
76869
76870
76871
76872
76873
76877
76879
76883
76886
76888
76892
76896
76897
76900
76901
76903
76904
76908
76910
76912
76916
76917
76919
76921
76922
76923
76924
76927
76930
76935
76936
76937
76938
76940
76943
76947
76949
76951
76952
76955
76956
76957
76958
76961
76962
76963
76965
76967
76968
76971
76972
76973
76974
76975
76976
76979
76983
76984
76985
76986
76988
76990
76992
76993
76994
76995
76996
77000
77003
77005
77006
77007
77009
77010
77014
77017
77018
77019
77022
77027
77030
77031
77032
77033
77034
77035
77036
77037
77042
77044
77045
77047
77049
77052
77054
77059
77061
77062
77065
77069
77071
77072
77073
77075
77076
77077
77079
77081
77082
77083
77084
77085
77086
77091
77093
77094
77096
77099
77100
77101
77102
77103
77105
77106
77107
77108
77109
77110
77111
77113
77115
77122
77123
77124
77128
77129
77131
77133
77135
77138
77139
77140
77142
77144
77147
77148
77149
77150
77155
77156
77162
77167
77168
77170
77172
77173
77176
77178
77179
77180
77181
77182
77183
77184
77186
77191
77194
77195
77196
77197
77200
77201
77204
77205
77206
77208
77209
77214
77216
77217
77218
77221
77226
77227
77234
77235
77236
77237
77239
77241
77247
77248
77249
77252
77253
77254
77255
77256
77259
77262
77263
77266
77267
77268
77269
77270
77272
77274
77275
77276
77281
77283
77287
77289
77291
77295
77296
77297
77298
77299
77300
77301
77304
77307
77310
77313
77315
77319
77321
77323
77324
77325
77326
77327
77329
77333
77334
77336
77337
77338
77339
77344
77348
77352
77355
77360
77361
77362
77364
77365
77366
77367
77368
77369
77371
77372
77375
77377
77378
77379
77385
77386
77389
77391
77392
77396
77397
77398
77399
77400
77402
77403
77404
77405
77407
77408
77410
77411
77413
77414
77415
77416
77417
77418
77425
77428
77429
77430
77439
77441
77442
77444
77448
77449
77450
77453
77454
77458
77460
77461
77462
77463
77465
77466
77473
77474
77475
77476
77480
77482
77483
77484
77485
77487
77493
77498
77499
77500
77502
77503
77504
77506
77507
77512
77514
77515
77518
77523
77525
77526
77527
77528
77529
77531
77533
77535
77537
77538
77540
77542
77544
77545
77546
77547
77548
77550
77552
77553
77554
77556
77559
77560
77562
77564
77565
77571
77575
77577
77579
77580
77582
77588
77589
77590
77591
77596
77597
77598
77600
77602
77603
77604
77605
77608
77611
77613
77615
77616
77617
77618
77622
77625
77627
77628
77629
77630
77631
77633
77636
77637
77646
77647
77648
77649
77650
77653
77656
77657
77660
77661
77663
77664
77665
77666
77669
77671
77673
77674
77679
77680
77684
77685
77686
77687
77688
77689
77690
77694
77695
77699
77701
77704
77707
77708
77709
77710
77712
77713
77716
77717
77723
77727
77729
77730
77731
77735
77737
77738
77740
77741
77742
77743
77744
77749
77752
77754
77755
77756
77757
77758
77759
77760
77762
77764
77765
77770
77773
77775
77776
77777
77778
77779
77780
77781
77782
77784
77786
77787
77788
77789
77792
77795
77797
77799
77800
77802
77803
77804
77805
77807
77808
77809
77812
77814
77822
77823
77824
77826
77829
77830
77833
77834
77836
77837
77841
77843
77844
77845
77846
77847
77848
77851
77853
77854
77857
77859
77860
77861
77863
77865
77866
77867
77870
77879
77885
77886
77891
77896
77898
77900
77901
77905
77906
77908
77909
77912
77918
77919
77920
77921
77926
77927
77928
77930
77931
77933
77934
77935
77936
77937
77938
77939
77944
77945
77947
77949
77951
77955
77956
77960
77962
77964
77965
77966
77972
77974
77975
77976
77977
77985
77988
77990
77991
77992
77994
77995
77999
78000
78001
78002
78003
78004
78005
78006
78007
78008
78009
78010
78012
78014
78015
78019
78020
78022
78026
78027
78028
78029
78037
78038
78040
78041
78044
78046
78050
78051
78052
78053
78055
78058
78061
78069
78072
78074
78076
78080
78081
78082
78083
78084
78086
78087
78089
78090
78091
78094
78095
78097
78098
78099
78105
78108
78109
78110
78112
78114
78115
78117
78119
78121
78123
78124
78127
78128
78135
78136
78138
78139
78140
78142
78143
78144
78146
78147
78149
78150
78154
78155
78157
78159
78160
78162
78165
78166
78167
78168
78170
78171
78173
78177
78179
78183
78184
78186
78188
78192
78195
78197
78201
78202
78204
78205
78208
78210
78211
78213
78214
78215
78219
78223
78226
78228
78232
78235
78236
78240
78242
78244
78245
78246
78250
78255
78257
78259
78262
78263
78264
78265
78267
78268
78271
78273
78275
78277
78278
78282
78284
78285
78286
78287
78288
78290
78293
78297
78298
78299
78300
78309
78311
78312
78313
78314
78315
78317
78320
78322
78327
78328
78329
78331
78336
78340
78341
78343
78347
78349
78350
78351
78352
78355
78357
78358
78360
78361
78362
78367
78369
78370
78373
78374
78375
78376
78377
78379
78380
78381
78383
78385
78387
78390
78394
78396
78401
78405
78407
78409
78410
78411
78412
78413
78414
78416
78417
78418
78422
78429
78430
78431
78432
78434
78435
78436
78437
78438
78439
78442
78443
78445
78447
78448
78451
78453
78456
78458
78459
78461
78462
78463
78464
78467
78468
78469
78471
78472
78473
78474
78476
78480
78481
78483
78484
78486
78487
78489
78490
78494
78498
78500
78502
78503
78504
78505
78508
78509
78510
78512
78515
78517
78519
78522
78523
78531
78532
78533
78534
78535
78536
78540
78542
78543
78549
78552
78554
78555
78556
78557
78558
78559
78562
78565
78566
78568
78570
78571
78572
78573
78574
78575
78576
78577
78579
78583
78584
78585
78586
78587
78588
78596
78598
78601
78602
78604
78605
78606
78607
78611
78612
78613
78617
78618
78620
78621
78622
78623
78624
78625
78629
78630
78631
78632
78633
78634
78636
78637
78638
78642
78644
78647
78648
78649
78650
78652
78653
78656
78657
78658
78659
78660
78662
78663
78664
78665
78666
78667
78668
78672
78683
78687
78688
78692
78693
78694
78696
78700
78704
78705
78708
78711
78712
78713
78715
78716
78720
78723
78726
78728
78729
78733
78736
78738
78739
78740
78741
78743
78744
78746
78747
78749
78751
78757
78760
78763
78764
78765
78766
78767
78770
78771
78774
78776
78777
78778
78780
78782
78784
78786
78788
78789
78791
78792
78794
78796
78798
78801
78802
78803
78811
78814
78815
78816
78818
78821
78822
78824
78825
78826
78827
78828
78833
78834
78835
78839
78841
78842
78845
78846
78847
78849
78850
78852
78854
78856
78859
78861
78863
78864
78866
78867
78868
78869
78871
78872
78873
78874
78878
78879
78880
78882
78885
78887
78890
78891
78892
78896
78898
78901
78903
78905
78906
78907
78909
78912
78913
78915
78921
78923
78924
78927
78928
78933
78937
78939
78942
78947
78948
78952
78953
78954
78958
78959
78960
78961
78964
78965
78966
78969
78970
78971
78974
78975
78982
78983
78985
78989
78992
78994
78999
79000
79002
79004
79006
79007
79009
79011
79012
79014
79016
79018
79020
79021
79022
79023
79024
79025
79026
79027
79028
79029
79030
79031
79033
79036
79039
79040
79041
79042
79044
79047
79053
79055
79057
79059
79060
79062
79064
79066
79068
79069
79070
79074
79078
79079
79081
79082
79084
79085
79088
79091
79094
79095
79099
79104
79105
79109
79111
79112
79114
79115
79116
79117
79118
79122
79125
79126
79128
79129
79130
79131
79132
79133
79134
79135
79138
79139
79146
79147
79150
79152
79155
79157
79158
79162
79164
79165
79168
79171
79173
79175
79177
79178
79179
79181
79183
79184
79187
79189
79190
79192
79193
79195
79200
79201
79204
79205
79207
79208
79210
79212
79213
79215
79217
79219
79220
79222
79224
79225
79226
79227
79230
79233
79235
79236
79237
79239
79240
79241
79242
79244
79249
79251
79252
79253
79254
79261
79265
79269
79272
79273
79275
79277
79278
79279
79280
79281
79287
79288
79290
79291
79292
79295
79298
79301
79302
79306
79311
79312
79316
79318
79319
79321
79325
79326
79328
79330
79331
79333
79335
79336
79338
79341
79344
79346
79348
79349
79351
79353
79356
79359
79360
79361
79363
79368
79369
79379
79380
79381
79383
79384
79385
79388
79390
79392
79397
79400
79401
79402
79409
79410
79411
79413
79414
79415
79417
79419
79422
79425
79429
79435
79436
79437
79438
79439
79441
79444
79446
79447
79448
79449
79450
79451
79453
79455
79456
79459
79461
79462
79463
79464
79465
79467
79468
79471
79472
79473
79475
79478
79479
79482
79484
79485
79486
79488
79490
79495
79496
79497
79498
79500
79501
79503
79504
79505
79509
79511
79512
79513
79517
79518
79519
79520
79522
79525
79527
79529
79530
79532
79533
79537
79539
79540
79547
79548
79549
79550
79552
79553
79555
79556
79557
79558
79559
79561
79562
79563
79564
79567
79569
79570
79574
79575
79577
79580
79581
79582
79584
79587
79588
79590
79593
79594
79595
79598
79599
79601
79605
79606
79607
79613
79615
79616
79622
79626
79628
79633
79634
79635
79638
79640
79641
79644
79645
79648
79649
79650
79652
79659
79661
79662
79664
79666
79667
79668
79669
79671
79673
79677
79678
79679
79680
79683
79685
79686
79687
79689
79691
79694
79695
79698
79699
79700
79702
79703
79704
79705
79707
79709
79710
79711
79712
79713
79714
79718
79720
79726
79727
79729
79730
79736
79737
79739
79740
79742
79745
79748
79749
79751
79752
79758
79763
79767
79768
79769
79770
79771
79773
79775
79776
79779
79780
79783
79786
79793
79794
79795
79796
79803
79804
79809
79812
79813
79825
79827
79828
79829
79833
79834
79835
79836
79842
79843
79845
79846
79848
79850
79852
79856
79857
79858
79860
79861
79862
79864
79866
79867
79868
79869
79871
79874
79877
79878
79880
79882
79884
79885
79887
79888
79889
79891
79893
79894
79895
79900
79903
79904
79906
79908
79911
79912
79913
79914
79916
79917
79919
79921
79922
79925
79926
79928
79929
79935
79936
79938
79939
79942
79944
79945
79946
79950
79953
79954
79955
79956
79958
79961
79962
79963
79964
79965
79966
79967
79972
79975
79976
79978
79980
79981
79982
79984
79987
79989
79990
79992
79993
79995
79996
79997
79999
80000
80005
80009
80010
80012
80016
80017
80018
80019
80020
80022
80023
80024
80027
80028
80030
80032
80034
80035
80037
80040
80042
80044
80045
80046
80048
80050
80054
80055
80058
80063
80068
80069
80073
80074
80075
80077
80079
80080
80082
80083
80084
80085
80088
80089
80090
80092
80095
80096
80097
80098
80101
80103
80107
80108
80109
80110
80113
80115
80116
80118
80119
80120
80121
80123
80124
80126
80129
80130
80132
80134
80138
80140
80142
80145
80146
80147
80152
80154
80155
80156
80157
80158
80160
80162
80164
80167
80168
80169
80173
80175
80177
80179
80180
80182
80183
80185
80187
80188
80190
80192
80195
80196
80197
80198
80201
80206
80209
80210
80211
80212
80213
80214
80216
80217
80221
80222
80224
80226
80228
80229
80231
80232
80234
80239
80241
80244
80246
80247
80254
80257
80260
80261
80263
80264
80266
80269
80270
80271
80275
80277
80278
80282
80283
80284
80285
80287
80289
80291
80296
80297
80299
80300
80301
80302
80305
80306
80307
80311
80313
80315
80320
80321
80324
80326
80328
80329
80333
80334
80337
80338
80339
80340
80341
80345
80346
80347
80348
80350
80353
80357
80358
80362
80363
80364
80365
80366
80367
80369
80370
80371
80375
80379
80381
80382
80383
80385
80386
80387
80388
80391
80393
80394
80397
80398
80402
80403
80405
80407
80408
80409
80410
80412
80416
80419
80420
80422
80423
80425
80427
80428
80434
80436
80441
80443
80444
80445
80447
80449
80454
80460
80462
80463
80466
80467
80469
80470
80473
80475
80476
80483
80485
80486
80488
80489
80490
80491
80492
80494
80496
80500
80502
80506
80507
80508
80512
80515
80517
80518
80519
80520
80521
80522
80523
80525
80528
80531
80532
80533
80534
80536
80544
80546
80547
80548
80549
80553
80554
80555
80556
80558
80561
80563
80565
80566
80567
80568
80570
80571
80572
80573
80576
80578
80579
80580
80581
80582
80583
80587
80590
80591
80592
80594
80595
80596
80599
80601
80603
80604
80606
80608
80609
80612
80613
80622
80623
80624
80625
80632
80633
80635
80638
80641
80643
80649
80650
80653
80654
80655
80658
80660
80662
80669
80672
80673
80674
80676
80677
80678
80680
80681
80682
80686
80687
80689
80691
80694
80697
80699
80703
80707
80708
80710
80711
80713
80714
80715
80716
80719
80720
80721
80723
80726
80729
80730
80733
80735
80736
80739
80740
80741
80742
80744
80746
80747
80748
80752
80754
80755
80756
80759
80761
80764
80767
80769
80771
80775
80779
80781
80784
80788
80793
80795
80796
80797
80798
80803
80805
80809
80813
80815
80817
80818
80821
80822
80823
80824
80829
80830
80832
80833
80834
80835
80836
80837
80838
80844
80845
80846
80849
80850
80851
80852
80857
80858
80859
80861
80864
80865
80866
80868
80869
80874
80875
80877
80880
80881
80882
80883
80884
80885
80889
80890
80891
80892
80893
80897
80898
80899
80900
80905
80907
80908
80910
80911
80912
80914
80920
80921
80922
80923
80928
80929
80935
80938
80939
80941
80943
80945
80946
80947
80949
80950
80954
80957
80958
80959
80960
80961
80962
80963
80964
80967
80971
80973
80975
80977
80979
80980
80982
80983
80984
80985
80987
80990
80992
80993
80994
80996
80998
81001
81004
81008
81010
81012
81013
81014
81016
81017
81019
81021
81022
81024
81025
81026
81027
81028
81029
81033
81034
81036
81040
81045
81049
81050
81051
81053
81056
81057
81058
81059
81060
81061
81062
81063
81064
81065
81071
81072
81073
81075
81076
81077
81078
81079
81080
81082
81083
81084
81087
81091
81093
81094
81095
81100
81101
81103
81108
81113
81122
81125
81127
81128
81129
81130
81131
81133
81135
81137
81138
81143
81145
81146
81147
81148
81149
81150
81151
81152
81153
81154
81157
81160
81163
81165
81166
81167
81171
81172
81173
81180
81183
81184
81186
81187
81188
81189
81190
81191
81192
81194
81195
81200
81201
81202
81208
81211
81214
81215
81217
81221
81223
81225
81226
81228
81229
81230
81231
81235
81236
81239
81240
81241
81244
81247
81249
81250
81251
81253
81254
81255
81256
81257
81260
81262
81263
81264
81265
81269
81272
81273
81274
81276
81278
81279
81280
81281
81283
81286
81289
81290
81294
81295
81298
81299
81300
81306
81307
81309
81311
81313
81316
81318
81319
81323
81325
81326
81328
81329
81330
81334
81338
81339
81343
81345
81349
81351
81354
81355
81359
81361
81362
81363
81364
81366
81368
81372
81375
81378
81380
81381
81382
81386
81387
81388
81393
81394
81399
81401
81402
81403
81404
81408
81409
81410
81411
81412
81417
81421
81422
81426
81427
81428
81429
81430
81431
81432
81438
81439
81443
81444
81447
81448
81449
81450
81453
81454
81455
81458
81459
81460
81462
81467
81469
81470
81472
81473
81474
81480
81481
81482
81486
81487
81489
81491
81492
81495
81496
81498
81499
81502
81508
81510
81512
81513
81514
81517
81518
81522
81523
81528
81529
81530
81531
81532
81537
81538
81539
81540
81541
81546
81551
81552
81554
81555
81556
81563
81564
81566
81567
81569
81574
81577
81578
81579
81581
81583
81585
81587
81589
81590
81591
81593
81594
81595
81596
81597
81599
81604
81605
81607
81613
81614
81619
81620
81621
81622
81623
81626
81628
81629
81631
81632
81633
81634
81635
81636
81637
81639
81640
81641
81643
81644
81645
81650
81651
81654
81655
81656
81663
81665
81667
81669
81673
81674
81675
81677
81678
81679
81682
81685
81686
81689
81690
81693
81696
81703
81704
81705
81706
81707
81709
81710
81713
81714
81716
81717
81719
81720
81721
81723
81724
81725
81727
81728
81729
81731
81734
81735
81737
81738
81740
81746
81748
81749
81750
81751
81752
81753
81755
81762
81763
81766
81767
81768
81769
81770
81772
81775
81776
81777
81778
81779
81780
81782
81786
81787
81789
81790
81791
81792
81794
81795
81796
81797
81799
81800
81801
81804
81807
81808
81812
81817
81818
81819
81820
81825
81829
81833
81834
81839
81842
81843
81845
81850
81852
81854
81856
81857
81859
81860
81861
81863
81864
81865
81866
81867
81870
81875
81876
81877
81881
81882
81883
81884
81887
81890
81891
81892
81894
81896
81900
81901
81902
81904
81907
81908
81911
81915
81918
81921
81922
81923
81926
81927
81928
81929
81933
81934
81936
81937
81938
81943
81944
81946
81947
81948
81951
81952
81956
81960
81963
81965
81966
81967
81969
81970
81972
81975
81977
81978
81980
81982
81985
81987
81992
81993
81996
81997
81999
82000
82001
82002
82003
82004
82005
82006
82007
82008
82013
82016
82018
82021
82022
82023
82024
82026
82029
82031
82032
82034
82035
82036
82046
82047
82049
82051
82052
82053
82055
82059
82060
82061
82065
82066
82069
82070
82073
82074
82075
82076
82077
82081
82082
82083
82089
82090
82095
82099
82102
82103
82104
82105
82107
82109
82113
82115
82118
82120
82123
82124
82125
82127
82133
82138
82139
82144
82149
82150
82151
82152
82153
82154
82155
82156
82158
82159
82161
82162
82163
82164
82167
82168
82170
82173
82181
82182
82185
82186
82188
82190
82194
82197
82198
82199
82200
82205
82207
82208
82210
82211
82215
82216
82217
82221
82223
82224
82225
82226
82229
82235
82236
82239
82244
82245
82248
82249
82251
82253
82254
82256
82258
82259
82260
82263
82266
82267
82268
82269
82270
82271
82272
82274
82278
82286
82287
82292
82296
82297
82304
82305
82307
82310
82311
82312
82313
82317
82318
82319
82320
82321
82322
82324
82326
82328
82329
82332
82333
82334
82335
82336
82337
82338
82339
82341
82342
82343
82346
82348
82349
82351
82352
82353
82358
82361
82362
82363
82365
82366
82367
82368
82370
82371
82372
82373
82375
82376
82377
82379
82381
82382
82384
82385
82386
82388
82391
82394
82397
82400
82401
82404
82407
82412
82416
82418
82420
82421
82422
82427
82428
82431
82433
82434
82435
82437
82438
82439
82442
82444
82447
82450
82454
82455
82458
82460
82463
82464
82465
82467
82468
82469
82470
82472
82475
82476
82479
82480
82482
82483
82484
82485
82486
82487
82489
82490
82491
82494
82495
82497
82498
82501
82502
82503
82509
82513
82515
82516
82518
82520
82522
82523
82527
82535
82536
82538
82544
82545
82547
82549
82554
82557
82559
82560
82561
82564
82565
82567
82568
82570
82571
82572
82573
82577
82579
82580
82587
82597
82599
82600
82601
82602
82603
82605
82609
82611
82612
82618
82619
82620
82622
82623
82626
82627
82628
82629
82632
82634
82636
82637
82638
82639
82641
82643
82644
82645
82646
82647
82648
82649
82650
82652
82653
82658
82661
82664
82665
82666
82667
82668
82669
82673
82674
82675
82676
82677
82679
82680
82682
82684
82686
82689
82691
82692
82693
82694
82698
82701
82703
82707
82708
82710
82711
82713
82714
82720
82721
82722
82723
82726
82730
82732
82733
82735
82737
82738
82742
82743
82745
82746
82747
82748
82750
82752
82753
82755
82756
82758
82759
82761
82763
82765
82766
82767
82768
82769
82771
82773
82775
82776
82778
82782
82785
82786
82787
82788
82789
82790
82793
82795
82796
82798
82800
82801
82803
82804
82806
82807
82810
82812
82813
82814
82816
82818
82819
82826
82827
82828
82829
82830
82831
82832
82833
82835
82839
82842
82843
82844
82847
82849
82850
82852
82855
82859
82863
82865
82867
82869
82871
82874
82875
82876
82877
82885
82886
82888
82889
82890
82893
82894
82896
82897
82898
82902
82905
82907
82910
82911
82914
82915
82916
82917
82918
82921
82924
82925
82927
82928
82929
82930
82932
82934
82936
82942
82944
82946
82947
82950
82951
82952
82953
82954
82956
82957
82959
82961
82962
82966
82969
82976
82979
82980
82981
82984
82987
82990
82991
82992
82994
82998
82999
83001
83002
83003
83007
83009
83010
83011
83012
83017
83019
83021
83024
83025
83028
83029
83030
83033
83036
83037
83038
83039
83041
83042
83044
83046
83048
83049
83051
83052
83053
83054
83059
83060
83062
83067
83068
83069
83072
83075
83076
83077
83081
83086
83090
83093
83094
83097
83098
83102
83104
83105
83106
83107
83109
83110
83112
83114
83117
83120
83121
83122
83123
83124
83129
83133
83134
83138
83139
83140
83141
83142
83146
83148
83149
83153
83154
83155
83156
83158
83160
83163
83164
83166
83167
83168
83169
83177
83178
83179
83181
83182
83183
83184
83187
83188
83189
83190
83192
83193
83194
83195
83201
83202
83203
83204
83205
83206
83207
83208
83210
83215
83216
83217
83218
83224
83230
83231
83234
83235
83236
83237
83238
83247
83248
83250
83253
83255
83256
83259
83260
83262
83263
83270
83272
83274
83275
83277
83278
83283
83284
83285
83286
83290
83293
83294
83296
83297
83298
83300
83301
83302
83303
83304
83309
83311
83312
83313
83314
83317
83319
83320
83321
83322
83324
83325
83326
83329
83331
83336
83337
83338
83341
83344
83348
83351
83354
83355
83356
83359
83362
83363
83365
83368
83369
83372
83373
83375
83378
83380
83381
83383
83385
83386
83390
83400
83401
83402
83403
83404
83405
83407
83408
83409
83410
83411
83414
83415
83416
83424
83425
83426
83427
83429
83432
83433
83435
83436
83437
83438
83439
83440
83441
83445
83446
83447
83448
83449
83450
83451
83453
83455
83456
83457
83460
83461
83464
83465
83466
83468
83469
83472
83475
83477
83478
83480
83482
83492
83493
83495
83499
83500
83502
83512
83514
83517
83520
83524
83525
83526
83530
83532
83533
83534
83536
83537
83538
83540
83541
83545
83546
83555
83556
83557
83559
83560
83561
83562
83563
83564
83565
83566
83567
83569
83570
83572
83573
83574
83575
83576
83579
83581
83582
83585
83586
83587
83589
83591
83592
83595
83596
83597
83600
83601
83605
83608
83613
83615
83616
83619
83620
83621
83622
83624
83625
83626
83629
83630
83631
83632
83635
83636
83637
83638
83639
83640
83642
83643
83644
83645
83646
83647
83649
83651
83653
83654
83655
83664
83665
83667
83668
83671
83672
83674
83675
83676
83680
83683
83686
83690
83692
83693
83697
83701
83702
83704
83706
83708
83709
83712
83713
83714
83715
83717
83722
83724
83727
83730
83732
83733
83735
83736
83737
83741
83746
83748
83750
83754
83755
83757
83758
83761
83763
83766
83767
83768
83769
83776
83782
83784
83786
83787
83788
83791
83793
83794
83800
83801
83802
83804
83806
83807
83808
83813
83814
83820
83821
83825
83828
83829
83830
83832
83833
83834
83836
83839
83840
83843
83844
83846
83849
83852
83853
83854
83855
83856
83860
83863
83865
83866
83867
83868
83869
83871
83872
83873
83877
83878
83881
83883
83884
83885
83887
83888
83892
83893
83897
83899
83900
83902
83908
83909
83911
83912
83915
83917
83921
83922
83923
83924
83925
83926
83927
83932
83933
83935
83938
83940
83944
83945
83946
83948
83949
83952
83953
83954
83956
83957
83958
83961
83962
83963
83965
83966
83967
83969
83970
83974
83975
83977
83978
83982
83983
83987
83990
83991
83992
83993
83994
83998
83999
84000
84005
84008
84009
84010
84011
84012
84013
84014
84016
84017
84018
84019
84020
84022
84023
84033
84034
84035
84036
84039
84041
84042
84046
84048
84049
84050
84052
84053
84054
84060
84065
84066
84067
84071
84074
84075
84078
84079
84089
84091
84093
84094
84096
84099
84100
84101
84102
84105
84110
84113
84114
84115
84118
84121
84122
84123
84128
84129
84133
84134
84135
84136
84139
84140
84144
84147
84148
84152
84157
84158
84162
84164
84165
84166
84168
84169
84170
84172
84173
84174
84179
84180
84184
84185
84188
84189
84190
84191
84194
84195
84198
84202
84203
84206
84208
84210
84211
84213
84214
84217
84221
84222
84224
84225
84226
84227
84228
84230
84231
84233
84234
84235
84236
84239
84240
84242
84245
84246
84247
84248
84250
84251
84252
84254
84257
84260
84261
84262
84266
84267
84269
84270
84271
84272
84273
84274
84276
84277
84279
84280
84281
84282
84284
84286
84287
84292
84299
84300
84301
84302
84304
84305
84307
84308
84311
84312
84314
84316
84319
84320
84321
84324
84325
84327
84329
84330
84334
84335
84336
84337
84338
84340
84342
84344
84350
84358
84360
84363
84365
84367
84370
84371
84374
84375
84377
84379
84380
84382
84383
84385
84386
84388
84389
84390
84393
84394
84397
84399
84400
84402
84405
84406
84407
84415
84417
84421
84423
84424
84425
84429
84430
84433
84435
84437
84440
84441
84443
84444
84447
84451
84452
84453
84455
84457
84459
84460
84463
84465
84466
84467
84469
84470
84471
84473
84474
84478
84479
84480
84482
84483
84486
84487
84488
84493
84494
84495
84496
84497
84498
84500
84502
84505
84506
84507
84509
84510
84512
84514
84518
84522
84523
84525
84526
84528
84530
84532
84534
84535
84538
84539
84540
84541
84543
84544
84545
84549
84552
84553
84555
84556
84558
84559
84560
84564
84565
84566
84567
84568
84569
84570
84572
84575
84576
84578
84580
84583
84585
84586
84590
84591
84592
84593
84594
84595
84596
84599
84602
84604
84606
84607
84608
84609
84614
84617
84619
84621
84622
84629
84630
84633
84634
84637
84638
84639
84641
84642
84643
84644
84645
84648
84656
84658
84660
84662
84664
84665
84667
84668
84669
84673
84674
84676
84679
84680
84681
84684
84687
84689
84690
84691
84693
84700
84701
84702
84703
84704
84705
84707
84710
84712
84717
84719
84723
84724
84725
84726
84727
84729
84731
84732
84733
84734
84735
84737
84738
84739
84745
84746
84747
84748
84749
84756
84757
84759
84762
84763
84767
84768
84769
84770
84771
84778
84781
84783
84784
84788
84790
84792
84793
84794
84799
84800
84801
84803
84804
84806
84807
84808
84809
84810
84811
84814
84816
84817
84820
84829
84830
84835
84837
84838
84839
84843
84847
84849
84853
84854
84855
84856
84857
84858
84859
84861
84863
84864
84866
84868
84869
84872
84873
84875
84878
84879
84880
84882
84887
84888
84892
84893
84896
84898
84899
84902
84904
84905
84907
84911
84912
84913
84915
84916
84917
84919
84922
84923
84926
84930
84931
84932
84933
84935
84936
84939
84940
84943
84949
84951
84952
84954
84959
84960
84961
84964
84966
84967
84969
84972
84975
84977
84981
84982
84985
84988
84989
84990
84991
84993
84994
84997
84999
85000
85001
85002
85004
85008
85011
85012
85014
85018
85019
85021
85022
85023
85024
85025
85026
85027
85029
85033
85034
85042
85043
85048
85050
85051
85052
85058
85059
85061
85062
85063
85064
85065
85066
85069
85070
85071
85072
85073
85074
85078
85080
85081
85084
85087
85088
85089
85092
85093
85098
85099
85100
85101
85102
85103
85105
85106
85108
85109
85112
85114
85115
85116
85118
85119
85121
85122
85127
85128
85130
85132
85135
85142
85143
85145
85146
85147
85149
85152
85157
85160
85164
85165
85168
85169
85170
85173
85174
85175
85177
85181
85184
85185
85186
85187
85189
85192
85196
85197
85202
85205
85208
85209
85211
85212
85213
85214
85215
85217
85221
85222
85223
85224
85225
85226
85227
85228
85231
85232
85234
85236
85238
85239
85245
85247
85256
85260
85265
85266
85273
85275
85280
85281
85283
85284
85285
85287
85288
85289
85290
85291
85295
85297
85298
85299
85300
85301
85304
85305
85307
85308
85309
85310
85313
85314
85316
85317
85325
85326
85327
85328
85329
85331
85332
85333
85334
85337
85338
85339
85341
85343
85344
85345
85347
85352
85356
85357
85358
85359
85360
85362
85365
85366
85367
85373
85375
85376
85380
85381
85382
85383
85385
85387
85391
85393
85395
85398
85399
85402
85403
85404
85405
85407
85409
85413
85414
85419
85420
85421
85422
85424
85426
85429
85434
85435
85437
85438
85439
85440
85443
85444
85445
85449
85450
85451
85453
85454
85455
85460
85461
85464
85465
85466
85470
85471
85472
85473
85475
85479
85481
85482
85483
85485
85489
85491
85492
85494
85497
85498
85499
85501
85502
85504
85505
85506
85510
85511
85515
85516
85517
85518
85519
85521
85523
85525
85528
85529
85531
85537
85538
85539
85540
85542
85547
85548
85549
85550
85551
85554
85555
85556
85559
85560
85561
85563
85565
85567
85569
85570
85574
85575
85576
85579
85580
85581
85583
85584
85585
85588
85596
85598
85601
85603
85604
85605
85606
85608
85609
85611
85612
85613
85615
85616
85617
85618
85619
85620
85621
85624
85626
85627
85628
85630
85631
85632
85633
85634
85635
85636
85637
85638
85640
85642
85650
85651
85655
85657
85662
85664
85666
85667
85670
85671
85672
85673
85675
85677
85678
85682
85685
85689
85691
85694
85695
85697
85699
85702
85705
85706
85707
85709
85710
85711
85712
85714
85715
85719
85720
85723
85726
85732
85735
85736
85737
85738
85741
85743
85744
85745
85750
85754
85756
85757
85761
85762
85763
85764
85765
85768
85769
85771
85773
85775
85778
85783
85784
85785
85786
85789
85790
85794
85795
85797
85799
85801
85802
85803
85805
85808
85809
85810
85811
85813
85814
85816
85818
85819
85821
85822
85823
85826
85827
85830
85831
85832
85838
85841
85842
85843
85844
85846
85850
85851
85852
85857
85863
85864
85865
85866
85869
85873
85875
85877
85880
85887
85889
85893
85896
85897
85899
85900
85901
85905
85906
85915
85918
85919
85920
85922
85923
85925
85927
85930
85931
85933
85934
85935
85936
85938
85939
85944
85945
85948
85949
85954
85955
85956
85957
85960
85961
85966
85967
85969
85972
85973
85974
85976
85978
85980
85983
85984
85985
85987
85988
85989
85990
85991
85993
85996
85997
86001
86002
86005
86006
86008
86011
86012
86015
86016
86017
86019
86021
86022
86023
86026
86028
86030
86031
86036
86038
86040
86042
86044
86045
86047
86049
86051
86052
86053
86054
86055
86056
86057
86058
86059
86064
86065
86069
86070
86073
86074
86076
86077
86078
86080
86083
86089
86090
86091
86092
86093
86098
86099
86102
86105
86106
86109
86110
86112
86113
86116
86117
86118
86121
86124
86128
86134
86135
86136
86140
86143
86144
86145
86146
86147
86148
86149
86153
86154
86159
86164
86166
86167
86168
86169
86172
86175
86176
86180
86185
86186
86187
86188
86189
86190
86191
86193
86196
86198
86199
86200
86202
86205
86206
86207
86214
86217
86218
86219
86220
86224
86225
86229
86230
86231
86233
86236
86237
86240
86241
86242
86246
86249
86252
86256
86258
86260
86261
86264
86265
86266
86267
86269
86274
86276
86278
86280
86282
86284
86286
86288
86289
86290
86291
86293
86296
86297
86298
86299
86300
86301
86305
86307
86308
86309
86310
86315
86317
86318
86321
86323
86324
86326
86330
86331
86332
86333
86334
86335
86337
86338
86340
86342
86344
86345
86346
86347
86348
86349
86350
86354
86356
86357
86359
86361
86370
86371
86375
86377
86378
86380
86383
86390
86391
86392
86393
86394
86395
86396
86400
86401
86403
86405
86407
86410
86411
86412
86413
86414
86417
86419
86422
86423
86424
86425
86428
86431
86432
86433
86434
86438
86443
86444
86445
86446
86448
86450
86451
86452
86458
86459
86460
86461
86469
86471
86474
86475
86477
86478
86479
86480
86483
86484
86486
86487
86493
86494
86496
86498
86499
86502
86503
86504
86505
86508
86509
86510
86511
86512
86514
86518
86519
86520
86521
86522
86523
86528
86529
86530
86531
86534
86535
86538
86544
86545
86548
86549
86550
86553
86554
86555
86556
86557
86559
86561
86562
86564
86567
86569
86570
86575
86580
86581
86582
86583
86586
86587
86590
86591
86594
86595
86597
86600
86601
86602
86603
86607
86608
86609
86610
86612
86613
86614
86618
86619
86620
86623
86625
86630
86631
86632
86633
86634
86637
86638
86640
86642
86644
86645
86646
86647
86652
86655
86656
86657
86658
86662
86663
86665
86666
86667
86668
86670
86671
86674
86675
86676
86684
86685
86686
86688
86690
86691
86692
86693
86694
86698
86703
86705
86707
86708
86709
86710
86711
86713
86714
86716
86719
86722
86724
86725
86727
86728
86729
86730
86731
86732
86733
86735
86738
86739
86742
86743
86745
86746
86747
86749
86751
86753
86754
86756
86757
86758
86759
86760
86761
86762
86765
86766
86770
86771
86772
86774
86776
86779
86786
86787
86789
86790
86791
86792
86793
86794
86795
86797
86803
86805
86807
86814
86816
86817
86820
86822
86824
86827
86828
86829
86833
86836
86843
86845
86847
86851
86856
86857
86859
86861
86862
86866
86870
86871
86872
86879
86882
86884
86885
86889
86891
86893
86895
86896
86898
86900
86901
86902
86905
86906
86908
86912
86913
86915
86916
86918
86919
86920
86923
86925
86930
86934
86936
86937
86938
86939
86940
86941
86942
86943
86944
86945
86946
86947
86952
86953
86958
86959
86965
86966
86970
86971
86976
86981
86983
86984
86985
86987
86988
86990
86992
86996
86999
87000
87003
87004
87007
87009
87011
87012
87013
87014
87016
87024
87025
87028
87032
87033
87036
87037
87038
87041
87042
87044
87047
87049
87051
87052
87054
87058
87065
87068
87070
87072
87073
87076
87078
87080
87081
87083
87084
87085
87086
87089
87091
87095
87096
87102
87103
87109
87110
87111
87113
87114
87117
87118
87119
87121
87124
87125
87126
87131
87132
87134
87135
87136
87138
87139
87141
87142
87143
87147
87148
87149
87150
87151
87155
87156
87157
87159
87161
87163
87164
87167
87169
87170
87172
87174
87178
87181
87182
87183
87185
87186
87188
87190
87193
87195
87196
87197
87199
87200
87201
87203
87204
87209
87210
87213
87215
87216
87217
87219
87221
87224
87225
87229
87232
87234
87239
87242
87245
87250
87252
87255
87257
87258
87259
87261
87263
87265
87267
87268
87271
87273
87274
87275
87276
87279
87282
87284
87286
87288
87289
87290
87291
87292
87294
87295
87296
87297
87299
87300
87301
87307
87308
87309
87310
87311
87312
87315
87317
87318
87319
87322
87323
87325
87327
87331
87332
87333
87334
87335
87336
87337
87340
87342
87343
87344
87347
87348
87349
87353
87355
87356
87357
87360
87361
87362
87365
87366
87369
87371
87373
87374
87376
87378
87381
87382
87384
87388
87393
87395
87398
87399
87401
87403
87405
87406
87407
87409
87410
87412
87414
87415
87418
87423
87425
87426
87427
87429
87430
87432
87433
87434
87437
87438
87442
87444
87445
87452
87455
87456
87458
87459
87466
87471
87473
87474
87475
87476
87479
87481
87482
87483
87487
87488
87490
87493
87494
87495
87497
87498
87499
87501
87504
87506
87507
87509
87511
87513
87515
87516
87518
87519
87520
87523
87524
87527
87531
87533
87534
87535
87536
87537
87539
87541
87542
87545
87546
87551
87553
87555
87558
87559
87563
87564
87565
87566
87567
87568
87569
87571
87572
87573
87575
87576
87579
87584
87586
87590
87591
87594
87598
87600
87601
87603
87604
87605
87606
87607
87610
87613
87617
87618
87621
87622
87624
87625
87628
87629
87630
87634
87638
87641
87642
87643
87645
87647
87648
87649
87650
87651
87652
87653
87654
87655
87656
87658
87659
87662
87663
87665
87666
87667
87669
87671
87674
87676
87678
87680
87686
87688
87689
87690
87691
87694
87697
87699
87700
87701
87702
87704
87705
87708
87711
87712
87714
87715
87716
87717
87721
87725
87726
87728
87730
87731
87732
87734
87738
87739
87740
87742
87743
87751
87755
87756
87758
87761
87762
87765
87768
87771
87777
87778
87780
87781
87782
87783
87784
87785
87786
87787
87792
87793
87794
87796
87799
87800
87801
87802
87803
87805
87806
87808
87809
87815
87821
87822
87826
87827
87828
87829
87830
87831
87832
87833
87835
87836
87841
87843
87844
87845
87846
87847
87851
87852
87857
87859
87861
87862
87867
87872
87873
87875
87876
87877
87882
87883
87885
87886
87887
87890
87891
87893
87896
87898
87899
87900
87902
87909
87910
87913
87917
87920
87921
87922
87923
87924
87926
87927
87930
87931
87938
87939
87942
87943
87945
87946
87947
87949
87951
87952
87954
87955
87959
87963
87964
87965
87970
87971
87974
87975
87977
87978
87979
87980
87981
87985
87987
87993
87995
87996
87998
88006
88007
88009
88010
88011
88012
88013
88014
88015
88016
88018
88020
88025
88026
88027
88030
88032
88034
88036
88038
88039
88040
88043
88045
88046
88047
88048
88049
88052
88053
88054
88055
88057
88058
88060
88061
88064
88066
88067
88068
88070
88074
88080
88082
88083
88084
88085
88089
88093
88094
88096
88097
88099
88103
88104
88110
88112
88113
88115
88117
88118
88119
88122
88124
88125
88126
88127
88128
88129
88130
88132
88133
88134
88136
88139
88141
88142
88145
88146
88149
88151
88152
88153
88156
88159
88160
88161
88165
88170
88171
88172
88173
88175
88178
88179
88182
88183
88184
88185
88186
88187
88188
88189
88192
88193
88194
88200
88201
88202
88205
88206
88207
88208
88209
88211
88212
88217
88218
88219
88221
88222
88224
88226
88227
88228
88229
88230
88234
88238
88239
88240
88242
88243
88244
88245
88246
88247
88248
88249
88252
88253
88254
88256
88260
88266
88267
88270
88277
88280
88281
88285
88286
88287
88290
88292
88294
88295
88296
88297
88298
88299
88305
88306
88307
88311
88313
88314
88316
88317
88321
88322
88326
88327
88332
88336
88337
88339
88344
88345
88346
88348
88349
88351
88352
88361
88367
88368
88369
88371
88378
88381
88382
88383
88386
88388
88389
88393
88394
88396
88397
88398
88401
88402
88404
88407
88408
88409
88414
88416
88418
88420
88425
88426
88427
88429
88431
88434
88435
88437
88439
88440
88443
88444
88445
88446
88450
88453
88455
88456
88461
88462
88464
88465
88466
88469
88471
88474
88475
88481
88482
88483
88485
88488
88490
88491
88492
88493
88496
88497
88498
88501
88504
88506
88507
88509
88510
88512
88514
88515
88518
88519
88520
88521
88522
88525
88528
88529
88534
88536
88537
88538
88539
88541
88542
88545
88546
88550
88552
88554
88562
88564
88565
88566
88571
88572
88573
88574
88575
88576
88578
88580
88581
88582
88585
88586
88588
88591
88594
88595
88597
88604
88606
88608
88609
88610
88611
88612
88613
88614
88616
88618
88619
88622
88623
88625
88627
88629
88632
88636
88637
88642
88643
88644
88645
88648
88650
88651
88652
88653
88655
88659
88660
88661
88663
88664
88665
88666
88667
88668
88673
88674
88675
88676
88677
88683
88684
88688
88689
88691
88693
88694
88695
88696
88699
88700
88701
88704
88705
88707
88708
88709
88710
88712
88716
88717
88720
88721
88724
88729
88731
88732
88733
88736
88737
88738
88741
88745
88746
88747
88750
88751
88752
88755
88756
88758
88759
88764
88765
88771
88773
88775
88777
88779
88780
88781
88787
88790
88795
88796
88799
88801
88803
88805
88806
88808
88811
88813
88816
88817
88818
88819
88820
88822
88824
88825
88830
88832
88833
88835
88838
88840
88841
88843
88846
88847
88851
88853
88856
88860
88863
88865
88868
88869
88870
88874
88877
88878
88880
88881
88882
88883
88884
88885
88886
88887
88890
88893
88897
88899
88902
88903
88905
88906
88907
88914
88915
88917
88918
88919
88920
88922
88925
88927
88931
88934
88938
88939
88940
88942
88944
88945
88950
88953
88955
88958
88961
88962
88963
88964
88965
88966
88967
88969
88971
88972
88973
88974
88975
88976
88980
88984
88986
88987
88990
88992
88993
88995
88996
88997
88999
89006
89007
89010
89013
89016
89017
89020
89021
89023
89024
89025
89026
89027
89029
89030
89031
89033
89037
89038
89039
89042
89044
89045
89046
89047
89049
89051
89052
89054
89055
89058
89059
89060
89064
89066
89067
89069
89070
89072
89077
89080
89081
89083
89084
89087
89088
89089
89090
89091
89092
89093
89094
89095
89097
89100
89102
89104
89105
89111
89112
89118
89122
89123
89125
89126
89132
89133
89134
89138
89139
89140
89146
89148
89151
89152
89154
89156
89157
89161
89162
89163
89164
89165
89167
89169
89173
89175
89176
89177
89179
89182
89183
89185
89188
89189
89192
89193
89196
89197
89201
89202
89203
89206
89207
89209
89211
89215
89216
89218
89221
89224
89230
89232
89234
89236
89237
89239
89240
89241
89242
89244
89246
89247
89253
89255
89256
89257
89258
89262
89264
89265
89268
89269
89271
89272
89275
89276
89278
89281
89282
89283
89284
89286
89290
89291
89292
89294
89295
89296
89298
89300
89301
89303
89305
89309
89310
89311
89312
89315
89319
89320
89322
89323
89326
89328
89329
89330
89332
89336
89337
89339
89340
89343
89345
89346
89349
89352
89353
89354
89357
89358
89360
89361
89363
89365
89368
89369
89370
89371
89372
89373
89374
89377
89378
89379
89380
89382
89384
89388
89390
89391
89396
89397
89401
89402
89403
89404
89405
89408
89410
89414
89417
89419
89420
89421
89423
89424
89425
89429
89431
89432
89435
89436
89437
89438
89439
89441
89445
89446
89462
89464
89465
89472
89473
89475
89478
89479
89480
89481
89482
89483
89485
89486
89490
89492
89493
89495
89496
89497
89499
89501
89502
89503
89505
89506
89508
89513
89515
89516
89517
89518
89520
89526
89528
89529
89530
89531
89536
89537
89538
89539
89540
89542
89543
89546
89548
89551
89554
89556
89559
89560
89561
89562
89563
89565
89571
89572
89573
89574
89577
89578
89580
89582
89584
89588
89592
89594
89596
89597
89600
89602
89604
89607
89617
89618
89619
89621
89622
89624
89626
89627
89629
89630
89631
89633
89634
89635
89639
89641
89642
89643
89644
89645
89646
89647
89648
89649
89650
89651
89653
89654
89655
89657
89658
89659
89661
89663
89664
89665
89666
89667
89669
89671
89672
89675
89676
89677
89679
89682
89683
89684
89686
89687
89693
89694
89695
89698
89699
89700
89701
89702
89703
89705
89707
89709
89711
89712
89713
89718
89720
89721
89723
89725
89726
89727
89728
89731
89732
89737
89739
89743
89746
89749
89750
89752
89753
89758
89759
89762
89763
89764
89765
89772
89774
89778
89783
89787
89788
89790
89791
89794
89796
89797
89798
89804
89807
89808
89810
89811
89819
89820
89821
89825
89826
89829
89830
89831
89835
89836
89837
89838
89839
89840
89844
89845
89849
89850
89851
89854
89856
89859
89861
89862
89864
89866
89867
89868
89869
89870
89871
89872
89873
89874
89875
89878
89881
89887
89888
89889
89890
89892
89897
89898
89902
89903
89906
89907
89910
89912
89913
89918
89919
89921
89923
89925
89926
89927
89931
89932
89935
89938
89939
89946
89947
89948
89953
89954
89956
89958
89962
89965
89966
89967
89969
89970
89971
89975
89976
89978
89980
89985
89986
89987
89988
89990
89991
89992
89993
89995
89998
90001
90003
90009
90011
90012
90013
90018
90020
90021
90022
90024
90025
90026
90028
90029
90030
90031
90034
90036
90038
90040
90043
90044
90046
90047
90048
90049
90050
90051
90053
90054
90055
90057
90058
90059
90060
90061
90062
90063
90065
90068
90070
90071
90072
90075
90076
90077
90079
90085
90088
90089
90090
90091
90094
90096
90098
90103
90108
90115
90119
90120
90125
90126
90129
90130
90131
90134
90135
90136
90138
90139
90140
90141
90144
90146
90150
90151
90152
90153
90155
90156
90159
90161
90164
90168
90171
90172
90173
90174
90175
90177
90178
90181
90182
90184
90187
90189
90191
90192
90194
90196
90198
90200
90204
90205
90207
90211
90212
90214
90215
90218
90219
90220
90221
90223
90224
90229
90230
90233
90234
90235
90236
90238
90240
90241
90242
90243
90245
90246
90251
90253
90254
90256
90258
90262
90264
90268
90269
90270
90273
90274
90275
90276
90277
90278
90279
90280
90281
90282
90285
90288
90289
90290
90291
90293
90294
90295
90299
90301
90303
90304
90306
90307
90308
90313
90314
90315
90316
90319
90320
90322
90328
90330
90331
90333
90335
90336
90341
90343
90344
90345
90346
90347
90348
90352
90356
90361
90362
90363
90364
90366
90368
90369
90370
90372
90373
90374
90375
90376
90377
90378
90380
90386
90388
90389
90398
90399
90401
90405
90408
90412
90416
90417
90419
90422
90423
90426
90427
90429
90431
90433
90434
90437
90440
90441
90442
90445
90446
90447
90450
90453
90455
90456
90460
90461
90463
90464
90465
90467
90474
90475
90476
90477
90481
90483
90488
90490
90492
90493
90497
90502
90506
90508
90515
90516
90518
90519
90520
90521
90524
90526
90528
90530
90531
90532
90534
90536
90537
90540
90541
90542
90544
90546
90550
90551
90553
90554
90555
90556
90557
90559
90561
90564
90565
90567
90570
90578
90580
90581
90582
90585
90587
90588
90590
90591
90593
90595
90596
90597
90598
90599
90603
90605
90607
90610
90611
90615
90617
90618
90621
90628
90629
90630
90632
90635
90636
90638
90640
90642
90643
90645
90647
90648
90649
90651
90652
90653
90654
90655
90656
90658
90659
90663
90666
90667
90671
90673
90682
90683
90684
90685
90686
90689
90691
90695
90697
90698
90701
90704
90705
90706
90710
90711
90712
90713
90718
90720
90721
90723
90724
90725
90726
90727
90729
90731
90734
90736
90739
90741
90744
90746
90747
90749
90751
90752
90754
90761
90762
90765
90771
90772
90774
90776
90777
90778
90779
90781
90782
90783
90786
90787
90789
90790
90792
90793
90795
90797
90799
90800
90806
90809
90813
90815
90816
90818
90819
90821
90822
90823
90824
90827
90829
90831
90834
90835
90836
90838
90840
90842
90843
90846
90850
90852
90853
90858
90860
90864
90865
90867
90870
90871
90872
90875
90876
90881
90883
90886
90888
90890
90894
90896
90898
90900
90901
90902
90904
90905
90906
90907
90908
90909
90911
90912
90915
90918
90919
90920
90921
90923
90925
90926
90929
90931
90932
90933
90934
90937
90938
90939
90941
90944
90945
90952
90953
90955
90958
90959
90960
90963
90964
90965
90966
90967
90968
90969
90971
90974
90975
90977
90978
90981
90982
90986
90987
90988
90990
90991
90992
90994
90996
91000
91004
91005
91009
91010
91012
91013
91014
91015
91016
91017
91018
91023
91024
91025
91029
91030
91031
91037
91040
91043
91047
91048
91049
91050
91051
91052
91053
91056
91058
91060
91061
91065
91067
91069
91070
91071
91073
91074
91075
91082
91084
91085
91086
91089
91090
91093
91099
91102
91104
91106
91108
91109
91111
91112
91119
91122
91129
91134
91135
91136
91139
91141
91142
91143
91147
91150
91155
91157
91158
91162
91163
91168
91169
91170
91174
91175
91176
91177
91179
91180
91183
91185
91186
91187
91191
91192
91194
91195
91198
91201
91203
91206
91210
91211
91214
91217
91219
91220
91221
91222
91225
91228
91229
91232
91233
91237
91240
91241
91242
91244
91246
91247
91250
91251
91254
91258
91261
91262
91263
91267
91268
91270
91271
91275
91277
91278
91279
91281
91284
91286
91293
91294
91295
91296
91297
91298
91300
91304
91305
91306
91307
91309
91310
91311
91312
91313
91315
91317
91318
91320
91321
91322
91325
91326
91327
91329
91330
91331
91333
91336
91338
91339
91341
91343
91346
91349
91350
91351
91352
91354
91355
91357
91358
91359
91362
91365
91368
91369
91370
91371
91372
91374
91376
91378
91382
91384
91386
91389
91394
91395
91396
91398
91399
91402
91404
91405
91409
91410
91411
91413
91415
91418
91419
91423
91424
91427
91430
91431
91432
91433
91434
91436
91438
91439
91441
91448
91449
91451
91452
91453
91454
91455
91457
91458
91459
91461
91463
91464
91465
91467
91469
91471
91473
91474
91475
91476
91478
91480
91481
91482
91483
91486
91487
91491
91492
91493
91494
91495
91497
91502
91503
91504
91507
91508
91510
91511
91512
91514
91515
91519
91520
91524
91526
91527
91528
91529
91534
91535
91536
91538
91540
91541
91542
91544
91545
91548
91549
91550
91551
91552
91553
91559
91562
91564
91566
91567
91568
91569
91570
91572
91575
91577
91580
91581
91582
91583
91584
91585
91587
91588
91591
91596
91597
91598
91599
91606
91608
91609
91610
91611
91615
91617
91618
91620
91621
91623
91627
91628
91629
91635
91636
91638
91641
91643
91645
91646
91649
91652
91654
91655
91667
91668
91673
91674
91675
91676
91677
91679
91683
91689
91692
91693
91698
91699
91702
91703
91706
91708
91710
91712
91713
91715
91716
91720
91721
91722
91723
91725
91727
91729
91730
91733
91734
91736
91737
91738
91739
91744
91745
91747
91754
91756
91758
91759
91760
91764
91766
91768
91769
91772
91773
91775
91777
91778
91779
91780
91781
91782
91783
91784
91785
91789
91790
91792
91793
91795
91796
91799
91802
91804
91805
91806
91812
91814
91815
91818
91819
91820
91822
91825
91827
91828
91829
91832
91833
91834
91839
91843
91846
91847
91852
91854
91859
91860
91862
91863
91864
91865
91866
91872
91874
91876
91879
91880
91881
91883
91884
91887
91888
91889
91890
91892
91894
91895
91897
91901
91902
91903
91905
91908
91909
91911
91913
91915
91918
91919
91920
91921
91923
91924
91926
91929
91933
91934
91935
91936
91937
91938
91944
91948
91953
91955
91958
91962
91963
91964
91966
91968
91969
91970
91973
91974
91975
91976
91977
91978
91979
91981
91984
91986
91987
91989
91990
91991
91994
91995
91996
91998
91999
92001
92003
92005
92006
92008
92010
92012
92020
92021
92022
92024
92025
92028
92029
92031
92032
92033
92034
92035
92036
92038
92039
92041
92042
92045
92046
92047
92050
92052
92053
92055
92056
92057
92068
92069
92070
92078
92079
92081
92083
92084
92085
92086
92087
92088
92089
92091
92093
92096
92098
92103
92110
92113
92115
92116
92117
92120
92122
92123
92124
92129
92130
92132
92135
92137
92141
92142
92143
92146
92148
92149
92150
92154
92156
92160
92161
92162
92163
92165
92168
92169
92170
92171
92172
92177
92180
92181
92182
92183
92184
92185
92186
92188
92189
92192
92195
92197
92200
92201
92205
92217
92219
92222
92225
92226
92227
92228
92229
92230
92231
92232
92234
92235
92238
92239
92240
92244
92247
92252
92253
92255
92256
92257
92260
92263
92266
92269
92273
92274
92275
92276
92277
92278
92281
92282
92283
92286
92287
92290
92293
92300
92305
92307
92310
92311
92314
92316
92317
92318
92319
92320
92322
92323
92324
92325
92326
92331
92333
92334
92335
92336
92338
92342
92344
92347
92348
92349
92350
92355
92356
92358
92359
92361
92363
92366
92367
92368
92371
92372
92373
92374
92379
92382
92383
92384
92385
92386
92389
92390
92391
92392
92394
92395
92399
92400
92401
92403
92404
92405
92407
92409
92410
92411
92413
92414
92418
92420
92421
92423
92424
92425
92426
92428
92429
92430
92432
92438
92443
92445
92447
92448
92450
92452
92454
92455
92457
92458
92461
92464
92467
92470
92471
92477
92478
92479
92480
92481
92482
92483
92484
92485
92486
92488
92490
92492
92494
92496
92497
92498
92499
92500
92502
92503
92506
92507
92512
92513
92515
92518
92519
92520
92524
92526
92529
92530
92534
92535
92536
92541
92542
92543
92545
92546
92547
92548
92549
92550
92553
92557
92558
92560
92563
92565
92567
92569
92570
92573
92576
92577
92579
92580
92581
92582
92583
92587
92588
92589
92591
92593
92594
92595
92597
92598
92599
92603
92605
92607
92608
92609
92610
92611
92613
92614
92615
92618
92620
92621
92622
92623
92624
92629
92630
92634
92636
92638
92641
92646
92647
92648
92649
92653
92654
92656
92657
92658
92659
92661
92662
92663
92665
92666
92668
92672
92674
92675
92676
92677
92678
92680
92683
92686
92687
92690
92691
92692
92694
92695
92696
92698
92700
92702
92704
92707
92712
92713
92714
92715
92717
92719
92720
92723
92725
92728
92729
92732
92733
92734
92735
92736
92738
92739
92743
92746
92748
92756
92757
92759
92760
92763
92767
92768
92769
92771
92772
92774
92775
92777
92778
92782
92783
92784
92785
92788
92790
92791
92795
92796
92797
92799
92800
92802
92805
92806
92808
92811
92813
92815
92822
92826
92828
92830
92831
92832
92836
92837
92838
92841
92842
92843
92844
92847
92850
92853
92854
92855
92856
92866
92867
92868
92871
92873
92875
92878
92879
92880
92881
92883
92884
92888
92889
92893
92895
92897
92901
92905
92906
92907
92908
92912
92918
92920
92925
92926
92928
92929
92930
92932
92933
92941
92943
92944
92945
92947
92949
92950
92951
92952
92955
92957
92958
92959
92961
92962
92965
92972
92974
92975
92977
92979
92981
92982
92983
92984
92988
92989
92990
92992
92993
92995
92996
93003
93004
93005
93007
93008
93009
93010
93011
93014
93015
93016
93019
93020
93023
93024
93025
93026
93027
93029
93034
93035
93039
93042
93045
93046
93050
93052
93053
93055
93056
93059
93060
93061
93062
93065
93067
93069
93071
93072
93075
93080
93082
93088
93089
93090
93091
93095
93098
93099
93105
93108
93110
93111
93112
93114
93115
93116
93118
93119
93121
93124
93125
93127
93131
93132
93133
93135
93137
93138
93144
93147
93148
93150
93152
93156
93158
93159
93161
93162
93163
93164
93165
93167
93169
93171
93172
93175
93179
93180
93181
93182
93183
93184
93186
93187
93189
93192
93194
93195
93199
93200
93202
93204
93205
93206
93208
93212
93215
93216
93217
93218
93219
93225
93227
93228
93229
93230
93231
93235
93236
93239
93243
93244
93247
93249
93250
93254
93255
93257
93258
93263
93269
93271
93277
93278
93281
93282
93283
93285
93286
93287
93289
93296
93297
93300
93302
93303
93304
93305
93306
93307
93311
93313
93314
93317
93319
93320
93327
93328
93329
93332
93335
93337
93338
93339
93341
93342
93343
93344
93345
93347
93349
93350
93351
93352
93353
93355
93356
93358
93361
93363
93365
93366
93368
93369
93370
93372
93374
93376
93377
93378
93379
93380
93381
93382
93386
93387
93389
93391
93395
93398
93399
93402
93403
93411
93412
93413
93418
93425
93429
93431
93437
93438
93439
93440
93441
93442
93443
93445
93446
93447
93449
93454
93455
93458
93459
93461
93462
93463
93464
93465
93467
93470
93471
93472
93473
93474
93478
93479
93481
93482
93483
93487
93491
93492
93494
93496
93497
93498
93499
93500
93501
93502
93504
93505
93506
93508
93509
93511
93513
93514
93518
93519
93521
93522
93523
93524
93526
93528
93529
93531
93534
93535
93536
93539
93542
93544
93545
93546
93547
93548
93550
93551
93553
93555
93556
93557
93559
93562
93563
93565
93566
93569
93570
93572
93573
93574
93575
93576
93578
93579
93580
93581
93583
93585
93588
93589
93592
93593
93595
93596
93597
93598
93599
93601
93603
93604
93605
93607
93608
93613
93614
93615
93618
93619
93621
93622
93627
93628
93629
93631
93633
93635
93636
93642
93644
93645
93647
93649
93653
93656
93658
93659
93660
93662
93664
93666
93668
93669
93671
93674
93676
93679
93682
93684
93685
93686
93687
93688
93692
93695
93698
93699
93700
93703
93705
93709
93710
93713
93716
93717
93720
93724
93726
93728
93729
93735
93736
93739
93741
93742
93744
93745
93749
93750
93752
93755
93759
93763
93765
93769
93771
93772
93773
93774
93775
93777
93779
93780
93782
93785
93786
93787
93788
93792
93796
93798
93801
93802
93805
93807
93810
93811
93813
93814
93816
93818
93819
93820
93822
93831
93833
93834
93835
93840
93841
93842
93844
93851
93853
93854
93856
93858
93859
93860
93862
93868
93869
93873
93874
93876
93879
93880
93881
93883
93884
93887
93892
93893
93894
93895
93897
93898
93899
93903
93905
93906
93907
93908
93909
93911
93912
93913
93916
93917
93919
93921
93922
93924
93928
93930
93933
93934
93936
93938
93940
93945
93948
93951
93952
93954
93955
93959
93960
93962
93966
93969
93970
93975
93976
93978
93982
93983
93985
93987
93989
93990
93992
93993
93996
94000
94001
94002
94003
94005
94006
94008
94011
94012
94014
94015
94017
94018
94019
94025
94027
94032
94033
94034
94035
94037
94038
94040
94041
94043
94044
94050
94055
94057
94063
94064
94066
94067
94069
94073
94076
94077
94080
94083
94084
94086
94087
94089
94090
94092
94095
94096
94098
94100
94101
94104
94105
94107
94109
94110
94113
94114
94116
94119
94120
94123
94124
94128
94130
94133
94135
94138
94146
94147
94149
94152
94154
94155
94156
94157
94158
94162
94164
94165
94166
94167
94170
94174
94175
94176
94178
94186
94187
94190
94193
94196
94200
94201
94202
94203
94206
94208
94212
94213
94215
94216
94219
94221
94222
94225
94227
94228
94229
94231
94234
94236
94237
94238
94239
94242
94245
94248
94250
94254
94255
94256
94258
94261
94265
94268
94270
94271
94273
94275
94277
94278
94279
94280
94282
94283
94284
94285
94289
94291
94292
94293
94294
94295
94297
94301
94302
94304
94305
94306
94307
94309
94312
94316
94317
94318
94322
94324
94325
94326
94328
94330
94332
94333
94334
94335
94337
94338
94339
94340
94341
94342
94344
94346
94348
94352
94353
94354
94355
94358
94363
94369
94370
94371
94373
94374
94375
94376
94380
94382
94383
94385
94386
94389
94390
94391
94393
94395
94396
94397
94398
94403
94407
94408
94409
94412
94415
94418
94421
94423
94425
94426
94429
94431
94432
94433
94438
94439
94441
94444
94448
94450
94451
94452
94455
94456
94457
94458
94460
94461
94464
94465
94466
94468
94471
94473
94475
94477
94479
94481
94482
94484
94488
94489
94491
94492
94494
94495
94496
94497
94499
94502
94505
94506
94511
94512
94513
94516
94519
94520
94521
94523
94527
94528
94530
94531
94535
94537
94538
94539
94540
94541
94544
94546
94549
94550
94551
94554
94555
94558
94559
94561
94563
94570
94572
94574
94575
94578
94581
94582
94584
94587
94590
94591
94592
94597
94598
94602
94603
94605
94606
94607
94609
94610
94611
94613
94614
94621
94622
94623
94629
94630
94631
94634
94636
94637
94638
94640
94642
94643
94649
94651
94652
94653
94654
94656
94658
94662
94667
94668
94669
94670
94671
94674
94675
94676
94678
94686
94688
94693
94695
94697
94698
94700
94702
94703
94708
94710
94711
94713
94714
94715
94718
94720
94723
94724
94727
94729
94730
94731
94734
94736
94739
94740
94743
94745
94747
94751
94753
94754
94755
94756
94757
94758
94760
94762
94767
94772
94774
94775
94777
94778
94779
94780
94782
94783
94787
94788
94789
94790
94791
94799
94800
94801
94802
94805
94806
94807
94809
94811
94812
94813
94815
94816
94817
94818
94819
94820
94821
94823
94825
94828
94829
94830
94835
94838
94840
94841
94842
94843
94844
94851
94853
94854
94855
94856
94858
94861
94862
94864
94865
94866
94876
94877
94878
94879
94883
94885
94887
94888
94889
94890
94892
94895
94898
94900
94901
94902
94906
94908
94909
94911
94912
94913
94914
94915
94917
94919
94924
94925
94928
94929
94932
94933
94936
94937
94940
94941
94947
94948
94949
94950
94952
94954
94956
94958
94960
94963
94965
94966
94967
94969
94973
94974
94975
94976
94977
94978
94979
94980
94981
94983
94984
94985
94986
94988
94989
94990
94992
94997
94998
95001
95005
95007
95008
95009
95010
95011
95013
95019
95022
95024
95027
95028
95029
95030
95032
95036
95038
95039
95041
95042
95045
95046
95049
95050
95051
95052
95054
95058
95059
95062
95064
95066
95067
95070
95072
95074
95079
95082
95083
95085
95086
95087
95091
95094
95101
95104
95105
95106
95107
95108
95109
95111
95114
95115
95117
95121
95123
95124
95129
95130
95131
95132
95133
95135
95136
95140
95143
95144
95146
95148
95149
95153
95156
95157
95158
95159
95160
95161
95164
95165
95166
95167
95169
95170
95171
95174
95176
95177
95179
95180
95185
95188
95189
95193
95194
95195
95196
95201
95202
95205
95207
95208
95216
95217
95218
95220
95221
95222
95223
95225
95227
95233
95234
95238
95240
95241
95242
95245
95247
95250
95251
95253
95254
95255
95258
95259
95262
95265
95266
95268
95269
95270
95271
95272
95273
95275
95279
95280
95286
95287
95291
95293
95298
95299
95300
95301
95302
95303
95304
95307
95308
95310
95312
95314
95316
95319
95320
95321
95322
95323
95324
95325
95329
95331
95333
95334
95337
95343
95345
95347
95348
95354
95356
95357
95358
95363
95366
95372
95374
95375
95377
95383
95384
95385
95386
95387
95388
95390
95392
95393
95395
95396
95400
95401
95404
95405
95406
95407
95408
95409
95411
95414
95417
95420
95421
95425
95426
95429
95430
95432
95434
95435
95437
95438
95442
95443
95444
95445
95446
95451
95452
95453
95455
95457
95459
95460
95461
95464
95465
95468
95469
95471
95472
95473
95474
95475
95476
95477
95479
95482
95484
95486
95487
95492
95494
95495
95496
95497
95499
95500
95503
95504
95506
95508
95509
95510
95511
95513
95514
95515
95517
95525
95527
95530
95532
95537
95538
95539
95540
95544
95547
95549
95550
95551
95553
95555
95558
95561
95562
95564
95566
95567
95568
95569
95570
95574
95577
95579
95583
95585
95586
95587
95588
95589
95590
95591
95592
95594
95597
95601
95603
95608
95609
95610
95612
95613
95618
95622
95627
95628
95630
95633
95634
95635
95636
95638
95639
95640
95641
95644
95650
95651
95652
95654
95655
95657
95658
95659
95660
95662
95663
95668
95671
95672
95673
95675
95676
95677
95681
95684
95685
95686
95689
95697
95698
95701
95702
95703
95705
95706
95707
95708
95709
95711
95712
95715
95719
95723
95725
95729
95730
95731
95732
95733
95735
95738
95739
95740
95741
95742
95746
95747
95748
95749
95750
95751
95752
95753
95756
95757
95758
95761
95763
95766
95771
95776
95779
95780
95782
95784
95785
95786
95787
95788
95789
95790
95791
95792
95793
95795
95796
95803
95805
95806
95807
95808
95810
95812
95813
95815
95816
95818
95819
95820
95821
95822
95823
95827
95829
95831
95833
95834
95835
95837
95838
95839
95841
95845
95846
95848
95849
95853
95854
95856
95859
95860
95862
95864
95865
95867
95875
95876
95878
95879
95880
95882
95885
95886
95887
95890
95891
95893
95894
95899
95900
95901
95905
95906
95907
95910
95912
95915
95920
95922
95923
95924
95926
95929
95931
95932
95933
95935
95936
95937
95938
95945
95946
95949
95951
95952
95953
95956
95957
95960
95966
95971
95974
95976
95978
95979
95984
95985
95986
95987
95988
95989
95993
95996
95999
96000
96001
96002
96003
96004
96007
96008
96009
96010
96011
96014
96017
96020
96022
96025
96026
96027
96028
96029
96032
96040
96041
96043
96047
96048
96050
96052
96054
96055
96057
96058
96059
96061
96062
96068
96069
96071
96072
96073
96076
96077
96080
96081
96088
96089
96090
96091
96092
96093
96096
96098
96100
96101
96102
96103
96104
96105
96106
96107
96108
96109
96112
96113
96114
96118
96120
96122
96124
96125
96126
96129
96135
96136
96139
96140
96143
96144
96145
96146
96147
96148
96150
96151
96154
96155
96159
96160
96161
96162
96164
96166
96168
96169
96170
96172
96177
96178
96179
96185
96191
96193
96198
96200
96201
96204
96205
96209
96211
96214
96217
96219
96220
96222
96224
96226
96229
96232
96233
96234
96236
96238
96239
96240
96241
96242
96245
96248
96252
96253
96255
96257
96258
96259
96260
96266
96268
96269
96271
96274
96275
96277
96281
96285
96286
96287
96292
96294
96300
96301
96304
96306
96307
96310
96311
96314
96316
96317
96320
96322
96324
96325
96326
96327
96328
96331
96335
96337
96341
96342
96343
96349
96350
96351
96353
96355
96356
96358
96359
96361
96362
96364
96367
96368
96370
96373
96376
96381
96382
96384
96387
96388
96390
96391
96396
96398
96399
96400
96402
96405
96406
96407
96409
96411
96415
96418
96419
96420
96423
96424
96425
96426
96428
96432
96433
96434
96438
96439
96440
96441
96442
96444
96447
96450
96452
96455
96456
96458
96460
96461
96464
96466
96467
96470
96472
96473
96474
96476
96477
96478
96480
96481
96482
96485
96487
96489
96490
96494
96495
96497
96498
96500
96501
96503
96505
96506
96509
96511
96513
96516
96519
96524
96527
96528
96531
96533
96536
96537
96538
96540
96541
96542
96544
96546
96548
96555
96561
96563
96565
96566
96569
96570
96572
96573
96576
96579
96580
96581
96585
96588
96590
96593
96594
96596
96597
96599
96600
96602
96603
96607
96609
96611
96617
96619
96620
96621
96622
96623
96624
96625
96626
96627
96631
96633
96634
96635
96638
96640
96641
96643
96649
96651
96652
96655
96657
96661
96662
96663
96665
96666
96667
96668
96671
96672
96674
96677
96678
96679
96680
96682
96685
96688
96689
96693
96694
96696
96700
96701
96703
96705
96706
96710
96713
96714
96717
96719
96720
96725
96728
96730
96731
96732
96736
96739
96743
96744
96746
96749
96750
96751
96752
96753
96755
96756
96757
96759
96764
96765
96766
96767
96772
96773
96776
96777
96778
96779
96784
96785
96786
96787
96788
96789
96791
96794
96795
96797
96800
96801
96802
96803
96804
96805
96809
96810
96814
96815
96817
96819
96821
96823
96825
96828
96829
96830
96832
96834
96836
96838
96840
96841
96844
96847
96850
96851
96852
96855
96856
96858
96859
96860
96861
96863
96867
96869
96871
96872
96874
96875
96876
96877
96880
96881
96882
96885
96889
96891
96892
96893
96894
96895
96896
96901
96902
96904
96906
96907
96908
96910
96914
96915
96919
96925
96926
96927
96928
96929
96931
96933
96934
96935
96937
96938
96939
96940
96941
96944
96947
96949
96951
96955
96958
96960
96961
96962
96963
96964
96965
96968
96970
96971
96973
96974
96976
96980
96981
96985
96986
96987
96988
96994
96998
97001
97003
97005
97007
97009
97012
97013
97015
97016
97017
97019
97020
97023
97026
97028
97029
97030
97032
97033
97034
97036
97040
97041
97043
97048
97049
97050
97052
97055
97062
97063
97066
97067
97074
97077
97079
97080
97085
97086
97089
97090
97093
97094
97095
97099
97104
97105
97107
97109
97111
97112
97117
97119
97122
97123
97124
97126
97127
97131
97132
97133
97134
97135
97138
97140
97141
97144
97151
97155
97156
97157
97158
97159
97160
97162
97163
97166
97167
97168
97169
97170
97171
97172
97173
97174
97177
97180
97182
97185
97189
97194
97198
97200
97204
97206
97207
97209
97210
97212
97213
97221
97223
97224
97226
97228
97229
97231
97233
97234
97238
97242
97243
97245
97246
97247
97248
97249
97253
97255
97258
97262
97265
97267
97268
97271
97274
97277
97278
97279
97282
97284
97290
97291
97292
97295
97297
97299
97300
97301
97303
97304
97306
97307
97309
97310
97311
97316
97317
97319
97320
97321
97322
97323
97325
97332
97334
97336
97338
97343
97349
97350
97351
97352
97353
97354
97355
97358
97359
97360
97361
97363
97364
97365
97366
97367
97368
97369
97370
97372
97374
97375
97376
97378
97380
97381
97383
97385
97386
97387
97388
97390
97391
97393
97394
97397
97398
97399
97400
97405
97406
97407
97409
97412
97414
97416
97417
97419
97425
97426
97427
97428
97429
97432
97434
97436
97437
97438
97444
97445
97446
97447
97449
97450
97454
97455
97457
97460
97461
97464
97465
97466
97468
97469
97470
97472
97475
97476
97477
97478
97479
97482
97484
97487
97488
97489
97491
97494
97496
97498
97499
97500
97502
97503
97504
97505
97508
97510
97513
97515
97519
97520
97522
97523
97524
97525
97526
97527
97530
97531
97533
97536
97537
97541
97543
97545
97546
97547
97552
97553
97556
97558
97559
97563
97570
97571
97572
97574
97575
97576
97579
97580
97587
97596
97599
97604
97605
97606
97609
97610
97612
97613
97614
97615
97617
97618
97621
97624
97628
97629
97631
97634
97635
97639
97641
97643
97644
97645
97646
97647
97649
97651
97653
97654
97656
97657
97659
97662
97663
97665
97667
97669
97670
97673
97676
97677
97680
97682
97684
97686
97687
97688
97690
97691
97692
97697
97700
97701
97702
97705
97706
97711
97713
97718
97719
97721
97722
97724
97725
97727
97731
97732
97733
97735
97736
97741
97742
97744
97745
97747
97748
97750
97751
97752
97753
97755
97757
97759
97761
97764
97766
97767
97768
97771
97773
97774
97778
97779
97781
97783
97784
97787
97788
97789
97792
97793
97794
97795
97796
97797
97798
97799
97801
97803
97804
97807
97808
97810
97811
97813
97817
97818
97821
97823
97824
97827
97829
97833
97834
97835
97836
97837
97840
97841
97842
97843
97844
97846
97849
97852
97853
97855
97857
97858
97859
97860
97863
97867
97868
97869
97870
97871
97872
97874
97876
97877
97880
97883
97884
97886
97888
97890
97892
97894
97900
97902
97905
97908
97911
97916
97917
97918
97920
97923
97924
97928
97929
97930
97932
97933
97935
97938
97940
97944
97945
97946
97950
97954
97955
97958
97959
97962
97963
97964
97965
97966
97967
97973
97976
97977
97978
97982
97983
97987
97988
97991
97992
97993
97994
97995
97996
98000
98001
98003
98004
98006
98009
98014
98019
98020
98021
98022
98026
98027
98029
98032
98033
98035
98036
98037
98038
98039
98041
98042
98043
98044
98045
98046
98049
98052
98053
98054
98055
98056
98057
98059
98063
98064
98065
98066
98069
98071
98073
98075
98076
98079
98080
98081
98083
98090
98092
98093
98094
98095
98099
98100
98102
98109
98110
98111
98113
98114
98117
98118
98120
98121
98122
98123
98124
98125
98128
98129
98131
98132
98133
98134
98138
98139
98141
98143
98145
98147
98151
98152
98153
98154
98155
98156
98157
98160
98164
98167
98173
98174
98177
98181
98182
98184
98185
98188
98192
98194
98196
98199
98200
98202
98203
98205
98206
98207
98210
98211
98212
98213
98215
98216
98217
98218
98219
98222
98223
98231
98233
98235
98236
98240
98241
98242
98243
98246
98248
98249
98255
98257
98258
98260
98261
98262
98263
98265
98267
98268
98271
98272
98276
98280
98287
98288
98289
98300
98301
98304
98306
98307
98309
98318
98319
98323
98324
98325
98326
98328
98331
98333
98337
98338
98341
98346
98347
98349
98351
98354
98356
98360
98361
98362
98364
98365
98370
98371
98372
98373
98375
98377
98379
98380
98385
98386
98387
98388
98390
98391
98392
98393
98395
98398
98400
98401
98403
98407
98408
98409
98411
98413
98415
98416
98418
98419
98423
98426
98427
98428
98430
98433
98434
98436
98437
98438
98439
98441
98446
98447
98449
98450
98451
98452
98453
98455
98456
98457
98458
98459
98460
98462
98466
98467
98469
98471
98474
98477
98480
98481
98482
98484
98485
98487
98488
98490
98491
98494
98498
98503
98505
98507
98509
98511
98512
98514
98515
98519
98520
98521
98523
98524
98527
98529
98530
98531
98533
98535
98538
98540
98545
98546
98547
98548
98551
98553
98554
98558
98560
98563
98565
98567
98568
98569
98570
98572
98573
98576
98578
98579
98582
98583
98588
98589
98590
98591
98594
98595
98597
98599
98600
98601
98604
98605
98606
98610
98613
98614
98615
98616
98618
98619
98621
98624
98627
98632
98634
98635
98637
98638
98639
98640
98642
98645
98649
98650
98651
98653
98654
98655
98660
98662
98663
98664
98666
98667
98670
98672
98673
98676
98677
98678
98679
98680
98682
98683
98684
98685
98688
98690
98691
98692
98695
98698
98699
98700
98702
98705
98706
98708
98709
98710
98711
98712
98713
98714
98716
98717
98720
98721
98724
98729
98730
98731
98732
98733
98735
98736
98738
98740
98741
98743
98744
98745
98748
98753
98754
98756
98757
98758
98760
98761
98762
98765
98768
98769
98773
98775
98776
98777
98778
98779
98780
98781
98786
98788
98789
98790
98793
98794
98797
98799
98802
98803
98805
98808
98810
98811
98812
98816
98819
98822
98824
98827
98831
98832
98834
98836
98839
98844
98847
98848
98856
98862
98864
98865
98867
98870
98872
98876
98877
98878
98879
98880
98882
98885
98886
98887
98896
98897
98899
98900
98905
98909
98912
98913
98917
98919
98920
98922
98923
98924
98926
98931
98933
98935
98938
98941
98943
98944
98948
98950
98952
98954
98955
98956
98957
98958
98963
98968
98970
98971
98972
98973
98975
98976
98977
98978
98982
98983
98984
98986
98987
98990
98991
98993
98996
98998
98999
99001
99003
99007
99008
99009
99010
99013
99015
99016
99018
99019
99021
99022
99023
99024
99025
99030
99031
99032
99035
99038
99039
99040
99044
99049
99051
99055
99056
99057
99060
99062
99063
99064
99065
99068
99069
99072
99076
99077
99078
99080
99082
99084
99085
99088
99090
99092
99093
99094
99099
99100
99101
99106
99107
99110
99111
99116
99117
99121
99124
99127
99130
99133
99134
99136
99138
99139
99144
99145
99146
99147
99148
99149
99150
99151
99154
99156
99157
99158
99159
99161
99165
99166
99167
99170
99175
99177
99182
99185
99186
99187
99190
99194
99196
99197
99199
99200
99203
99207
99213
99215
99216
99217
99221
99222
99227
99228
99229
99230
99231
99232
99234
99235
99236
99237
99238
99239
99240
99241
99244
99245
99253
99256
99257
99258
99260
99263
99265
99266
99267
99268
99270
99273
99279
99281
99282
99283
99284
99288
99290
99291
99292
99294
99295
99296
99297
99299
99302
99303
99304
99305
99307
99308
99309
99311
99312
99314
99317
99322
99323
99326
99327
99329
99330
99331
99333
99336
99337
99339
99340
99341
99346
99349
99357
99358
99361
99362
99363
99364
99365
99367
99368
99369
99370
99372
99373
99377
99379
99380
99382
99383
99384
99385
99387
99388
99389
99390
99391
99392
99393
99394
99395
99397
99398
99399
99401
99404
99407
99409
99416
99418
99419
99422
99423
99424
99427
99429
99431
99435
99437
99439
99446
99447
99448
99450
99452
99454
99456
99459
99461
99462
99463
99465
99466
99468
99470
99471
99472
99477
99479
99480
99481
99483
99486
99487
99493
99494
99495
99496
99497
99500
99501
99507
99508
99510
99514
99515
99516
99517
99518
99519
99523
99525
99526
99527
99534
99537
99538
99539
99542
99546
99547
99548
99549
99552
99553
99558
99559
99560
99562
99564
99565
99567
99569
99570
99571
99572
99574
99576
99577
99578
99579
99581
99582
99583
99584
99589
99590
99596
99598
99599
99601
99602
99603
99604
99608
99609
99610
99611
99615
99616
99619
99622
99624
99625
99631
99632
99633
99636
99637
99638
99640
99643
99647
99648
99649
99650
99651
99653
99655
99657
99658
99659
99660
99662
99664
99667
99668
99670
99672
99681
99682
99684
99686
99687
99690
99691
99693
99695
99697
99698
99699
99700
99701
99703
99704
99706
99708
99709
99711
99712
99713
99714
99716
99717
99724
99727
99729
99732
99733
99734
99735
99736
99739
99741
99746
99748
99751
99753
99756
99759
99760
99761
99762
99763
99765
99767
99768
99772
99777
99778
99779
99781
99784
99786
99788
99794
99795
99796
99797
99799
99800
99802
99803
99806
99808
99811
99816
99819
99822
99823
99826
99827
99828
99829
99830
99833
99834
99836
99841
99844
99846
99847
99849
99851
99852
99853
99858
99862
99865
99866
99867
99868
99871
99874
99875
99876
99882
99884
99885
99886
99887
99888
99891
99892
99893
99894
99895
99896
99897
99900
99901
99902
99903
99904
99905
99906
99908
99909
99911
99912
99913
99914
99915
99916
99918
99919
99920
99923
99925
99927
99929
99931
99933
99935
99937
99938
99942
99943
99944
99947
99951
99953
99958
99964
99966
99969
99970
99972
99977
99981
99983
99986
99987
99988
99990
99991
99993
99996
99998
