1
3
6
9
10
11
12
14
15
17
24
27
34
35
36
37
38
44
46
48
50
51
52
55
60
62
63
65
66
67
68
71
73
75
82
84
86
89
93
96
98
99
100
101
102
104
108
111
112
113
114
117
118
123
125
126
128
129
130
132
137
138
140
144
150
153
156
160
161
162
163
164
166
169
170
172
174
175
177
179
180
183
184
186
188
191
192
195
196
204
205
207
208
211
212
217
221
224
226
228
229
233
236
239
240
241
242
243
244
245
246
251
253
254
255
258
259
260
261
262
263
264
266
267
271
272
273
275
276
277
279
280
281
284
287
289
291
293
295
297
299
300
301
302
303
304
308
310
311
317
319
322
323
327
329
330
331
332
333
334
338
340
341
345
349
350
351
353
354
356
357
358
360
362
363
366
369
370
371
372
373
375
376
377
378
380
381
382
384
385
386
387
388
389
390
392
394
396
397
399
400
402
403
405
410
411
413
414
416
417
418
420
422
424
425
432
434
436
442
443
444
446
447
451
454
457
458
460
461
462
463
466
468
469
471
472
473
474
480
482
485
486
487
489
490
491
492
494
495
496
500
501
502
504
505
508
510
514
516
517
518
519
520
524
526
528
529
531
532
533
534
535
536
539
543
544
545
549
550
553
554
555
557
558
559
562
563
566
567
569
571
573
580
582
585
586
587
588
591
592
594
598
599
601
605
609
613
614
615
617
619
621
623
624
625
627
628
629
630
631
636
641
642
643
644
645
647
648
649
650
658
660
661
662
668
670
672
674
676
677
678
679
681
682
683
684
686
688
689
690
693
695
699
700
701
702
704
705
706
707
708
709
711
715
716
721
722
726
731
735
736
738
739
740
741
742
746
748
750
752
753
755
756
757
758
759
762
764
765
768
772
773
776
779
785
787
788
790
792
793
797
798
799
800
801
805
806
807
808
809
810
815
816
817
820
821
822
824
827
828
831
832
833
834
838
839
841
843
845
852
859
860
864
865
867
872
873
875
878
881
882
883
885
887
890
891
893
894
895
897
898
899
900
901
902
903
906
909
910
911
912
915
916
919
921
923
924
925
926
929
930
932
933
935
940
942
943
945
947
949
950
951
954
955
957
960
963
968
970
971
975
977
978
979
982
989
991
992
993
997
1000
1001
1005
1006
1009
1013
1015
1016
1017
1018
1021
1023
1026
1027
1028
1030
1031
1032
1033
1034
1038
1039
1040
1042
1043
1046
1048
1050
1054
1056
1058
1059
1063
1065
1068
1069
1070
1071
1072
1077
1078
1080
1082
1085
1086
1088
1089
1090
1092
1093
1095
1097
1098
1100
1101
1104
1106
1107
1108
1110
1111
1112
1113
1114
1115
1118
1120
1122
1126
1127
1128
1129
1131
1133
1134
1135
1139
1141
1142
1143
1144
1145
1146
1147
1151
1156
1157
1159
1160
1167
1170
1171
1173
1174
1176
1180
1181
1182
1185
1189
1190
1192
1193
1196
1197
1198
1199
1200
1201
1202
1205
1211
1213
1217
1223
1224
1225
1226
1227
1228
1231
1234
1237
1238
1240
1241
1242
1243
1250
1253
1256
1259
1260
1261
1266
1268
1271
1272
1275
1278
1281
1283
1284
1287
1288
1291
1292
1293
1300
1301
1302
1303
1304
1305
1306
1307
1310
1314
1317
1318
1320
1322
1326
1328
1329
1332
1333
1334
1336
1337
1338
1339
1340
1343
1345
1347
1349
1353
1356
1358
1360
1363
1365
1368
1372
1374
1375
1379
1380
1382
1384
1388
1390
1391
1393
1395
1396
1398
1399
1402
1403
1404
1405
1407
1410
1413
1414
1415
1418
1419
1420
1423
1425
1426
1430
1431
1432
1434
1436
1437
1438
1439
1440
1441
1442
1444
1449
1451
1453
1464
1468
1473
1475
1476
1477
1480
1481
1482
1484
1485
1486
1487
1488
1489
1490
1492
1495
1496
1497
1499
1502
1508
1511
1512
1513
1514
1521
1522
1523
1525
1526
1530
1531
1533
1536
1538
1539
1541
1544
1545
1546
1547
1548
1550
1553
1554
1555
1556
1557
1560
1562
1563
1564
1565
1566
1571
1574
1575
1576
1577
1578
1579
1580
1581
1582
1585
1588
1591
1593
1596
1597
1599
1601
1610
1612
1615
1619
1620
1621
1624
1626
1629
1631
1633
1641
1643
1646
1647
1649
1656
1657
1658
1660
1661
1664
1666
1667
1668
1673
1675
1676
1681
1684
1686
1688
1689
1692
1694
1695
1697
1698
1699
1700
1701
1703
1711
1712
1713
1717
1719
1720
1724
1725
1726
1729
1731
1734
1736
1737
1741
1742
1744
1746
1748
1749
1750
1752
1753
1755
1756
1758
1759
1760
1761
1762
1764
1765
1766
1768
1769
1771
1772
1774
1776
1780
1782
1784
1785
1787
1789
1791
1792
1795
1796
1797
1798
1799
1800
1804
1806
1807
1808
1809
1811
1815
1816
1817
1820
1821
1824
1825
1828
1829
1831
1833
1834
1835
1836
1839
1840
1842
1843
1846
1849
1850
1855
1856
1857
1858
1863
1865
1866
1870
1872
1873
1876
1879
1883
1885
1886
1887
1889
1891
1892
1893
1894
1896
1898
1899
1900
1901
1902
1908
1909
1910
1911
1912
1914
1917
1919
1920
1921
1924
1926
1927
1929
1930
1931
1934
1935
1936
1937
1938
1941
1942
1944
1946
1947
1949
1952
1953
1954
1955
1961
1962
1964
1967
1969
1976
1978
1979
1980
1983
1987
1992
1993
1995
1996
1997
1998
2003
2004
2005
2007
2008
2009
2011
2013
2015
2018
2019
2021
2022
2023
2024
2027
2028
2030
2031
2036
2038
2045
2048
2051
2054
2055
2056
2057
2059
2063
2065
2066
2068
2069
2070
2073
2074
2075
2080
2082
2083
2085
2087
2088
2091
2094
2098
2101
2104
2107
2108
2109
2110
2111
2113
2116
2117
2118
2120
2121
2123
2126
2127
2128
2130
2131
2133
2135
2136
2139
2141
2144
2146
2149
2150
2151
2152
2153
2154
2156
2157
2159
2160
2161
2162
2164
2166
2167
2169
2170
2172
2173
2174
2175
2177
2178
2179
2180
2181
2182
2183
2185
2188
2191
2193
2196
2199
2203
2206
2211
2212
2213
2214
2218
2221
2222
2223
2226
2230
2231
2234
2238
2240
2243
2245
2246
2249
2255
2260
2261
2262
2263
2266
2268
2269
2270
2271
2273
2275
2276
2278
2283
2287
2290
2291
2294
2296
2297
2298
2300
2303
2305
2308
2310
2311
2312
2313
2315
2317
2318
2320
2323
2324
2327
2328
2329
2330
2334
2336
2338
2342
2343
2344
2349
2350
2354
2358
2359
2361
2365
2367
2371
2373
2375
2381
2382
2383
2385
2390
2392
2396
2398
2399
2400
2402
2403
2404
2407
2408
2409
2410
2411
2412
2414
2416
2419
2420
2422
2423
2424
2427
2433
2435
2436
2440
2442
2444
2445
2448
2449
2450
2451
2452
2453
2454
2460
2463
2464
2466
2470
2471
2473
2474
2476
2478
2480
2481
2482
2483
2485
2486
2489
2491
2492
2493
2494
2495
2496
2497
2499
2500
2501
2502
2504
2506
2511
2513
2514
2515
2518
2520
2521
2523
2527
2531
2533
2534
2535
2539
2540
2542
2543
2548
2549
2550
2551
2555
2556
2558
2559
2560
2564
2565
2567
2568
2569
2570
2571
2577
2580
2582
2583
2584
2585
2586
2587
2588
2593
2599
2600
2602
2605
2606
2614
2617
2620
2624
2625
2627
2629
2632
2633
2634
2635
2638
2639
2641
2642
2643
2644
2645
2646
2648
2649
2650
2651
2655
2656
2658
2663
2664
2666
2668
2673
2675
2676
2678
2681
2682
2684
2686
2688
2691
2692
2697
2698
2699
2700
2701
2702
2708
2710
2711
2714
2715
2716
2720
2721
2722
2723
2724
2729
2733
2734
2735
2736
2738
2741
2743
2744
2746
2747
2748
2751
2752
2753
2755
2758
2760
2761
2762
2763
2765
2766
2771
2772
2773
2774
2775
2776
2780
2781
2782
2783
2786
2787
2789
2792
2794
2796
2797
2798
2801
2803
2809
2815
2816
2821
2822
2823
2827
2829
2830
2831
2832
2833
2834
2836
2838
2842
2843
2844
2845
2847
2849
2850
2852
2856
2858
2859
2862
2863
2865
2866
2867
2871
2872
2875
2878
2879
2881
2882
2883
2886
2887
2888
2890
2892
2895
2896
2898
2903
2905
2906
2910
2911
2914
2919
2921
2922
2923
2924
2925
2926
2930
2931
2932
2935
2936
2939
2941
2942
2946
2948
2953
2955
2957
2958
2961
2963
2967
2970
2971
2974
2976
2978
2980
2982
2983
2984
2986
2987
2988
2989
2990
2992
2995
2997
2998
2999
3001
3002
3004
3008
3009
3013
3016
3018
3019
3020
3022
3023
3026
3029
3031
3032
3033
3034
3035
3036
3037
3038
3040
3049
3051
3052
3054
3056
3057
3058
3060
3064
3065
3067
3069
3073
3078
3083
3085
3086
3087
3088
3089
3090
3093
3094
3095
3096
3098
3101
3102
3104
3105
3107
3108
3113
3115
3121
3122
3124
3126
3127
3128
3130
3131
3132
3134
3136
3137
3143
3145
3146
3148
3149
3150
3151
3153
3154
3155
3158
3159
3161
3162
3168
3171
3173
3175
3177
3179
3182
3183
3188
3189
3190
3192
3193
3195
3196
3198
3203
3204
3210
3213
3214
3217
3219
3222
3225
3232
3234
3237
3238
3239
3240
3241
3242
3243
3244
3245
3250
3251
3252
3253
3254
3255
3257
3259
3260
3262
3263
3264
3266
3267
3270
3271
3273
3274
3276
3277
3278
3280
3281
3282
3284
3285
3286
3287
3289
3293
3294
3295
3297
3299
3302
3304
3305
3306
3307
3310
3313
3316
3317
3318
3320
3322
3323
3324
3325
3326
3327
3331
3335
3337
3338
3340
3342
3344
3345
3349
3351
3352
3356
3357
3360
3361
3362
3364
3368
3369
3370
3371
3372
3375
3376
3377
3379
3383
3387
3389
3390
3391
3392
3395
3396
3401
3402
3405
3406
3407
3408
3410
3411
3415
3418
3420
3424
3426
3428
3430
3433
3435
3436
3439
3440
3443
3444
3445
3446
3451
3454
3461
3462
3463
3464
3466
3468
3469
3470
3472
3473
3475
3476
3480
3481
3483
3486
3487
3490
3493
3496
3500
3501
3504
3505
3506
3509
3510
3511
3514
3515
3517
3518
3520
3526
3530
3531
3532
3534
3535
3538
3539
3540
3542
3544
3547
3548
3550
3552
3563
3566
3569
3571
3572
3574
3575
3577
3578
3580
3582
3583
3586
3588
3589
3590
3597
3598
3602
3604
3608
3609
3612
3616
3617
3621
3622
3623
3624
3625
3628
3630
3631
3637
3639
3640
3643
3644
3645
3646
3647
3648
3650
3651
3652
3653
3654
3655
3658
3661
3667
3668
3669
3670
3671
3672
3675
3680
3681
3683
3684
3686
3688
3690
3691
3692
3694
3695
3697
3698
3701
3702
3706
3707
3709
3710
3711
3714
3715
3717
3723
3724
3725
3727
3729
3730
3731
3732
3733
3737
3738
3739
3740
3742
3743
3745
3746
3748
3749
3751
3754
3755
3756
3760
3762
3765
3766
3769
3770
3771
3772
3773
3774
3777
3781
3782
3784
3785
3786
3787
3788
3790
3792
3797
3802
3803
3805
3808
3812
3813
3814
3815
3816
3818
3825
3826
3831
3832
3833
3834
3835
3836
3837
3838
3840
3842
3843
3845
3847
3848
3850
3852
3853
3854
3856
3861
3863
3865
3867
3868
3869
3870
3871
3873
3876
3877
3878
3879
3880
3881
3882
3884
3886
3888
3890
3891
3895
3897
3900
3906
3907
3913
3915
3919
3921
3922
3923
3926
3930
3935
3937
3938
3939
3944
3946
3947
3953
3955
3956
3957
3959
3963
3967
3968
3971
3973
3975
3979
3980
3981
3984
3985
3986
3989
3990
3991
3992
3993
3995
3996
3997
3999
4000
4001
4003
4004
4007
4011
4013
4014
4018
4020
4021
4022
4023
4024
4025
4028
4031
4032
4036
4037
4038
4040
4047
4050
4051
4052
4054
4055
4058
4061
4063
4064
4067
4068
4070
4071
4072
4075
4077
4079
4081
4083
4084
4086
4089
4091
4092
4095
4100
4102
4104
4109
4110
4116
4117
4118
4122
4130
4131
4132
4133
4134
4135
4137
4139
4143
4144
4146
4148
4149
4152
4154
4159
4163
4166
4167
4168
4169
4170
4175
4176
4177
4178
4179
4183
4184
4186
4188
4193
4194
4198
4199
4200
4205
4207
4209
4210
4211
4212
4215
4216
4220
4221
4225
4226
4227
4228
4231
4232
4233
4234
4235
4236
4237
4239
4243
4244
4248
4249
4250
4252
4256
4258
4260
4262
4263
4265
4266
4269
4275
4277
4279
4280
4286
4288
4289
4290
4291
4293
4296
4297
4300
4303
4306
4309
4310
4311
4313
4315
4319
4320
4323
4326
4327
4328
4329
4330
4331
4333
4334
4335
4336
4340
4344
4347
4348
4349
4352
4357
4358
4359
4361
4363
4365
4367
4369
4372
4374
4379
4381
4382
4384
4385
4386
4391
4392
4393
4394
4395
4396
4398
4399
4401
4402
4405
4408
4410
4411
4412
4413
4414
4415
4417
4421
4423
4424
4427
4428
4429
4430
4432
4433
4434
4437
4440
4441
4442
4444
4445
4447
4449
4451
4454
4455
4456
4458
4459
4462
4463
4465
4466
4467
4469
4470
4471
4473
4474
4476
4478
4479
4481
4485
4486
4490
4492
4493
4494
4496
4497
4499
4504
4507
4508
4509
4512
4515
4516
4517
4520
4521
4522
4524
4525
4527
4530
4531
4534
4536
4538
4544
4545
4547
4548
4551
4552
4555
4556
4557
4558
4562
4563
4565
4568
4569
4571
4572
4573
4574
4577
4579
4583
4585
4586
4588
4589
4590
4592
4594
4596
4597
4599
4601
4603
4604
4606
4608
4611
4612
4615
4616
4619
4621
4622
4623
4624
4625
4628
4631
4632
4635
4636
4637
4644
4645
4646
4647
4648
4653
4654
4655
4656
4660
4661
4663
4664
4665
4668
4669
4672
4673
4674
4676
4677
4678
4679
4680
4681
4682
4684
4687
4688
4689
4692
4693
4695
4696
4697
4698
4699
4701
4703
4704
4705
4708
4711
4712
4714
4717
4718
4720
4721
4722
4723
4724
4725
4727
4728
4729
4732
4733
4734
4735
4736
4738
4741
4744
4745
4747
4748
4750
4753
4754
4759
4760
4763
4769
4772
4774
4779
4780
4781
4783
4785
4786
4789
4790
4791
4792
4798
4799
4802
4803
4805
4806
4808
4811
4815
4818
4819
4823
4830
4832
4835
4836
4837
4838
4839
4840
4842
4843
4846
4851
4859
4862
4866
4867
4869
4871
4873
4875
4876
4877
4878
4881
4884
4885
4889
4890
4892
4893
4894
4897
4899
4905
4906
4908
4911
4913
4914
4915
4922
4923
4924
4926
4927
4928
4929
4930
4933
4937
4938
4940
4942
4943
4944
4952
4955
4956
4958
4959
4960
4961
4967
4968
4969
4970
4975
4976
4977
4978
4980
4984
4985
4986
4987
4990
4995
4996
4997
4999
5000
5001
5002
5003
5004
5008
5012
5013
5014
5015
5018
5021
5022
5023
5025
5026
5028
5029
5031
5035
5037
5039
5040
5042
5043
5044
5045
5046
5048
5049
5050
5051
5052
5053
5059
5060
5062
5063
5064
5066
5068
5070
5071
5072
5073
5075
5076
5077
5079
5081
5084
5085
5089
5094
5096
5099
5101
5102
5104
5105
5106
5108
5111
5114
5115
5117
5120
5122
5123
5124
5125
5126
5128
5129
5132
5135
5136
5138
5145
5151
5158
5159
5160
5161
5162
5165
5166
5167
5168
5170
5171
5172
5175
5181
5182
5189
5190
5192
5209
5211
5212
5215
5217
5218
5219
5221
5223
5224
5226
5228
5230
5231
5232
5234
5235
5236
5239
5245
5246
5247
5248
5249
5250
5251
5252
5254
5256
5260
5262
5263
5264
5267
5270
5272
5273
5275
5276
5277
5278
5281
5290
5293
5294
5296
5297
5298
5299
5302
5307
5309
5311
5312
5313
5318
5319
5320
5321
5322
5324
5326
5327
5331
5337
5339
5342
5343
5346
5349
5350
5354
5355
5356
5357
5359
5363
5364
5367
5369
5370
5372
5374
5376
5377
5379
5381
5382
5383
5384
5385
5386
5387
5390
5391
5393
5394
5395
5397
5400
5402
5406
5407
5412
5416
5417
5418
5420
5421
5422
5424
5425
5426
5427
5429
5430
5431
5436
5438
5445
5446
5447
5448
5453
5454
5456
5459
5460
5461
5467
5469
5470
5471
5472
5474
5476
5478
5479
5480
5481
5482
5483
5484
5485
5487
5488
5490
5491
5493
5494
5498
5499
5501
5504
5505
5508
5510
5512
5515
5517
5518
5519
5520
5522
5525
5527
5528
5531
5533
5535
5538
5539
5540
5541
5542
5546
5548
5549
5551
5552
5553
5554
5555
5556
5557
5560
5562
5564
5565
5569
5571
5572
5574
5575
5576
5577
5578
5580
5582
5583
5591
5592
5593
5594
5595
5596
5597
5601
5603
5605
5608
5613
5618
5619
5621
5622
5625
5628
5631
5633
5634
5636
5639
5642
5644
5645
5647
5650
5653
5655
5657
5660
5661
5663
5665
5668
5669
5671
5673
5676
5678
5679
5680
5683
5688
5690
5693
5694
5695
5696
5697
5698
5699
5701
5702
5705
5706
5708
5712
5713
5718
5719
5726
5728
5729
5732
5735
5737
5738
5739
5740
5744
5749
5751
5752
5753
5754
5760
5761
5762
5764
5767
5769
5771
5773
5774
5775
5777
5778
5779
5780
5785
5786
5788
5789
5790
5792
5793
5795
5797
5800
5803
5804
5806
5807
5808
5810
5814
5815
5816
5821
5826
5827
5828
5829
5834
5835
5836
5837
5838
5839
5842
5845
5849
5850
5851
5853
5858
5859
5862
5863
5864
5866
5867
5870
5871
5872
5873
5874
5875
5876
5877
5879
5880
5885
5888
5889
5890
5891
5893
5894
5895
5897
5898
5900
5901
5904
5905
5911
5914
5915
5916
5917
5918
5919
5920
5921
5925
5926
5929
5930
5935
5936
5937
5939
5947
5948
5950
5951
5955
5956
5957
5958
5959
5963
5964
5965
5970
5972
5974
5981
5982
5986
5987
5990
5991
5992
5993
5995
5996
5997
5999
6000
6001
6003
6004
6005
6006
6007
6008
6010
6011
6013
6014
6015
6016
6017
6022
6027
6028
6034
6037
6038
6044
6045
6050
6051
6056
6057
6062
6063
6064
6067
6068
6069
6076
6079
6080
6081
6082
6087
6089
6090
6095
6099
6102
6103
6104
6106
6108
6110
6112
6117
6118
6123
6124
6129
6133
6135
6136
6137
6138
6143
6144
6147
6150
6153
6154
6156
6159
6161
6162
6165
6171
6175
6177
6178
6179
6182
6184
6185
6186
6187
6188
6189
6192
6194
6195
6197
6198
6199
6200
6202
6204
6205
6206
6207
6213
6214
6215
6216
6218
6224
6225
6227
6228
6230
6233
6237
6242
6243
6244
6246
6248
6249
6250
6256
6258
6259
6260
6261
6262
6263
6264
6266
6270
6272
6273
6274
6277
6278
6280
6281
6284
6289
6291
6293
6294
6298
6299
6300
6305
6308
6309
6310
6312
6317
6318
6319
6321
6322
6325
6328
6330
6331
6332
6333
6337
6339
6340
6341
6342
6343
6347
6350
6351
6353
6354
6358
6360
6361
6362
6363
6364
6366
6367
6372
6373
6374
6376
6378
6379
6381
6382
6383
6386
6387
6389
6392
6395
6396
6398
6400
6402
6403
6404
6406
6407
6410
6415
6416
6417
6418
6419
6420
6421
6422
6424
6425
6426
6427
6428
6429
6431
6435
6436
6438
6439
6440
6441
6444
6446
6447
6449
6453
6455
6456
6458
6464
6465
6466
6467
6469
6470
6473
6474
6475
6477
6480
6482
6483
6484
6486
6488
6491
6492
6493
6494
6496
6497
6498
6499
6500
6504
6505
6506
6507
6508
6509
6513
6515
6519
6520
6521
6525
6526
6527
6532
6533
6534
6536
6539
6540
6541
6542
6546
6548
6549
6550
6553
6555
6556
6560
6562
6565
6566
6567
6568
6573
6575
6578
6580
6584
6585
6587
6592
6593
6594
6598
6599
6608
6610
6611
6613
6615
6620
6621
6622
6623
6624
6626
6627
6629
6630
6631
6632
6634
6636
6638
6639
6642
6645
6646
6647
6649
6650
6651
6655
6656
6658
6659
6662
6665
6666
6669
6671
6673
6675
6676
6679
6681
6682
6683
6685
6689
6690
6691
6700
6705
6706
6707
6709
6710
6712
6714
6716
6718
6719
6721
6724
6725
6726
6727
6729
6730
6731
6734
6735
6737
6740
6742
6745
6751
6753
6754
6755
6756
6757
6758
6759
6760
6763
6764
6768
6769
6770
6771
6772
6773
6776
6777
6778
6779
6781
6782
6783
6784
6785
6787
6788
6790
6791
6792
6799
6800
6801
6802
6804
6807
6808
6812
6813
6815
6816
6817
6819
6822
6824
6825
6828
6829
6830
6836
6837
6838
6841
6843
6844
6849
6853
6854
6856
6858
6859
6865
6866
6869
6870
6872
6873
6875
6876
6877
6878
6882
6884
6887
6888
6889
6890
6891
6893
6896
6898
6900
6901
6902
6904
6907
6908
6909
6911
6912
6914
6919
6923
6928
6929
6931
6933
6941
6944
6945
6947
6948
6953
6955
6956
6957
6958
6959
6960
6962
6963
6964
6965
6970
6971
6972
6973
6975
6979
6981
6982
6983
6987
6988
6990
6992
6996
6997
6999
7001
7002
7003
7004
7005
7009
7012
7013
7014
7015
7018
7022
7023
7024
7026
7027
7028
7030
7031
7033
7034
7035
7036
7037
7038
7039
7040
7041
7042
7045
7047
7048
7049
7051
7052
7053
7055
7056
7057
7062
7063
7064
7066
7068
7070
7071
7072
7075
7076
7078
7084
7085
7086
7088
7093
7095
7096
7098
7099
7103
7107
7108
7109
7110
7111
7114
7115
7119
7121
7122
7126
7129
7130
7131
7137
7140
7142
7148
7152
7153
7154
7155
7157
7158
7160
7161
7162
7165
7167
7169
7170
7172
7173
7174
7176
7177
7178
7181
7188
7189
7192
7199
7203
7205
7207
7208
7213
7214
7218
7220
7221
7222
7223
7224
7225
7227
7228
7229
7232
7233
7234
7240
7241
7242
7243
7245
7248
7254
7255
7257
7262
7264
7270
7271
7275
7278
7280
7281
7282
7285
7286
7289
7290
7291
7293
7295
7296
7297
7299
7300
7302
7303
7305
7306
7307
7309
7310
7311
7312
7313
7315
7316
7317
7320
7322
7323
7324
7326
7328
7330
7331
7334
7343
7344
7345
7346
7348
7350
7353
7354
7356
7359
7360
7362
7363
7366
7367
7368
7369
7370
7371
7372
7373
7376
7377
7378
7380
7382
7384
7386
7387
7391
7393
7395
7397
7399
7401
7402
7403
7406
7415
7416
7417
7418
7424
7425
7426
7430
7432
7433
7435
7437
7439
7441
7442
7443
7447
7449
7452
7456
7457
7460
7463
7464
7467
7474
7475
7476
7478
7480
7481
7482
7483
7484
7487
7488
7490
7494
7495
7499
7503
7504
7506
7508
7509
7511
7516
7518
7521
7522
7524
7527
7529
7532
7533
7535
7536
7539
7545
7546
7547
7549
7552
7555
7556
7558
7562
7563
7566
7568
7569
7570
7572
7573
7574
7577
7581
7582
7583
7584
7585
7589
7591
7593
7595
7597
7598
7600
7601
7602
7604
7605
7606
7607
7612
7614
7615
7616
7617
7619
7620
7626
7627
7629
7630
7631
7633
7635
7637
7639
7641
7643
7645
7648
7649
7650
7652
7655
7656
7657
7659
7664
7667
7668
7669
7670
7673
7676
7677
7678
7679
7680
7682
7683
7684
7688
7691
7692
7693
7695
7696
7697
7699
7701
7702
7703
7705
7708
7710
7711
7712
7713
7715
7720
7722
7723
7724
7728
7729
7732
7733
7735
7738
7739
7744
7745
7747
7750
7751
7752
7753
7754
7758
7759
7760
7761
7762
7766
7768
7770
7771
7772
7773
7774
7775
7776
7778
7779
7781
7783
7784
7786
7788
7790
7792
7793
7794
7795
7797
7802
7806
7810
7811
7815
7817
7822
7823
7824
7827
7828
7830
7831
7832
7834
7835
7837
7839
7841
7842
7844
7849
7851
7853
7854
7856
7858
7859
7861
7862
7863
7866
7867
7870
7874
7877
7878
7879
7882
7883
7886
7889
7894
7895
7896
7898
7902
7905
7906
7909
7911
7914
7915
7918
7921
7923
7924
7926
7927
7929
7930
7934
7936
7938
7940
7941
7942
7943
7944
7945
7950
7953
7955
7961
7965
7969
7971
7972
7976
7977
7980
7982
7983
7984
7986
7990
7993
7994
7997
7998
7999
8001
8002
8003
8004
8005
8008
8012
8015
8016
8017
8019
8020
8022
8024
8025
8026
8028
8031
8033
8036
8037
8038
8039
8041
8042
8043
8044
8045
8047
8048
8049
8050
8052
8053
8056
8061
8064
8067
8070
8073
8074
8077
8078
8079
8081
8082
8084
8086
8088
8090
8091
8093
8096
8099
8101
8105
8106
8107
8108
8109
8110
8117
8120
8124
8125
8128
8129
8130
8134
8135
8138
8139
8145
8146
8147
8148
8149
8152
8155
8156
8157
8160
8163
8164
8169
8178
8185
8186
8189
8190
8193
8194
8195
8197
8198
8200
8202
8206
8207
8208
8209
8210
8212
8214
8219
8220
8221
8224
8228
8230
8231
8232
8236
8238
8240
8241
8242
8244
8245
8247
8248
8249
8251
8252
8253
8254
8255
8257
8258
8259
8262
8265
8267
8269
8271
8272
8273
8274
8275
8276
8277
8278
8280
8281
8282
8283
8287
8291
8293
8294
8295
8296
8303
8304
8305
8307
8309
8310
8315
8319
8320
8321
8323
8327
8331
8332
8335
8338
8340
8342
8345
8346
8351
8352
8353
8355
8356
8359
8360
8363
8366
8367
8368
8370
8372
8373
8375
8376
8377
8378
8380
8381
8382
8384
8385
8389
8390
8392
8394
8395
8396
8397
8398
8399
8401
8403
8404
8405
8407
8409
8411
8413
8414
8417
8418
8420
8422
8425
8427
8429
8435
8440
8442
8443
8444
8446
8448
8452
8453
8454
8455
8456
8465
8466
8471
8475
8479
8480
8481
8482
8484
8485
8487
8491
8492
8493
8495
8496
8497
8498
8501
8502
8504
8505
8507
8508
8510
8511
8512
8515
8519
8521
8522
8530
8533
8535
8536
8537
8540
8541
8542
8546
8547
8548
8549
8550
8551
8552
8553
8555
8557
8558
8561
8563
8565
8567
8569
8570
8575
8576
8578
8580
8581
8583
8584
8585
8589
8594
8596
8600
8601
8604
8605
8609
8610
8611
8614
8615
8620
8624
8625
8631
8632
8634
8636
8637
8639
8641
8642
8645
8646
8648
8649
8650
8652
8653
8655
8658
8661
8662
8663
8667
8668
8669
8671
8676
8679
8680
8681
8688
8690
8691
8692
8696
8697
8698
8699
8700
8703
8705
8708
8709
8710
8714
8716
8718
8719
8720
8722
8723
8724
8728
8730
8732
8734
8735
8736
8738
8739
8741
8742
8745
8749
8751
8752
8757
8759
8761
8762
8763
8765
8767
8769
8770
8771
8773
8774
8775
8776
8778
8779
8780
8781
8785
8788
8790
8791
8792
8793
8794
8796
8797
8798
8799
8800
8803
8805
8806
8807
8810
8811
8812
8815
8816
8817
8818
8819
8821
8822
8826
8828
8831
8833
8834
8836
8837
8838
8840
8841
8843
8844
8846
8847
8848
8852
8853
8854
8857
8864
8867
8869
8870
8871
8874
8875
8877
8878
8880
8881
8886
8888
8889
8893
8895
8896
8898
8901
8903
8907
8908
8910
8913
8915
8918
8924
8925
8929
8932
8937
8939
8943
8946
8947
8948
8950
8951
8952
8953
8954
8955
8956
8958
8962
8964
8967
8972
8973
8974
8975
8977
8978
8981
8982
8986
8989
8990
8992
8994
8997
8999
9002
9003
9004
9005
9007
9011
9013
9015
9016
9017
9018
9020
9021
9022
9023
9028
9029
9030
9031
9034
9037
9038
9040
9041
9043
9051
9054
9057
9059
9064
9066
9071
9076
9077
9078
9080
9081
9087
9088
9089
9090
9091
9094
9098
9102
9104
9106
9107
9108
9109
9110
9113
9115
9116
9117
9120
9121
9124
9126
9127
9129
9130
9132
9133
9134
9136
9137
9141
9143
9144
9149
9150
9151
9152
9154
9155
9156
9157
9158
9163
9166
9168
9170
9171
9173
9175
9180
9181
9188
9192
9194
9195
9196
9197
9198
9199
9201
9202
9203
9204
9210
9212
9214
9215
9216
9219
9220
9221
9222
9223
9224
9225
9227
9228
9229
9230
9235
9236
9238
9240
9242
9243
9248
9250
9251
9253
9254
9255
9256
9258
9261
9264
9265
9266
9267
9268
9269
9271
9272
9275
9278
9280
9281
9282
9283
9285
9286
9287
9288
9289
9290
9291
9294
9295
9296
9298
9299
9300
9301
9303
9305
9306
9307
9312
9316
9317
9319
9320
9321
9322
9323
9327
9329
9330
9333
9334
9337
9339
9340
9344
9345
9349
9350
9352
9355
9359
9361
9362
9363
9364
9370
9379
9381
9385
9386
9389
9391
9393
9396
9397
9400
9405
9406
9407
9409
9411
9412
9414
9421
9422
9423
9424
9426
9430
9431
9432
9433
9434
9436
9437
9438
9440
9443
9444
9446
9449
9456
9457
9461
9462
9464
9465
9467
9469
9471
9472
9477
9478
9479
9480
9481
9483
9485
9486
9487
9488
9491
9493
9495
9497
9501
9502
9504
9505
9507
9509
9512
9513
9517
9519
9520
9522
9524
9525
9527
9528
9529
9534
9536
9538
9539
9542
9543
9544
9545
9546
9551
9554
9556
9561
9562
9563
9564
9567
9568
9569
9571
9572
9573
9574
9575
9577
9581
9582
9584
9587
9588
9589
9590
9592
9593
9597
9598
9603
9606
9608
9609
9610
9611
9612
9614
9621
9625
9626
9628
9630
9632
9636
9637
9638
9639
9642
9647
9648
9653
9656
9659
9662
9663
9665
9668
9671
9674
9675
9677
9683
9684
9685
9686
9688
9689
9691
9692
9695
9697
9701
9704
9706
9710
9711
9714
9715
9716
9717
9719
9720
9722
9724
9727
9730
9731
9733
9735
9737
9738
9739
9740
9742
9745
9746
9747
9748
9749
9751
9752
9754
9755
9756
9758
9759
9760
9762
9764
9765
9768
9771
9772
9773
9775
9776
9779
9780
9781
9788
9790
9792
9795
9796
9797
9799
9801
9805
9806
9807
9809
9811
9814
9816
9819
9823
9825
9830
9832
9836
9839
9842
9847
9849
9852
9853
9854
9855
9856
9858
9859
9860
9862
9863
9864
9866
9869
9870
9871
9872
9873
9876
9879
9880
9885
9888
9889
9892
9893
9894
9898
9899
9900
9902
9903
9904
9905
9906
9907
9908
9910
9911
9912
9914
9915
9916
9919
9922
9923
9925
9927
9929
9931
9932
9934
9938
9939
9943
9944
9945
9948
9950
9954
9958
9961
9963
9965
9967
9969
9970
9971
9973
9975
9976
9977
9978
9979
9981
9983
9984
9985
9986
9991
9995
9996
9998
10000
10002
10004
10006
10008
10009
10013
10014
10019
10020
10021
10023
10025
10026
10029
10030
10032
10033
10034
10035
10039
10041
10043
10044
10045
10052
10054
10057
10061
10063
10064
10066
10067
10068
10072
10073
10075
10077
10081
10085
10086
10087
10088
10092
10093
10094
10097
10098
10100
10101
10102
10103
10106
10107
10108
10111
10112
10113
10115
10118
10120
10122
10123
10126
10128
10129
10130
10131
10132
10137
10139
10145
10149
10154
10155
10156
10157
10158
10159
10161
10162
10165
10166
10167
10168
10170
10171
10173
10175
10177
10178
10180
10183
10185
10189
10193
10194
10195
10197
10199
10200
10202
10207
10208
10215
10216
10217
10219
10220
10221
10222
10224
10225
10228
10230
10238
10244
10245
10246
10249
10250
10252
10255
10256
10257
10258
10259
10260
10262
10263
10265
10266
10269
10270
10271
10273
10274
10276
10277
10278
10281
10283
10285
10286
10288
10289
10292
10293
10295
10296
10297
10298
10299
10303
10306
10310
10312
10313
10314
10315
10317
10318
10319
10320
10321
10324
10325
10327
10329
10332
10333
10334
10336
10339
10342
10345
10347
10351
10352
10353
10354
10356
10358
10363
10364
10367
10368
10376
10377
10378
10382
10385
10386
10387
10388
10390
10391
10393
10394
10395
10397
10399
10403
10405
10407
10409
10411
10415
10416
10417
10418
10419
10425
10427
10429
10433
10435
10436
10437
10442
10443
10444
10445
10447
10449
10452
10453
10454
10455
10456
10457
10458
10459
10462
10463
10465
10466
10468
10471
10472
10473
10476
10478
10482
10483
10485
10488
10494
10498
10499
10500
10501
10503
10506
10507
10511
10512
10514
10515
10517
10520
10521
10522
10524
10525
10527
10528
10529
10530
10531
10532
10534
10535
10538
10540
10541
10543
10544
10545
10551
10552
10554
10555
10557
10558
10570
10572
10574
10575
10576
10577
10578
10579
10581
10582
10584
10587
10588
10590
10592
10594
10596
10600
10601
10602
10604
10608
10609
10612
10616
10617
10618
10619
10622
10623
10624
10625
10634
10635
10637
10638
10639
10641
10642
10644
10645
10646
10647
10650
10653
10654
10655
10656
10659
10660
10661
10662
10665
10666
10668
10669
10670
10673
10678
10679
10682
10684
10685
10691
10695
10697
10698
10699
10701
10704
10705
10709
10710
10714
10718
10722
10725
10726
10728
10729
10732
10733
10735
10736
10738
10742
10744
10747
10749
10751
10752
10753
10757
10758
10763
10764
10765
10767
10768
10769
10772
10773
10775
10776
10779
10782
10786
10787
10789
10791
10793
10794
10796
10801
10802
10805
10810
10811
10815
10817
10819
10820
10825
10826
10827
10829
10831
10836
10837
10838
10842
10843
10844
10845
10848
10850
10852
10854
10858
10860
10862
10863
10867
10868
10869
10870
10871
10874
10877
10878
10887
10889
10890
10891
10892
10893
10894
10897
10898
10901
10905
10906
10908
10909
10910
10911
10913
10915
10916
10917
10920
10922
10923
10924
10926
10929
10931
10933
10935
10936
10937
10938
10940
10941
10942
10943
10947
10948
10950
10952
10953
10954
10957
10959
10962
10964
10967
10968
10970
10971
10974
10978
10980
10981
10982
10983
10985
10986
10988
10990
10994
10995
10996
10997
10998
11001
11003
11013
11015
11016
11017
11023
11024
11025
11028
11029
11033
11034
11035
11036
11037
11039
11043
11046
11050
11052
11053
11054
11057
11058
11059
11062
11065
11066
11068
11069
11070
11071
11072
11073
11075
11076
11077
11078
11079
11080
11082
11085
11086
11088
11093
11095
11096
11098
11099
11100
11102
11103
11108
11111
11113
11116
11118
11119
11121
11122
11126
11130
11131
11134
11137
11140
11143
11144
11146
11147
11150
11151
11152
11155
11156
11157
11158
11159
11164
11165
11166
11167
11168
11169
11171
11172
11175
11176
11179
11180
11182
11186
11188
11190
11192
11193
11194
11197
11198
11199
11200
11203
11205
11207
11208
11209
11210
11211
11213
11214
11215
11219
11220
11222
11224
11225
11227
11228
11229
11230
11233
11234
11235
11238
11242
11243
11246
11253
11256
11258
11259
11260
11261
11263
11264
11269
11270
11274
11275
11276
11281
11283
11284
11288
11290
11291
11292
11293
11296
11298
11300
11301
11302
11303
11304
11305
11306
11309
11310
11312
11313
11314
11316
11317
11318
11319
11323
11325
11331
11335
11336
11338
11340
11345
11346
11354
11355
11357
11361
11363
11368
11369
11370
11371
11372
11374
11377
11378
11379
11382
11384
11385
11386
11387
11390
11391
11393
11394
11395
11396
11404
11406
11407
11411
11413
11415
11416
11417
11418
11419
11425
11429
11431
11432
11433
11434
11435
11436
11437
11439
11444
11445
11446
11448
11450
11451
11453
11456
11458
11460
11462
11463
11464
11466
11467
11469
11472
11473
11476
11478
11480
11481
11483
11486
11488
11490
11492
11493
11494
11502
11506
11508
11510
11511
11513
11515
11522
11524
11526
11530
11533
11535
11537
11540
11543
11545
11548
11549
11550
11551
11552
11553
11557
11559
11561
11562
11565
11568
11569
11577
11585
11587
11589
11591
11592
11593
11595
11598
11601
11604
11605
11606
11607
11608
11609
11610
11612
11613
11614
11616
11619
11621
11623
11625
11627
11629
11630
11633
11636
11637
11638
11641
11643
11645
11648
11649
11650
11653
11658
11659
11662
11663
11664
11669
11671
11672
11673
11675
11677
11683
11684
11685
11686
11689
11692
11693
11694
11696
11698
11699
11700
11703
11706
11707
11709
11711
11712
11714
11715
11716
11718
11720
11722
11724
11725
11728
11729
11730
11731
11734
11735
11738
11739
11742
11744
11745
11747
11748
11749
11753
11755
11758
11759
11760
11761
11763
11764
11765
11768
11769
11778
11779
11783
11785
11787
11789
11790
11792
11794
11795
11796
11797
11800
11801
11802
11803
11804
11805
11807
11809
11811
11812
11816
11817
11821
11822
11826
11827
11828
11832
11834
11835
11837
11838
11839
11841
11842
11843
11844
11846
11850
11851
11853
11854
11855
11856
11857
11859
11860
11861
11862
11864
11866
11867
11871
11872
11874
11879
11880
11881
11882
11883
11886
11888
11889
11891
11892
11895
11897
11901
11903
11906
11908
11909
11910
11917
11918
11919
11920
11921
11922
11923
11926
11930
11931
11932
11933
11936
11937
11939
11943
11944
11948
11950
11951
11953
11955
11956
11957
11958
11960
11961
11964
11969
11970
11971
11973
11975
11977
11978
11979
11982
11984
11986
11987
11988
11989
11990
11994
12002
12005
12009
12010
12013
12014
12015
12016
12017
12019
12020
12021
12024
12026
12027
12028
12029
12031
12032
12033
12034
12035
12037
12038
12039
12040
12042
12043
12045
12048
12050
12052
12053
12054
12058
12059
12060
12061
12062
12067
12069
12074
12075
12078
12079
12080
12085
12086
12089
12090
12092
12095
12098
12099
12102
12105
12106
12111
12113
12115
12116
12117
12123
12131
12132
12136
12138
12143
12145
12147
12149
12150
12151
12152
12153
12157
12158
12165
12167
12168
12170
12171
12173
12175
12176
12178
12179
12180
12181
12183
12184
12185
12187
12188
12190
12192
12194
12196
12198
12200
12201
12202
12203
12204
12205
12209
12213
12214
12217
12218
12221
12226
12227
12228
12232
12234
12235
12236
12240
12242
12247
12250
12251
12252
12253
12257
12258
12260
12261
12262
12264
12267
12269
12271
12273
12276
12280
12285
12286
12289
12290
12291
12292
12293
12294
12295
12299
12303
12304
12307
12308
12310
12312
12313
12316
12317
12318
12319
12320
12321
12322
12329
12333
12334
12336
12339
12341
12345
12346
12349
12351
12352
12353
12356
12358
12359
12361
12365
12366
12367
12369
12370
12371
12372
12376
12377
12378
12380
12382
12383
12386
12388
12390
12393
12394
12395
12396
12398
12402
12406
12411
12413
12414
12415
12416
12418
12420
12422
12424
12427
12429
12430
12433
12434
12436
12437
12439
12441
12442
12446
12447
12449
12452
12453
12455
12458
12459
12461
12462
12463
12464
12468
12470
12471
12474
12476
12478
12479
12480
12483
12485
12486
12487
12490
12491
12492
12495
12496
12497
12498
12503
12504
12505
12508
12509
12510
12511
12516
12517
12518
12520
12521
12522
12524
12531
12532
12533
12535
12536
12537
12538
12539
12540
12542
12543
12544
12545
12547
12548
12554
12559
12560
12561
12562
12565
12566
12569
12570
12575
12580
12581
12582
12583
12586
12588
12592
12594
12596
12599
12601
12605
12606
12609
12610
12611
12612
12613
12615
12617
12619
12621
12626
12629
12630
12632
12633
12636
12638
12645
12646
12647
12648
12649
12656
12657
12658
12659
12661
12662
12664
12666
12667
12671
12672
12673
12674
12676
12677
12679
12680
12682
12684
12685
12686
12689
12694
12696
12697
12698
12699
12703
12704
12706
12710
12713
12716
12718
12720
12721
12722
12730
12731
12734
12735
12738
12740
12742
12744
12745
12749
12751
12752
12753
12755
12756
12760
12761
12763
12765
12766
12767
12770
12772
12773
12774
12775
12779
12780
12787
12789
12790
12791
12792
12793
12794
12796
12797
12798
12799
12801
12804
12809
12811
12814
12815
12816
12817
12820
12821
12822
12823
12826
12827
12829
12832
12834
12835
12836
12837
12839
12841
12846
12847
12849
12851
12852
12854
12859
12860
12861
12868
12869
12870
12874
12875
12877
12878
12879
12881
12882
12884
12885
12886
12888
12889
12893
12894
12895
12897
12898
12899
12901
12902
12904
12905
12906
12907
12908
12912
12915
12917
12918
12920
12926
12927
12932
12933
12934
12937
12939
12940
12944
12948
12949
12952
12954
12955
12956
12957
12958
12960
12961
12968
12971
12972
12975
12977
12978
12979
12980
12982
12983
12984
12985
12986
12988
12990
12992
12994
12996
13001
13003
13005
13006
13007
13012
13014
13015
13016
13021
13023
13024
13026
13029
13033
13035
13038
13040
13043
13044
13045
13046
13048
13052
13053
13057
13059
13061
13064
13065
13066
13068
13071
13073
13074
13075
13076
13077
13080
13081
13082
13083
13085
13087
13090
13095
13096
13101
13102
13104
13109
13114
13117
13118
13122
13123
13124
13125
13126
13127
13128
13129
13130
13131
13132
13135
13136
13137
13141
13142
13144
13145
13150
13153
13154
13156
13160
13162
13166
13167
13170
13171
13176
13177
13181
13185
13186
13187
13188
13192
13193
13195
13199
13201
13202
13204
13205
13206
13207
13210
13213
13214
13215
13217
13220
13223
13225
13228
13231
13232
13233
13237
13238
13241
13244
13245
13246
13248
13249
13251
13252
13254
13256
13259
13260
13261
13262
13263
13264
13265
13266
13269
13272
13275
13277
13279
13281
13289
13292
13293
13295
13296
13297
13298
13306
13307
13308
13309
13312
13313
13314
13316
13320
13325
13326
13327
13329
13331
13333
13334
13335
13337
13338
13339
13341
13343
13344
13345
13346
13347
13350
13351
13352
13353
13354
13355
13356
13360
13361
13362
13363
13365
13370
13371
13373
13375
13376
13377
13379
13383
13384
13387
13389
13390
13393
13394
13396
13399
13405
13406
13407
13408
13409
13410
13414
13415
13416
13417
13418
13419
13420
13421
13426
13430
13434
13435
13437
13438
13441
13442
13444
13446
13448
13449
13451
13458
13460
13464
13465
13468
13469
13470
13472
13473
13474
13477
13478
13479
13480
13481
13483
13484
13485
13487
13489
13493
13495
13496
13498
13499
13500
13501
13503
13505
13506
13507
13509
13511
13513
13514
13516
13517
13519
13521
13522
13524
13528
13530
13531
13535
13536
13539
13540
13541
13542
13548
13549
13550
13552
13556
13558
13559
13564
13568
13569
13570
13572
13573
13576
13578
13580
13581
13583
13584
13585
13587
13588
13590
13591
13592
13593
13595
13598
13599
13600
13601
13602
13603
13604
13605
13607
13608
13609
13610
13613
13615
13618
13619
13621
13623
13625
13626
13627
13628
13629
13630
13634
13636
13638
13640
13641
13647
13650
13651
13652
13653
13655
13659
13662
13663
13669
13670
13671
13672
13673
13674
13680
13684
13687
13688
13690
13691
13692
13693
13694
13695
13696
13700
13704
13706
13707
13708
13710
13711
13713
13714
13718
13719
13720
13725
13726
13728
13729
13732
13733
13734
13735
13736
13737
13740
13742
13743
13745
13747
13748
13750
13756
13758
13761
13762
13763
13765
13766
13767
13769
13771
13772
13773
13775
13776
13777
13779
13781
13783
13785
13786
13788
13790
13792
13793
13797
13800
13801
13803
13804
13809
13812
13817
13820
13822
13824
13826
13827
13828
13832
13836
13838
13840
13842
13843
13844
13846
13851
13856
13860
13862
13863
13864
13865
13867
13868
13870
13874
13875
13878
13880
13881
13884
13886
13889
13890
13891
13892
13893
13894
13896
13897
13898
13903
13905
13906
13907
13908
13909
13911
13912
13913
13914
13916
13917
13922
13928
13933
13935
13937
13938
13945
13946
13948
13952
13954
13957
13958
13959
13960
13963
13965
13968
13970
13973
13975
13977
13981
13983
13987
13988
13993
13995
13998
13999
14000
14001
14003
14004
14006
14007
14008
14012
14013
14014
14016
14017
14018
14019
14022
14025
14026
14029
14032
14033
14035
14036
14037
14038
14039
14042
14044
14048
14050
14051
14052
14053
14055
14057
14059
14066
14067
14068
14069
14070
14071
14073
14074
14075
14077
14078
14079
14086
14088
14091
14096
14097
14098
14103
14104
14105
14106
14108
14109
14110
14111
14112
14113
14115
14117
14118
14120
14121
14123
14127
14128
14129
14133
14136
14138
14140
14142
14143
14144
14146
14147
14155
14157
14158
14159
14164
14167
14171
14172
14173
14175
14177
14178
14188
14190
14191
14193
14194
14196
14197
14199
14201
14202
14205
14206
14207
14211
14214
14216
14218
14220
14221
14222
14223
14225
14226
14228
14229
14233
14234
14235
14236
14237
14239
14241
14242
14243
14246
14249
14253
14254
14258
14262
14263
14264
14266
14276
14278
14280
14282
14283
14284
14286
14287
14288
14290
14292
14293
14296
14298
14299
14301
14304
14306
14307
14310
14311
14312
14313
14316
14320
14322
14323
14324
14325
14327
14328
14331
14332
14336
14337
14338
14341
14343
14344
14345
14347
14348
14351
14353
14354
14359
14365
14367
14369
14370
14371
14373
14374
14375
14376
14377
14379
14381
14383
14385
14386
14387
14389
14393
14397
14398
14400
14401
14405
14406
14407
14408
14412
14414
14416
14422
14424
14428
14430
14431
14432
14433
14434
14437
14438
14440
14441
14442
14443
14445
14447
14448
14453
14454
14455
14456
14457
14458
14460
14461
14466
14468
14469
14470
14475
14478
14482
14484
14488
14489
14490
14491
14497
14498
14500
14501
14502
14504
14509
14510
14512
14514
14517
14520
14521
14522
14525
14526
14527
14528
14530
14531
14533
14534
14536
14537
14538
14539
14540
14542
14543
14546
14549
14550
14552
14555
14556
14557
14559
14561
14562
14564
14569
14570
14571
14572
14573
14574
14575
14576
14577
14579
14584
14587
14593
14595
14597
14598
14599
14608
14611
14612
14616
14619
14620
14621
14624
14625
14626
14630
14632
14633
14634
14635
14636
14637
14638
14642
14645
14646
14647
14649
14650
14651
14652
14658
14662
14663
14665
14666
14668
14669
14670
14671
14673
14674
14678
14681
14682
14685
14686
14688
14691
14695
14696
14698
14699
14700
14705
14706
14708
14710
14711
14716
14720
14722
14726
14729
14730
14731
14732
14735
14739
14740
14742
14745
14746
14747
14750
14751
14755
14756
14757
14758
14759
14760
14761
14762
14764
14766
14769
14773
14774
14776
14780
14782
14783
14784
14786
14787
14789
14791
14792
14795
14797
14800
14801
14807
14809
14813
14814
14815
14816
14817
14821
14825
14827
14831
14835
14837
14838
14840
14841
14842
14843
14845
14846
14847
14848
14849
14853
14855
14863
14865
14866
14867
14868
14869
14873
14879
14882
14884
14885
14887
14888
14889
14890
14892
14893
14895
14897
14898
14899
14900
14904
14905
14906
14911
14916
14917
14918
14919
14921
14922
14923
14927
14928
14929
14930
14931
14932
14934
14937
14939
14941
14943
14944
14945
14948
14950
14951
14952
14953
14954
14956
14958
14959
14960
14963
14969
14970
14971
14973
14980
14981
14982
14987
14988
14990
14992
14994
14996
14997
14998
15000
15001
15003
15004
15006
15009
15012
15013
15014
15015
15016
15017
15019
15020
15023
15031
15032
15033
15034
15038
15040
15041
15042
15044
15046
15047
15048
15049
15053
15055
15057
15058
15059
15062
15063
15064
15065
15068
15070
15071
15075
15076
15078
15079
15080
15081
15085
15086
15087
15090
15091
15093
15098
15099
15103
15104
15107
15108
15110
15111
15115
15116
15120
15121
15122
15124
15125
15127
15128
15129
15130
15133
15135
15136
15138
15141
15142
15146
15147
15148
15149
15151
15153
15154
15155
15158
15161
15164
15173
15175
15178
15179
15180
15182
15184
15187
15190
15191
15194
15195
15196
15197
15200
15207
15208
15209
15213
15214
15215
15216
15217
15219
15220
15225
15227
15229
15231
15232
15236
15237
15238
15240
15241
15242
15244
15248
15249
15250
15251
15252
15253
15254
15258
15259
15261
15262
15264
15266
15271
15280
15283
15284
15290
15291
15293
15299
15300
15301
15302
15305
15306
15307
15309
15310
15311
15312
15313
15316
15318
15321
15322
15325
15327
15328
15329
15330
15333
15336
15337
15339
15345
15346
15350
15351
15353
15355
15357
15360
15361
15363
15364
15370
15373
15374
15375
15376
15377
15378
15380
15381
15382
15384
15385
15389
15391
15393
15394
15395
15396
15399
15400
15402
15403
15404
15407
15411
15416
15417
15419
15420
15421
15422
15424
15425
15426
15428
15431
15433
15435
15436
15439
15440
15441
15442
15447
15451
15452
15456
15460
15461
15463
15464
15465
15467
15468
15469
15471
15472
15473
15474
15475
15476
15477
15481
15483
15484
15486
15497
15498
15499
15501
15502
15503
15506
15507
15509
15510
15511
15514
15515
15521
15524
15526
15527
15528
15529
15530
15532
15536
15537
15539
15540
15543
15545
15546
15549
15550
15551
15554
15555
15556
15558
15559
15562
15568
15569
15572
15573
15576
15578
15579
15583
15585
15587
15590
15591
15596
15597
15598
15601
15603
15604
15610
15614
15615
15616
15619
15620
15621
15623
15626
15627
15630
15631
15632
15634
15637
15639
15640
15642
15643
15645
15646
15647
15648
15649
15650
15652
15653
15659
15660
15662
15663
15665
15667
15668
15670
15675
15676
15680
15681
15683
15690
15693
15694
15697
15698
15700
15701
15702
15703
15704
15707
15708
15710
15711
15713
15714
15717
15720
15721
15724
15725
15727
15730
15733
15735
15737
15740
15743
15748
15749
15752
15756
15757
15760
15761
15762
15763
15766
15767
15768
15770
15772
15773
15774
15781
15782
15783
15786
15787
15788
15789
15792
15793
15794
15795
15803
15804
15805
15806
15807
15809
15811
15814
15816
15818
15819
15821
15824
15825
15826
15827
15828
15829
15832
15833
15834
15835
15841
15844
15847
15849
15850
15851
15852
15857
15859
15862
15863
15864
15865
15868
15869
15871
15872
15875
15878
15879
15880
15881
15883
15885
15886
15888
15892
15894
15895
15896
15897
15899
15902
15906
15907
15908
15909
15912
15914
15915
15916
15917
15918
15920
15921
15923
15929
15932
15933
15934
15935
15940
15942
15944
15950
15953
15954
15955
15956
15958
15962
15966
15967
15968
15973
15974
15976
15977
15981
15982
15984
15985
15986
15987
15988
15989
15992
15993
15994
15996
15997
16000
16001
16002
16006
16008
16009
16012
16014
16015
16018
16021
16022
16023
16026
16027
16032
16036
16038
16041
16042
16043
16044
16049
16052
16054
16055
16058
16059
16061
16063
16068
16077
16078
16080
16081
16082
16083
16085
16087
16089
16090
16092
16095
16096
16097
16098
16101
16103
16110
16111
16112
16114
16115
16118
16120
16121
16122
16123
16124
16127
16130
16132
16134
16135
16136
16137
16140
16141
16144
16145
16147
16148
16149
16151
16156
16158
16159
16161
16164
16166
16167
16168
16169
16173
16175
16178
16180
16181
16182
16184
16186
16188
16189
16190
16192
16193
16194
16195
16198
16200
16201
16202
16203
16204
16205
16207
16209
16211
16212
16213
16217
16218
16220
16225
16226
16227
16229
16230
16231
16235
16238
16241
16242
16245
16246
16247
16248
16250
16252
16253
16254
16256
16257
16258
16259
16262
16270
16271
16273
16274
16277
16282
16283
16284
16289
16290
16293
16294
16295
16296
16299
16300
16301
16304
16305
16306
16307
16309
16310
16315
16316
16318
16319
16320
16321
16323
16326
16328
16330
16331
16332
16336
16337
16339
16340
16343
16344
16346
16352
16353
16354
16356
16358
16362
16365
16366
16367
16368
16369
16370
16372
16374
16376
16378
16380
16382
16383
16385
16387
16388
16390
16392
16395
16399
16402
16403
16408
16410
16413
16414
16417
16418
16420
16424
16425
16427
16428
16429
16430
16431
16434
16435
16437
16438
16439
16440
16441
16442
16444
16445
16446
16450
16451
16454
16456
16457
16458
16460
16461
16464
16467
16471
16475
16481
16483
16485
16487
16490
16492
16495
16501
16505
16506
16508
16510
16512
16513
16515
16516
16517
16518
16519
16522
16523
16525
16527
16528
16529
16531
16532
16534
16535
16536
16538
16540
16541
16545
16546
16549
16550
16551
16553
16558
16562
16563
16564
16565
16567
16568
16569
16571
16573
16575
16576
16577
16581
16582
16584
16586
16587
16588
16589
16590
16592
16594
16595
16596
16598
16601
16603
16605
16618
16620
16621
16622
16624
16625
16627
16628
16629
16635
16636
16637
16638
16640
16644
16653
16654
16661
16662
16667
16669
16670
16671
16673
16675
16677
16681
16682
16683
16685
16688
16694
16695
16698
16699
16700
16703
16706
16707
16710
16711
16712
16714
16715
16718
16721
16722
16725
16728
16729
16730
16731
16732
16733
16738
16742
16743
16744
16745
16746
16747
16750
16757
16760
16763
16766
16767
16769
16770
16775
16776
16777
16778
16782
16783
16786
16787
16788
16789
16790
16794
16795
16797
16798
16800
16801
16802
16803
16805
16806
16808
16812
16813
16816
16824
16825
16829
16830
16831
16836
16837
16838
16839
16840
16841
16842
16846
16847
16848
16851
16852
16854
16855
16856
16857
16858
16861
16862
16863
16864
16865
16866
16867
16870
16872
16874
16875
16876
16877
16878
16881
16882
16883
16885
16886
16887
16888
16891
16892
16893
16894
16895
16896
16897
16898
16900
16903
16906
16907
16911
16912
16914
16915
16916
16920
16921
16926
16928
16931
16933
16936
16937
16941
16943
16945
16946
16951
16952
16953
16959
16960
16963
16965
16966
16967
16968
16969
16970
16972
16978
16980
16983
16984
16985
16989
16993
16994
16995
16996
17001
17006
17007
17008
17015
17016
17017
17018
17019
17021
17023
17026
17028
17030
17031
17032
17033
17038
17039
17040
17042
17047
17049
17051
17054
17055
17057
17059
17060
17061
17062
17063
17064
17070
17071
17072
17073
17074
17079
17080
17081
17082
17083
17084
17085
17086
17087
17088
17089
17090
17092
17093
17098
17100
17104
17105
17106
17112
17113
17114
17118
17124
17128
17129
17132
17133
17137
17138
17139
17140
17143
17146
17147
17148
17149
17151
17152
17153
17154
17157
17158
17159
17161
17165
17173
17174
17175
17176
17178
17179
17180
17183
17187
17188
17190
17191
17192
17193
17195
17196
17197
17198
17200
17202
17203
17204
17205
17206
17209
17211
17214
17216
17220
17221
17223
17225
17227
17231
17232
17233
17234
17240
17241
17242
17243
17245
17246
17247
17252
17258
17259
17261
17267
17269
17271
17274
17275
17279
17280
17282
17283
17284
17285
17286
17287
17289
17291
17293
17297
17299
17303
17305
17306
17307
17308
17309
17312
17314
17317
17318
17319
17320
17323
17324
17327
17328
17331
17332
17334
17336
17342
17344
17348
17349
17351
17352
17354
17355
17356
17357
17360
17361
17362
17363
17364
17366
17371
17372
17375
17376
17377
17378
17379
17380
17381
17382
17384
17389
17395
17398
17400
17403
17404
17407
17408
17410
17411
17412
17421
17423
17424
17426
17427
17430
17431
17432
17435
17440
17441
17442
17443
17444
17445
17449
17454
17458
17460
17462
17463
17464
17465
17466
17467
17469
17470
17471
17476
17478
17480
17481
17482
17485
17488
17491
17492
17493
17494
17495
17496
17499
17501
17506
17507
17508
17510
17512
17513
17514
17516
17517
17521
17524
17525
17526
17527
17528
17529
17531
17532
17533
17534
17539
17543
17544
17548
17549
17550
17551
17552
17554
17555
17559
17562
17565
17567
17571
17572
17573
17575
17577
17581
17582
17583
17584
17585
17588
17592
17595
17599
17600
17603
17605
17610
17611
17612
17614
17618
17619
17621
17623
17625
17629
17631
17632
17633
17636
17638
17639
17640
17642
17643
17646
17647
17648
17652
17653
17657
17660
17662
17664
17671
17672
17674
17676
17679
17680
17685
17689
17690
17692
17694
17696
17697
17698
17703
17704
17705
17706
17710
17711
17717
17718
17720
17721
17723
17724
17726
17728
17729
17730
17735
17737
17738
17739
17740
17741
17744
17745
17746
17748
17750
17752
17753
17756
17757
17759
17760
17761
17762
17763
17765
17766
17767
17769
17773
17774
17775
17777
17784
17785
17789
17791
17792
17794
17795
17796
17797
17798
17799
17807
17810
17811
17812
17813
17814
17817
17818
17819
17825
17826
17828
17829
17830
17832
17833
17835
17836
17837
17838
17841
17845
17848
17853
17854
17855
17856
17858
17859
17860
17861
17863
17865
17869
17872
17875
17877
17879
17880
17884
17885
17887
17888
17889
17893
17894
17895
17898
17899
17900
17902
17903
17905
17907
17909
17910
17911
17912
17915
17916
17917
17919
17921
17925
17926
17927
17928
17930
17933
17934
17935
17940
17943
17946
17947
17948
17950
17952
17954
17959
17961
17962
17963
17964
17965
17967
17968
17973
17975
17977
17981
17982
17984
17986
17988
17989
17990
17991
17992
17997
17998
18001
18003
18005
18008
18009
18011
18016
18017
18019
18024
18026
18027
18028
18029
18030
18033
18034
18035
18038
18040
18041
18044
18045
18049
18051
18052
18053
18055
18057
18058
18059
18061
18063
18067
18071
18073
18074
18077
18078
18079
18082
18083
18084
18086
18088
18090
18091
18092
18093
18094
18095
18097
18100
18101
18102
18103
18107
18109
18110
18111
18113
18115
18117
18119
18121
18126
18127
18131
18136
18137
18140
18143
18144
18148
18150
18151
18152
18154
18155
18156
18158
18159
18160
18161
18163
18164
18165
18166
18167
18169
18170
18174
18176
18180
18181
18182
18184
18189
18191
18192
18195
18196
18197
18199
18200
18201
18202
18203
18204
18206
18207
18209
18211
18212
18218
18219
18221
18226
18231
18236
18237
18238
18239
18241
18246
18248
18249
18250
18251
18254
18259
18261
18262
18267
18270
18272
18274
18275
18276
18278
18280
18282
18286
18289
18291
18293
18295
18296
18299
18301
18305
18306
18307
18308
18309
18310
18312
18313
18314
18316
18317
18318
18319
18321
18322
18324
18325
18327
18328
18329
18330
18331
18334
18336
18338
18339
18340
18341
18343
18344
18345
18348
18350
18352
18353
18354
18355
18356
18360
18361
18362
18363
18367
18369
18374
18376
18379
18385
18387
18390
18391
18392
18395
18396
18401
18405
18409
18411
18412
18416
18418
18419
18420
18421
18422
18426
18427
18430
18433
18441
18442
18443
18444
18447
18448
18449
18453
18455
18456
18462
18464
18465
18466
18472
18473
18475
18476
18477
18479
18480
18481
18482
18483
18486
18489
18490
18495
18497
18498
18499
18502
18505
18506
18507
18509
18510
18511
18514
18517
18525
18526
18528
18532
18533
18534
18536
18541
18542
18545
18549
18551
18552
18553
18554
18556
18557
18560
18566
18567
18568
18569
18570
18571
18573
18574
18577
18579
18580
18581
18582
18583
18584
18586
18589
18592
18597
18598
18600
18604
18605
18607
18608
18611
18613
18614
18615
18619
18621
18623
18624
18625
18626
18627
18629
18636
18637
18641
18643
18647
18649
18650
18651
18654
18656
18657
18658
18659
18660
18661
18662
18663
18665
18666
18671
18672
18673
18674
18675
18676
18677
18678
18681
18683
18686
18687
18692
18693
18695
18703
18704
18705
18707
18709
18714
18717
18721
18722
18727
18728
18730
18731
18733
18734
18736
18739
18740
18744
18746
18747
18748
18749
18750
18752
18753
18754
18756
18757
18760
18761
18764
18766
18767
18771
18772
18773
18775
18777
18778
18783
18786
18788
18790
18791
18792
18793
18794
18795
18801
18803
18804
18805
18806
18807
18809
18813
18815
18818
18819
18821
18828
18832
18834
18836
18837
18839
18840
18841
18842
18843
18844
18846
18847
18849
18851
18852
18854
18856
18863
18864
18866
18867
18869
18870
18871
18872
18873
18876
18878
18882
18886
18887
18888
18889
18890
18892
18893
18895
18897
18898
18902
18903
18906
18908
18909
18914
18917
18919
18921
18922
18926
18927
18930
18931
18932
18935
18937
18938
18939
18940
18941
18942
18944
18947
18953
18955
18957
18958
18959
18960
18963
18964
18970
18971
18972
18974
18975
18981
18982
18983
18985
18988
18989
18991
18992
18993
18994
18995
18997
18998
18999
19000
19002
19008
19010
19011
19013
19014
19015
19016
19019
19022
19024
19025
19026
19033
19034
19037
19040
19045
19047
19052
19054
19055
19057
19058
19062
19063
19066
19070
19072
19073
19076
19078
19082
19083
19084
19086
19088
19089
19090
19092
19095
19097
19098
19103
19104
19105
19106
19108
19109
19110
19111
19115
19116
19117
19121
19122
19125
19127
19128
19129
19130
19131
19137
19138
19140
19141
19142
19146
19150
19154
19155
19156
19159
19161
19162
19163
19164
19166
19167
19168
19170
19176
19177
19178
19179
19182
19183
19184
19185
19187
19190
19191
19195
19197
19200
19201
19205
19207
19212
19216
19217
19219
19226
19228
19229
19230
19231
19234
19237
19238
19239
19240
19242
19245
19246
19247
19248
19249
19250
19254
19255
19256
19259
19260
19262
19263
19264
19266
19267
19269
19271
19272
19274
19275
19276
19278
19280
19281
19282
19283
19285
19287
19288
19294
19295
19296
19297
19298
19300
19301
19302
19306
19308
19309
19310
19314
19315
19318
19319
19320
19331
19332
19334
19336
19337
19338
19339
19340
19345
19348
19350
19351
19355
19356
19357
19359
19361
19363
19367
19368
19370
19373
19374
19377
19378
19381
19382
19384
19385
19388
19389
19390
19395
19397
19400
19401
19403
19405
19406
19408
19410
19412
19414
19416
19417
19418
19419
19422
19423
19428
19429
19434
19435
19437
19438
19439
19442
19443
19446
19448
19449
19451
19452
19455
19459
19461
19462
19463
19465
19467
19468
19472
19473
19475
19476
19477
19479
19480
19481
19486
19487
19488
19490
19493
19495
19496
19497
19498
19499
19500
19501
19508
19511
19512
19514
19517
19519
19520
19524
19525
19526
19527
19528
19529
19530
19537
19539
19542
19543
19544
19548
19549
19550
19551
19557
19558
19559
19561
19562
19563
19564
19565
19569
19578
19579
19581
19587
19588
19589
19591
19596
19597
19598
19600
19603
19605
19606
19607
19608
19609
19615
19616
19619
19622
19623
19624
19626
19629
19631
19634
19635
19636
19638
19641
19642
19643
19644
19648
19649
19650
19653
19656
19657
19658
19659
19662
19663
19664
19666
19670
19672
19674
19675
19677
19678
19680
19681
19682
19687
19688
19689
19690
19692
19693
19696
19698
19700
19705
19711
19714
19717
19718
19719
19721
19725
19728
19729
19730
19731
19732
19733
19735
19747
19750
19753
19755
19756
19757
19759
19763
19765
19766
19767
19769
19770
19771
19777
19780
19784
19789
19790
19793
19795
19796
19798
19799
19800
19801
19802
19803
19807
19808
19809
19812
19816
19819
19820
19821
19822
19823
19825
19828
19829
19830
19831
19833
19834
19836
19837
19839
19840
19842
19844
19845
19847
19848
19849
19851
19855
19861
19863
19865
19866
19872
19873
19876
19877
19879
19881
19882
19884
19885
19887
19889
19890
19893
19895
19896
19897
19898
19899
19900
19903
19904
19905
19909
19910
19912
19913
19916
19917
19918
19919
19923
19928
19929
19930
19931
19935
19936
19937
19938
19941
19943
19944
19947
19948
19950
19953
19955
19956
19957
19958
19960
19962
19963
19964
19965
19966
19968
19969
19970
19972
19973
19974
19975
19977
19979
19981
19982
19983
19986
19990
19991
19994
19995
19996
19997
19999
20003
20004
20005
20006
20007
20010
20013
20014
20015
20016
20017
20018
20020
20021
20022
20028
20031
20032
20034
20035
20037
20040
20042
20043
20044
20045
20046
20047
20049
20051
20052
20054
20056
20058
20060
20067
20068
20071
20072
20074
20075
20076
20079
20083
20085
20087
20091
20094
20095
20096
20097
20098
20105
20108
20110
20111
20112
20113
20115
20119
20120
20123
20124
20127
20132
20133
20134
20135
20136
20139
20142
20146
20149
20152
20153
20155
20156
20158
20163
20167
20168
20172
20174
20177
20180
20182
20184
20185
20187
20191
20194
20195
20198
20199
20200
20201
20204
20207
20211
20214
20215
20217
20218
20223
20225
20231
20234
20235
20239
20241
20242
20243
20245
20246
20247
20248
20249
20250
20252
20258
20259
20260
20261
20262
20268
20269
20272
20273
20276
20278
20280
20282
20283
20286
20288
20292
20293
20294
20296
20299
20300
20301
20304
20306
20309
20310
20312
20313
20314
20316
20317
20318
20321
20322
20324
20325
20326
20332
20334
20335
20337
20338
20339
20341
20342
20344
20345
20347
20350
20351
20352
20354
20356
20357
20359
20360
20361
20362
20364
20365
20366
20367
20369
20371
20372
20376
20379
20380
20382
20383
20385
20386
20388
20393
20395
20396
20397
20398
20404
20405
20407
20408
20411
20413
20415
20416
20420
20422
20424
20425
20428
20429
20430
20431
20435
20436
20438
20439
20440
20441
20442
20443
20445
20446
20447
20449
20451
20454
20455
20459
20464
20467
20469
20470
20471
20472
20473
20475
20477
20478
20482
20483
20485
20486
20488
20489
20491
20492
20493
20497
20500
20501
20509
20514
20516
20517
20519
20523
20528
20529
20530
20532
20536
20538
20539
20543
20546
20549
20551
20552
20553
20555
20556
20557
20559
20560
20561
20564
20567
20570
20571
20573
20575
20576
20580
20583
20584
20585
20587
20588
20589
20591
20593
20594
20595
20597
20599
20600
20603
20605
20607
20608
20614
20615
20616
20617
20618
20623
20626
20627
20628
20629
20631
20632
20634
20635
20637
20639
20640
20641
20642
20644
20645
20646
20648
20649
20650
20651
20652
20655
20659
20660
20662
20666
20667
20668
20669
20671
20678
20680
20681
20682
20684
20685
20687
20688
20689
20691
20692
20694
20696
20697
20698
20701
20705
20709
20710
20711
20712
20713
20714
20718
20719
20721
20723
20725
20726
20729
20731
20732
20733
20735
20736
20737
20738
20739
20740
20743
20745
20746
20748
20749
20750
20751
20754
20756
20766
20767
20768
20770
20771
20777
20779
20782
20784
20787
20790
20792
20793
20798
20801
20802
20803
20804
20805
20807
20808
20809
20810
20811
20813
20818
20820
20821
20825
20829
20830
20831
20832
20834
20836
20837
20839
20841
20843
20845
20847
20848
20853
20864
20867
20870
20871
20873
20875
20877
20878
20879
20880
20883
20887
20892
20894
20895
20899
20900
20901
20902
20903
20906
20907
20908
20910
20912
20913
20914
20918
20921
20922
20923
20927
20929
20930
20931
20932
20933
20937
20939
20940
20943
20944
20945
20948
20952
20953
20954
20956
20957
20959
20966
20968
20971
20972
20974
20975
20976
20979
20981
20982
20983
20984
20985
20988
20989
20990
20991
20995
20996
20997
20998
21000
21001
21003
21005
21009
21014
21018
21020
21022
21023
21024
21026
21028
21031
21032
21033
21034
21036
21038
21042
21043
21048
21050
21053
21055
21057
21060
21062
21063
21065
21066
21071
21074
21077
21079
21080
21081
21082
21084
21085
21087
21089
21090
21091
21093
21094
21098
21100
21103
21106
21110
21111
21112
21113
21115
21116
21118
21119
21122
21123
21124
21125
21128
21129
21131
21132
21134
21137
21138
21141
21142
21144
21146
21147
21148
21149
21150
21151
21154
21155
21156
21158
21159
21163
21165
21174
21175
21176
21178
21182
21183
21185
21186
21189
21195
21196
21199
21200
21201
21210
21214
21215
21217
21221
21223
21224
21225
21227
21228
21229
21230
21231
21234
21235
21236
21237
21240
21241
21244
21247
21250
21251
21252
21253
21254
21255
21262
21264
21265
21268
21271
21273
21277
21280
21286
21288
21289
21291
21292
21294
21295
21296
21297
21298
21299
21300
21301
21305
21306
21309
21313
21315
21316
21317
21320
21322
21323
21324
21325
21326
21328
21329
21334
21335
21336
21337
21339
21342
21344
21345
21347
21351
21353
21355
21356
21357
21358
21361
21362
21365
21366
21368
21370
21372
21374
21379
21382
21383
21384
21385
21386
21387
21389
21391
21392
21393
21396
21397
21400
21403
21404
21405
21407
21408
21409
21413
21415
21416
21418
21425
21426
21429
21430
21431
21432
21434
21437
21439
21441
21444
21445
21446
21447
21450
21451
21454
21455
21456
21459
21460
21461
21462
21463
21465
21466
21468
21469
21472
21473
21475
21476
21479
21482
21485
21486
21487
21490
21491
21495
21498
21500
21501
21502
21503
21504
21505
21509
21511
21513
21514
21515
21516
21517
21520
21521
21522
21523
21524
21525
21529
21531
21532
21543
21546
21547
21550
21552
21556
21558
21559
21560
21561
21562
21564
21565
21566
21567
21569
21571
21572
21574
21576
21577
21579
21585
21586
21590
21592
21593
21594
21598
21599
21606
21607
21608
21610
21614
21616
21617
21618
21619
21620
21623
21626
21629
21630
21631
21633
21634
21636
21637
21640
21643
21645
21649
21651
21653
21656
21658
21660
21661
21662
21663
21672
21673
21674
21676
21683
21684
21685
21688
21690
21693
21694
21697
21702
21703
21704
21705
21706
21708
21710
21711
21714
21715
21717
21719
21722
21727
21729
21733
21735
21736
21745
21746
21747
21749
21750
21753
21757
21758
21760
21761
21762
21764
21766
21769
21772
21773
21774
21775
21776
21777
21780
21784
21785
21786
21787
21788
21789
21790
21792
21793
21794
21795
21796
21798
21799
21800
21802
21803
21805
21806
21808
21809
21811
21814
21816
21817
21821
21826
21829
21831
21832
21835
21837
21838
21841
21842
21844
21850
21851
21852
21853
21855
21856
21861
21862
21864
21865
21868
21869
21873
21874
21875
21876
21877
21878
21881
21882
21885
21888
21889
21890
21891
21892
21895
21896
21904
21906
21907
21908
21909
21911
21913
21914
21916
21918
21919
21920
21922
21923
21926
21927
21928
21933
21934
21935
21936
21938
21940
21941
21944
21946
21947
21949
21952
21953
21954
21958
21959
21960
21965
21966
21967
21969
21972
21973
21976
21977
21978
21980
21984
21986
21988
21991
21992
21994
21996
21997
22000
22003
22004
22005
22007
22014
22015
22016
22018
22020
22022
22024
22026
22029
22030
22034
22039
22040
22045
22048
22051
22052
22053
22054
22055
22058
22060
22065
22067
22069
22070
22071
22074
22075
22078
22079
22081
22082
22084
22085
22086
22087
22088
22092
22094
22096
22097
22100
22103
22104
22108
22110
22111
22112
22115
22117
22118
22119
22121
22124
22125
22126
22128
22129
22130
22133
22134
22135
22140
22148
22151
22153
22154
22155
22157
22158
22159
22160
22161
22164
22165
22166
22167
22168
22170
22174
22176
22177
22180
22181
22183
22185
22186
22191
22192
22194
22195
22196
22197
22198
22199
22200
22206
22207
22208
22210
22216
22217
22221
22223
22224
22225
22227
22228
22229
22230
22233
22236
22237
22243
22245
22246
22247
22248
22251
22253
22254
22257
22259
22260
22261
22262
22265
22266
22267
22268
22269
22271
22272
22275
22276
22277
22279
22280
22281
22283
22285
22287
22288
22289
22290
22291
22292
22295
22297
22298
22300
22301
22310
22311
22314
22315
22317
22319
22325
22327
22330
22332
22333
22337
22338
22340
22341
22343
22349
22350
22351
22352
22354
22355
22356
22357
22359
22360
22365
22366
22367
22373
22374
22376
22377
22378
22382
22384
22388
22390
22391
22392
22393
22394
22395
22396
22397
22398
22401
22402
22404
22405
22406
22407
22412
22418
22420
22422
22423
22424
22425
22429
22430
22432
22433
22434
22437
22438
22439
22440
22443
22444
22450
22453
22454
22456
22463
22464
22467
22470
22471
22472
22473
22478
22479
22481
22482
22483
22484
22485
22488
22489
22494
22497
22503
22504
22505
22508
22509
22512
22513
22515
22516
22517
22520
22521
22522
22525
22527
22529
22531
22533
22534
22537
22538
22540
22541
22544
22545
22549
22550
22553
22554
22556
22557
22559
22560
22561
22562
22563
22565
22567
22568
22569
22570
22572
22573
22574
22575
22576
22578
22579
22581
22588
22592
22594
22598
22603
22604
22605
22608
22609
22610
22614
22615
22616
22621
22622
22623
22626
22627
22628
22631
22632
22633
22636
22640
22643
22644
22645
22651
22652
22653
22654
22657
22658
22660
22663
22665
22666
22667
22668
22672
22674
22675
22682
22684
22687
22688
22690
22694
22697
22698
22699
22700
22706
22708
22709
22716
22719
22721
22722
22724
22725
22736
22738
22739
22740
22741
22742
22743
22745
22746
22748
22749
22750
22752
22753
22756
22757
22758
22760
22761
22762
22763
22764
22765
22766
22767
22769
22772
22775
22777
22779
22782
22791
22793
22795
22796
22797
22798
22799
22801
22802
22804
22806
22807
22808
22809
22810
22811
22813
22814
22815
22816
22817
22819
22820
22821
22822
22824
22825
22827
22828
22830
22832
22834
22835
22837
22840
22841
22842
22845
22846
22847
22848
22852
22855
22858
22859
22860
22861
22863
22865
22867
22874
22876
22877
22879
22880
22884
22886
22888
22890
22892
22893
22896
22897
22898
22899
22900
22904
22905
22910
22914
22918
22919
22920
22921
22922
22923
22925
22927
22929
22930
22931
22935
22938
22940
22943
22947
22949
22952
22953
22955
22961
22962
22963
22967
22970
22971
22972
22976
22979
22983
22984
22985
22987
22989
22990
22991
22993
22994
22995
23002
23006
23007
23008
23011
23012
23013
23014
23015
23016
23019
23020
23021
23027
23028
23033
23034
23035
23038
23040
23041
23042
23043
23044
23046
23047
23048
23049
23054
23056
23059
23060
23061
23062
23063
23064
23065
23066
23069
23070
23072
23073
23076
23077
23079
23082
23083
23088
23089
23091
23093
23095
23096
23099
23100
23101
23103
23105
23110
23114
23115
23117
23118
23119
23121
23122
23123
23124
23126
23128
23129
23130
23131
23132
23134
23135
23136
23139
23143
23144
23146
23147
23149
23151
23152
23153
23156
23158
23159
23160
23161
23165
23166
23167
23168
23172
23173
23174
23175
23179
23180
23181
23186
23187
23194
23196
23198
23200
23201
23202
23204
23205
23206
23210
23214
23216
23218
23219
23221
23222
23223
23228
23229
23230
23235
23236
23237
23244
23245
23247
23248
23254
23256
23261
23265
23268
23270
23273
23274
23279
23280
23282
23286
23287
23288
23289
23290
23291
23292
23293
23294
23296
23298
23299
23301
23305
23309
23310
23317
23318
23320
23322
23323
23324
23327
23328
23330
23332
23334
23336
23338
23340
23341
23342
23343
23346
23347
23348
23350
23353
23356
23357
23358
23361
23365
23367
23369
23370
23372
23374
23380
23381
23383
23384
23386
23389
23390
23392
23394
23398
23399
23400
23401
23403
23405
23406
23407
23410
23411
23412
23413
23415
23417
23424
23428
23430
23431
23434
23437
23438
23439
23441
23442
23445
23446
23450
23451
23452
23455
23456
23462
23464
23468
23469
23470
23473
23479
23480
23481
23483
23485
23486
23487
23489
23492
23493
23495
23497
23498
23499
23500
23513
23514
23518
23522
23523
23525
23527
23532
23533
23534
23535
23539
23540
23542
23544
23545
23546
23547
23550
23551
23554
23555
23556
23557
23558
23561
23563
23564
23565
23567
23568
23569
23571
23574
23575
23577
23578
23579
23581
23582
23583
23586
23588
23589
23590
23591
23593
23599
23604
23605
23608
23611
23614
23616
23618
23620
23621
23623
23624
23626
23628
23629
23630
23631
23632
23633
23634
23635
23636
23638
23639
23646
23648
23651
23652
23654
23656
23657
23659
23660
23664
23665
23667
23670
23674
23676
23677
23678
23682
23685
23688
23690
23691
23692
23693
23697
23698
23700
23704
23705
23707
23709
23710
23711
23713
23714
23716
23717
23718
23720
23725
23729
23731
23733
23735
23736
23738
23741
23742
23743
23745
23746
23752
23757
23760
23763
23764
23765
23768
23769
23772
23774
23775
23777
23778
23780
23781
23782
23783
23786
23787
23788
23790
23791
23792
23795
23797
23799
23801
23802
23804
23806
23807
23809
23811
23813
23815
23820
23822
23823
23824
23826
23828
23829
23833
23834
23836
23838
23840
23841
23842
23843
23846
23847
23848
23851
23858
23859
23861
23864
23867
23868
23870
23873
23874
23875
23876
23877
23878
23881
23884
23885
23888
23889
23890
23891
23892
23895
23900
23902
23905
23908
23912
23914
23915
23916
23919
23921
23923
23924
23925
23926
23929
23934
23935
23937
23942
23944
23945
23947
23949
23950
23952
23955
23956
23957
23962
23963
23964
23965
23968
23969
23971
23973
23975
23977
23978
23979
23980
23981
23982
23983
23985
23986
23987
23991
23992
23993
23996
24002
24003
24006
24007
24008
24009
24010
24012
24015
24017
24018
24020
24021
24022
24026
24027
24028
24029
24030
24033
24034
24036
24037
24038
24040
24041
24046
24047
24053
24058
24059
24061
24068
24069
24070
24072
24075
24077
24080
24081
24082
24084
24085
24086
24089
24090
24091
24092
24094
24095
24096
24100
24105
24106
24107
24111
24112
24114
24118
24119
24122
24123
24124
24125
24127
24128
24130
24132
24134
24135
24136
24137
24140
24142
24144
24145
24146
24147
24148
24150
24151
24153
24155
24156
24157
24159
24161
24162
24164
24166
24174
24175
24177
24178
24183
24184
24187
24188
24190
24191
24195
24197
24202
24203
24206
24209
24211
24213
24220
24225
24226
24230
24232
24233
24234
24235
24236
24238
24239
24241
24242
24245
24246
24250
24251
24256
24259
24262
24265
24272
24274
24275
24276
24277
24278
24279
24280
24281
24283
24284
24286
24287
24288
24291
24292
24298
24299
24300
24304
24306
24307
24311
24313
24315
24317
24318
24321
24322
24323
24326
24328
24329
24330
24333
24334
24338
24340
24341
24343
24345
24346
24348
24351
24352
24354
24356
24357
24360
24361
24364
24369
24370
24371
24372
24375
24377
24378
24380
24382
24385
24387
24389
24391
24392
24393
24395
24396
24397
24398
24399
24401
24404
24406
24407
24414
24415
24416
24417
24418
24419
24420
24422
24423
24425
24428
24429
24431
24432
24435
24440
24441
24445
24448
24449
24450
24451
24452
24453
24454
24455
24456
24457
24458
24461
24462
24468
24471
24474
24476
24481
24483
24486
24488
24491
24493
24494
24495
24496
24498
24499
24500
24503
24504
24505
24507
24508
24510
24513
24514
24518
24519
24520
24528
24529
24531
24532
24533
24536
24541
24542
24543
24544
24545
24546
24547
24548
24549
24550
24551
24554
24555
24556
24558
24559
24561
24562
24563
24567
24569
24570
24571
24572
24573
24576
24579
24580
24582
24585
24586
24589
24590
24591
24593
24596
24597
24599
24600
24605
24609
24612
24613
24615
24616
24618
24619
24620
24621
24624
24626
24629
24632
24635
24636
24639
24640
24641
24642
24643
24647
24648
24651
24653
24654
24657
24664
24665
24669
24671
24673
24674
24675
24676
24677
24689
24690
24694
24695
24696
24699
24701
24702
24703
24706
24707
24709
24712
24714
24716
24717
24721
24722
24725
24733
24735
24736
24738
24744
24745
24746
24747
24748
24749
24750
24753
24754
24755
24756
24757
24764
24767
24769
24771
24772
24774
24776
24779
24781
24786
24788
24789
24791
24793
24794
24795
24796
24797
24800
24805
24808
24813
24814
24816
24818
24820
24822
24826
24828
24829
24831
24833
24834
24835
24838
24840
24843
24844
24847
24852
24856
24857
24858
24859
24861
24863
24864
24865
24868
24870
24871
24872
24873
24876
24878
24880
24883
24891
24892
24894
24895
24896
24898
24899
24901
24902
24903
24907
24910
24913
24914
24916
24917
24919
24920
24921
24926
24927
24928
24933
24935
24936
24939
24940
24941
24942
24944
24945
24947
24949
24951
24952
24953
24955
24956
24957
24959
24962
24963
24964
24965
24966
24967
24968
24969
24971
24974
24975
24976
24978
24979
24980
24982
24986
24990
24991
24992
24994
24995
24996
24998
24999
25001
25005
25007
25011
25014
25015
25016
25018
25019
25022
25023
25025
25028
25030
25031
25032
25034
25035
25036
25037
25038
25039
25040
25041
25047
25049
25050
25052
25053
25056
25059
25060
25062
25063
25064
25066
25068
25069
25070
25074
25075
25076
25077
25078
25080
25082
25083
25084
25089
25092
25097
25100
25101
25103
25105
25107
25108
25110
25111
25114
25116
25117
25121
25122
25124
25126
25128
25133
25136
25137
25140
25141
25143
25147
25148
25149
25157
25160
25161
25163
25165
25169
25170
25171
25174
25178
25180
25181
25184
25185
25188
25189
25191
25196
25197
25204
25205
25209
25210
25211
25212
25215
25219
25221
25225
25227
25230
25231
25235
25236
25237
25243
25245
25248
25251
25254
25257
25259
25261
25263
25266
25267
25271
25272
25273
25275
25276
25279
25280
25282
25284
25285
25288
25290
25292
25296
25299
25303
25305
25308
25313
25317
25322
25323
25329
25330
25332
25333
25334
25337
25339
25342
25343
25344
25345
25346
25347
25349
25351
25352
25354
25355
25356
25359
25360
25362
25363
25365
25366
25368
25369
25370
25371
25372
25373
25374
25375
25376
25377
25378
25382
25383
25384
25385
25386
25390
25391
25392
25394
25395
25396
25397
25400
25401
25403
25404
25405
25406
25408
25410
25416
25418
25419
25420
25425
25426
25429
25430
25432
25433
25434
25436
25438
25440
25441
25442
25443
25445
25447
25449
25450
25453
25454
25456
25457
25460
25461
25462
25465
25466
25468
25469
25470
25471
25473
25474
25475
25476
25479
25480
25481
25482
25484
25485
25489
25490
25491
25492
25495
25498
25501
25503
25505
25506
25508
25509
25510
25512
25513
25514
25516
25518
25519
25521
25522
25523
25526
25527
25529
25531
25532
25533
25536
25537
25538
25539
25540
25541
25543
25547
25548
25551
25555
25558
25559
25560
25562
25564
25568
25569
25570
25573
25574
25575
25577
25582
25585
25590
25592
25593
25594
25595
25596
25598
25603
25604
25605
25607
25608
25612
25613
25614
25616
25619
25621
25624
25625
25626
25632
25633
25636
25637
25638
25640
25641
25643
25644
25646
25648
25652
25654
25655
25657
25659
25661
25662
25665
25666
25669
25671
25673
25674
25675
25679
25680
25681
25683
25685
25687
25689
25692
25694
25695
25696
25699
25701
25702
25703
25705
25712
25713
25719
25720
25725
25728
25730
25732
25733
25734
25741
25742
25744
25746
25747
25749
25755
25756
25758
25760
25762
25765
25767
25768
25771
25772
25774
25776
25777
25781
25783
25785
25787
25792
25794
25796
25799
25800
25802
25804
25805
25807
25809
25810
25811
25812
25813
25815
25816
25819
25820
25826
25827
25829
25830
25831
25832
25836
25837
25839
25843
25844
25845
25848
25849
25850
25853
25854
25856
25858
25860
25861
25862
25863
25864
25867
25869
25871
25873
25874
25875
25876
25879
25882
25883
25885
25888
25891
25896
25897
25902
25903
25907
25908
25911
25913
25917
25918
25919
25924
25925
25926
25927
25928
25929
25930
25932
25934
25936
25937
25940
25941
25942
25943
25944
25946
25948
25949
25950
25951
25952
25957
25958
25959
25961
25966
25967
25971
25973
25974
25978
25979
25980
25984
25985
25986
25991
25993
25994
25997
25998
26000
26002
26003
26004
26005
26006
26007
26009
26010
26011
26012
26014
26015
26017
26019
26021
26022
26024
26027
26028
26029
26032
26034
26040
26042
26043
26044
26045
26050
26055
26058
26060
26061
26062
26065
26070
26072
26074
26076
26077
26078
26084
26085
26087
26088
26089
26092
26093
26095
26097
26098
26099
26100
26101
26103
26108
26109
26110
26111
26115
26117
26118
26121
26129
26131
26133
26134
26135
26136
26139
26140
26142
26144
26147
26149
26151
26154
26155
26158
26159
26161
26164
26166
26167
26168
26172
26173
26175
26176
26178
26182
26186
26187
26190
26192
26193
26194
26195
26198
26200
26201
26202
26206
26207
26208
26210
26212
26213
26215
26217
26219
26220
26222
26223
26224
26227
26230
26231
26232
26236
26237
26239
26243
26244
26245
26246
26248
26249
26250
26253
26255
26256
26257
26258
26259
26262
26263
26265
26266
26267
26268
26269
26270
26271
26276
26278
26282
26284
26287
26289
26291
26292
26294
26297
26298
26300
26301
26303
26307
26308
26313
26314
26316
26318
26319
26320
26322
26323
26329
26330
26331
26333
26340
26342
26343
26344
26345
26347
26348
26349
26357
26360
26361
26364
26365
26367
26370
26373
26374
26376
26380
26381
26383
26387
26388
26389
26390
26391
26395
26397
26398
26401
26404
26405
26407
26408
26412
26413
26416
26417
26418
26424
26425
26426
26427
26431
26433
26434
26435
26437
26438
26439
26441
26442
26444
26445
26454
26457
26461
26463
26465
26466
26467
26468
26471
26473
26474
26475
26477
26478
26479
26481
26482
26485
26486
26489
26490
26492
26493
26497
26501
26502
26503
26504
26506
26508
26509
26510
26514
26522
26525
26526
26527
26528
26529
26534
26535
26536
26539
26540
26543
26544
26545
26546
26547
26551
26552
26555
26556
26557
26558
26559
26560
26564
26568
26569
26573
26574
26575
26577
26578
26580
26581
26586
26587
26588
26591
26593
26594
26595
26596
26597
26599
26600
26601
26605
26606
26607
26608
26611
26612
26613
26616
26617
26619
26623
26624
26627
26630
26631
26634
26635
26637
26641
26643
26644
26645
26646
26647
26649
26651
26653
26659
26660
26662
26664
26670
26671
26673
26674
26675
26676
26677
26684
26685
26686
26689
26691
26695
26697
26699
26706
26707
26711
26713
26714
26717
26718
26719
26720
26722
26723
26725
26726
26728
26732
26733
26734
26736
26737
26738
26739
26740
26741
26745
26748
26750
26751
26752
26753
26754
26755
26756
26760
26763
26768
26770
26771
26772
26773
26775
26776
26777
26778
26779
26780
26782
26783
26786
26787
26790
26791
26792
26795
26799
26800
26801
26805
26806
26807
26808
26810
26811
26814
26815
26818
26821
26822
26825
26826
26829
26830
26833
26834
26835
26836
26839
26842
26843
26848
26853
26863
26867
26869
26871
26872
26874
26875
26877
26878
26882
26883
26884
26886
26887
26889
26890
26893
26894
26895
26899
26901
26903
26904
26906
26908
26911
26912
26914
26916
26918
26924
26927
26929
26931
26932
26933
26934
26935
26936
26940
26941
26942
26943
26944
26945
26946
26947
26948
26949
26950
26953
26956
26957
26958
26959
26962
26963
26964
26966
26969
26970
26972
26974
26976
26978
26981
26987
26993
26995
27001
27002
27006
27010
27011
27013
27014
27016
27017
27018
27019
27025
27026
27027
27031
27033
27034
27035
27036
27038
27039
27040
27041
27042
27043
27046
27048
27051
27052
27053
27058
27059
27060
27063
27064
27067
27073
27074
27075
27082
27083
27084
27085
27086
27088
27090
27091
27092
27093
27094
27098
27100
27102
27103
27104
27106
27107
27108
27110
27112
27115
27116
27117
27118
27122
27123
27125
27126
27131
27134
27136
27137
27138
27139
27141
27144
27145
27147
27150
27154
27156
27158
27159
27160
27162
27164
27165
27166
27167
27170
27173
27178
27179
27181
27183
27184
27185
27187
27196
27197
27201
27202
27206
27208
27210
27211
27212
27213
27214
27216
27217
27219
27223
27225
27228
27229
27230
27233
27237
27239
27241
27242
27243
27244
27245
27246
27247
27248
27250
27251
27256
27258
27259
27263
27267
27270
27273
27275
27276
27280
27282
27288
27290
27293
27295
27299
27301
27304
27305
27306
27309
27310
27313
27314
27315
27318
27319
27320
27324
27330
27335
27336
27338
27339
27341
27342
27343
27345
27346
27347
27349
27350
27352
27353
27355
27357
27360
27363
27366
27367
27371
27373
27375
27376
27378
27383
27385
27386
27387
27388
27390
27391
27392
27393
27395
27397
27399
27403
27407
27409
27410
27411
27412
27415
27418
27419
27421
27422
27424
27425
27426
27427
27429
27430
27432
27433
27434
27437
27438
27439
27441
27444
27445
27446
27447
27450
27452
27458
27459
27462
27464
27466
27468
27469
27472
27474
27475
27476
27477
27479
27480
27481
27484
27485
27486
27488
27489
27493
27495
27499
27504
27505
27506
27509
27512
27514
27517
27521
27522
27523
27526
27528
27530
27534
27537
27538
27539
27540
27542
27543
27544
27545
27546
27548
27551
27553
27558
27562
27563
27565
27566
27567
27569
27570
27573
27575
27576
27577
27578
27579
27580
27581
27583
27586
27589
27591
27594
27596
27598
27600
27601
27603
27608
27610
27611
27614
27616
27617
27619
27620
27623
27624
27625
27626
27628
27630
27632
27634
27635
27636
27638
27639
27640
27641
27645
27647
27659
27660
27662
27663
27665
27669
27670
27671
27674
27675
27676
27677
27679
27680
27681
27684
27685
27686
27688
27689
27690
27691
27692
27693
27694
27695
27699
27702
27703
27704
27705
27706
27707
27709
27711
27713
27714
27715
27716
27721
27722
27723
27724
27725
27729
27732
27735
27736
27737
27738
27742
27743
27744
27746
27747
27754
27758
27761
27762
27764
27769
27770
27771
27773
27774
27781
27782
27783
27784
27785
27786
27788
27792
27793
27794
27795
27797
27801
27802
27803
27804
27808
27809
27811
27812
27814
27815
27817
27818
27820
27823
27825
27828
27830
27832
27833
27834
27836
27838
27840
27841
27842
27843
27844
27845
27847
27848
27853
27854
27856
27858
27861
27862
27863
27864
27865
27867
27868
27874
27875
27876
27879
27884
27885
27886
27889
27892
27895
27896
27897
27900
27907
27908
27909
27910
27911
27912
27914
27915
27917
27918
27919
27923
27925
27931
27933
27936
27939
27941
27945
27946
27947
27949
27951
27956
27957
27959
27961
27962
27966
27969
27970
27971
27973
27974
27976
27984
27986
27992
27993
27994
27996
27997
27999
28001
28002
28004
28007
28008
28010
28011
28012
28013
28016
28017
28019
28024
28026
28029
28030
28032
28033
28034
28040
28043
28044
28047
28050
28052
28055
28058
28059
28060
28061
28063
28064
28066
28067
28068
28069
28071
28074
28075
28078
28079
28083
28084
28085
28091
28092
28093
28095
28097
28104
28106
28108
28109
28110
28111
28112
28114
28115
28116
28118
28123
28125
28126
28127
28133
28134
28140
28141
28142
28147
28148
28149
28151
28153
28158
28159
28160
28165
28167
28168
28170
28172
28178
28180
28181
28184
28185
28186
28187
28188
28189
28191
28192
28193
28195
28196
28198
28199
28200
28201
28202
28205
28206
28207
28208
28211
28213
28214
28215
28221
28222
28223
28224
28225
28226
28227
28228
28230
28231
28233
28235
28237
28238
28241
28242
28243
28244
28245
28246
28249
28251
28254
28256
28257
28258
28260
28262
28263
28266
28271
28274
28275
28277
28278
28279
28284
28286
28289
28291
28293
28294
28295
28296
28297
28298
28299
28302
28308
28312
28313
28314
28315
28316
28317
28322
28324
28328
28329
28330
28332
28333
28335
28336
28340
28343
28346
28349
28351
28353
28354
28355
28359
28360
28361
28363
28364
28365
28367
28368
28369
28373
28375
28376
28380
28381
28382
28384
28385
28386
28391
28393
28394
28397
28399
28400
28402
28407
28408
28411
28412
28414
28416
28417
28418
28419
28420
28422
28423
28425
28434
28435
28436
28439
28442
28443
28446
28449
28450
28452
28453
28454
28461
28463
28465
28466
28468
28470
28471
28473
28475
28476
28478
28479
28481
28483
28486
28488
28489
28491
28497
28501
28503
28505
28508
28509
28510
28513
28514
28515
28516
28519
28520
28522
28523
28524
28525
28526
28527
28532
28533
28540
28541
28542
28543
28544
28545
28548
28549
28550
28551
28552
28553
28555
28557
28559
28561
28562
28563
28565
28569
28570
28574
28576
28581
28584
28590
28591
28594
28597
28600
28604
28605
28610
28611
28612
28613
28617
28618
28619
28622
28623
28626
28629
28632
28633
28634
28636
28637
28640
28642
28644
28645
28646
28648
28649
28650
28651
28652
28653
28654
28656
28660
28663
28669
28674
28675
28678
28679
28684
28687
28690
28691
28692
28694
28695
28700
28701
28703
28706
28707
28710
28712
28713
28714
28716
28722
28723
28724
28726
28727
28728
28729
28731
28734
28735
28741
28744
28745
28748
28749
28753
28755
28756
28758
28759
28760
28761
28763
28772
28774
28777
28780
28781
28782
28785
28786
28787
28788
28789
28792
28794
28795
28796
28797
28800
28801
28803
28804
28806
28808
28809
28810
28812
28813
28814
28819
28821
28822
28823
28824
28825
28829
28830
28831
28832
28835
28836
28837
28838
28839
28841
28842
28843
28844
28845
28846
28849
28851
28852
28868
28870
28872
28873
28874
28876
28877
28878
28879
28881
28882
28884
28890
28891
28892
28893
28896
28897
28898
28899
28901
28903
28904
28906
28907
28908
28909
28916
28918
28919
28923
28924
28925
28928
28929
28931
28932
28933
28937
28939
28941
28944
28945
28947
28948
28949
28950
28951
28953
28954
28955
28956
28957
28959
28961
28963
28964
28969
28971
28972
28973
28980
28981
28983
28984
28986
28988
28990
28991
28995
28999
29001
29003
29005
29006
29007
29010
29011
29012
29013
29015
29020
29021
29029
29031
29032
29033
29036
29037
29038
29040
29041
29042
29044
29045
29046
29048
29049
29050
29051
29055
29056
29058
29059
29060
29061
29062
29066
29067
29068
29072
29074
29076
29078
29079
29080
29081
29082
29087
29092
29093
29095
29099
29101
29102
29111
29114
29116
29117
29121
29122
29123
29124
29125
29126
29130
29136
29138
29140
29142
29143
29144
29146
29152
29155
29156
29157
29160
29161
29167
29168
29169
29171
29173
29174
29176
29178
29179
29181
29182
29184
29185
29186
29187
29189
29190
29192
29193
29196
29197
29199
29202
29203
29204
29207
29210
29213
29215
29216
29217
29219
29220
29221
29223
29224
29225
29229
29230
29231
29232
29233
29237
29238
29241
29244
29249
29250
29251
29253
29254
29255
29256
29259
29261
29263
29264
29267
29269
29271
29272
29274
29275
29276
29278
29280
29284
29287
29289
29291
29292
29298
29300
29304
29307
29312
29313
29316
29317
29320
29321
29322
29324
29327
29330
29333
29339
29340
29341
29343
29345
29346
29355
29361
29364
29367
29368
29369
29370
29371
29373
29374
29375
29377
29378
29380
29381
29383
29385
29386
29387
29388
29391
29394
29396
29397
29398
29399
29405
29406
29407
29409
29410
29413
29415
29416
29417
29418
29419
29420
29424
29425
29428
29431
29438
29439
29440
29443
29445
29446
29447
29448
29455
29457
29458
29459
29460
29461
29463
29464
29465
29466
29469
29470
29471
29472
29474
29476
29479
29481
29483
29484
29485
29486
29487
29490
29492
29493
29495
29496
29498
29499
29500
29501
29502
29503
29505
29507
29508
29511
29512
29513
29514
29520
29525
29526
29527
29528
29530
29531
29533
29534
29535
29536
29538
29539
29540
29542
29545
29549
29551
29553
29556
29557
29564
29565
29566
29567
29568
29569
29571
29572
29573
29574
29575
29579
29580
29582
29584
29586
29591
29592
29593
29594
29596
29597
29601
29602
29605
29608
29609
29611
29615
29616
29620
29621
29627
29628
29630
29631
29633
29639
29640
29645
29646
29649
29651
29653
29655
29658
29660
29664
29667
29670
29674
29675
29677
29678
29679
29680
29681
29682
29686
29687
29689
29690
29692
29693
29694
29700
29701
29702
29706
29713
29714
29716
29718
29720
29725
29728
29729
29732
29733
29735
29737
29740
29744
29745
29750
29752
29753
29754
29755
29756
29757
29758
29759
29760
29762
29763
29764
29766
29771
29773
29775
29776
29777
29778
29779
29781
29783
29784
29785
29786
29787
29789
29790
29796
29797
29799
29801
29802
29803
29804
29807
29808
29810
29811
29815
29816
29819
29821
29824
29825
29826
29827
29831
29835
29836
29837
29840
29842
29845
29846
29847
29851
29857
29858
29859
29860
29863
29865
29867
29875
29876
29877
29878
29879
29880
29883
29885
29886
29888
29889
29891
29893
29894
29895
29897
29899
29901
29903
29906
29907
29908
29911
29912
29913
29914
29917
29918
29921
29922
29923
29925
29926
29927
29930
29933
29934
29936
29939
29940
29941
29943
29944
29947
29948
29949
29950
29951
29953
29954
29958
29962
29963
29965
29967
29968
29973
29974
29978
29983
29984
29985
29988
29989
29990
29991
29992
29997
29998
30000
30007
30008
30014
30018
30019
30020
30022
30023
30025
30030
30031
30036
30038
30041
30042
30043
30044
30045
30047
30048
30049
30053
30054
30055
30056
30058
30059
30062
30065
30066
30071
30073
30074
30075
30076
30078
30081
30082
30085
30087
30089
30090
30091
30093
30094
30095
30096
30097
30100
30103
30104
30105
30113
30115
30117
30118
30119
30120
30121
30123
30124
30125
30128
30129
30131
30135
30141
30144
30148
30149
30150
30151
30153
30157
30160
30161
30163
30164
30165
30166
30167
30168
30170
30173
30174
30177
30179
30182
30186
30189
30193
30194
30195
30205
30209
30213
30214
30215
30217
30218
30219
30220
30221
30222
30223
30225
30228
30229
30230
30234
30236
30237
30238
30241
30244
30245
30247
30249
30250
30254
30258
30261
30263
30265
30266
30269
30270
30271
30273
30275
30276
30278
30279
30280
30281
30282
30283
30285
30286
30287
30288
30289
30290
30291
30292
30293
30297
30298
30299
30301
30302
30310
30313
30316
30317
30322
30325
30326
30328
30329
30335
30336
30337
30339
30340
30342
30343
30344
30345
30346
30347
30352
30353
30354
30355
30356
30358
30359
30363
30367
30370
30372
30374
30376
30378
30379
30380
30382
30385
30388
30394
30400
30401
30402
30404
30405
30407
30410
30412
30414
30415
30416
30417
30418
30419
30420
30422
30426
30429
30430
30431
30432
30440
30442
30443
30444
30445
30446
30448
30449
30450
30451
30453
30456
30457
30459
30462
30464
30466
30467
30468
30469
30470
30471
30472
30475
30476
30478
30479
30481
30483
30484
30487
30491
30494
30496
30497
30498
30499
30500
30503
30504
30506
30507
30508
30512
30516
30520
30521
30523
30528
30530
30532
30533
30534
30535
30539
30544
30547
30548
30549
30551
30552
30553
30558
30562
30565
30566
30569
30570
30577
30582
30583
30585
30592
30593
30594
30595
30600
30605
30606
30607
30609
30610
30612
30617
30620
30622
30623
30624
30625
30626
30632
30633
30635
30636
30639
30641
30643
30644
30646
30647
30650
30653
30654
30656
30658
30661
30664
30665
30667
30669
30675
30676
30679
30680
30684
30685
30691
30692
30695
30696
30697
30698
30699
30700
30701
30702
30704
30707
30709
30710
30713
30714
30717
30718
30719
30720
30721
30722
30723
30724
30726
30730
30731
30740
30743
30744
30745
30746
30749
30750
30752
30753
30754
30755
30759
30760
30761
30762
30763
30764
30765
30766
30767
30771
30772
30775
30777
30778
30779
30781
30782
30783
30784
30787
30790
30791
30793
30798
30800
30801
30804
30805
30806
30808
30809
30810
30812
30814
30818
30819
30820
30822
30823
30824
30826
30828
30830
30832
30833
30835
30836
30838
30839
30840
30841
30843
30846
30847
30849
30854
30855
30860
30862
30866
30867
30869
30873
30874
30875
30879
30881
30885
30886
30887
30891
30892
30895
30896
30897
30898
30899
30901
30902
30904
30906
30908
30909
30910
30911
30912
30915
30917
30918
30919
30921
30922
30924
30927
30928
30930
30932
30935
30936
30937
30938
30940
30944
30945
30948
30949
30950
30951
30952
30954
30958
30959
30961
30963
30967
30968
30971
30977
30978
30983
30984
30986
30987
30989
30990
30992
30993
30994
30995
30996
30997
30998
30999
31000
31001
31002
31004
31006
31008
31009
31010
31011
31012
31016
31020
31021
31022
31024
31026
31028
31029
31034
31037
31038
31046
31048
31050
31052
31061
31062
31065
31069
31071
31072
31075
31077
31078
31081
31083
31084
31086
31090
31091
31093
31096
31097
31099
31102
31104
31108
31110
31111
31112
31115
31116
31117
31120
31121
31122
31123
31124
31125
31127
31130
31132
31133
31136
31137
31138
31139
31146
31147
31150
31151
31152
31153
31154
31156
31157
31158
31159
31160
31162
31167
31168
31170
31175
31177
31185
31188
31192
31197
31202
31203
31204
31205
31207
31209
31216
31217
31218
31223
31224
31228
31230
31231
31232
31235
31236
31237
31240
31242
31243
31244
31245
31246
31249
31250
31254
31256
31257
31258
31259
31261
31262
31266
31268
31271
31272
31275
31276
31279
31280
31282
31286
31288
31289
31290
31291
31292
31294
31296
31297
31298
31299
31302
31304
31306
31307
31308
31310
31311
31312
31313
31315
31316
31320
31324
31325
31326
31327
31328
31329
31331
31334
31336
31338
31339
31340
31341
31343
31344
31345
31347
31348
31350
31352
31356
31357
31361
31365
31366
31368
31369
31370
31375
31376
31377
31378
31383
31384
31385
31387
31388
31389
31393
31394
31395
31397
31400
31402
31403
31408
31413
31414
31415
31416
31418
31419
31420
31421
31423
31425
31428
31429
31431
31434
31435
31436
31437
31441
31444
31445
31446
31447
31450
31452
31453
31454
31455
31457
31459
31461
31463
31466
31468
31469
31470
31475
31479
31480
31484
31485
31486
31487
31489
31490
31491
31492
31493
31494
31495
31496
31502
31505
31506
31507
31509
31510
31518
31524
31525
31526
31528
31531
31533
31534
31536
31537
31538
31539
31540
31541
31542
31545
31546
31549
31550
31551
31554
31557
31558
31561
31562
31563
31564
31568
31572
31574
31575
31576
31577
31579
31583
31587
31588
31591
31593
31594
31595
31601
31602
31605
31609
31610
31612
31613
31614
31617
31619
31620
31622
31623
31624
31626
31628
31634
31635
31636
31637
31639
31640
31642
31643
31645
31646
31648
31650
31653
31654
31655
31657
31661
31663
31665
31667
31668
31670
31673
31676
31677
31678
31681
31685
31687
31689
31690
31691
31692
31693
31694
31697
31698
31701
31703
31705
31707
31708
31710
31713
31714
31718
31722
31723
31724
31725
31726
31727
31728
31730
31731
31732
31734
31737
31740
31742
31743
31744
31746
31747
31749
31751
31752
31755
31757
31758
31763
31764
31767
31768
31775
31777
31778
31780
31786
31790
31791
31794
31795
31802
31804
31805
31808
31816
31817
31818
31821
31822
31823
31825
31827
31828
31830
31831
31832
31833
31834
31835
31836
31837
31838
31840
31843
31844
31845
31846
31847
31848
31850
31853
31859
31861
31864
31866
31868
31869
31870
31871
31874
31876
31879
31881
31884
31885
31886
31888
31889
31890
31891
31894
31899
31902
31903
31904
31905
31906
31909
31911
31919
31920
31921
31922
31924
31925
31926
31928
31929
31930
31932
31933
31934
31936
31937
31940
31941
31943
31944
31945
31946
31947
31949
31950
31955
31958
31959
31960
31963
31966
31968
31969
31971
31975
31977
31984
31985
31986
31987
31988
31989
31991
31992
31994
31998
32001
32004
32005
32011
32015
32017
32018
32019
32027
32032
32034
32035
32037
32038
32039
32040
32043
32044
32045
32046
32047
32049
32050
32053
32055
32056
32060
32061
32062
32066
32067
32068
32070
32071
32073
32074
32075
32076
32077
32078
32079
32085
32086
32091
32092
32093
32095
32096
32097
32098
32099
32102
32105
32106
32109
32110
32112
32113
32114
32115
32119
32120
32121
32123
32124
32128
32129
32131
32134
32139
32140
32142
32144
32145
32148
32150
32153
32157
32158
32159
32164
32165
32167
32169
32170
32171
32175
32178
32180
32181
32182
32186
32189
32193
32196
32198
32199
32202
32203
32205
32206
32207
32211
32212
32214
32215
32216
32218
32219
32222
32223
32225
32226
32227
32229
32231
32232
32234
32236
32237
32239
32243
32244
32245
32247
32248
32249
32250
32251
32252
32253
32254
32255
32257
32265
32271
32275
32276
32279
32280
32282
32283
32289
32290
32294
32297
32304
32307
32310
32312
32314
32315
32317
32320
32321
32322
32323
32324
32325
32329
32332
32333
32335
32336
32338
32339
32340
32341
32342
32344
32346
32347
32353
32354
32357
32358
32359
32360
32362
32364
32365
32368
32370
32371
32372
32373
32374
32375
32379
32380
32382
32388
32389
32393
32396
32397
32398
32402
32403
32407
32408
32409
32410
32411
32412
32414
32415
32416
32418
32419
32420
32423
32424
32425
32428
32429
32433
32434
32435
32437
32439
32440
32441
32442
32443
32444
32446
32448
32449
32450
32452
32455
32458
32460
32464
32465
32467
32468
32471
32474
32478
32481
32482
32483
32484
32489
32493
32495
32496
32497
32501
32503
32504
32506
32507
32509
32510
32515
32517
32518
32520
32521
32524
32525
32526
32528
32529
32530
32532
32534
32535
32537
32539
32540
32541
32542
32544
32545
32547
32548
32555
32556
32557
32558
32559
32562
32565
32567
32569
32572
32576
32577
32578
32579
32580
32581
32582
32586
32588
32590
32592
32593
32595
32597
32599
32604
32607
32610
32612
32613
32618
32621
32622
32623
32624
32627
32628
32629
32631
32632
32634
32638
32639
32640
32642
32644
32645
32647
32648
32649
32650
32654
32658
32659
32660
32662
32665
32666
32667
32670
32672
32681
32682
32685
32686
32687
32689
32692
32693
32694
32695
32700
32704
32705
32707
32709
32710
32711
32712
32713
32716
32717
32718
32724
32726
32727
32728
32730
32733
32735
32738
32739
32742
32744
32745
32746
32748
32749
32751
32752
32753
32761
32765
32767
32774
32777
32779
32780
32782
32784
32785
32787
32789
32790
32791
32792
32796
32798
32801
32804
32805
32807
32808
32809
32810
32811
32812
32816
32822
32823
32824
32826
32827
32828
32829
32830
32831
32834
32835
32836
32837
32839
32840
32841
32842
32844
32847
32848
32852
32853
32854
32859
32861
32866
32867
32868
32869
32870
32872
32873
32875
32879
32880
32881
32882
32885
32886
32888
32890
32893
32896
32897
32898
32905
32906
32907
32908
32912
32913
32915
32916
32917
32921
32923
32925
32937
32938
32939
32940
32943
32944
32950
32952
32953
32954
32955
32956
32957
32963
32964
32965
32966
32967
32969
32972
32976
32977
32978
32979
32980
32983
32985
32987
32988
32989
32990
32992
32993
32997
32998
33002
33005
33008
33009
33010
33011
33013
33015
33016
33020
33022
33024
33028
33029
33030
33031
33032
33034
33036
33038
33042
33045
33046
33048
33049
33050
33052
33053
33056
33057
33061
33063
33065
33066
33067
33069
33070
33071
33073
33074
33075
33077
33079
33082
33084
33085
33086
33087
33090
33091
33093
33094
33098
33100
33102
33103
33111
33112
33115
33116
33119
33124
33127
33128
33129
33130
33133
33136
33137
33139
33140
33141
33142
33144
33146
33149
33151
33152
33155
33156
33157
33164
33165
33166
33170
33172
33173
33174
33175
33176
33177
33180
33181
33182
33183
33184
33188
33190
33191
33192
33194
33195
33196
33198
33201
33202
33203
33205
33206
33208
33212
33216
33217
33220
33221
33223
33224
33225
33226
33227
33231
33232
33240
33250
33252
33255
33257
33259
33262
33264
33269
33270
33273
33274
33276
33278
33280
33281
33283
33285
33286
33287
33292
33293
33295
33296
33299
33300
33301
33302
33303
33304
33305
33306
33307
33309
33311
33314
33315
33317
33319
33320
33321
33322
33324
33325
33326
33327
33328
33329
33330
33331
33333
33335
33336
33337
33339
33343
33345
33347
33348
33349
33350
33351
33354
33358
33359
33361
33362
33369
33371
33372
33373
33374
33377
33378
33380
33382
33385
33387
33388
33389
33390
33391
33394
33395
33400
33401
33405
33411
33412
33413
33416
33417
33419
33420
33422
33424
33425
33426
33433
33434
33435
33436
33440
33444
33446
33449
33450
33455
33457
33458
33459
33462
33464
33465
33468
33471
33472
33475
33476
33480
33482
33483
33487
33490
33491
33495
33496
33498
33501
33505
33506
33507
33508
33513
33514
33516
33520
33521
33522
33523
33524
33525
33528
33529
33530
33531
33533
33534
33535
33536
33538
33539
33542
33543
33544
33545
33546
33547
33557
33566
33567
33568
33569
33570
33571
33573
33575
33577
33579
33580
33582
33583
33584
33586
33588
33589
33595
33597
33598
33603
33604
33605
33608
33610
33611
33615
33617
33621
33622
33626
33628
33629
33632
33634
33635
33642
33643
33645
33648
33650
33651
33652
33654
33656
33657
33658
33659
33662
33663
33664
33666
33669
33670
33672
33675
33676
33681
33682
33683
33684
33685
33688
33691
33693
33697
33698
33699
33700
33704
33705
33706
33707
33708
33710
33712
33713
33714
33716
33717
33719
33722
33724
33725
33731
33733
33734
33737
33739
33740
33741
33743
33746
33749
33751
33752
33755
33756
33758
33760
33762
33764
33765
33766
33768
33771
33774
33776
33780
33781
33785
33786
33787
33788
33789
33790
33791
33793
33795
33798
33799
33800
33801
33803
33804
33805
33807
33808
33810
33811
33820
33822
33823
33824
33825
33827
33830
33831
33833
33834
33835
33837
33838
33839
33844
33845
33850
33853
33854
33855
33857
33859
33860
33863
33864
33867
33871
33872
33876
33879
33880
33882
33883
33885
33888
33889
33891
33892
33898
33900
33901
33903
33905
33906
33908
33910
33911
33913
33914
33916
33918
33919
33920
33924
33925
33929
33933
33935
33936
33938
33940
33944
33945
33946
33948
33949
33951
33953
33955
33957
33959
33961
33962
33967
33969
33970
33971
33976
33977
33978
33979
33980
33983
33991
33992
33993
33994
33995
33999
34003
34004
34005
34007
34008
34009
34011
34013
34015
34016
34017
34018
34019
34020
34021
34025
34028
34029
34030
34031
34037
34038
34039
34040
34042
34044
34046
34050
34053
34054
34059
34060
34062
34065
34066
34067
34069
34071
34072
34082
34083
34087
34089
34091
34093
34094
34099
34108
34111
34113
34114
34117
34121
34122
34123
34125
34126
34129
34130
34131
34132
34133
34138
34139
34141
34146
34148
34149
34151
34152
34153
34154
34156
34157
34160
34163
34165
34166
34168
34172
34173
34176
34177
34180
34181
34182
34184
34185
34188
34192
34193
34199
34201
34202
34204
34205
34206
34208
34209
34210
34212
34213
34214
34216
34217
34218
34219
34225
34226
34227
34230
34232
34233
34234
34236
34238
34239
34242
34243
34244
34245
34246
34247
34250
34251
34255
34258
34260
34261
34262
34263
34265
34267
34269
34270
34271
34272
34274
34275
34279
34282
34288
34290
34291
34292
34294
34295
34298
34299
34303
34304
34307
34309
34311
34312
34315
34316
34318
34319
34322
34324
34325
34326
34328
34330
34333
34334
34336
34337
34341
34343
34344
34345
34346
34348
34349
34352
34353
34354
34359
34361
34362
34363
34364
34365
34366
34367
34369
34371
34373
34378
34379
34380
34381
34382
34383
34384
34385
34386
34387
34389
34391
34392
34394
34395
34396
34403
34405
34406
34409
34411
34413
34414
34415
34418
34419
34420
34423
34424
34425
34427
34430
34434
34440
34441
34442
34443
34445
34446
34455
34458
34459
34460
34462
34463
34467
34468
34469
34472
34474
34475
34480
34482
34484
34487
34493
34494
34495
34496
34499
34503
34504
34509
34510
34511
34513
34518
34519
34523
34525
34528
34529
34530
34531
34532
34533
34536
34537
34542
34543
34544
34553
34557
34559
34560
34561
34563
34570
34571
34572
34573
34576
34577
34578
34580
34581
34582
34583
34586
34588
34589
34591
34592
34594
34596
34600
34601
34602
34605
34609
34610
34611
34612
34613
34614
34617
34618
34619
34620
34624
34625
34630
34631
34632
34638
34639
34640
34641
34645
34646
34647
34651
34652
34653
34654
34655
34657
34658
34659
34660
34661
34663
34664
34665
34666
34667
34672
34673
34675
34676
34679
34680
34681
34682
34685
34686
34687
34690
34691
34694
34696
34698
34699
34700
34705
34706
34707
34710
34713
34716
34718
34719
34721
34723
34724
34726
34728
34729
34730
34736
34737
34738
34740
34741
34744
34745
34749
34751
34752
34754
34755
34756
34757
34759
34766
34767
34768
34771
34772
34774
34775
34777
34778
34780
34781
34782
34784
34787
34789
34792
34794
34797
34799
34800
34802
34803
34804
34809
34817
34826
34827
34831
34833
34834
34835
34836
34837
34840
34844
34846
34847
34849
34850
34853
34854
34855
34859
34862
34869
34871
34873
34874
34877
34878
34879
34880
34884
34888
34890
34892
34895
34897
34899
34900
34902
34904
34907
34908
34910
34912
34913
34914
34916
34917
34918
34919
34920
34922
34924
34928
34933
34934
34937
34938
34942
34945
34947
34949
34951
34952
34953
34954
34955
34957
34959
34961
34962
34963
34964
34965
34966
34967
34968
34971
34973
34975
34976
34977
34979
34980
34983
34984
34986
34987
34992
34993
34994
34995
34998
34999
35000
35002
35003
35004
35005
35007
35008
35009
35010
35011
35013
35014
35016
35017
35024
35026
35032
35037
35038
35040
35041
35042
35043
35044
35048
35050
35052
35055
35056
35060
35061
35062
35064
35065
35066
35068
35070
35071
35072
35077
35079
35080
35082
35085
35086
35087
35088
35089
35092
35096
35099
35100
35102
35103
35104
35105
35106
35107
35109
35112
35113
35114
35116
35117
35118
35122
35124
35125
35128
35131
35133
35134
35136
35138
35140
35142
35143
35144
35145
35148
35150
35152
35153
35155
35157
35158
35159
35162
35163
35164
35166
35167
35168
35170
35173
35175
35176
35179
35180
35182
35184
35185
35187
35188
35194
35197
35199
35200
35202
35206
35208
35209
35210
35211
35212
35215
35216
35217
35218
35221
35226
35227
35231
35232
35233
35235
35236
35247
35251
35253
35256
35257
35258
35260
35262
35264
35266
35268
35273
35274
35276
35278
35280
35281
35282
35287
35288
35290
35292
35293
35294
35296
35299
35300
35301
35302
35303
35306
35307
35308
35309
35310
35313
35316
35318
35320
35321
35323
35325
35326
35328
35330
35332
35333
35334
35335
35340
35341
35342
35343
35344
35345
35347
35348
35349
35350
35351
35353
35354
35355
35356
35357
35358
35359
35369
35370
35371
35373
35374
35382
35387
35391
35393
35394
35395
35396
35399
35403
35407
35408
35410
35411
35412
35413
35414
35415
35416
35418
35420
35421
35425
35426
35427
35428
35429
35431
35433
35434
35440
35448
35449
35450
35451
35454
35456
35463
35465
35467
35471
35474
35476
35477
35481
35482
35484
35488
35490
35491
35497
35498
35502
35503
35504
35506
35507
35508
35512
35515
35517
35518
35519
35521
35526
35527
35528
35529
35531
35532
35537
35540
35543
35544
35546
35547
35548
35549
35551
35552
35553
35554
35555
35559
35560
35561
35562
35563
35564
35568
35569
35574
35577
35579
35580
35582
35583
35585
35586
35589
35592
35593
35599
35600
35601
35603
35607
35608
35613
35614
35615
35616
35617
35619
35620
35621
35622
35628
35631
35632
35633
35634
35641
35642
35648
35650
35651
35652
35653
35655
35656
35657
35658
35659
35661
35662
35663
35665
35668
35669
35670
35671
35672
35674
35675
35676
35677
35679
35680
35681
35682
35683
35686
35688
35689
35692
35695
35696
35697
35705
35707
35708
35713
35714
35717
35718
35719
35720
35721
35723
35724
35727
35729
35734
35737
35739
35740
35741
35742
35743
35746
35747
35748
35749
35750
35751
35753
35754
35759
35760
35765
35766
35767
35768
35772
35773
35776
35777
35779
35781
35785
35786
35788
35789
35794
35796
35798
35800
35802
35805
35806
35807
35808
35809
35812
35813
35814
35815
35817
35818
35824
35827
35835
35839
35841
35842
35844
35845
35847
35853
35854
35859
35860
35862
35863
35865
35866
35869
35870
35873
35874
35875
35877
35878
35882
35883
35885
35886
35887
35889
35890
35891
35896
35901
35903
35905
35906
35908
35911
35912
35917
35919
35920
35923
35924
35928
35929
35931
35934
35935
35936
35940
35941
35945
35946
35947
35948
35950
35952
35953
35954
35955
35957
35958
35959
35960
35963
35964
35966
35967
35970
35972
35976
35983
35986
35987
35988
35990
35996
35997
35998
35999
36001
36003
36004
36005
36007
36008
36010
36018
36024
36027
36032
36033
36035
36036
36037
36039
36042
36043
36044
36045
36046
36047
36050
36051
36052
36056
36057
36058
36060
36064
36065
36068
36069
36072
36075
36077
36078
36079
36084
36085
36087
36088
36089
36093
36095
36101
36104
36108
36109
36110
36113
36114
36115
36116
36119
36121
36124
36125
36126
36127
36129
36132
36133
36134
36135
36136
36138
36139
36140
36141
36142
36144
36145
36146
36147
36148
36150
36151
36152
36153
36154
36155
36156
36157
36160
36161
36162
36166
36168
36170
36171
36174
36176
36178
36179
36181
36186
36187
36189
36190
36192
36193
36194
36195
36197
36205
36206
36207
36209
36212
36221
36225
36226
36229
36230
36233
36234
36237
36240
36245
36246
36247
36248
36249
36252
36253
36256
36257
36260
36263
36265
36269
36270
36271
36272
36275
36277
36283
36286
36288
36289
36290
36291
36293
36295
36298
36299
36300
36304
36305
36306
36307
36309
36311
36312
36317
36319
36321
36323
36324
36325
36328
36329
36331
36333
36334
36335
36336
36338
36340
36341
36342
36343
36347
36348
36353
36354
36356
36358
36359
36361
36362
36363
36365
36368
36369
36374
36375
36379
36383
36384
36385
36387
36388
36391
36393
36401
36402
36407
36409
36412
36413
36414
36415
36416
36420
36426
36428
36429
36430
36431
36432
36436
36437
36438
36439
36440
36441
36442
36443
36445
36447
36448
36450
36454
36455
36456
36458
36462
36466
36467
36468
36469
36470
36471
36476
36478
36479
36482
36483
36486
36487
36488
36489
36490
36491
36492
36494
36497
36498
36500
36502
36503
36504
36506
36508
36511
36513
36514
36517
36518
36519
36520
36521
36522
36524
36527
36528
36529
36530
36533
36534
36535
36536
36543
36544
36545
36547
36552
36556
36558
36559
36560
36562
36563
36564
36565
36566
36571
36573
36575
36577
36578
36579
36580
36581
36582
36586
36587
36588
36589
36591
36592
36593
36598
36599
36600
36602
36603
36606
36607
36608
36612
36613
36615
36616
36617
36618
36621
36622
36623
36624
36625
36627
36628
36630
36635
36636
36639
36641
36642
36643
36649
36653
36656
36658
36659
36661
36662
36663
36664
36665
36668
36669
36672
36676
36678
36679
36687
36689
36690
36692
36694
36696
36697
36700
36701
36703
36705
36711
36718
36719
36721
36723
36725
36726
36728
36730
36732
36734
36736
36739
36743
36744
36746
36751
36752
36753
36755
36756
36758
36759
36760
36764
36766
36767
36770
36772
36773
36774
36778
36779
36780
36782
36790
36791
36792
36795
36796
36797
36799
36800
36802
36803
36807
36809
36810
36811
36812
36813
36814
36819
36822
36824
36825
36827
36831
36833
36834
36836
36839
36841
36844
36845
36846
36847
36850
36852
36853
36856
36857
36858
36859
36861
36862
36863
36864
36872
36874
36877
36880
36881
36883
36885
36886
36887
36888
36889
36891
36893
36900
36902
36903
36904
36905
36906
36907
36909
36911
36913
36914
36915
36916
36917
36918
36919
36920
36921
36923
36927
36928
36935
36936
36937
36939
36940
36941
36946
36947
36949
36950
36954
36957
36959
36961
36963
36964
36965
36966
36970
36972
36974
36975
36976
36978
36987
36989
36990
36994
36999
37001
37002
37003
37005
37006
37010
37012
37014
37015
37018
37019
37020
37021
37025
37026
37029
37030
37031
37033
37035
37036
37040
37041
37045
37047
37054
37056
37057
37058
37060
37061
37063
37065
37066
37067
37068
37069
37074
37077
37079
37080
37082
37083
37087
37088
37090
37093
37094
37095
37096
37101
37102
37104
37106
37107
37113
37114
37116
37117
37120
37121
37123
37125
37126
37127
37128
37129
37130
37131
37132
37133
37136
37139
37140
37142
37143
37145
37146
37149
37153
37157
37158
37159
37160
37161
37163
37164
37165
37167
37168
37169
37174
37175
37176
37178
37182
37189
37193
37196
37198
37199
37200
37207
37208
37209
37216
37217
37218
37220
37223
37227
37228
37230
37231
37232
37234
37235
37236
37237
37244
37245
37248
37249
37251
37253
37254
37255
37256
37257
37258
37263
37264
37268
37274
37275
37277
37281
37282
37284
37285
37286
37288
37289
37293
37296
37297
37298
37300
37302
37303
37304
37307
37308
37311
37313
37314
37315
37316
37317
37318
37319
37321
37322
37324
37326
37330
37331
37332
37335
37338
37342
37343
37345
37348
37349
37350
37351
37353
37355
37356
37359
37360
37363
37364
37366
37369
37370
37372
37373
37374
37375
37376
37377
37379
37380
37381
37382
37386
37389
37390
37395
37397
37400
37401
37402
37403
37404
37405
37406
37407
37408
37410
37413
37415
37417
37420
37422
37427
37428
37431
37432
37436
37437
37442
37443
37448
37449
37450
37457
37459
37460
37461
37462
37463
37466
37469
37472
37474
37475
37476
37477
37479
37484
37485
37487
37488
37489
37490
37491
37496
37500
37501
37502
37503
37504
37505
37506
37508
37510
37511
37514
37515
37517
37518
37521
37522
37525
37526
37528
37531
37532
37533
37537
37538
37541
37544
37545
37548
37551
37552
37554
37555
37556
37557
37559
37560
37562
37565
37566
37570
37572
37573
37575
37576
37577
37578
37579
37581
37585
37586
37588
37589
37591
37596
37599
37600
37601
37603
37604
37605
37607
37608
37609
37611
37612
37615
37616
37617
37618
37619
37620
37622
37624
37631
37632
37633
37634
37637
37639
37643
37644
37645
37648
37651
37654
37657
37659
37663
37667
37668
37669
37670
37673
37675
37676
37677
37680
37681
37682
37684
37688
37689
37690
37692
37694
37695
37698
37699
37701
37706
37707
37708
37709
37713
37714
37716
37717
37719
37720
37722
37725
37726
37727
37729
37730
37731
37735
37736
37738
37739
37744
37745
37747
37749
37751
37752
37755
37756
37759
37762
37765
37767
37768
37769
37770
37771
37772
37778
37782
37783
37785
37787
37788
37794
37795
37796
37797
37798
37799
37801
37802
37804
37805
37807
37809
37810
37813
37814
37819
37821
37823
37834
37835
37836
37837
37841
37842
37843
37846
37847
37848
37849
37850
37852
37855
37856
37858
37861
37863
37864
37870
37877
37878
37881
37882
37887
37889
37890
37899
37900
37902
37907
37908
37909
37914
37918
37919
37920
37921
37923
37924
37925
37926
37929
37932
37935
37936
37937
37941
37944
37945
37946
37947
37948
37951
37953
37954
37955
37957
37958
37959
37960
37961
37962
37966
37967
37970
37971
37975
37979
37980
37982
37984
37985
37986
37987
37989
37993
37998
37999
38005
38008
38013
38014
38015
38018
38019
38020
38023
38028
38029
38031
38032
38034
38035
38040
38041
38044
38045
38046
38051
38056
38057
38058
38059
38063
38064
38067
38070
38071
38072
38073
38074
38075
38077
38078
38079
38080
38081
38083
38086
38089
38090
38091
38092
38094
38095
38096
38100
38102
38103
38104
38107
38108
38111
38112
38117
38118
38122
38124
38125
38127
38128
38130
38131
38132
38133
38135
38136
38137
38142
38143
38144
38145
38146
38147
38148
38149
38150
38151
38152
38153
38160
38161
38162
38164
38166
38168
38172
38173
38178
38183
38184
38186
38189
38190
38192
38193
38194
38196
38197
38198
38199
38201
38202
38204
38205
38214
38215
38216
38217
38221
38222
38225
38226
38227
38230
38232
38233
38234
38235
38237
38238
38239
38240
38241
38242
38243
38246
38247
38248
38252
38255
38257
38259
38261
38265
38266
38269
38270
38271
38273
38274
38275
38276
38281
38282
38283
38284
38285
38286
38287
38289
38291
38292
38296
38298
38300
38301
38303
38305
38308
38312
38315
38317
38318
38320
38323
38324
38325
38330
38331
38334
38336
38337
38341
38343
38347
38348
38349
38351
38354
38355
38357
38359
38360
38368
38370
38371
38372
38375
38376
38377
38379
38386
38387
38388
38393
38394
38397
38398
38399
38400
38403
38404
38408
38410
38411
38412
38413
38414
38415
38416
38418
38419
38423
38426
38428
38431
38433
38434
38435
38440
38444
38445
38448
38450
38451
38460
38463
38464
38465
38466
38467
38468
38469
38473
38475
38476
38477
38482
38483
38485
38487
38492
38493
38494
38496
38497
38499
38502
38505
38506
38507
38508
38509
38513
38515
38518
38522
38524
38525
38526
38527
38529
38531
38532
38533
38535
38539
38543
38547
38549
38552
38553
38557
38559
38562
38563
38564
38565
38566
38570
38572
38574
38575
38582
38583
38584
38586
38587
38588
38589
38590
38592
38593
38595
38596
38597
38601
38602
38603
38604
38606
38607
38610
38613
38615
38616
38618
38621
38622
38624
38625
38626
38627
38628
38629
38632
38634
38636
38637
38638
38641
38646
38648
38652
38653
38655
38659
38660
38662
38664
38666
38668
38673
38674
38675
38677
38681
38682
38683
38690
38691
38692
38693
38694
38695
38699
38702
38703
38707
38709
38711
38712
38717
38718
38719
38720
38722
38723
38726
38735
38740
38745
38746
38747
38749
38751
38753
38755
38756
38757
38759
38760
38761
38765
38767
38768
38769
38771
38773
38775
38778
38780
38781
38782
38783
38787
38788
38791
38793
38795
38796
38801
38802
38803
38804
38806
38808
38809
38810
38811
38812
38813
38815
38819
38820
38823
38824
38825
38826
38827
38833
38834
38835
38836
38837
38838
38839
38840
38845
38847
38848
38849
38850
38854
38856
38858
38859
38860
38861
38862
38863
38866
38867
38868
38869
38870
38875
38877
38878
38881
38886
38888
38889
38892
38894
38895
38899
38901
38903
38904
38908
38910
38914
38915
38917
38918
38919
38920
38925
38927
38930
38932
38933
38936
38937
38939
38940
38941
38948
38949
38950
38951
38952
38955
38957
38958
38960
38961
38962
38963
38964
38968
38971
38975
38976
38977
38978
38979
38981
38984
38985
38986
38987
38991
38993
38995
38999
39000
39001
39005
39006
39010
39011
39014
39016
39017
39020
39024
39025
39026
39027
39028
39030
39039
39045
39046
39047
39048
39049
39051
39060
39061
39065
39066
39067
39069
39070
39071
39072
39074
39076
39077
39078
39081
39082
39084
39085
39089
39092
39094
39095
39096
39097
39098
39099
39101
39104
39108
39109
39112
39113
39116
39117
39121
39124
39127
39128
39130
39131
39132
39135
39136
39139
39140
39142
39143
39144
39146
39148
39150
39151
39154
39155
39156
39158
39159
39160
39161
39162
39163
39165
39166
39167
39168
39171
39173
39175
39178
39179
39180
39183
39184
39186
39187
39190
39192
39194
39195
39197
39201
39202
39205
39211
39214
39215
39216
39217
39218
39219
39226
39227
39231
39234
39237
39239
39240
39241
39242
39244
39245
39247
39252
39253
39254
39256
39257
39261
39263
39264
39265
39266
39267
39268
39270
39274
39275
39276
39278
39281
39282
39284
39285
39286
39289
39290
39291
39292
39294
39296
39299
39303
39304
39306
39308
39311
39313
39315
39316
39317
39318
39321
39324
39326
39328
39329
39332
39333
39334
39339
39343
39347
39351
39353
39354
39356
39359
39360
39362
39364
39365
39366
39367
39369
39372
39373
39374
39375
39377
39380
39384
39390
39393
39394
39398
39399
39401
39405
39406
39407
39408
39409
39412
39415
39416
39417
39418
39420
39421
39423
39424
39426
39430
39431
39434
39437
39438
39439
39441
39443
39444
39447
39449
39451
39453
39455
39457
39458
39461
39462
39465
39466
39467
39469
39470
39472
39473
39474
39475
39477
39478
39482
39485
39486
39488
39489
39491
39494
39500
39501
39502
39503
39505
39507
39508
39509
39511
39512
39513
39514
39515
39516
39517
39518
39519
39521
39523
39524
39530
39531
39532
39533
39537
39541
39543
39544
39548
39549
39550
39553
39556
39558
39560
39561
39565
39566
39570
39571
39578
39579
39581
39582
39583
39585
39586
39588
39589
39590
39591
39593
39597
39598
39599
39601
39602
39603
39604
39605
39608
39609
39610
39611
39614
39615
39617
39621
39622
39623
39624
39625
39626
39627
39628
39629
39632
39634
39636
39637
39639
39643
39646
39647
39652
39654
39655
39661
39663
39664
39665
39666
39668
39671
39673
39674
39676
39677
39679
39680
39682
39684
39685
39686
39689
39691
39693
39696
39702
39705
39707
39710
39712
39713
39714
39715
39718
39719
39723
39724
39725
39728
39729
39734
39737
39738
39739
39740
39741
39742
39744
39753
39754
39756
39757
39758
39763
39764
39770
39772
39778
39779
39781
39784
39785
39786
39787
39788
39789
39790
39792
39795
39796
39799
39801
39802
39806
39807
39809
39811
39812
39813
39816
39817
39819
39820
39821
39822
39823
39828
39829
39830
39832
39835
39840
39841
39846
39847
39849
39850
39853
39857
39866
39870
39871
39873
39874
39875
39876
39878
39879
39882
39884
39885
39886
39888
39889
39893
39894
39895
39896
39898
39899
39900
39905
39906
39907
39908
39910
39912
39913
39915
39917
39920
39923
39925
39926
39927
39929
39931
39936
39938
39939
39941
39942
39943
39944
39946
39947
39948
39950
39951
39953
39955
39956
39960
39962
39965
39966
39970
39971
39973
39975
39978
39980
39983
39988
39989
39996
39997
40001
40002
40003
40006
40009
40010
40011
40013
40014
40015
40016
40019
40020
40027
40028
40030
40032
40035
40040
40043
40044
40049
40053
40054
40055
40056
40057
40059
40060
40063
40064
40069
40071
40072
40073
40081
40082
40083
40086
40089
40092
40093
40096
40098
40099
40100
40101
40103
40104
40105
40107
40112
40113
40114
40118
40120
40123
40124
40126
40128
40130
40132
40133
40134
40135
40137
40139
40141
40144
40145
40146
40147
40148
40151
40152
40155
40156
40159
40162
40169
40170
40172
40173
40174
40176
40177
40179
40180
40181
40184
40187
40188
40190
40194
40197
40198
40199
40201
40202
40205
40206
40208
40209
40212
40213
40215
40218
40219
40220
40222
40224
40225
40227
40228
40231
40232
40233
40236
40241
40242
40245
40248
40249
40250
40251
40253
40254
40255
40256
40258
40259
40261
40262
40264
40267
40270
40274
40275
40276
40278
40279
40280
40283
40284
40290
40291
40292
40294
40295
40297
40300
40302
40303
40305
40306
40308
40309
40311
40312
40313
40315
40316
40317
40318
40322
40325
40327
40328
40329
40330
40331
40333
40334
40336
40340
40341
40342
40343
40344
40345
40346
40349
40351
40354
40356
40358
40359
40360
40363
40364
40366
40368
40369
40370
40371
40372
40376
40377
40378
40381
40382
40388
40389
40390
40392
40393
40394
40396
40397
40399
40402
40403
40404
40405
40406
40411
40416
40419
40424
40426
40427
40433
40437
40438
40440
40442
40444
40445
40447
40451
40452
40457
40459
40461
40463
40466
40470
40472
40474
40476
40479
40481
40483
40485
40487
40493
40495
40496
40498
40499
40500
40501
40502
40503
40504
40505
40507
40508
40510
40513
40514
40516
40517
40518
40520
40521
40523
40524
40525
40529
40532
40533
40534
40535
40536
40539
40540
40543
40544
40546
40550
40551
40552
40553
40556
40557
40559
40560
40562
40564
40565
40566
40569
40570
40572
40573
40574
40579
40581
40582
40583
40584
40585
40589
40598
40600
40601
40602
40604
40609
40610
40612
40615
40616
40617
40618
40623
40624
40631
40636
40639
40644
40646
40647
40648
40649
40650
40654
40656
40657
40659
40661
40662
40663
40665
40666
40667
40668
40670
40671
40672
40675
40678
40679
40684
40687
40691
40692
40694
40695
40696
40698
40699
40706
40707
40708
40710
40711
40714
40717
40718
40719
40722
40723
40724
40725
40726
40729
40730
40734
40735
40737
40738
40740
40742
40743
40748
40749
40751
40753
40755
40756
40760
40762
40763
40765
40768
40771
40774
40776
40778
40780
40783
40784
40785
40787
40788
40789
40790
40791
40792
40794
40795
40798
40799
40801
40802
40803
40804
40805
40806
40812
40815
40820
40823
40824
40825
40826
40828
40831
40833
40834
40835
40837
40839
40844
40845
40846
40848
40849
40850
40853
40855
40857
40858
40860
40864
40865
40866
40867
40868
40869
40874
40875
40876
40878
40881
40882
40885
40887
40889
40891
40894
40895
40896
40897
40901
40902
40903
40904
40906
40907
40909
40911
40912
40914
40917
40919
40922
40923
40924
40928
40929
40930
40931
40934
40936
40941
40942
40946
40947
40948
40950
40961
40962
40963
40965
40968
40970
40971
40974
40975
40977
40978
40986
40989
40992
40994
40995
40997
41000
41004
41006
41007
41009
41012
41013
41015
41017
41019
41020
41021
41023
41024
41029
41032
41035
41036
41037
41038
41039
41041
41042
41044
41047
41048
41049
41050
41051
41052
41056
41057
41058
41060
41061
41062
41063
41064
41069
41070
41071
41072
41073
41078
41079
41080
41083
41084
41085
41090
41093
41094
41097
41098
41100
41102
41103
41104
41106
41109
41112
41113
41116
41117
41119
41120
41121
41123
41125
41127
41128
41133
41134
41136
41137
41138
41143
41145
41146
41148
41150
41152
41153
41154
41156
41157
41158
41159
41160
41162
41165
41166
41167
41179
41180
41181
41183
41186
41187
41188
41189
41191
41192
41194
41196
41199
41200
41201
41202
41205
41209
41215
41221
41222
41223
41224
41226
41231
41232
41233
41240
41241
41245
41247
41248
41251
41253
41254
41261
41262
41268
41269
41276
41278
41280
41281
41285
41286
41289
41291
41293
41294
41295
41296
41297
41299
41303
41304
41308
41311
41312
41313
41314
41315
41316
41320
41321
41322
41323
41324
41325
41326
41330
41331
41332
41333
41334
41335
41336
41338
41339
41341
41344
41349
41351
41353
41357
41359
41360
41364
41370
41371
41375
41376
41378
41381
41387
41389
41393
41395
41396
41401
41406
41410
41413
41415
41417
41419
41420
41421
41424
41427
41428
41429
41430
41433
41434
41435
41436
41437
41439
41440
41441
41442
41447
41448
41451
41452
41453
41455
41456
41457
41458
41459
41461
41463
41464
41465
41467
41468
41469
41470
41471
41472
41473
41475
41477
41479
41480
41481
41482
41485
41486
41487
41488
41489
41492
41493
41496
41499
41503
41504
41505
41507
41508
41509
41510
41511
41512
41515
41516
41518
41519
41523
41524
41525
41526
41527
41528
41531
41532
41533
41536
41537
41538
41539
41540
41543
41544
41545
41546
41547
41552
41554
41555
41557
41558
41559
41560
41561
41562
41565
41566
41567
41569
41570
41574
41577
41578
41579
41580
41581
41583
41585
41586
41587
41588
41589
41590
41593
41596
41598
41602
41603
41604
41606
41607
41610
41612
41614
41622
41623
41624
41625
41626
41628
41629
41630
41631
41632
41634
41636
41639
41643
41645
41648
41649
41655
41656
41660
41661
41667
41668
41672
41674
41680
41681
41682
41683
41685
41686
41687
41689
41690
41691
41693
41694
41696
41697
41700
41704
41705
41706
41709
41710
41713
41715
41722
41725
41727
41729
41730
41731
41734
41736
41737
41738
41739
41740
41742
41744
41749
41751
41752
41754
41755
41757
41758
41759
41763
41765
41767
41770
41772
41774
41778
41779
41780
41781
41782
41784
41788
41789
41794
41795
41796
41798
41800
41802
41805
41806
41808
41810
41813
41817
41819
41820
41822
41823
41825
41826
41827
41829
41830
41831
41832
41833
41835
41838
41839
41840
41845
41846
41853
41854
41855
41856
41858
41860
41863
41864
41866
41868
41871
41873
41875
41876
41878
41879
41880
41881
41884
41885
41888
41890
41891
41893
41894
41895
41901
41905
41907
41910
41911
41912
41914
41916
41921
41922
41925
41926
41930
41938
41942
41943
41948
41950
41951
41953
41954
41955
41961
41963
41965
41966
41967
41969
41971
41972
41979
41982
41983
41985
41986
41988
41991
41992
41993
41994
41997
42000
42003
42004
42005
42007
42009
42010
42013
42014
42015
42018
42019
42020
42021
42023
42024
42027
42030
42031
42034
42035
42037
42041
42043
42045
42047
42048
42050
42051
42052
42053
42057
42059
42060
42061
42064
42065
42066
42068
42069
42072
42074
42075
42078
42079
42080
42081
42082
42083
42084
42085
42087
42088
42089
42090
42091
42092
42095
42096
42097
42098
42099
42100
42102
42103
42105
42109
42112
42115
42116
42117
42120
42123
42124
42125
42129
42131
42134
42136
42139
42141
42142
42143
42144
42146
42147
42148
42149
42150
42152
42154
42155
42158
42161
42163
42164
42168
42171
42173
42176
42178
42179
42180
42182
42184
42185
42188
42189
42191
42192
42194
42195
42196
42198
42199
42201
42203
42211
42212
42214
42215
42216
42222
42223
42225
42228
42229
42230
42231
42233
42235
42237
42238
42240
42241
42243
42244
42252
42253
42254
42255
42256
42257
42258
42259
42260
42262
42263
42264
42267
42269
42270
42272
42273
42274
42277
42278
42279
42280
42285
42286
42287
42288
42289
42291
42293
42296
42301
42303
42305
42307
42311
42312
42315
42317
42319
42320
42321
42322
42323
42325
42328
42333
42335
42337
42338
42339
42341
42347
42348
42351
42359
42361
42364
42365
42372
42374
42375
42376
42377
42379
42380
42381
42382
42383
42384
42386
42388
42389
42392
42394
42397
42406
42409
42411
42418
42419
42420
42425
42427
42428
42429
42431
42433
42435
42439
42440
42442
42443
42446
42447
42449
42451
42454
42455
42456
42458
42459
42464
42470
42472
42479
42484
42485
42486
42488
42489
42493
42495
42497
42501
42503
42508
42517
42519
42520
42522
42523
42524
42525
42527
42528
42531
42532
42533
42535
42537
42538
42539
42542
42543
42546
42547
42549
42551
42552
42553
42554
42555
42558
42559
42560
42563
42564
42569
42574
42576
42577
42578
42582
42583
42584
42585
42586
42587
42593
42594
42598
42602
42603
42604
42608
42609
42610
42612
42614
42616
42618
42619
42621
42623
42624
42625
42627
42628
42629
42631
42632
42637
42638
42639
42640
42642
42643
42645
42646
42647
42648
42653
42655
42656
42658
42660
42662
42665
42666
42672
42674
42675
42681
42682
42684
42685
42690
42694
42696
42697
42698
42701
42705
42707
42710
42713
42715
42716
42718
42719
42721
42722
42723
42729
42737
42738
42740
42741
42743
42746
42748
42749
42753
42754
42755
42756
42757
42759
42760
42761
42767
42768
42769
42775
42777
42778
42779
42782
42783
42785
42786
42787
42789
42791
42794
42795
42796
42801
42802
42803
42804
42806
42808
42811
42812
42813
42815
42816
42817
42818
42820
42821
42825
42830
42832
42834
42835
42836
42837
42838
42839
42842
42844
42849
42850
42852
42853
42855
42859
42860
42861
42862
42865
42868
42869
42872
42873
42875
42876
42878
42879
42883
42887
42890
42891
42894
42896
42898
42899
42903
42905
42906
42907
42908
42910
42912
42916
42917
42918
42919
42921
42924
42926
42927
42930
42933
42936
42937
42938
42939
42940
42942
42945
42946
42947
42948
42949
42950
42954
42958
42959
42960
42963
42965
42966
42970
42971
42972
42974
42975
42976
42978
42979
42980
42981
42984
42985
42989
42990
42992
42994
42996
42997
43000
43001
43002
43005
43006
43007
43009
43015
43018
43019
43020
43022
43024
43027
43028
43030
43034
43035
43039
43042
43044
43046
43048
43049
43052
43056
43059
43062
43066
43067
43068
43069
43071
43072
43074
43077
43078
43079
43080
43082
43083
43084
43086
43091
43103
43104
43105
43106
43107
43108
43110
43111
43113
43117
43120
43122
43124
43125
43127
43131
43132
43133
43139
43140
43143
43146
43148
43150
43151
43153
43155
43157
43158
43162
43163
43164
43165
43166
43167
43170
43171
43173
43174
43175
43177
43178
43181
43182
43183
43184
43185
43186
43191
43193
43194
43195
43196
43197
43198
43203
43207
43208
43209
43213
43216
43217
43220
43221
43223
43226
43227
43228
43229
43232
43233
43237
43238
43239
43243
43245
43247
43250
43251
43254
43255
43256
43261
43264
43265
43268
43270
43271
43272
43277
43279
43282
43284
43287
43288
43290
43295
43296
43298
43301
43302
43303
43304
43308
43309
43310
43311
43312
43314
43317
43318
43319
43320
43322
43323
43326
43328
43332
43337
43338
43339
43340
43341
43343
43344
43346
43347
43348
43349
43350
43351
43354
43356
43357
43358
43360
43361
43362
43364
43365
43366
43367
43370
43371
43372
43373
43381
43382
43383
43384
43385
43387
43388
43392
43398
43400
43401
43405
43410
43412
43413
43415
43417
43418
43419
43425
43426
43427
43428
43430
43435
43439
43440
43442
43444
43447
43450
43452
43453
43454
43455
43456
43457
43460
43461
43462
43463
43466
43467
43468
43473
43474
43475
43476
43477
43478
43480
43482
43484
43485
43489
43490
43491
43494
43495
43498
43500
43501
43506
43507
43509
43511
43512
43513
43514
43515
43516
43517
43519
43522
43524
43526
43530
43531
43532
43535
43539
43541
43542
43545
43546
43548
43553
43554
43556
43558
43559
43561
43565
43566
43570
43571
43574
43575
43577
43579
43580
43582
43584
43585
43586
43587
43588
43593
43595
43599
43603
43604
43606
43608
43609
43612
43614
43615
43616
43617
43619
43622
43625
43626
43627
43629
43631
43632
43633
43635
43640
43643
43644
43645
43646
43648
43649
43651
43652
43654
43655
43656
43657
43658
43662
43667
43669
43671
43673
43676
43678
43679
43680
43681
43685
43688
43690
43691
43693
43695
43696
43702
43703
43704
43706
43708
43709
43711
43712
43718
43724
43729
43736
43741
43745
43750
43751
43756
43757
43759
43760
43761
43762
43763
43764
43766
43767
43768
43769
43771
43772
43774
43775
43779
43785
43786
43789
43790
43791
43792
43793
43798
43799
43803
43804
43805
43808
43810
43811
43812
43813
43815
43818
43820
43822
43823
43824
43825
43830
43832
43833
43835
43836
43837
43839
43841
43844
43845
43848
43849
43853
43857
43860
43861
43862
43866
43869
43870
43871
43872
43873
43875
43876
43877
43887
43890
43893
43894
43896
43897
43900
43901
43902
43903
43904
43911
43912
43914
43916
43917
43919
43920
43922
43923
43924
43925
43926
43928
43929
43930
43931
43932
43933
43934
43935
43936
43939
43941
43943
43946
43947
43948
43949
43952
43954
43956
43957
43958
43959
43964
43965
43966
43967
43969
43971
43975
43976
43977
43978
43980
43981
43983
43984
43985
43987
43990
43992
43993
43994
43999
44000
44004
44005
44007
44009
44010
44013
44014
44017
44020
44021
44022
44025
44026
44028
44035
44036
44037
44041
44043
44045
44048
44050
44052
44053
44054
44055
44057
44059
44062
44063
44064
44066
44068
44072
44073
44074
44075
44076
44077
44079
44080
44082
44084
44085
44087
44091
44093
44094
44096
44097
44104
44106
44111
44115
44116
44117
44118
44119
44120
44121
44123
44124
44127
44128
44131
44134
44135
44139
44142
44147
44148
44151
44153
44155
44156
44157
44158
44162
44164
44167
44169
44170
44173
44174
44177
44178
44180
44182
44184
44185
44186
44189
44192
44194
44197
44198
44199
44201
44202
44206
44208
44209
44210
44212
44214
44216
44221
44223
44224
44225
44227
44228
44229
44231
44233
44234
44235
44238
44239
44241
44242
44248
44252
44255
44256
44257
44259
44261
44262
44263
44265
44266
44268
44271
44274
44280
44282
44283
44290
44291
44293
44294
44296
44297
44298
44299
44300
44302
44303
44304
44305
44313
44315
44316
44319
44321
44322
44337
44338
44339
44340
44341
44343
44344
44346
44350
44351
44352
44354
44355
44361
44362
44363
44365
44368
44369
44371
44373
44376
44378
44379
44380
44381
44382
44384
44387
44389
44393
44394
44399
44400
44401
44402
44405
44406
44407
44408
44409
44410
44411
44414
44416
44417
44420
44421
44422
44423
44427
44428
44429
44430
44432
44433
44435
44437
44438
44439
44441
44442
44443
44444
44446
44448
44449
44450
44451
44454
44456
44457
44458
44461
44462
44464
44465
44471
44474
44475
44476
44478
44479
44480
44482
44483
44484
44486
44489
44494
44496
44498
44500
44503
44507
44508
44510
44511
44513
44515
44516
44517
44519
44520
44521
44522
44524
44525
44526
44527
44529
44531
44535
44536
44537
44538
44540
44541
44543
44545
44551
44552
44558
44561
44562
44563
44565
44566
44568
44570
44571
44572
44574
44575
44576
44582
44585
44586
44589
44592
44593
44594
44598
44599
44601
44602
44604
44610
44611
44613
44617
44618
44620
44623
44626
44627
44628
44630
44631
44632
44634
44635
44636
44637
44638
44639
44642
44644
44653
44657
44660
44661
44662
44665
44669
44671
44672
44673
44678
44679
44681
44682
44685
44686
44689
44691
44692
44694
44695
44697
44698
44699
44702
44704
44706
44707
44709
44712
44721
44722
44724
44726
44728
44729
44737
44742
44745
44747
44748
44751
44752
44754
44755
44756
44757
44759
44760
44761
44762
44763
44765
44766
44767
44769
44770
44771
44772
44775
44779
44781
44782
44788
44789
44790
44791
44793
44798
44803
44805
44808
44810
44811
44813
44814
44817
44820
44822
44824
44825
44827
44828
44830
44833
44834
44835
44836
44840
44841
44842
44846
44848
44849
44850
44851
44852
44854
44855
44860
44861
44862
44863
44867
44869
44873
44877
44878
44879
44880
44882
44883
44885
44887
44890
44891
44893
44894
44896
44899
44901
44902
44903
44904
44905
44906
44907
44908
44910
44911
44912
44913
44917
44919
44920
44923
44924
44925
44928
44929
44930
44931
44932
44934
44938
44939
44940
44944
44945
44947
44948
44949
44950
44951
44955
44956
44959
44961
44963
44965
44966
44969
44970
44972
44973
44976
44980
44984
44990
44991
44994
44995
44996
44997
45000
45003
45005
45006
45007
45010
45011
45013
45015
45016
45017
45021
45024
45026
45028
45029
45030
45033
45034
45036
45040
45041
45044
45045
45050
45051
45054
45055
45057
45062
45063
45065
45066
45067
45068
45069
45071
45073
45074
45078
45081
45084
45086
45087
45089
45090
45091
45094
45098
45100
45102
45110
45113
45114
45117
45119
45120
45124
45125
45126
45130
45131
45132
45134
45137
45138
45140
45141
45143
45145
45146
45147
45149
45152
45153
45156
45158
45161
45163
45165
45166
45170
45172
45175
45176
45177
45179
45180
45181
45183
45184
45186
45187
45188
45190
45191
45199
45204
45205
45208
45217
45218
45219
45224
45227
45229
45230
45231
45232
45233
45234
45236
45237
45238
45240
45241
45242
45244
45246
45249
45250
45253
45256
45258
45260
45261
45262
45263
45265
45267
45269
45271
45272
45273
45275
45276
45277
45279
45282
45283
45284
45285
45286
45290
45291
45292
45298
45299
45303
45306
45309
45310
45313
45314
45317
45319
45323
45326
45327
45330
45332
45333
45338
45341
45342
45345
45346
45349
45350
45352
45357
45359
45361
45362
45363
45365
45366
45367
45369
45371
45372
45373
45375
45376
45377
45380
45381
45383
45385
45389
45392
45396
45399
45401
45402
45403
45405
45406
45409
45410
45416
45417
45418
45425
45426
45428
45432
45433
45439
45440
45443
45444
45446
45447
45448
45449
45450
45451
45452
45454
45455
45457
45458
45459
45460
45462
45463
45464
45467
45469
45473
45474
45476
45477
45478
45479
45480
45481
45484
45485
45487
45488
45489
45490
45491
45492
45494
45495
45496
45498
45505
45506
45507
45508
45509
45511
45512
45513
45514
45515
45517
45520
45524
45525
45527
45528
45532
45538
45541
45544
45546
45547
45548
45549
45550
45551
45552
45553
45554
45555
45556
45557
45558
45559
45560
45561
45565
45566
45567
45570
45571
45575
45576
45579
45582
45585
45587
45590
45592
45594
45595
45596
45605
45606
45615
45616
45617
45618
45621
45625
45627
45628
45629
45630
45631
45632
45633
45635
45636
45637
45640
45642
45643
45644
45647
45648
45651
45652
45653
45656
45658
45660
45661
45662
45663
45664
45666
45668
45670
45672
45677
45679
45680
45683
45691
45693
45695
45698
45700
45701
45702
45704
45705
45706
45707
45708
45710
45714
45715
45717
45718
45720
45724
45725
45727
45728
45730
45731
45736
45737
45738
45740
45741
45742
45743
45744
45745
45746
45747
45750
45751
45753
45757
45760
45763
45764
45766
45769
45770
45771
45773
45775
45777
45778
45780
45781
45782
45785
45786
45788
45793
45795
45800
45801
45802
45804
45808
45812
45813
45815
45817
45819
45821
45822
45824
45826
45827
45828
45829
45832
45834
45835
45837
45840
45841
45844
45845
45846
45847
45850
45851
45852
45853
45854
45856
45857
45860
45861
45862
45865
45867
45868
45869
45870
45875
45878
45880
45884
45885
45890
45891
45893
45894
45896
45899
45903
45904
45905
45907
45908
45910
45911
45912
45913
45916
45919
45921
45922
45923
45925
45927
45928
45929
45931
45932
45942
45949
45950
45951
45956
45961
45963
45968
45971
45973
45974
45977
45978
45979
45981
45982
45983
45985
45986
45987
45988
45989
45992
45998
45999
46001
46003
46006
46008
46010
46014
46015
46017
46018
46020
46024
46025
46026
46029
46030
46033
46034
46035
46038
46039
46041
46042
46043
46044
46046
46048
46050
46053
46054
46055
46056
46057
46058
46063
46064
46066
46068
46069
46070
46071
46074
46075
46076
46080
46081
46083
46084
46085
46089
46090
46092
46093
46095
46096
46097
46099
46101
46104
46106
46108
46109
46110
46111
46113
46114
46115
46117
46118
46119
46120
46121
46122
46125
46127
46128
46132
46133
46134
46136
46137
46138
46142
46143
46145
46147
46149
46151
46155
46156
46157
46158
46163
46165
46166
46168
46169
46172
46173
46175
46176
46183
46184
46187
46192
46194
46196
46197
46198
46199
46201
46202
46206
46209
46211
46212
46213
46218
46220
46222
46223
46224
46225
46227
46228
46229
46230
46231
46232
46233
46236
46237
46246
46247
46249
46250
46253
46254
46256
46259
46263
46266
46269
46271
46274
46276
46277
46278
46281
46282
46283
46286
46287
46289
46292
46294
46296
46298
46300
46304
46306
46312
46313
46314
46315
46316
46317
46319
46320
46322
46327
46328
46330
46331
46333
46335
46336
46337
46340
46341
46343
46351
46352
46353
46355
46357
46360
46363
46365
46367
46372
46376
46377
46378
46379
46381
46384
46385
46386
46387
46388
46389
46393
46395
46396
46399
46401
46402
46405
46406
46409
46410
46415
46416
46417
46424
46427
46428
46429
46430
46431
46434
46435
46436
46437
46439
46441
46442
46444
46446
46448
46449
46454
46455
46456
46457
46459
46463
46464
46465
46468
46472
46475
46478
46481
46486
46491
46493
46494
46496
46499
46504
46505
46506
46509
46510
46511
46513
46514
46515
46516
46517
46518
46523
46524
46525
46526
46529
46530
46531
46532
46535
46536
46539
46541
46542
46544
46546
46548
46549
46550
46551
46553
46554
46556
46559
46562
46566
46567
46568
46569
46572
46573
46576
46577
46578
46579
46584
46587
46589
46590
46592
46595
46600
46603
46605
46607
46608
46612
46614
46615
46620
46623
46624
46625
46630
46631
46632
46633
46634
46637
46639
46640
46641
46642
46643
46644
46645
46646
46649
46650
46657
46658
46660
46663
46665
46671
46672
46673
46674
46678
46679
46680
46683
46687
46690
46692
46693
46694
46695
46697
46698
46700
46701
46703
46707
46710
46711
46714
46725
46728
46730
46732
46734
46735
46736
46737
46739
46742
46744
46745
46747
46750
46752
46753
46754
46755
46757
46758
46761
46762
46765
46768
46770
46771
46773
46774
46775
46776
46777
46783
46784
46787
46788
46793
46794
46795
46797
46798
46800
46802
46803
46804
46805
46810
46811
46813
46814
46815
46817
46818
46820
46821
46822
46824
46826
46827
46829
46830
46831
46832
46833
46835
46836
46839
46840
46842
46846
46849
46850
46851
46853
46855
46860
46861
46862
46863
46864
46865
46873
46875
46876
46877
46878
46880
46881
46883
46885
46886
46887
46888
46889
46896
46899
46901
46904
46906
46908
46909
46910
46912
46917
46918
46920
46923
46924
46928
46929
46932
46933
46934
46940
46941
46942
46944
46945
46947
46948
46949
46950
46951
46952
46954
46955
46956
46957
46958
46959
46963
46965
46969
46971
46972
46975
46979
46983
46985
46991
46995
46996
46998
47000
47002
47003
47004
47007
47012
47013
47014
47016
47017
47020
47021
47025
47026
47029
47030
47032
47033
47037
47038
47042
47044
47045
47049
47050
47051
47052
47053
47057
47059
47060
47062
47065
47075
47077
47078
47079
47081
47086
47088
47089
47090
47091
47092
47094
47096
47097
47102
47104
47106
47109
47110
47111
47112
47115
47116
47119
47120
47121
47123
47124
47125
47126
47128
47129
47130
47132
47137
47140
47142
47144
47145
47146
47147
47151
47152
47153
47155
47156
47157
47161
47162
47163
47164
47166
47167
47168
47170
47172
47173
47176
47182
47187
47193
47196
47199
47200
47201
47202
47204
47205
47206
47208
47210
47214
47216
47217
47220
47223
47224
47225
47226
47228
47229
47230
47235
47237
47239
47240
47241
47244
47246
47247
47250
47251
47258
47259
47263
47266
47267
47268
47274
47276
47277
47279
47280
47282
47283
47284
47285
47288
47292
47293
47294
47295
47297
47298
47300
47301
47306
47307
47308
47313
47314
47315
47316
47317
47319
47321
47324
47327
47331
47332
47333
47334
47336
47337
47338
47339
47341
47345
47346
47348
47350
47351
47352
47353
47354
47356
47359
47361
47362
47363
47364
47365
47366
47370
47372
47376
47377
47378
47380
47381
47383
47384
47385
47386
47388
47391
47392
47395
47396
47397
47400
47401
47403
47404
47405
47406
47407
47408
47411
47414
47415
47416
47420
47426
47427
47428
47429
47434
47435
47442
47443
47445
47447
47450
47452
47453
47454
47455
47458
47459
47460
47461
47462
47464
47465
47471
47472
47474
47478
47480
47481
47486
47488
47492
47494
47495
47498
47501
47502
47504
47507
47509
47511
47513
47514
47515
47516
47517
47518
47522
47525
47526
47527
47528
47529
47532
47533
47536
47538
47539
47540
47541
47542
47543
47544
47546
47548
47554
47556
47557
47558
47560
47562
47564
47566
47569
47573
47576
47579
47580
47581
47583
47584
47591
47592
47593
47594
47596
47598
47600
47604
47606
47607
47608
47611
47614
47616
47617
47618
47620
47621
47624
47625
47626
47627
47628
47630
47631
47632
47634
47636
47640
47642
47645
47648
47649
47650
47651
47656
47659
47666
47667
47668
47669
47672
47674
47676
47680
47681
47684
47685
47687
47688
47690
47693
47694
47695
47699
47704
47705
47711
47712
47713
47716
47717
47718
47721
47723
47724
47725
47726
47728
47730
47732
47737
47739
47741
47747
47749
47752
47753
47755
47756
47760
47761
47764
47766
47767
47768
47769
47771
47772
47773
47776
47777
47778
47784
47787
47788
47791
47792
47793
47794
47795
47798
47799
47801
47802
47803
47807
47808
47809
47810
47811
47812
47813
47814
47818
47820
47821
47823
47828
47831
47832
47834
47841
47843
47846
47847
47850
47851
47852
47854
47855
47856
47857
47858
47861
47862
47863
47864
47865
47869
47873
47875
47876
47877
47878
47880
47883
47884
47886
47889
47890
47891
47895
47896
47897
47898
47899
47900
47904
47907
47908
47909
47912
47914
47915
47917
47919
47923
47924
47926
47927
47928
47929
47931
47935
47940
47941
47943
47945
47946
47947
47948
47949
47950
47953
47955
47956
47958
47965
47966
47968
47973
47974
47980
47982
47985
47986
47989
47990
47992
47993
47996
47997
47998
48001
48002
48003
48004
48005
48008
48011
48012
48015
48017
48018
48019
48025
48027
48029
48030
48031
48033
48034
48036
48037
48038
48039
48040
48042
48043
48044
48045
48046
48051
48052
48055
48059
48064
48065
48066
48067
48071
48072
48074
48075
48076
48077
48082
48083
48084
48087
48089
48092
48093
48094
48095
48096
48099
48100
48102
48103
48104
48113
48114
48116
48118
48121
48122
48124
48126
48127
48129
48130
48131
48133
48137
48138
48140
48141
48142
48145
48151
48156
48158
48159
48160
48162
48163
48164
48167
48170
48172
48173
48175
48181
48183
48188
48190
48191
48193
48197
48199
48203
48204
48206
48207
48208
48210
48212
48213
48215
48219
48220
48221
48222
48224
48228
48229
48232
48234
48235
48239
48240
48241
48245
48246
48247
48248
48249
48251
48253
48256
48259
48260
48261
48262
48263
48265
48266
48267
48268
48269
48270
48271
48274
48277
48278
48280
48282
48283
48284
48286
48291
48293
48295
48296
48298
48301
48303
48304
48307
48308
48309
48310
48314
48316
48318
48319
48323
48324
48327
48328
48329
48336
48337
48339
48340
48341
48344
48346
48347
48348
48353
48354
48356
48358
48360
48361
48363
48364
48371
48372
48375
48377
48379
48381
48382
48383
48384
48385
48390
48391
48392
48394
48397
48398
48402
48405
48410
48412
48413
48415
48417
48418
48419
48420
48421
48422
48423
48425
48426
48429
48431
48432
48433
48434
48435
48436
48437
48440
48442
48444
48445
48447
48448
48453
48459
48464
48465
48471
48472
48473
48476
48477
48481
48482
48484
48485
48486
48487
48488
48491
48492
48497
48500
48502
48504
48505
48506
48507
48510
48514
48515
48517
48518
48519
48521
48525
48526
48528
48529
48530
48531
48536
48540
48541
48543
48545
48546
48547
48549
48553
48554
48555
48557
48559
48560
48561
48562
48564
48565
48572
48573
48575
48577
48581
48582
48583
48584
48587
48588
48592
48593
48595
48597
48598
48599
48601
48602
48603
48604
48605
48606
48607
48608
48616
48618
48620
48623
48624
48625
48626
48627
48629
48634
48635
48636
48637
48638
48639
48643
48644
48646
48649
48650
48651
48652
48653
48655
48657
48658
48659
48660
48664
48666
48667
48670
48674
48675
48676
48677
48678
48679
48680
48681
48682
48684
48685
48688
48689
48690
48691
48692
48694
48698
48699
48700
48701
48702
48705
48706
48711
48715
48717
48719
48723
48724
48726
48727
48728
48729
48735
48736
48737
48739
48740
48742
48744
48745
48750
48760
48765
48767
48768
48769
48770
48772
48773
48774
48776
48779
48781
48782
48783
48784
48785
48788
48790
48791
48794
48798
48799
48801
48802
48804
48805
48809
48810
48813
48814
48816
48818
48825
48827
48834
48837
48838
48839
48842
48845
48846
48848
48849
48852
48854
48855
48863
48865
48866
48872
48873
48875
48881
48882
48887
48890
48891
48894
48897
48899
48902
48904
48907
48908
48911
48913
48915
48917
48922
48927
48928
48929
48931
48932
48934
48937
48940
48941
48942
48944
48945
48947
48949
48950
48954
48955
48958
48959
48960
48961
48964
48965
48968
48969
48970
48973
48974
48976
48977
48979
48982
48983
48984
48985
48987
48990
48991
48992
48993
48994
48995
48996
48998
48999
49000
49001
49002
49003
49004
49005
49006
49007
49009
49010
49012
49016
49017
49023
49028
49029
49030
49031
49036
49037
49038
49040
49041
49042
49044
49045
49046
49047
49048
49049
49050
49052
49053
49054
49056
49059
49063
49067
49071
49072
49080
49081
49082
49084
49087
49088
49090
49091
49094
49098
49100
49101
49106
49109
49111
49113
49115
49116
49118
49119
49120
49123
49124
49125
49127
49129
49138
49139
49141
49142
49143
49147
49155
49157
49160
49161
49162
49165
49166
49167
49168
49169
49173
49174
49175
49176
49178
49179
49180
49184
49187
49188
49189
49191
49193
49195
49196
49198
49199
49202
49204
49206
49211
49212
49214
49215
49220
49222
49223
49224
49226
49227
49229
49231
49237
49239
49243
49244
49246
49249
49250
49251
49254
49255
49257
49259
49260
49262
49263
49266
49268
49269
49271
49276
49277
49280
49281
49282
49283
49290
49292
49294
49296
49301
49302
49304
49307
49309
49310
49313
49316
49319
49321
49322
49323
49330
49331
49333
49334
49336
49337
49338
49340
49342
49348
49349
49351
49353
49355
49356
49357
49361
49364
49366
49367
49369
49370
49371
49372
49374
49376
49381
49382
49385
49388
49390
49391
49392
49393
49394
49396
49397
49398
49399
49400
49402
49403
49404
49407
49408
49409
49410
49412
49413
49414
49415
49416
49418
49419
49420
49422
49427
49430
49434
49438
49440
49441
49443
49446
49447
49448
49450
49451
49452
49453
49455
49457
49458
49459
49460
49462
49464
49465
49467
49468
49469
49473
49477
49478
49482
49483
49485
49487
49488
49490
49491
49493
49497
49498
49499
49501
49502
49503
49506
49507
49508
49509
49510
49512
49514
49515
49519
49520
49521
49522
49523
49525
49526
49527
49528
49529
49531
49533
49534
49536
49539
49540
49544
49546
49547
49550
49552
49553
49554
49555
49559
49561
49562
49563
49565
49567
49568
49569
49572
49575
49576
49578
49580
49581
49582
49583
49587
49592
49594
49595
49597
49599
49600
49601
49607
49609
49612
49614
49616
49617
49620
49622
49624
49626
49627
49628
49630
49632
49633
49634
49635
49636
49637
49638
49639
49644
49651
49653
49654
49655
49656
49657
49658
49660
49661
49663
49664
49665
49667
49669
49672
49675
49678
49681
49682
49684
49689
49690
49691
49692
49694
49696
49697
49698
49700
49702
49704
49706
49708
49711
49712
49713
49716
49718
49720
49721
49723
49724
49727
49728
49730
49732
49735
49736
49737
49738
49745
49747
49749
49752
49753
49754
49756
49757
49759
49760
49761
49766
49770
49772
49775
49776
49779
49780
49781
49785
49787
49789
49790
49791
49794
49803
49804
49807
49809
49811
49812
49820
49821
49822
49823
49824
49826
49827
49828
49829
49833
49836
49837
49839
49840
49844
49846
49847
49853
49856
49861
49864
49869
49870
49872
49873
49874
49878
49879
49880
49881
49883
49884
49887
49893
49895
49902
49903
49904
49905
49906
49909
49912
49914
49915
49916
49918
49919
49920
49922
49928
49930
49931
49932
49933
49936
49939
49942
49945
49946
49947
49948
49949
49950
49951
49952
49954
49956
49959
49960
49961
49963
49964
49965
49968
49971
49972
49973
49974
49975
49976
49977
49978
49983
49986
49989
49990
49995
49996
50001
50003
50004
50006
50009
50010
50011
50012
50015
50017
50019
50020
50021
50025
50026
50030
50031
50034
50035
50036
50038
50039
50041
50043
50045
50047
50048
50050
50054
50055
50061
50064
50065
50069
50071
50076
50078
50079
50082
50084
50091
50092
50093
50095
50101
50106
50107
50109
50110
50111
50113
50115
50119
50120
50122
50126
50131
50132
50134
50138
50140
50142
50143
50144
50146
50147
50149
50150
50151
50154
50155
50157
50159
50161
50163
50164
50167
50168
50171
50173
50174
50175
50176
50178
50179
50180
50181
50183
50185
50187
50189
50191
50193
50194
50195
50197
50198
50201
50206
50207
50208
50210
50212
50214
50215
50219
50223
50224
50227
50228
50231
50233
50235
50236
50237
50238
50239
50241
50245
50247
50248
50251
50252
50253
50254
50255
50256
50257
50258
50260
50264
50265
50267
50268
50269
50277
50278
50279
50281
50283
50284
50285
50286
50288
50291
50294
50296
50302
50303
50305
50306
50307
50309
50312
50313
50315
50317
50318
50319
50320
50327
50328
50329
50331
50333
50336
50337
50338
50339
50340
50342
50344
50345
50348
50349
50351
50356
50357
50360
50361
50366
50367
50368
50369
50370
50372
50373
50374
50375
50377
50378
50379
50381
50382
50383
50385
50388
50390
50393
50396
50402
50403
50404
50405
50406
50408
50409
50410
50411
50414
50416
50419
50421
50424
50429
50430
50433
50438
50440
50441
50442
50443
50446
50447
50448
50450
50451
50454
50457
50460
50461
50465
50466
50467
50473
50477
50479
50481
50482
50484
50486
50488
50489
50490
50491
50493
50494
50495
50498
50499
50500
50501
50504
50505
50506
50511
50514
50516
50518
50519
50521
50524
50525
50527
50528
50529
50532
50533
50534
50535
50536
50537
50539
50545
50546
50550
50551
50553
50559
50561
50562
50563
50570
50574
50577
50578
50581
50584
50586
50587
50593
50596
50597
50599
50601
50602
50603
50604
50606
50607
50608
50610
50611
50613
50614
50616
50617
50619
50621
50622
50623
50624
50628
50630
50631
50634
50636
50637
50641
50644
50648
50649
50652
50654
50655
50657
50660
50665
50668
50670
50672
50676
50679
50680
50682
50684
50685
50688
50690
50691
50692
50693
50695
50696
50698
50700
50701
50702
50704
50705
50706
50707
50709
50712
50713
50714
50716
50717
50718
50719
50721
50722
50723
50725
50727
50730
50731
50732
50738
50740
50741
50742
50743
50745
50746
50748
50749
50752
50754
50755
50757
50758
50759
50761
50762
50763
50764
50767
50769
50774
50775
50776
50777
50778
50785
50786
50788
50789
50790
50791
50792
50795
50800
50804
50808
50809
50810
50813
50814
50815
50818
50820
50822
50823
50824
50826
50827
50828
50830
50831
50832
50835
50837
50838
50839
50840
50843
50845
50846
50847
50851
50853
50855
50858
50859
50863
50868
50870
50871
50872
50873
50874
50876
50878
50879
50884
50886
50888
50890
50893
50896
50897
50902
50903
50904
50907
50908
50909
50911
50913
50915
50918
50920
50921
50926
50927
50930
50932
50936
50938
50942
50945
50947
50950
50952
50953
50955
50956
50957
50958
50963
50964
50965
50966
50968
50969
50970
50971
50972
50973
50974
50978
50980
50981
50985
50987
50991
50995
50997
50999
51003
51006
51008
51011
51012
51018
51019
51020
51023
51025
51026
51027
51030
51031
51032
51033
51034
51035
51036
51037
51042
51044
51045
51046
51048
51049
51050
51051
51053
51057
51058
51060
51064
51071
51072
51073
51074
51075
51078
51079
51081
51083
51084
51087
51088
51094
51101
51102
51103
51104
51105
51108
51110
51114
51115
51116
51117
51121
51123
51127
51131
51135
51139
51140
51141
51142
51145
51146
51147
51150
51154
51156
51157
51161
51162
51165
51166
51167
51168
51169
51172
51173
51175
51179
51180
51182
51183
51186
51187
51189
51190
51191
51193
51197
51198
51202
51206
51208
51209
51211
51213
51214
51215
51217
51218
51219
51220
51223
51224
51225
51227
51230
51232
51235
51236
51237
51238
51241
51242
51244
51245
51246
51248
51250
51253
51254
51255
51256
51257
51258
51259
51260
51264
51266
51267
51268
51269
51270
51271
51272
51273
51274
51276
51278
51284
51285
51286
51288
51289
51290
51292
51294
51296
51297
51298
51300
51301
51302
51308
51309
51310
51311
51312
51315
51316
51319
51320
51325
51326
51327
51329
51331
51332
51333
51334
51337
51339
51341
51342
51345
51347
51352
51355
51357
51360
51368
51371
51372
51373
51375
51376
51379
51383
51384
51385
51386
51390
51391
51392
51393
51394
51396
51397
51402
51403
51405
51411
51412
51413
51417
51419
51421
51422
51424
51425
51427
51428
51429
51430
51433
51438
51439
51440
51442
51444
51447
51448
51449
51450
51451
51452
51455
51456
51458
51459
51460
51461
51465
51467
51468
51472
51477
51479
51481
51482
51487
51488
51489
51490
51493
51501
51503
51504
51505
51507
51510
51518
51520
51521
51522
51523
51530
51531
51532
51533
51534
51536
51537
51538
51539
51540
51546
51549
51550
51551
51552
51553
51554
51556
51561
51563
51565
51566
51567
51568
51570
51571
51573
51574
51577
51578
51580
51581
51582
51583
51584
51585
51586
51587
51588
51589
51590
51591
51594
51595
51596
51597
51598
51599
51603
51604
51608
51611
51612
51613
51617
51619
51621
51626
51627
51628
51630
51631
51632
51633
51634
51638
51640
51642
51644
51646
51649
51650
51651
51652
51653
51654
51656
51667
51668
51669
51672
51673
51675
51676
51682
51683
51684
51685
51686
51688
51693
51694
51695
51697
51698
51700
51701
51702
51715
51716
51718
51719
51720
51722
51725
51727
51731
51734
51736
51746
51747
51750
51752
51754
51755
51759
51762
51764
51765
51768
51771
51772
51773
51778
51781
51783
51784
51785
51787
51788
51789
51792
51796
51797
51798
51800
51801
51802
51803
51804
51805
51806
51807
51809
51811
51813
51814
51817
51818
51819
51820
51821
51822
51823
51825
51826
51827
51828
51831
51833
51834
51835
51837
51838
51843
51844
51845
51846
51850
51852
51853
51854
51857
51859
51863
51866
51869
51870
51871
51874
51878
51880
51883
51884
51885
51889
51893
51896
51900
51903
51906
51908
51910
51911
51912
51913
51914
51915
51917
51918
51920
51921
51922
51924
51925
51926
51929
51931
51932
51934
51935
51937
51939
51942
51945
51946
51947
51948
51952
51957
51959
51962
51965
51970
51971
51973
51976
51977
51980
51983
51984
51985
51986
51988
51989
51991
51996
51997
51999
52000
52001
52004
52006
52007
52008
52010
52011
52014
52018
52019
52020
52021
52023
52024
52025
52026
52028
52029
52030
52031
52032
52033
52041
52045
52046
52047
52049
52051
52052
52057
52058
52059
52061
52063
52064
52069
52070
52071
52074
52078
52079
52085
52086
52087
52089
52092
52093
52094
52097
52101
52102
52103
52104
52105
52106
52109
52111
52112
52114
52115
52117
52119
52122
52123
52124
52127
52128
52130
52131
52132
52133
52140
52142
52143
52144
52145
52146
52147
52149
52151
52153
52158
52161
52164
52168
52169
52174
52179
52180
52181
52182
52184
52188
52191
52192
52193
52195
52196
52198
52201
52204
52205
52206
52210
52217
52218
52219
52220
52221
52222
52223
52224
52225
52226
52229
52231
52233
52234
52235
52236
52237
52240
52241
52242
52243
52244
52246
52248
52249
52250
52252
52254
52256
52257
52259
52260
52263
52265
52266
52270
52275
52278
52279
52281
52283
52287
52288
52294
52297
52301
52303
52304
52305
52307
52308
52309
52313
52314
52315
52319
52320
52321
52322
52323
52324
52325
52328
52331
52333
52335
52336
52339
52341
52349
52350
52351
52353
52354
52355
52357
52358
52359
52362
52366
52367
52370
52373
52375
52377
52379
52385
52390
52391
52392
52393
52394
52396
52397
52398
52399
52401
52404
52406
52410
52411
52413
52414
52415
52416
52418
52420
52421
52423
52426
52429
52431
52435
52437
52440
52443
52444
52445
52447
52448
52449
52450
52451
52453
52455
52456
52458
52460
52462
52465
52467
52469
52470
52472
52474
52475
52477
52478
52479
52482
52491
52493
52496
52497
52499
52500
52502
52505
52506
52508
52509
52515
52516
52517
52518
52519
52520
52523
52524
52525
52526
52530
52531
52536
52537
52538
52541
52543
52544
52546
52547
52549
52550
52551
52554
52555
52557
52560
52564
52565
52568
52569
52571
52573
52574
52578
52579
52582
52585
52587
52589
52595
52597
52603
52604
52607
52608
52611
52615
52618
52619
52621
52622
52625
52626
52630
52631
52632
52635
52636
52641
52642
52643
52645
52646
52647
52648
52649
52658
52659
52660
52662
52664
52665
52666
52668
52669
52670
52672
52675
52681
52682
52683
52685
52687
52688
52690
52691
52692
52694
52695
52699
52700
52701
52705
52710
52711
52712
52713
52715
52717
52718
52720
52723
52724
52728
52732
52733
52735
52737
52740
52741
52745
52747
52748
52751
52752
52753
52754
52758
52760
52762
52764
52770
52771
52772
52774
52775
52777
52778
52779
52780
52781
52784
52789
52792
52794
52795
52796
52799
52800
52807
52808
52812
52813
52814
52815
52819
52821
52823
52824
52828
52830
52832
52833
52834
52835
52837
52838
52842
52846
52847
52849
52853
52857
52864
52865
52867
52868
52872
52873
52876
52880
52882
52883
52884
52885
52887
52888
52889
52890
52891
52892
52893
52894
52895
52896
52901
52902
52903
52904
52905
52906
52907
52908
52909
52910
52913
52914
52916
52917
52920
52921
52922
52924
52926
52927
52928
52930
52931
52938
52941
52942
52943
52944
52945
52947
52948
52951
52952
52955
52956
52960
52961
52962
52963
52964
52966
52970
52972
52973
52975
52976
52977
52978
52982
52983
52984
52985
52989
52991
52992
52993
52998
52999
53004
53006
53007
53008
53009
53010
53011
53012
53013
53016
53018
53019
53028
53031
53032
53033
53035
53038
53042
53045
53046
53047
53049
53050
53054
53056
53057
53058
53059
53060
53061
53062
53063
53065
53066
53067
53069
53074
53075
53076
53080
53081
53085
53086
53087
53089
53090
53091
53096
53101
53103
53105
53108
53110
53111
53118
53122
53126
53128
53130
53132
53134
53136
53137
53139
53142
53144
53145
53148
53150
53151
53157
53158
53160
53161
53169
53170
53171
53173
53175
53176
53179
53183
53184
53187
53190
53191
53193
53195
53196
53197
53198
53199
53200
53205
53206
53207
53208
53210
53214
53215
53217
53218
53220
53222
53225
53226
53228
53229
53230
53232
53234
53237
53238
53239
53241
53242
53245
53247
53248
53250
53254
53256
53257
53258
53259
53261
53267
53271
53272
53274
53276
53281
53284
53285
53286
53287
53288
53289
53290
53291
53292
53293
53294
53295
53296
53297
53298
53303
53304
53307
53309
53310
53315
53316
53317
53319
53320
53321
53325
53327
53329
53332
53334
53336
53337
53341
53342
53347
53348
53353
53354
53358
53360
53361
53363
53364
53365
53366
53368
53371
53372
53376
53378
53380
53381
53382
53383
53386
53388
53389
53390
53391
53394
53399
53400
53404
53405
53406
53408
53410
53412
53414
53416
53417
53420
53423
53424
53425
53426
53427
53428
53429
53430
53432
53434
53440
53442
53444
53446
53448
53452
53454
53455
53456
53458
53461
53463
53464
53467
53468
53469
53472
53473
53474
53478
53479
53480
53481
53483
53484
53487
53488
53490
53491
53492
53495
53496
53497
53498
53500
53502
53504
53505
53507
53513
53515
53516
53517
53518
53519
53520
53521
53522
53523
53524
53526
53527
53528
53529
53531
53532
53534
53541
53542
53543
53544
53545
53546
53547
53548
53550
53552
53553
53558
53560
53564
53565
53566
53568
53571
53572
53574
53576
53578
53579
53580
53581
53582
53585
53586
53589
53592
53594
53595
53601
53603
53614
53619
53620
53621
53623
53624
53625
53627
53628
53630
53631
53635
53639
53640
53641
53642
53644
53645
53648
53649
53652
53654
53656
53658
53661
53663
53665
53667
53668
53669
53672
53673
53675
53677
53678
53680
53681
53683
53685
53686
53688
53689
53691
53692
53693
53697
53699
53700
53702
53703
53704
53705
53706
53709
53711
53715
53716
53717
53724
53729
53733
53734
53735
53737
53739
53741
53743
53745
53749
53751
53752
53753
53754
53756
53757
53762
53763
53765
53767
53768
53772
53775
53776
53777
53778
53781
53782
53783
53784
53788
53789
53791
53792
53800
53801
53802
53804
53812
53814
53816
53817
53818
53819
53820
53821
53824
53826
53827
53828
53829
53830
53831
53832
53836
53837
53838
53839
53841
53842
53844
53845
53849
53851
53853
53857
53860
53862
53863
53867
53868
53869
53870
53871
53873
53874
53875
53876
53877
53878
53880
53884
53885
53886
53888
53893
53895
53898
53900
53902
53903
53906
53907
53908
53910
53911
53916
53917
53918
53921
53922
53925
53928
53930
53932
53936
53940
53943
53944
53946
53947
53948
53951
53953
53954
53955
53956
53963
53964
53965
53969
53970
53971
53978
53980
53983
53985
53986
53991
53992
53994
53995
53996
53999
54004
54006
54010
54013
54014
54017
54019
54024
54025
54027
54028
54029
54037
54040
54041
54046
54047
54049
54051
54053
54054
54056
54059
54060
54061
54062
54063
54064
54065
54066
54067
54068
54069
54072
54074
54075
54076
54077
54080
54082
54084
54092
54095
54096
54098
54100
54105
54108
54110
54111
54112
54113
54115
54117
54118
54119
54121
54122
54123
54127
54128
54132
54133
54134
54136
54141
54142
54143
54145
54146
54152
54154
54155
54160
54164
54165
54166
54168
54169
54171
54175
54176
54177
54179
54182
54183
54184
54185
54188
54189
54190
54191
54194
54197
54199
54201
54207
54208
54212
54214
54215
54216
54217
54219
54220
54221
54222
54224
54226
54227
54228
54229
54232
54233
54234
54235
54237
54244
54246
54247
54249
54250
54251
54252
54254
54255
54257
54258
54261
54264
54267
54269
54271
54273
54274
54275
54277
54278
54279
54280
54282
54283
54284
54285
54286
54287
54290
54291
54294
54295
54296
54297
54302
54303
54305
54307
54309
54311
54312
54313
54315
54316
54317
54319
54323
54324
54326
54328
54329
54330
54333
54335
54336
54338
54339
54340
54341
54343
54348
54349
54350
54351
54352
54353
54354
54355
54358
54359
54360
54361
54363
54368
54372
54373
54374
54376
54377
54378
54379
54381
54383
54394
54398
54399
54400
54401
54402
54404
54405
54406
54408
54410
54414
54415
54417
54419
54420
54421
54422
54425
54427
54428
54430
54438
54439
54440
54442
54443
54446
54448
54449
54455
54456
54457
54458
54461
54464
54465
54466
54470
54471
54472
54477
54479
54481
54484
54486
54489
54491
54494
54500
54503
54505
54506
54507
54508
54510
54512
54513
54516
54521
54522
54523
54529
54531
54532
54534
54535
54537
54538
54541
54542
54544
54546
54547
54548
54550
54551
54557
54560
54564
54565
54566
54570
54571
54572
54573
54574
54575
54576
54577
54578
54580
54581
54582
54583
54585
54589
54593
54594
54595
54598
54600
54602
54603
54606
54607
54609
54612
54616
54617
54618
54619
54622
54623
54624
54625
54627
54628
54631
54632
54633
54636
54639
54640
54641
54642
54644
54645
54649
54650
54653
54655
54656
54660
54662
54664
54665
54667
54669
54670
54672
54674
54677
54679
54680
54684
54687
54689
54690
54691
54698
54700
54701
54702
54705
54709
54710
54711
54713
54714
54718
54721
54722
54723
54724
54725
54726
54730
54731
54732
54733
54741
54746
54748
54749
54750
54751
54752
54753
54754
54755
54756
54758
54760
54766
54768
54770
54773
54775
54780
54781
54783
54785
54786
54788
54789
54790
54791
54792
54793
54794
54796
54799
54801
54805
54807
54809
54810
54811
54814
54816
54819
54820
54821
54824
54825
54827
54830
54831
54832
54833
54834
54836
54842
54843
54849
54850
54854
54856
54859
54865
54866
54869
54871
54872
54873
54874
54875
54878
54879
54882
54884
54886
54890
54893
54895
54898
54900
54901
54902
54907
54908
54909
54914
54916
54918
54919
54921
54924
54925
54926
54928
54929
54930
54931
54933
54935
54937
54940
54941
54942
54943
54944
54945
54947
54951
54953
54954
54961
54962
54963
54965
54968
54973
54974
54976
54977
54980
54981
54982
54984
54987
54990
54991
54992
54995
54996
54997
54999
55001
55002
55003
55005
55008
55011
55013
55014
55015
55017
55021
55022
55023
55025
55026
55028
55029
55030
55031
55034
55035
55036
55037
55041
55044
55045
55050
55051
55052
55056
55058
55059
55060
55062
55066
55067
55068
55070
55071
55075
55077
55078
55079
55080
55082
55085
55086
55090
55097
55101
55102
55103
55106
55108
55109
55110
55111
55113
55114
55115
55116
55117
55119
55120
55121
55122
55126
55127
55130
55132
55135
55143
55145
55146
55148
55149
55153
55155
55156
55157
55158
55159
55162
55167
55170
55171
55173
55175
55177
55180
55184
55186
55189
55192
55193
55194
55196
55197
55198
55202
55208
55210
55211
55212
55213
55217
55218
55221
55222
55224
55226
55228
55231
55232
55233
55234
55235
55236
55238
55240
55243
55245
55247
55248
55249
55252
55253
55255
55258
55259
55261
55263
55265
55266
55268
55269
55270
55272
55273
55275
55280
55281
55282
55283
55284
55287
55288
55294
55295
55296
55298
55300
55301
55303
55304
55305
55306
55308
55310
55311
55312
55313
55314
55316
55317
55319
55322
55323
55324
55325
55329
55331
55333
55334
55340
55345
55347
55349
55350
55352
55353
55354
55357
55359
55360
55362
55363
55365
55366
55368
55369
55373
55384
55385
55391
55392
55397
55398
55399
55400
55401
55404
55405
55410
55413
55415
55417
55418
55420
55421
55423
55425
55428
55430
55432
55435
55436
55437
55439
55442
55443
55444
55447
55449
55451
55452
55454
55458
55459
55461
55462
55463
55465
55466
55467
55470
55475
55476
55479
55480
55481
55482
55483
55485
55486
55487
55488
55491
55498
55499
55500
55502
55503
55504
55506
55510
55514
55515
55516
55517
55521
55522
55524
55527
55533
55535
55541
55543
55544
55545
55547
55550
55551
55554
55556
55557
55558
55561
55562
55565
55567
55568
55569
55570
55571
55575
55577
55581
55583
55584
55586
55587
55589
55590
55591
55592
55593
55594
55596
55597
55598
55599
55601
55602
55603
55604
55606
55607
55614
55617
55618
55620
55622
55624
55625
55626
55627
55631
55632
55633
55636
55638
55639
55641
55647
55648
55659
55661
55663
55665
55668
55669
55671
55672
55673
55674
55675
55678
55681
55688
55689
55690
55691
55695
55696
55703
55704
55705
55707
55710
55712
55713
55714
55715
55716
55717
55718
55719
55720
55721
55722
55723
55725
55728
55730
55732
55733
55734
55737
55738
55739
55742
55744
55745
55746
55748
55749
55751
55754
55759
55760
55762
55763
55764
55770
55771
55772
55774
55776
55777
55780
55782
55783
55784
55785
55787
55794
55796
55797
55798
55799
55800
55801
55806
55809
55811
55812
55813
55816
55818
55821
55822
55825
55826
55830
55831
55832
55833
55834
55835
55837
55838
55843
55845
55848
55849
55850
55851
55852
55855
55856
55859
55860
55861
55862
55863
55864
55865
55866
55869
55872
55873
55875
55876
55878
55879
55880
55881
55883
55884
55888
55889
55891
55893
55897
55898
55900
55903
55905
55906
55909
55911
55914
55917
55918
55920
55922
55925
55926
55928
55930
55935
55936
55937
55938
55939
55943
55944
55947
55948
55949
55951
55955
55956
55960
55962
55963
55965
55966
55974
55975
55977
55979
55981
55982
55988
55989
55991
55994
55997
56003
56004
56007
56008
56009
56012
56014
56015
56022
56023
56024
56025
56026
56029
56030
56031
56032
56034
56036
56038
56039
56040
56041
56042
56043
56044
56045
56046
56048
56050
56051
56053
56054
56056
56059
56061
56062
56063
56070
56071
56072
56075
56077
56079
56080
56082
56083
56084
56086
56088
56094
56096
56097
56099
56103
56107
56108
56112
56114
56116
56117
56123
56125
56126
56127
56129
56132
56134
56135
56137
56139
56143
56146
56147
56148
56149
56154
56155
56157
56158
56161
56165
56166
56167
56168
56169
56170
56171
56173
56176
56178
56179
56182
56183
56184
56185
56187
56189
56190
56191
56193
56196
56197
56199
56200
56206
56207
56210
56213
56214
56215
56221
56223
56224
56227
56228
56230
56231
56232
56233
56234
56237
56239
56241
56242
56243
56246
56248
56250
56251
56254
56256
56257
56258
56259
56263
56267
56268
56270
56271
56273
56276
56278
56279
56280
56283
56284
56285
56287
56290
56291
56293
56294
56296
56297
56303
56304
56305
56307
56308
56312
56313
56314
56317
56318
56321
56323
56327
56328
56333
56337
56338
56339
56342
56344
56350
56356
56357
56361
56362
56365
56366
56371
56372
56373
56374
56377
56381
56382
56383
56385
56386
56387
56389
56390
56393
56396
56399
56400
56401
56404
56405
56406
56407
56409
56410
56411
56412
56417
56418
56421
56423
56425
56426
56430
56433
56434
56435
56436
56438
56441
56443
56445
56453
56454
56459
56460
56462
56463
56466
56467
56468
56472
56473
56474
56476
56478
56479
56480
56482
56483
56485
56487
56488
56490
56492
56494
56496
56498
56499
56500
56503
56506
56507
56510
56513
56516
56517
56518
56520
56521
56522
56524
56527
56529
56530
56532
56535
56538
56540
56541
56545
56550
56552
56553
56554
56560
56561
56562
56564
56565
56567
56570
56571
56574
56575
56577
56578
56580
56581
56583
56586
56587
56589
56591
56592
56593
56595
56596
56597
56598
56599
56604
56609
56615
56616
56618
56621
56624
56627
56628
56629
56631
56632
56634
56636
56637
56638
56639
56640
56641
56643
56644
56645
56646
56652
56657
56659
56660
56662
56664
56665
56669
56675
56677
56679
56680
56684
56689
56691
56698
56699
56701
56702
56703
56706
56707
56709
56710
56711
56712
56714
56715
56721
56722
56724
56727
56728
56729
56731
56733
56735
56737
56738
56739
56741
56742
56743
56744
56745
56746
56748
56749
56750
56751
56754
56755
56756
56757
56760
56764
56765
56767
56768
56770
56772
56774
56777
56778
56779
56780
56781
56782
56784
56785
56786
56787
56788
56790
56791
56794
56795
56799
56801
56803
56804
56806
56809
56810
56813
56815
56816
56817
56818
56820
56826
56828
56830
56833
56836
56837
56839
56840
56841
56842
56844
56847
56850
56854
56856
56860
56862
56864
56865
56866
56867
56874
56877
56878
56881
56882
56883
56885
56890
56891
56892
56893
56894
56899
56901
56904
56905
56906
56909
56911
56913
56915
56917
56918
56923
56924
56927
56928
56932
56933
56936
56938
56942
56944
56945
56948
56949
56950
56952
56953
56955
56958
56960
56961
56963
56964
56965
56970
56973
56974
56975
56977
56978
56980
56982
56985
56986
56989
56990
56991
56992
56994
56995
56996
56999
57000
57001
57002
57004
57005
57008
57009
57010
57011
57012
57014
57015
57021
57022
57024
57026
57030
57031
57032
57035
57037
57041
57043
57047
57049
57051
57058
57059
57067
57068
57070
57071
57073
57074
57075
57076
57078
57080
57082
57083
57086
57087
57088
57091
57092
57095
57096
57098
57101
57102
57104
57106
57111
57112
57115
57116
57117
57119
57120
57121
57122
57123
57125
57127
57129
57133
57134
57137
57139
57140
57141
57142
57143
57150
57155
57156
57160
57161
57163
57167
57168
57170
57172
57173
57174
57177
57181
57187
57190
57192
57193
57194
57196
57198
57199
57200
57206
57208
57209
57212
57213
57217
57218
57220
57221
57226
57227
57228
57231
57234
57235
57236
57237
57241
57242
57243
57244
57246
57248
57252
57253
57254
57255
57257
57259
57262
57263
57266
57268
57271
57274
57275
57280
57281
57283
57288
57289
57291
57293
57295
57297
57299
57301
57303
57304
57305
57307
57308
57312
57313
57314
57315
57316
57319
57322
57323
57324
57326
57329
57330
57333
57334
57335
57337
57338
57339
57340
57341
57342
57343
57344
57345
57346
57347
57349
57351
57352
57357
57358
57361
57365
57367
57368
57373
57374
57376
57385
57386
57387
57388
57390
57393
57394
57395
57399
57400
57401
57402
57403
57405
57406
57409
57412
57414
57415
57416
57417
57419
57420
57421
57423
57425
57428
57429
57430
57431
57437
57438
57440
57441
57442
57446
57448
57449
57452
57453
57454
57455
57458
57459
57463
57464
57466
57471
57472
57473
57474
57475
57478
57479
57480
57481
57484
57485
57490
57491
57492
57493
57495
57499
57500
57503
57504
57506
57508
57509
57511
57514
57516
57519
57521
57523
57524
57525
57527
57528
57531
57532
57533
57534
57539
57541
57546
57550
57551
57554
57555
57558
57562
57566
57568
57571
57572
57575
57577
57581
57584
57585
57587
57588
57589
57591
57594
57595
57596
57597
57598
57599
57601
57602
57603
57609
57611
57612
57613
57616
57617
57618
57621
57622
57625
57628
57629
57631
57636
57638
57639
57640
57642
57644
57645
57646
57647
57650
57653
57654
57655
57656
57658
57659
57664
57665
57667
57668
57671
57672
57675
57677
57678
57680
57682
57683
57689
57691
57692
57693
57697
57698
57700
57701
57702
57703
57704
57706
57707
57708
57711
57713
57714
57716
57717
57718
57719
57720
57723
57724
57725
57726
57727
57728
57729
57734
57735
57736
57737
57740
57741
57742
57745
57746
57748
57750
57751
57752
57753
57754
57759
57760
57761
57762
57763
57765
57766
57771
57774
57775
57777
57780
57786
57789
57792
57793
57795
57798
57802
57803
57804
57807
57809
57812
57816
57819
57820
57823
57824
57826
57827
57828
57829
57830
57835
57837
57838
57840
57841
57842
57843
57845
57849
57850
57854
57855
57860
57861
57862
57865
57867
57868
57870
57871
57872
57873
57874
57877
57879
57881
57882
57885
57886
57890
57894
57895
57899
57900
57902
57904
57905
57906
57909
57911
57915
57916
57919
57923
57926
57928
57931
57934
57938
57939
57940
57944
57946
57947
57948
57952
57954
57960
57962
57964
57965
57966
57969
57973
57975
57977
57978
57980
57983
57984
57985
57988
57989
57990
57991
57992
57993
57994
57995
57997
58000
58001
58004
58009
58013
58017
58019
58020
58021
58022
58023
58031
58032
58035
58040
58042
58044
58045
58046
58048
58052
58057
58059
58060
58061
58062
58063
58065
58066
58067
58069
58073
58074
58075
58076
58078
58079
58081
58082
58083
58085
58088
58092
58093
58094
58098
58100
58102
58103
58104
58105
58106
58107
58108
58109
58111
58113
58114
58115
58119
58121
58122
58123
58125
58127
58128
58132
58135
58138
58139
58141
58143
58145
58146
58152
58153
58154
58155
58156
58157
58159
58160
58162
58163
58164
58166
58168
58171
58175
58176
58177
58179
58180
58182
58184
58186
58187
58189
58190
58192
58196
58197
58201
58202
58204
58205
58207
58209
58211
58212
58214
58216
58219
58220
58221
58222
58226
58227
58228
58234
58237
58240
58241
58242
58244
58246
58249
58251
58252
58254
58255
58256
58257
58261
58262
58265
58267
58269
58270
58271
58274
58276
58277
58279
58280
58282
58283
58284
58285
58288
58290
58291
58294
58298
58299
58301
58305
58306
58307
58308
58316
58317
58318
58319
58322
58323
58332
58336
58337
58338
58339
58340
58342
58345
58346
58347
58349
58353
58355
58356
58360
58361
58362
58364
58365
58367
58372
58375
58376
58377
58378
58379
58381
58383
58384
58385
58388
58390
58391
58393
58394
58395
58399
58401
58405
58407
58411
58413
58414
58416
58423
58427
58428
58429
58430
58433
58436
58437
58440
58442
58443
58448
58449
58450
58453
58454
58457
58459
58461
58463
58465
58466
58467
58468
58471
58473
58474
58476
58477
58478
58479
58481
58486
58487
58488
58490
58492
58494
58496
58497
58501
58504
58506
58509
58511
58516
58518
58519
58520
58521
58526
58527
58528
58531
58532
58538
58540
58546
58547
58548
58550
58552
58555
58558
58559
58561
58562
58564
58565
58567
58568
58571
58572
58573
58578
58579
58580
58583
58584
58585
58587
58590
58591
58593
58597
58599
58601
58603
58611
58622
58623
58625
58628
58629
58631
58632
58634
58637
58638
58640
58644
58646
58647
58648
58651
58652
58654
58655
58656
58659
58660
58661
58662
58666
58669
58671
58672
58673
58675
58676
58677
58678
58680
58681
58682
58684
58685
58687
58688
58689
58690
58691
58693
58696
58697
58702
58705
58708
58710
58712
58713
58716
58717
58718
58720
58721
58726
58727
58728
58731
58732
58733
58735
58736
58737
58738
58739
58745
58748
58750
58752
58754
58755
58759
58760
58761
58762
58765
58767
58768
58772
58774
58775
58777
58778
58779
58781
58782
58783
58784
58787
58788
58790
58792
58799
58803
58806
58807
58809
58810
58817
58819
58824
58825
58826
58828
58831
58832
58833
58834
58835
58840
58841
58847
58848
58849
58850
58851
58852
58853
58854
58856
58857
58858
58859
58860
58861
58863
58865
58866
58870
58872
58874
58877
58878
58881
58882
58883
58884
58887
58890
58894
58895
58897
58901
58902
58903
58904
58905
58911
58914
58915
58916
58917
58918
58922
58923
58925
58927
58928
58929
58931
58937
58938
58939
58940
58941
58942
58945
58948
58949
58954
58957
58958
58959
58960
58963
58964
58965
58966
58969
58970
58971
58973
58974
58975
58976
58978
58981
58983
58985
58986
58989
58993
58994
58995
58996
58997
58998
58999
59000
59006
59008
59012
59014
59015
59019
59020
59022
59024
59026
59029
59038
59039
59044
59045
59047
59048
59049
59050
59052
59053
59054
59055
59057
59059
59060
59061
59063
59064
59065
59067
59071
59073
59075
59077
59078
59079
59083
59087
59090
59095
59096
59097
59099
59102
59106
59108
59111
59113
59115
59119
59121
59123
59124
59125
59127
59130
59131
59134
59136
59137
59138
59141
59142
59143
59144
59145
59147
59148
59150
59153
59154
59157
59159
59161
59163
59165
59166
59167
59169
59172
59176
59178
59180
59185
59186
59187
59188
59191
59192
59193
59194
59199
59200
59203
59206
59207
59209
59210
59211
59216
59219
59220
59221
59222
59224
59226
59228
59229
59230
59233
59234
59240
59241
59242
59245
59246
59248
59252
59253
59256
59260
59262
59265
59266
59267
59271
59273
59274
59278
59279
59281
59283
59284
59288
59289
59290
59297
59298
59300
59302
59305
59306
59308
59309
59311
59314
59316
59317
59319
59320
59321
59323
59325
59328
59329
59332
59333
59336
59344
59345
59347
59350
59351
59352
59354
59355
59356
59359
59360
59361
59362
59364
59365
59366
59367
59368
59372
59375
59377
59379
59380
59381
59382
59384
59386
59387
59388
59389
59391
59393
59394
59397
59398
59400
59401
59402
59404
59405
59406
59407
59410
59412
59413
59415
59417
59419
59421
59427
59428
59429
59430
59431
59434
59435
59436
59437
59438
59439
59440
59441
59445
59446
59448
59449
59451
59452
59453
59457
59458
59462
59463
59466
59467
59469
59471
59474
59476
59478
59480
59481
59483
59484
59486
59487
59489
59491
59497
59498
59500
59501
59505
59509
59510
59512
59513
59514
59515
59517
59520
59522
59524
59527
59528
59530
59534
59535
59536
59537
59540
59541
59542
59546
59549
59550
59552
59553
59555
59557
59559
59561
59563
59564
59567
59568
59570
59572
59577
59580
59582
59583
59585
59586
59588
59591
59595
59599
59601
59602
59604
59605
59607
59609
59611
59616
59617
59619
59621
59623
59626
59629
59630
59631
59632
59633
59634
59635
59637
59639
59641
59643
59645
59648
59649
59651
59653
59654
59657
59658
59659
59661
59662
59663
59664
59665
59666
59667
59668
59670
59671
59674
59675
59678
59679
59680
59681
59685
59690
59692
59693
59694
59695
59696
59697
59698
59701
59703
59704
59709
59710
59712
59713
59714
59715
59718
59720
59723
59727
59731
59733
59734
59736
59737
59738
59740
59743
59744
59745
59751
59754
59756
59758
59759
59761
59763
59764
59769
59770
59771
59773
59775
59777
59778
59779
59781
59785
59786
59788
59789
59790
59795
59796
59798
59801
59806
59807
59809
59813
59814
59817
59821
59824
59826
59828
59829
59830
59834
59836
59837
59838
59839
59840
59841
59843
59844
59845
59847
59850
59851
59852
59855
59856
59858
59859
59860
59864
59865
59868
59869
59872
59873
59875
59878
59883
59885
59886
59888
59892
59896
59897
59898
59899
59900
59901
59904
59905
59907
59908
59910
59913
59916
59917
59918
59922
59925
59928
59929
59930
59935
59936
59941
59942
59943
59945
59946
59949
59950
59951
59953
59955
59956
59958
59959
59963
59967
59973
59974
59975
59977
59979
59980
59981
59983
59992
59993
59994
59995
59998
59999
60000
60004
60005
60007
60008
60012
60013
60014
60015
60018
60020
60025
60026
60027
60030
60031
60032
60034
60035
60037
60039
60042
60043
60044
60045
60048
60050
60051
60059
60060
60061
60068
60070
60077
60081
60083
60084
60085
60086
60088
60089
60091
60092
60093
60094
60098
60100
60102
60104
60110
60111
60112
60113
60117
60118
60119
60120
60121
60125
60127
60128
60133
60134
60135
60136
60138
60142
60143
60144
60145
60146
60147
60148
60149
60152
60154
60155
60156
60157
60158
60159
60160
60161
60167
60168
60171
60172
60175
60179
60180
60182
60183
60184
60187
60188
60189
60190
60191
60192
60194
60195
60196
60198
60201
60203
60206
60208
60210
60212
60213
60215
60216
60219
60223
60224
60225
60226
60227
60230
60231
60232
60233
60234
60235
60236
60237
60238
60239
60242
60249
60250
60252
60255
60256
60258
60260
60263
60264
60265
60272
60274
60276
60277
60281
60284
60285
60286
60290
60292
60294
60295
60297
60298
60299
60303
60304
60305
60306
60310
60311
60314
60317
60318
60320
60322
60323
60324
60326
60327
60330
60334
60335
60339
60340
60341
60343
60345
60346
60348
60350
60352
60353
60356
60357
60358
60359
60360
60361
60362
60369
60370
60371
60372
60378
60382
60384
60385
60386
60390
60391
60393
60395
60397
60399
60401
60402
60404
60407
60409
60412
60414
60415
60421
60423
60424
60425
60426
60430
60433
60435
60437
60443
60444
60446
60447
60450
60452
60454
60455
60457
60458
60463
60465
60466
60467
60468
60472
60474
60477
60481
60482
60483
60490
60491
60492
60493
60494
60497
60498
60499
60501
60504
60505
60506
60507
60510
60513
60514
60515
60516
60517
60520
60521
60522
60523
60528
60530
60532
60533
60534
60536
60539
60540
60541
60543
60544
60546
60553
60554
60556
60559
60564
60565
60566
60567
60569
60570
60571
60573
60574
60576
60577
60578
60579
60583
60585
60586
60587
60590
60591
60592
60595
60597
60599
60602
60603
60604
60605
60606
60607
60608
60609
60613
60616
60623
60626
60627
60628
60629
60631
60632
60633
60634
60635
60636
60640
60642
60644
60647
60648
60650
60651
60652
60654
60657
60662
60663
60664
60665
60668
60672
60673
60675
60676
60679
60683
60684
60687
60688
60689
60690
60697
60701
60702
60703
60704
60706
60708
60709
60713
60714
60716
60719
60723
60725
60727
60728
60730
60737
60738
60739
60744
60746
60747
60750
60754
60755
60757
60758
60760
60761
60762
60763
60764
60765
60766
60768
60769
60771
60772
60778
60781
60783
60784
60785
60786
60788
60789
60790
60792
60793
60795
60797
60799
60800
60801
60802
60804
60805
60810
60813
60815
60822
60823
60824
60825
60827
60829
60832
60833
60835
60836
60837
60839
60841
60844
60846
60848
60849
60850
60851
60852
60853
60858
60859
60861
60862
60863
60865
60871
60873
60874
60876
60879
60881
60886
60888
60889
60891
60892
60893
60894
60897
60900
60901
60902
60904
60905
60907
60908
60912
60916
60918
60919
60926
60933
60935
60936
60937
60939
60941
60942
60944
60945
60946
60948
60952
60957
60960
60962
60965
60966
60967
60968
60969
60971
60973
60975
60976
60977
60978
60984
60988
60990
60991
60993
60995
60996
60998
60999
61000
61004
61005
61007
61009
61012
61014
61015
61016
61017
61018
61019
61021
61022
61023
61024
61027
61028
61032
61034
61035
61036
61038
61042
61044
61046
61048
61055
61057
61058
61059
61060
61062
61063
61068
61076
61077
61078
61080
61082
61085
61088
61089
61091
61093
61096
61100
61101
61104
61105
61106
61107
61115
61117
61119
61124
61125
61131
61132
61134
61136
61137
61141
61142
61143
61144
61148
61149
61150
61151
61152
61155
61157
61159
61162
61163
61165
61166
61167
61169
61170
61171
61173
61174
61175
61176
61179
61180
61183
61187
61189
61190
61194
61195
61196
61197
61198
61199
61200
61201
61203
61205
61206
61207
61208
61209
61210
61211
61212
61213
61215
61216
61217
61220
61221
61222
61223
61225
61227
61230
61232
61235
61236
61237
61238
61239
61240
61241
61242
61244
61245
61246
61247
61248
61249
61256
61261
61265
61267
61268
61270
61273
61280
61282
61285
61286
61287
61298
61299
61300
61302
61304
61307
61308
61309
61310
61311
61314
61316
61317
61318
61319
61320
61321
61324
61328
61329
61331
61332
61333
61334
61339
61341
61342
61343
61346
61349
61352
61353
61354
61355
61356
61358
61362
61363
61364
61365
61366
61367
61369
61372
61373
61374
61375
61376
61377
61380
61381
61382
61386
61390
61392
61393
61394
61395
61399
61400
61402
61409
61410
61411
61412
61414
61417
61418
61422
61424
61425
61426
61429
61437
61440
61441
61442
61443
61444
61446
61448
61449
61450
61451
61453
61457
61458
61460
61462
61463
61464
61466
61467
61474
61475
61477
61482
61487
61488
61491
61493
61497
61498
61500
61502
61504
61508
61509
61512
61514
61516
61518
61519
61520
61521
61522
61524
61525
61526
61530
61531
61533
61535
61536
61540
61541
61543
61546
61548
61556
61557
61559
61560
61561
61563
61564
61565
61566
61567
61570
61571
61573
61575
61577
61579
61583
61584
61587
61588
61589
61591
61592
61593
61596
61597
61598
61603
61604
61607
61609
61610
61612
61613
61617
61618
61619
61620
61621
61625
61626
61627
61628
61629
61634
61635
61636
61641
61642
61643
61647
61649
61651
61652
61653
61654
61656
61658
61659
61661
61665
61671
61673
61674
61675
61676
61677
61678
61679
61680
61684
61686
61687
61688
61690
61691
61692
61696
61699
61704
61708
61709
61711
61712
61713
61714
61715
61717
61718
61722
61724
61725
61726
61727
61730
61732
61733
61734
61735
61736
61737
61741
61744
61745
61746
61747
61748
61749
61750
61752
61755
61761
61762
61763
61764
61767
61768
61771
61773
61775
61776
61777
61778
61779
61780
61781
61782
61783
61788
61789
61790
61791
61793
61795
61798
61800
61802
61804
61806
61808
61809
61812
61813
61816
61818
61825
61826
61828
61831
61837
61839
61840
61842
61846
61847
61850
61852
61855
61859
61860
61863
61865
61871
61877
61878
61879
61880
61885
61891
61893
61895
61896
61897
61899
61901
61903
61904
61905
61906
61907
61909
61910
61911
61912
61916
61924
61925
61926
61927
61928
61930
61931
61935
61941
61947
61948
61949
61951
61954
61955
61956
61960
61961
61962
61966
61968
61971
61972
61974
61976
61977
61979
61980
61981
61982
61984
61985
61987
61990
61991
61992
61995
61997
61998
62002
62003
62005
62006
62008
62011
62016
62018
62019
62020
62021
62022
62025
62028
62029
62030
62031
62033
62037
62038
62040
62041
62042
62043
62046
62055
62056
62058
62060
62061
62063
62065
62066
62068
62069
62070
62073
62074
62082
62084
62086
62087
62091
62094
62097
62100
62102
62103
62104
62105
62106
62107
62108
62110
62113
62116
62119
62123
62125
62126
62133
62134
62135
62136
62137
62138
62139
62140
62142
62143
62147
62148
62149
62152
62153
62160
62161
62163
62165
62169
62172
62173
62174
62175
62176
62177
62178
62179
62188
62189
62194
62197
62198
62199
62202
62204
62207
62208
62209
62210
62211
62212
62213
62217
62218
62219
62224
62230
62232
62233
62236
62239
62243
62244
62246
62247
62253
62255
62258
62259
62261
62262
62264
62267
62272
62275
62278
62280
62281
62283
62285
62287
62288
62289
62291
62293
62294
62297
62299
62300
62301
62303
62304
62305
62306
62311
62312
62316
62319
62320
62322
62323
62324
62325
62327
62329
62331
62332
62333
62339
62340
62341
62343
62344
62345
62346
62347
62350
62352
62353
62357
62359
62360
62362
62364
62366
62371
62373
62374
62375
62376
62377
62378
62381
62382
62386
62390
62391
62393
62394
62395
62396
62397
62398
62400
62401
62402
62403
62404
62406
62408
62409
62412
62415
62417
62418
62420
62423
62424
62427
62428
62430
62432
62435
62437
62438
62440
62441
62442
62443
62444
62446
62447
62450
62451
62453
62456
62457
62459
62460
62461
62468
62469
62470
62472
62473
62478
62479
62480
62481
62482
62483
62484
62485
62487
62490
62493
62497
62498
62499
62500
62501
62503
62504
62505
62510
62514
62515
62516
62517
62520
62522
62523
62524
62526
62527
62533
62534
62535
62541
62544
62546
62547
62548
62552
62556
62557
62558
62559
62560
62561
62564
62565
62566
62568
62571
62572
62574
62576
62577
62578
62579
62580
62581
62583
62584
62585
62586
62588
62589
62592
62593
62594
62596
62600
62601
62602
62603
62605
62606
62607
62608
62609
62610
62611
62612
62614
62617
62620
62621
62624
62626
62630
62632
62633
62638
62639
62642
62643
62644
62646
62650
62651
62652
62653
62654
62658
62660
62669
62671
62672
62674
62675
62678
62682
62684
62692
62693
62694
62698
62699
62703
62705
62706
62710
62711
62714
62715
62716
62717
62719
62720
62721
62722
62723
62725
62726
62731
62732
62734
62736
62739
62744
62745
62747
62748
62750
62751
62753
62756
62759
62761
62762
62763
62765
62766
62768
62770
62773
62775
62776
62778
62781
62790
62792
62795
62796
62797
62798
62799
62800
62802
62805
62806
62807
62808
62809
62819
62820
62823
62826
62832
62833
62835
62839
62841
62842
62843
62844
62847
62849
62854
62856
62859
62862
62864
62865
62866
62868
62869
62871
62873
62876
62880
62881
62882
62884
62885
62886
62888
62889
62890
62891
62892
62896
62897
62898
62899
62901
62903
62908
62910
62911
62913
62914
62917
62919
62921
62922
62923
62925
62926
62927
62928
62929
62930
62931
62932
62933
62937
62938
62939
62940
62941
62949
62951
62952
62953
62954
62956
62959
62960
62961
62964
62965
62967
62970
62971
62972
62975
62977
62979
62981
62989
62991
62993
62994
62996
62997
62999
63001
63003
63007
63009
63010
63013
63014
63015
63024
63026
63031
63034
63035
63037
63038
63039
63040
63042
63051
63054
63056
63057
63058
63059
63060
63063
63065
63067
63069
63070
63072
63075
63078
63079
63080
63081
63082
63083
63084
63085
63086
63087
63092
63095
63096
63100
63101
63103
63105
63107
63109
63112
63114
63115
63118
63119
63123
63127
63128
63129
63130
63131
63133
63134
63135
63137
63142
63143
63144
63145
63146
63147
63150
63153
63154
63158
63159
63162
63164
63165
63168
63173
63174
63177
63180
63181
63182
63185
63187
63188
63189
63190
63192
63195
63196
63197
63200
63202
63205
63206
63211
63212
63214
63215
63217
63223
63224
63225
63226
63227
63228
63230
63231
63233
63234
63236
63237
63239
63240
63241
63243
63246
63248
63250
63253
63255
63262
63263
63267
63268
63270
63272
63279
63280
63281
63282
63283
63286
63287
63288
63289
63290
63292
63293
63295
63296
63297
63303
63306
63307
63309
63310
63311
63312
63313
63314
63315
63316
63317
63319
63320
63321
63322
63323
63325
63326
63327
63329
63331
63334
63337
63338
63339
63341
63342
63343
63347
63348
63349
63350
63351
63352
63354
63357
63362
63364
63365
63367
63368
63372
63375
63380
63381
63382
63383
63389
63390
63392
63394
63395
63397
63398
63400
63401
63402
63404
63406
63407
63408
63410
63411
63412
63413
63417
63418
63420
63422
63426
63428
63429
63432
63433
63435
63436
63440
63442
63445
63450
63451
63453
63454
63458
63460
63466
63467
63469
63472
63473
63474
63478
63479
63481
63482
63483
63488
63489
63490
63491
63493
63494
63502
63503
63504
63505
63507
63509
63510
63512
63517
63518
63520
63521
63522
63524
63527
63528
63529
63530
63531
63532
63533
63534
63536
63538
63539
63543
63548
63551
63553
63554
63556
63557
63559
63560
63563
63564
63565
63566
63567
63571
63572
63576
63577
63578
63584
63585
63587
63588
63591
63593
63594
63596
63597
63598
63599
63606
63609
63611
63612
63616
63617
63618
63619
63621
63622
63627
63629
63634
63639
63640
63641
63642
63644
63646
63648
63650
63655
63656
63659
63661
63662
63664
63665
63666
63667
63668
63669
63670
63671
63672
63677
63679
63680
63681
63682
63687
63688
63690
63691
63692
63693
63694
63695
63699
63700
63701
63703
63707
63712
63717
63718
63719
63726
63728
63729
63731
63734
63740
63741
63743
63745
63750
63752
63754
63755
63756
63757
63758
63761
63762
63763
63764
63766
63767
63768
63769
63774
63777
63778
63779
63781
63782
63784
63785
63786
63790
63792
63794
63795
63796
63797
63801
63802
63803
63804
63805
63808
63809
63811
63813
63821
63822
63826
63828
63829
63830
63831
63833
63835
63837
63838
63839
63840
63843
63844
63846
63848
63850
63851
63852
63853
63855
63857
63858
63859
63860
63862
63864
63866
63868
63870
63875
63877
63878
63879
63880
63881
63883
63886
63889
63891
63893
63894
63895
63896
63897
63898
63901
63902
63906
63908
63910
63917
63918
63919
63922
63923
63929
63931
63932
63935
63939
63940
63941
63943
63946
63947
63948
63951
63953
63954
63960
63963
63965
63967
63969
63972
63974
63982
63986
63988
63990
63991
63992
63993
63994
63995
63997
63998
63999
64000
64004
64005
64007
64011
64012
64017
64020
64023
64026
64027
64028
64033
64035
64037
64039
64040
64043
64045
64046
64048
64051
64053
64054
64055
64056
64057
64058
64059
64060
64066
64067
64068
64070
64071
64074
64076
64078
64079
64081
64082
64083
64084
64087
64088
64089
64091
64094
64095
64096
64097
64098
64099
64101
64102
64106
64108
64109
64110
64118
64119
64122
64124
64125
64133
64134
64135
64137
64139
64141
64144
64145
64146
64148
64149
64152
64154
64155
64159
64162
64163
64164
64166
64167
64169
64170
64173
64178
64179
64181
64182
64184
64190
64191
64193
64196
64197
64199
64201
64202
64203
64205
64206
64208
64209
64215
64217
64218
64219
64221
64223
64224
64225
64226
64227
64230
64232
64234
64241
64242
64245
64246
64248
64250
64253
64256
64258
64259
64260
64261
64265
64267
64269
64275
64279
64283
64284
64285
64286
64289
64290
64291
64292
64295
64296
64297
64300
64302
64303
64305
64306
64307
64310
64312
64313
64317
64318
64322
64323
64326
64327
64328
64329
64331
64333
64334
64337
64338
64339
64341
64342
64345
64346
64351
64353
64354
64355
64362
64365
64366
64369
64373
64375
64376
64377
64378
64379
64382
64383
64385
64388
64389
64392
64395
64397
64400
64402
64403
64406
64407
64408
64411
64418
64419
64420
64421
64422
64423
64424
64426
64427
64429
64432
64434
64438
64440
64441
64442
64443
64444
64445
64447
64449
64450
64451
64452
64456
64458
64460
64461
64462
64463
64464
64465
64468
64469
64470
64471
64472
64475
64476
64478
64482
64484
64485
64487
64488
64490
64491
64497
64500
64502
64503
64508
64510
64512
64513
64515
64516
64517
64518
64519
64522
64523
64525
64526
64527
64530
64531
64534
64536
64537
64539
64542
64544
64545
64546
64547
64548
64551
64552
64554
64555
64557
64558
64559
64560
64564
64566
64568
64569
64570
64573
64575
64580
64581
64583
64584
64586
64588
64590
64591
64593
64596
64599
64600
64601
64603
64608
64610
64613
64614
64616
64618
64619
64620
64621
64623
64624
64626
64627
64629
64630
64631
64633
64636
64637
64638
64639
64640
64641
64642
64643
64645
64646
64647
64648
64649
64650
64651
64653
64656
64657
64660
64661
64664
64667
64675
64676
64679
64681
64684
64685
64686
64687
64688
64689
64690
64693
64695
64697
64701
64702
64704
64708
64711
64713
64715
64716
64717
64718
64721
64723
64725
64731
64732
64733
64734
64735
64736
64741
64743
64744
64746
64748
64750
64751
64754
64758
64761
64763
64764
64765
64766
64767
64769
64774
64779
64780
64782
64785
64788
64790
64792
64793
64795
64799
64800
64801
64802
64804
64806
64808
64811
64812
64814
64821
64822
64826
64828
64831
64833
64834
64837
64842
64845
64847
64848
64849
64850
64852
64853
64854
64855
64857
64860
64865
64866
64867
64869
64871
64872
64873
64877
64878
64880
64881
64884
64887
64888
64891
64892
64894
64895
64896
64899
64900
64901
64903
64906
64911
64913
64917
64919
64924
64926
64929
64930
64933
64937
64940
64942
64943
64946
64947
64948
64950
64951
64952
64954
64955
64956
64959
64960
64961
64965
64969
64972
64973
64975
64977
64980
64981
64986
64990
64992
64993
64995
64997
64999
65003
65004
65006
65008
65010
65012
65013
65014
65015
65018
65022
65023
65029
65030
65033
65034
65035
65037
65040
65042
65043
65045
65046
65047
65048
65049
65050
65051
65056
65057
65059
65064
65065
65066
65068
65070
65074
65076
65079
65082
65083
65084
65085
65086
65087
65089
65090
65092
65094
65095
65096
65098
65099
65100
65101
65103
65105
65106
65113
65114
65119
65120
65123
65125
65126
65128
65129
65130
65132
65133
65135
65137
65138
65142
65143
65149
65154
65157
65158
65161
65162
65163
65166
65167
65173
65175
65176
65177
65179
65181
65182
65184
65186
65189
65190
65192
65193
65194
65195
65196
65197
65199
65202
65205
65206
65207
65208
65209
65211
65212
65213
65217
65219
65222
65223
65225
65226
65228
65229
65230
65231
65236
65244
65245
65246
65248
65251
65257
65258
65260
65262
65263
65265
65266
65267
65268
65270
65271
65273
65274
65276
65277
65279
65280
65282
65283
65284
65285
65287
65288
65290
65291
65293
65298
65299
65302
65305
65306
65307
65308
65314
65315
65316
65317
65322
65324
65325
65329
65331
65334
65335
65339
65344
65346
65347
65350
65352
65355
65356
65359
65362
65363
65366
65368
65369
65373
65376
65377
65379
65381
65383
65387
65388
65399
65400
65405
65406
65407
65408
65412
65413
65414
65416
65417
65419
65420
65422
65423
65425
65426
65428
65429
65433
65435
65437
65441
65442
65444
65445
65449
65450
65451
65452
65453
65454
65455
65457
65459
65461
65463
65464
65465
65466
65467
65468
65469
65470
65471
65472
65474
65480
65481
65483
65486
65487
65489
65490
65491
65493
65494
65501
65503
65504
65506
65507
65508
65509
65510
65512
65513
65516
65521
65522
65524
65525
65528
65529
65530
65531
65532
65533
65534
65535
65537
65538
65540
65541
65545
65546
65547
65551
65555
65560
65561
65564
65567
65569
65571
65573
65576
65578
65584
65587
65591
65594
65597
65599
65601
65604
65606
65607
65608
65609
65614
65617
65618
65619
65620
65621
65622
65625
65627
65629
65630
65632
65634
65637
65638
65639
65642
65643
65644
65645
65646
65647
65648
65649
65652
65653
65656
65658
65659
65662
65663
65664
65665
65666
65670
65671
65675
65677
65678
65681
65682
65684
65685
65686
65688
65689
65692
65694
65698
65702
65704
65706
65707
65708
65709
65710
65711
65713
65714
65716
65718
65723
65730
65731
65732
65734
65735
65736
65739
65740
65741
65742
65744
65748
65750
65752
65754
65755
65759
65760
65761
65762
65764
65765
65766
65767
65770
65772
65773
65775
65778
65779
65783
65785
65788
65789
65792
65793
65796
65797
65800
65802
65808
65813
65814
65815
65816
65818
65820
65821
65822
65823
65825
65828
65829
65831
65832
65834
65835
65838
65839
65843
65844
65847
65848
65850
65851
65852
65853
65854
65855
65858
65861
65868
65870
65873
65877
65879
65881
65882
65887
65888
65889
65890
65891
65894
65896
65897
65898
65899
65900
65901
65903
65904
65906
65908
65911
65912
65913
65914
65915
65917
65918
65919
65922
65926
65928
65929
65933
65934
65935
65939
65940
65944
65950
65951
65952
65953
65954
65955
65956
65957
65958
65961
65962
65965
65968
65971
65973
65974
65975
65976
65987
65988
65990
65991
65994
66001
66002
66003
66004
66006
66007
66008
66014
66015
66017
66018
66019
66020
66021
66022
66023
66025
66026
66030
66032
66034
66038
66040
66042
66043
66044
66045
66047
66051
66053
66054
66059
66061
66064
66065
66066
66067
66069
66071
66073
66074
66078
66080
66081
66082
66083
66085
66087
66088
66092
66093
66094
66096
66098
66099
66104
66105
66106
66107
66109
66110
66112
66113
66114
66115
66116
66117
66118
66119
66120
66121
66123
66125
66127
66132
66134
66135
66136
66138
66139
66140
66143
66145
66146
66148
66149
66150
66152
66157
66159
66162
66167
66168
66176
66177
66178
66179
66180
66182
66183
66185
66187
66189
66191
66192
66194
66195
66196
66197
66198
66199
66200
66203
66204
66205
66208
66211
66212
66213
66214
66223
66225
66226
66229
66231
66232
66236
66237
66241
66243
66247
66250
66251
66253
66254
66255
66256
66258
66260
66264
66268
66280
66281
66282
66286
66287
66289
66293
66297
66298
66300
66303
66305
66307
66311
66312
66313
66314
66316
66320
66321
66325
66326
66327
66328
66329
66330
66331
66333
66335
66338
66340
66342
66345
66346
66347
66348
66349
66355
66357
66358
66359
66362
66365
66367
66371
66373
66374
66376
66379
66385
66387
66388
66389
66392
66393
66394
66395
66396
66397
66399
66400
66401
66402
66405
66408
66409
66411
66412
66413
66415
66416
66417
66420
66421
66422
66423
66429
66430
66434
66435
66437
66439
66440
66441
66444
66445
66446
66447
66448
66449
66451
66452
66455
66456
66457
66462
66464
66465
66467
66471
66475
66479
66486
66488
66490
66494
66496
66497
66499
66500
66504
66506
66513
66514
66517
66519
66520
66522
66523
66529
66535
66537
66538
66541
66542
66543
66544
66545
66546
66547
66548
66549
66552
66554
66559
66562
66563
66565
66571
66575
66576
66578
66579
66580
66581
66582
66584
66585
66586
66589
66590
66592
66593
66597
66599
66600
66601
66602
66604
66607
66608
66612
66613
66618
66619
66621
66623
66628
66633
66634
66635
66636
66637
66638
66639
66640
66641
66643
66646
66649
66650
66651
66656
66657
66658
66660
66664
66665
66667
66669
66670
66671
66672
66674
66675
66677
66678
66681
66684
66685
66686
66687
66694
66695
66697
66699
66701
66702
66705
66712
66713
66715
66717
66719
66720
66722
66723
66724
66725
66729
66730
66731
66732
66735
66736
66737
66738
66740
66742
66743
66744
66745
66747
66750
66752
66753
66755
66756
66760
66764
66766
66767
66768
66771
66772
66774
66775
66779
66782
66785
66790
66791
66792
66794
66798
66799
66801
66802
66803
66804
66806
66807
66808
66809
66811
66812
66815
66816
66817
66819
66823
66826
66827
66829
66831
66834
66836
66837
66838
66840
66841
66843
66844
66846
66851
66852
66854
66856
66858
66859
66862
66864
66866
66868
66869
66871
66872
66874
66876
66880
66881
66882
66887
66890
66892
66893
66895
66896
66897
66898
66900
66901
66907
66910
66911
66913
66915
66916
66917
66918
66919
66920
66923
66926
66928
66929
66931
66932
66933
66934
66938
66940
66941
66942
66943
66950
66952
66955
66960
66964
66966
66969
66970
66971
66974
66975
66976
66977
66979
66982
66983
66984
66985
66987
66990
66994
66995
66996
66999
67008
67011
67013
67017
67018
67022
67025
67026
67028
67029
67032
67033
67035
67039
67041
67045
67046
67047
67049
67050
67052
67054
67058
67060
67062
67063
67064
67067
67068
67070
67071
67075
67076
67079
67083
67085
67089
67093
67096
67097
67101
67104
67106
67108
67109
67110
67112
67114
67115
67119
67120
67121
67122
67123
67124
67125
67126
67131
67132
67133
67134
67138
67140
67141
67144
67145
67147
67148
67149
67152
67153
67154
67156
67157
67160
67161
67162
67163
67166
67168
67169
67170
67171
67173
67174
67175
67176
67177
67179
67181
67182
67187
67188
67191
67192
67196
67203
67208
67209
67215
67216
67217
67219
67220
67221
67228
67231
67233
67234
67236
67238
67242
67245
67246
67248
67249
67251
67253
67254
67255
67256
67258
67259
67261
67262
67266
67268
67271
67275
67276
67277
67278
67280
67281
67282
67284
67286
67287
67288
67289
67292
67302
67303
67306
67307
67309
67312
67313
67314
67316
67318
67319
67325
67326
67328
67329
67330
67332
67336
67338
67339
67340
67341
67343
67344
67347
67349
67353
67354
67355
67356
67357
67358
67359
67361
67363
67368
67369
67370
67371
67372
67373
67374
67375
67378
67380
67383
67384
67385
67386
67388
67391
67393
67396
67397
67399
67400
67401
67403
67405
67406
67407
67410
67411
67415
67416
67420
67421
67422
67423
67425
67426
67436
67437
67439
67440
67441
67442
67444
67445
67446
67447
67451
67453
67457
67458
67459
67462
67463
67467
67468
67471
67472
67474
67475
67476
67478
67479
67482
67483
67485
67487
67490
67492
67493
67494
67496
67497
67498
67499
67500
67501
67503
67506
67510
67511
67512
67514
67515
67516
67517
67518
67520
67523
67524
67527
67532
67534
67538
67539
67541
67543
67544
67546
67547
67550
67551
67552
67553
67554
67555
67557
67559
67561
67563
67564
67566
67567
67568
67569
67570
67571
67573
67574
67582
67585
67587
67590
67592
67593
67594
67595
67598
67600
67604
67605
67609
67613
67615
67617
67621
67622
67623
67627
67628
67630
67634
67635
67636
67638
67640
67641
67643
67644
67645
67646
67654
67655
67656
67658
67659
67668
67669
67670
67672
67674
67675
67680
67681
67684
67685
67686
67689
67690
67692
67693
67694
67696
67697
67699
67700
67701
67702
67703
67705
67710
67713
67716
67719
67720
67721
67723
67726
67728
67729
67731
67732
67733
67736
67744
67745
67747
67748
67749
67750
67752
67754
67755
67756
67757
67762
67764
67766
67768
67769
67774
67776
67777
67778
67781
67782
67784
67786
67788
67790
67792
67794
67796
67797
67799
67801
67804
67805
67807
67808
67809
67810
67811
67812
67815
67816
67821
67825
67830
67831
67832
67833
67834
67835
67837
67842
67844
67845
67850
67853
67856
67857
67860
67864
67865
67866
67868
67870
67873
67874
67876
67878
67879
67881
67882
67883
67884
67885
67889
67890
67894
67895
67896
67897
67898
67899
67902
67905
67906
67907
67912
67914
67917
67918
67919
67920
67921
67923
67924
67925
67927
67929
67930
67931
67933
67934
67938
67939
67943
67945
67947
67948
67951
67953
67954
67955
67961
67963
67964
67966
67967
67968
67974
67977
67978
67981
67982
67983
67984
67985
67986
67987
67991
67994
67996
68002
68004
68005
68008
68009
68010
68011
68014
68016
68017
68020
68022
68023
68025
68027
68031
68032
68033
68034
68036
68037
68038
68039
68043
68045
68046
68049
68050
68055
68057
68058
68060
68062
68064
68065
68066
68067
68072
68076
68078
68080
68081
68086
68092
68095
68099
68100
68102
68106
68109
68112
68113
68116
68119
68122
68124
68130
68131
68133
68134
68135
68139
68140
68141
68143
68144
68145
68146
68147
68149
68151
68153
68156
68160
68161
68162
68164
68165
68166
68167
68168
68170
68172
68174
68177
68178
68182
68187
68189
68190
68191
68193
68195
68196
68197
68198
68199
68201
68202
68203
68206
68207
68210
68211
68215
68216
68217
68219
68220
68223
68224
68226
68230
68231
68233
68234
68238
68239
68246
68247
68248
68249
68251
68252
68253
68254
68256
68262
68264
68265
68266
68267
68268
68270
68272
68273
68274
68276
68277
68278
68279
68282
68284
68285
68286
68290
68291
68292
68296
68298
68300
68301
68305
68306
68308
68313
68314
68315
68317
68319
68320
68321
68322
68324
68326
68327
68330
68331
68332
68337
68341
68342
68343
68344
68345
68346
68348
68349
68352
68353
68356
68359
68360
68362
68364
68365
68371
68373
68375
68376
68378
68380
68382
68383
68384
68387
68388
68392
68395
68396
68400
68401
68402
68403
68405
68406
68407
68408
68410
68411
68413
68414
68418
68421
68424
68425
68429
68430
68432
68433
68435
68436
68437
68441
68443
68444
68446
68447
68450
68451
68454
68455
68464
68467
68469
68470
68474
68475
68478
68481
68482
68485
68486
68490
68491
68492
68493
68496
68497
68499
68500
68502
68503
68505
68512
68516
68517
68518
68521
68523
68526
68528
68529
68533
68535
68540
68543
68544
68545
68546
68548
68550
68551
68552
68553
68554
68558
68560
68561
68564
68565
68568
68569
68570
68573
68575
68579
68582
68583
68584
68589
68591
68593
68595
68597
68599
68601
68602
68605
68607
68608
68609
68610
68611
68613
68614
68615
68616
68622
68623
68625
68626
68628
68630
68632
68635
68637
68639
68641
68643
68644
68645
68648
68649
68651
68653
68654
68655
68656
68657
68658
68662
68663
68664
68665
68667
68669
68672
68676
68677
68679
68681
68683
68686
68688
68690
68691
68693
68695
68698
68699
68701
68702
68706
68708
68709
68713
68714
68715
68716
68717
68719
68720
68721
68722
68723
68724
68725
68727
68729
68730
68732
68734
68736
68738
68739
68741
68743
68744
68747
68748
68752
68753
68754
68757
68758
68759
68760
68761
68762
68764
68766
68770
68773
68779
68785
68786
68788
68790
68793
68797
68799
68800
68801
68802
68803
68805
68807
68808
68812
68815
68817
68819
68820
68821
68823
68826
68828
68829
68831
68833
68837
68838
68842
68843
68844
68846
68847
68852
68853
68855
68857
68859
68861
68862
68863
68867
68868
68869
68871
68873
68874
68875
68879
68880
68881
68886
68887
68889
68891
68892
68895
68897
68899
68900
68901
68902
68903
68905
68908
68910
68914
68918
68919
68920
68921
68923
68926
68928
68930
68936
68937
68938
68940
68943
68945
68949
68951
68952
68953
68954
68957
68963
68965
68966
68968
68969
68972
68974
68975
68977
68979
68981
68982
68984
68986
68987
68989
68993
68994
69004
69005
69008
69010
69011
69012
69015
69016
69017
69018
69020
69021
69022
69027
69028
69033
69034
69036
69037
69039
69041
69042
69043
69044
69046
69049
69050
69060
69064
69067
69069
69071
69074
69075
69077
69078
69079
69081
69083
69084
69086
69087
69089
69091
69093
69095
69096
69100
69101
69102
69104
69106
69109
69110
69111
69112
69114
69115
69116
69117
69118
69120
69125
69127
69128
69129
69130
69133
69136
69139
69141
69143
69145
69147
69148
69152
69155
69156
69158
69160
69163
69166
69168
69169
69170
69174
69175
69176
69178
69180
69183
69184
69185
69188
69189
69190
69193
69194
69196
69198
69203
69205
69207
69208
69209
69210
69211
69212
69214
69215
69219
69226
69227
69229
69230
69233
69236
69237
69238
69240
69243
69246
69248
69250
69251
69253
69255
69256
69258
69259
69261
69262
69265
69268
69269
69270
69271
69274
69277
69281
69282
69283
69284
69287
69289
69297
69300
69306
69307
69309
69311
69313
69314
69316
69320
69324
69326
69327
69331
69333
69335
69336
69343
69344
69346
69350
69351
69354
69355
69356
69358
69360
69361
69366
69367
69368
69372
69374
69375
69377
69378
69379
69381
69382
69383
69385
69386
69388
69389
69390
69395
69397
69401
69402
69403
69404
69405
69406
69407
69408
69414
69415
69418
69419
69420
69421
69422
69424
69425
69426
69427
69429
69432
69436
69437
69440
69441
69442
69443
69444
69446
69448
69453
69455
69456
69458
69459
69461
69463
69464
69465
69466
69468
69469
69470
69471
69473
69474
69478
69479
69481
69483
69485
69486
69487
69490
69496
69497
69498
69499
69503
69505
69506
69510
69511
69515
69517
69518
69520
69521
69522
69524
69525
69527
69528
69530
69531
69532
69537
69538
69539
69541
69542
69545
69547
69548
69549
69552
69553
69554
69557
69558
69559
69563
69565
69567
69570
69574
69575
69576
69578
69583
69585
69587
69588
69589
69590
69591
69592
69594
69596
69599
69602
69603
69604
69605
69606
69607
69610
69614
69617
69619
69620
69622
69625
69626
69627
69630
69631
69633
69636
69639
69641
69643
69645
69647
69648
69649
69650
69652
69653
69655
69657
69658
69663
69665
69667
69669
69671
69677
69678
69679
69681
69682
69684
69685
69687
69689
69690
69697
69698
69699
69701
69702
69704
69705
69706
69710
69711
69713
69714
69715
69716
69717
69723
69724
69725
69726
69728
69730
69733
69735
69737
69738
69739
69747
69748
69752
69755
69760
69761
69763
69764
69766
69768
69769
69772
69776
69779
69780
69781
69784
69785
69786
69788
69789
69795
69796
69797
69800
69801
69802
69803
69804
69806
69807
69808
69810
69818
69820
69821
69822
69823
69826
69827
69828
69830
69831
69833
69835
69836
69840
69847
69848
69850
69856
69858
69860
69861
69862
69865
69866
69867
69868
69873
69876
69879
69883
69884
69885
69886
69889
69891
69893
69894
69898
69900
69902
69903
69904
69905
69906
69908
69909
69913
69915
69917
69918
69919
69920
69923
69924
69927
69928
69929
69932
69934
69938
69940
69942
69946
69947
69949
69951
69952
69955
69959
69960
69963
69964
69966
69967
69971
69972
69974
69975
69977
69978
69981
69982
69984
69985
69986
69988
69989
69991
69992
69996
69998
69999
70000
70001
70003
70004
70005
70006
70008
70013
70014
70017
70019
70020
70023
70024
70025
70030
70031
70034
70036
70037
70038
70039
70040
70041
70042
70043
70046
70047
70049
70050
70055
70056
70057
70058
70061
70063
70064
70071
70074
70075
70077
70078
70079
70082
70083
70084
70089
70096
70097
70098
70099
70101
70102
70103
70104
70106
70108
70109
70112
70114
70115
70119
70120
70121
70122
70123
70124
70125
70126
70127
70129
70131
70132
70133
70135
70136
70137
70140
70141
70143
70145
70147
70149
70152
70154
70157
70160
70161
70162
70163
70166
70167
70168
70169
70175
70176
70178
70179
70183
70184
70185
70186
70189
70191
70194
70195
70199
70200
70201
70208
70211
70217
70218
70221
70223
70227
70228
70230
70231
70237
70238
70240
70242
70245
70248
70250
70251
70253
70255
70256
70258
70259
70263
70264
70266
70268
70270
70272
70273
70276
70278
70282
70284
70286
70287
70288
70290
70291
70293
70294
70295
70297
70300
70301
70302
70303
70304
70307
70308
70311
70316
70319
70322
70325
70326
70327
70331
70332
70333
70334
70337
70339
70340
70348
70349
70350
70352
70353
70354
70358
70359
70360
70361
70362
70363
70364
70367
70369
70371
70375
70377
70380
70381
70382
70384
70392
70396
70402
70403
70404
70406
70407
70412
70414
70415
70417
70418
70420
70423
70424
70430
70431
70433
70434
70435
70436
70438
70439
70440
70446
70448
70449
70452
70454
70457
70458
70460
70461
70462
70464
70469
70470
70471
70473
70474
70475
70476
70477
70479
70480
70481
70483
70484
70486
70488
70490
70491
70495
70497
70499
70500
70502
70503
70504
70506
70508
70509
70513
70515
70516
70520
70522
70523
70524
70527
70529
70535
70538
70539
70540
70542
70543
70545
70547
70548
70549
70550
70554
70555
70561
70564
70567
70568
70571
70572
70573
70575
70576
70577
70578
70579
70581
70582
70583
70585
70586
70589
70591
70593
70594
70595
70597
70598
70599
70600
70601
70602
70605
70606
70607
70608
70610
70614
70617
70618
70619
70620
70621
70624
70625
70626
70627
70633
70635
70638
70640
70643
70644
70645
70646
70647
70649
70655
70657
70658
70659
70661
70662
70667
70676
70677
70678
70679
70688
70690
70691
70693
70695
70698
70699
70700
70704
70705
70708
70710
70711
70715
70716
70717
70718
70719
70725
70726
70729
70730
70731
70732
70733
70738
70740
70742
70743
70747
70748
70751
70752
70753
70756
70760
70764
70765
70767
70769
70773
70778
70779
70780
70781
70783
70785
70790
70794
70795
70799
70806
70807
70809
70810
70813
70815
70817
70818
70819
70820
70821
70823
70824
70826
70828
70829
70830
70832
70833
70835
70836
70837
70842
70843
70844
70845
70850
70855
70857
70859
70860
70861
70862
70863
70866
70868
70870
70871
70872
70873
70875
70880
70881
70882
70883
70885
70886
70887
70888
70889
70890
70893
70894
70899
70904
70905
70906
70907
70908
70909
70911
70912
70913
70914
70915
70917
70919
70920
70921
70922
70925
70926
70930
70931
70932
70936
70940
70941
70942
70943
70951
70952
70955
70956
70957
70958
70960
70961
70962
70969
70971
70972
70980
70981
70982
70983
70984
70985
70986
70987
70989
70990
70992
70993
70996
70998
71000
71006
71008
71009
71010
71011
71012
71013
71014
71017
71019
71021
71022
71024
71025
71028
71030
71031
71033
71034
71035
71036
71037
71038
71039
71040
71041
71042
71043
71045
71046
71048
71049
71050
71051
71055
71056
71057
71059
71060
71062
71063
71064
71065
71066
71067
71068
71069
71070
71072
71075
71079
71084
71085
71087
71088
71089
71091
71093
71094
71095
71096
71101
71102
71103
71104
71105
71106
71107
71108
71109
71110
71111
71112
71114
71118
71119
71121
71123
71125
71128
71133
71135
71136
71140
71141
71143
71146
71147
71149
71150
71159
71160
71161
71162
71165
71166
71167
71169
71170
71174
71175
71179
71182
71183
71188
71190
71191
71197
71198
71199
71201
71203
71204
71205
71206
71207
71209
71210
71213
71214
71215
71217
71220
71226
71229
71232
71240
71242
71243
71246
71247
71248
71251
71252
71253
71255
71256
71258
71259
71262
71263
71264
71265
71266
71271
71275
71276
71278
71283
71285
71286
71290
71291
71292
71294
71297
71299
71303
71307
71308
71310
71312
71313
71314
71318
71319
71322
71325
71326
71327
71332
71333
71335
71338
71339
71340
71341
71343
71344
71345
71346
71349
71351
71354
71356
71361
71363
71364
71369
71370
71372
71373
71378
71382
71383
71385
71386
71387
71389
71390
71392
71393
71395
71397
71402
71403
71404
71406
71407
71408
71415
71418
71419
71422
71425
71428
71429
71430
71431
71432
71436
71437
71438
71440
71444
71445
71446
71449
71451
71452
71453
71454
71455
71463
71465
71468
71470
71472
71473
71475
71480
71486
71487
71489
71490
71492
71493
71494
71497
71500
71504
71505
71510
71511
71512
71514
71515
71517
71518
71521
71522
71523
71525
71529
71530
71531
71532
71533
71536
71537
71540
71541
71542
71544
71546
71547
71549
71550
71554
71557
71559
71561
71562
71563
71564
71565
71568
71570
71571
71572
71573
71577
71578
71579
71584
71586
71588
71591
71592
71594
71597
71602
71605
71608
71610
71611
71613
71614
71616
71619
71622
71625
71626
71632
71633
71635
71636
71639
71640
71642
71647
71650
71651
71652
71654
71655
71656
71657
71662
71667
71668
71669
71670
71671
71675
71679
71681
71685
71689
71691
71694
71696
71697
71698
71699
71702
71703
71706
71707
71708
71712
71713
71716
71717
71718
71719
71720
71721
71722
71723
71726
71729
71730
71732
71733
71734
71735
71737
71738
71739
71741
71742
71743
71745
71751
71752
71755
71756
71758
71759
71760
71761
71762
71763
71764
71768
71770
71771
71773
71776
71779
71780
71782
71785
71786
71787
71793
71795
71796
71800
71802
71803
71804
71807
71809
71814
71816
71817
71818
71820
71821
71822
71823
71824
71826
71827
71828
71831
71832
71835
71836
71838
71843
71845
71846
71847
71848
71850
71852
71853
71855
71856
71863
71864
71867
71869
71870
71871
71874
71876
71880
71881
71888
71893
71896
71897
71898
71899
71900
71901
71902
71904
71907
71908
71915
71917
71918
71921
71922
71925
71927
71928
71929
71932
71933
71935
71937
71944
71948
71950
71951
71952
71953
71954
71955
71956
71957
71959
71963
71964
71966
71968
71969
71974
71975
71977
71979
71982
71983
71984
71985
71986
71987
71989
71994
71995
71996
71997
71999
72001
72002
72004
72005
72006
72008
72009
72012
72013
72016
72020
72022
72023
72025
72026
72029
72030
72031
72033
72034
72035
72036
72037
72039
72041
72043
72044
72046
72052
72054
72056
72059
72061
72063
72067
72068
72071
72072
72074
72075
72076
72077
72079
72080
72081
72082
72083
72085
72089
72090
72092
72095
72100
72102
72103
72105
72107
72108
72111
72112
72113
72115
72116
72117
72119
72120
72122
72124
72126
72128
72130
72132
72133
72135
72139
72140
72141
72143
72144
72145
72149
72151
72152
72156
72159
72166
72168
72169
72170
72171
72172
72173
72174
72178
72179
72181
72184
72186
72187
72188
72189
72190
72191
72192
72193
72194
72195
72197
72198
72199
72201
72202
72203
72204
72207
72208
72209
72210
72214
72217
72218
72220
72222
72226
72228
72229
72230
72233
72235
72237
72239
72241
72242
72244
72246
72247
72248
72249
72251
72256
72257
72259
72262
72268
72273
72274
72275
72279
72280
72281
72282
72283
72284
72286
72287
72288
72289
72290
72291
72292
72297
72299
72300
72304
72307
72308
72310
72316
72319
72320
72322
72324
72325
72326
72327
72329
72331
72333
72335
72338
72341
72342
72344
72345
72346
72351
72353
72356
72357
72360
72362
72368
72373
72375
72378
72380
72381
72383
72387
72390
72391
72392
72395
72396
72398
72400
72404
72405
72406
72407
72408
72410
72413
72414
72415
72416
72418
72420
72421
72424
72429
72430
72431
72434
72435
72436
72438
72440
72443
72444
72445
72447
72452
72453
72454
72459
72462
72466
72470
72473
72475
72481
72483
72487
72490
72491
72492
72494
72496
72499
72501
72504
72505
72507
72509
72512
72520
72523
72524
72526
72529
72535
72536
72538
72540
72544
72545
72547
72550
72553
72554
72555
72557
72558
72559
72560
72564
72565
72566
72569
72570
72571
72572
72573
72575
72576
72579
72581
72584
72585
72586
72587
72590
72592
72593
72594
72596
72597
72599
72603
72605
72607
72608
72610
72611
72612
72613
72614
72615
72616
72617
72618
72622
72623
72628
72630
72631
72634
72635
72636
72638
72639
72641
72643
72647
72648
72651
72652
72654
72655
72656
72661
72662
72668
72669
72675
72676
72677
72678
72682
72683
72685
72687
72689
72691
72694
72696
72698
72699
72700
72701
72703
72704
72708
72714
72720
72721
72723
72725
72726
72729
72731
72733
72735
72738
72739
72740
72744
72746
72747
72749
72750
72752
72754
72755
72756
72758
72759
72760
72761
72762
72763
72764
72765
72768
72769
72771
72773
72776
72784
72785
72786
72788
72789
72798
72800
72801
72802
72803
72804
72806
72807
72810
72811
72814
72815
72816
72819
72820
72823
72825
72826
72828
72832
72836
72838
72839
72840
72842
72844
72848
72849
72850
72853
72854
72858
72859
72860
72863
72869
72870
72872
72873
72875
72878
72880
72881
72882
72884
72885
72886
72887
72889
72891
72892
72894
72895
72897
72899
72900
72903
72904
72907
72909
72911
72912
72914
72916
72922
72923
72924
72925
72926
72927
72929
72930
72931
72932
72933
72936
72940
72943
72945
72946
72947
72948
72949
72957
72958
72959
72963
72966
72970
72971
72972
72974
72975
72978
72980
72983
72985
72986
72987
72989
72990
72992
72994
72995
72998
72999
73001
73002
73004
73006
73007
73010
73011
73017
73019
73022
73025
73026
73027
73028
73029
73033
73038
73039
73040
73041
73042
73045
73048
73049
73051
73052
73053
73056
73057
73062
73063
73064
73067
73068
73069
73070
73074
73075
73076
73078
73084
73086
73088
73089
73092
73094
73095
73096
73097
73099
73102
73103
73104
73107
73108
73109
73110
73112
73113
73114
73117
73118
73119
73120
73121
73122
73124
73126
73128
73129
73131
73133
73136
73137
73138
73141
73145
73147
73148
73150
73151
73154
73155
73158
73160
73162
73163
73164
73166
73168
73170
73176
73179
73181
73183
73184
73185
73186
73187
73192
73194
73196
73198
73204
73205
73206
73208
73213
73215
73219
73220
73222
73223
73225
73227
73228
73231
73236
73238
73240
73241
73242
73243
73244
73247
73248
73251
73253
73254
73255
73257
73261
73262
73265
73266
73267
73268
73269
73272
73273
73277
73279
73281
73285
73286
73287
73288
73291
73296
73300
73302
73305
73308
73310
73312
73313
73314
73316
73317
73323
73324
73325
73327
73329
73331
73333
73334
73336
73345
73347
73348
73351
73352
73356
73357
73358
73359
73360
73361
73365
73367
73368
73369
73370
73374
73375
73376
73377
73383
73385
73387
73388
73389
73390
73391
73392
73393
73394
73395
73398
73399
73402
73403
73412
73414
73416
73418
73422
73423
73425
73428
73429
73431
73432
73433
73434
73435
73437
73438
73440
73442
73443
73444
73446
73448
73452
73455
73458
73462
73463
73465
73468
73469
73470
73471
73473
73475
73477
73483
73484
73485
73486
73487
73488
73489
73492
73493
73494
73495
73497
73502
73503
73504
73505
73506
73507
73508
73509
73510
73511
73512
73513
73515
73516
73517
73522
73523
73529
73531
73532
73533
73535
73538
73539
73543
73545
73546
73550
73552
73554
73555
73557
73559
73561
73563
73564
73565
73572
73574
73575
73578
73579
73580
73581
73583
73584
73591
73593
73594
73595
73596
73597
73598
73599
73600
73602
73603
73604
73606
73608
73609
73613
73614
73616
73617
73619
73620
73623
73624
73629
73632
73633
73634
73635
73636
73639
73641
73642
73643
73644
73647
73649
73652
73654
73655
73657
73658
73659
73660
73665
73666
73667
73669
73670
73678
73680
73681
73688
73689
73691
73693
73698
73699
73702
73703
73705
73706
73712
73714
73715
73716
73719
73723
73724
73725
73726
73729
73730
73733
73734
73736
73739
73741
73742
73745
73747
73749
73750
73751
73756
73758
73759
73760
73762
73763
73765
73767
73772
73773
73776
73777
73781
73782
73783
73784
73785
73786
73788
73789
73795
73798
73799
73801
73802
73806
73807
73810
73811
73812
73814
73820
73822
73826
73827
73828
73829
73831
73834
73835
73839
73840
73842
73843
73844
73846
73847
73849
73851
73852
73854
73856
73860
73862
73868
73869
73872
73873
73875
73876
73878
73879
73880
73881
73884
73885
73886
73888
73889
73890
73894
73898
73902
73904
73905
73906
73910
73911
73913
73915
73920
73922
73923
73924
73927
73928
73929
73930
73931
73932
73934
73935
73936
73937
73941
73943
73946
73947
73948
73950
73951
73955
73957
73959
73962
73964
73966
73968
73970
73974
73975
73976
73980
73981
73988
73991
73993
73995
73996
73997
73998
74000
74001
74006
74009
74012
74013
74014
74017
74021
74022
74023
74024
74025
74026
74028
74031
74032
74033
74037
74038
74041
74043
74044
74045
74046
74047
74048
74049
74051
74052
74054
74056
74059
74060
74063
74068
74071
74074
74079
74082
74083
74089
74090
74092
74095
74097
74100
74103
74104
74105
74109
74110
74111
74112
74114
74119
74121
74122
74124
74127
74130
74131
74133
74138
74142
74144
74145
74146
74148
74150
74152
74157
74158
74165
74166
74168
74171
74172
74173
74174
74175
74177
74179
74181
74182
74183
74185
74187
74188
74189
74191
74192
74193
74194
74195
74197
74199
74200
74201
74204
74205
74208
74209
74211
74214
74217
74218
74219
74220
74221
74222
74224
74225
74227
74228
74229
74232
74234
74236
74239
74241
74242
74244
74247
74249
74250
74252
74262
74264
74266
74267
74268
74271
74272
74273
74274
74277
74279
74282
74283
74284
74286
74288
74290
74291
74292
74293
74294
74295
74296
74298
74299
74302
74305
74306
74310
74311
74314
74315
74317
74318
74322
74328
74330
74333
74335
74337
74338
74339
74343
74345
74346
74349
74352
74353
74354
74357
74358
74361
74362
74363
74364
74365
74367
74368
74369
74373
74377
74378
74379
74380
74381
74384
74388
74389
74390
74393
74394
74395
74397
74398
74401
74403
74405
74408
74412
74413
74416
74419
74421
74424
74428
74430
74433
74436
74438
74442
74443
74444
74447
74450
74451
74452
74454
74455
74456
74457
74461
74462
74463
74465
74467
74469
74472
74473
74475
74478
74480
74484
74486
74488
74489
74490
74491
74493
74494
74495
74496
74497
74498
74502
74503
74505
74507
74509
74512
74514
74515
74517
74520
74524
74527
74528
74532
74538
74539
74541
74542
74543
74544
74545
74546
74548
74550
74552
74567
74568
74570
74572
74573
74575
74577
74581
74582
74584
74592
74594
74596
74598
74599
74600
74601
74603
74605
74606
74609
74610
74612
74613
74615
74616
74619
74623
74624
74626
74629
74630
74633
74634
74635
74637
74640
74641
74642
74644
74645
74646
74647
74649
74651
74653
74657
74658
74663
74667
74672
74676
74677
74678
74680
74681
74682
74683
74684
74685
74686
74688
74689
74691
74696
74700
74701
74703
74704
74706
74707
74709
74710
74713
74714
74715
74716
74717
74718
74720
74721
74722
74724
74725
74726
74727
74728
74730
74731
74732
74735
74737
74744
74745
74746
74747
74751
74752
74753
74754
74755
74759
74761
74762
74766
74767
74774
74775
74776
74778
74779
74780
74781
74782
74783
74784
74787
74788
74791
74792
74793
74795
74797
74798
74801
74802
74803
74806
74807
74808
74811
74812
74814
74816
74817
74818
74819
74820
74824
74828
74829
74832
74833
74839
74840
74842
74843
74847
74849
74853
74854
74855
74858
74859
74860
74861
74863
74867
74870
74871
74872
74873
74877
74878
74879
74883
74884
74885
74890
74893
74896
74897
74899
74901
74903
74905
74906
74907
74909
74911
74913
74914
74916
74918
74925
74926
74927
74928
74929
74932
74934
74935
74937
74938
74939
74941
74944
74945
74946
74947
74949
74951
74954
74957
74958
74959
74961
74962
74963
74964
74965
74966
74967
74971
74972
74975
74976
74979
74980
74981
74983
74992
74993
74995
74997
75000
75001
75002
75003
75007
75008
75011
75012
75015
75018
75021
75022
75023
75024
75025
75027
75029
75030
75031
75032
75033
75035
75036
75037
75040
75041
75042
75051
75052
75053
75054
75055
75056
75057
75058
75059
75060
75061
75062
75063
75069
75070
75071
75073
75074
75077
75080
75083
75084
75085
75087
75090
75092
75093
75097
75098
75100
75101
75105
75107
75109
75111
75112
75113
75116
75118
75119
75121
75127
75128
75129
75132
75134
75135
75137
75138
75139
75140
75141
75142
75143
75144
75147
75148
75149
75150
75152
75153
75154
75158
75169
75174
75177
75178
75180
75182
75183
75188
75190
75194
75195
75196
75200
75201
75202
75203
75206
75210
75213
75214
75218
75221
75224
75227
75229
75231
75233
75235
75236
75237
75238
75239
75240
75241
75244
75245
75246
75249
75251
75252
75253
75255
75258
75260
75262
75264
75267
75269
75273
75276
75279
75281
75282
75287
75291
75293
75294
75295
75299
75300
75301
75302
75303
75305
75315
75316
75317
75326
75328
75331
75332
75334
75335
75336
75337
75338
75339
75342
75343
75344
75345
75346
75347
75348
75349
75351
75352
75356
75358
75360
75362
75363
75369
75370
75371
75372
75376
75377
75378
75381
75382
75383
75384
75385
75386
75387
75390
75391
75392
75394
75400
75402
75403
75404
75406
75408
75409
75411
75413
75414
75415
75418
75420
75423
75424
75425
75426
75427
75428
75431
75433
75435
75436
75437
75438
75440
75446
75453
75455
75457
75463
75464
75466
75467
75470
75477
75478
75479
75481
75484
75485
75488
75489
75490
75492
75493
75494
75495
75496
75499
75500
75502
75503
75504
75505
75507
75510
75513
75515
75516
75517
75518
75519
75520
75521
75527
75529
75530
75531
75534
75535
75538
75544
75546
75548
75549
75550
75551
75554
75555
75556
75557
75559
75560
75562
75563
75566
75569
75572
75573
75574
75575
75576
75578
75580
75582
75583
75586
75587
75588
75589
75590
75591
75592
75594
75596
75601
75602
75607
75608
75612
75613
75614
75615
75616
75620
75621
75622
75623
75624
75625
75626
75632
75634
75642
75643
75644
75645
75647
75650
75654
75657
75659
75660
75661
75663
75664
75666
75670
75674
75676
75680
75682
75684
75685
75686
75687
75689
75693
75694
75698
75699
75700
75703
75705
75706
75707
75709
75710
75712
75714
75715
75723
75724
75727
75729
75730
75731
75732
75734
75735
75738
75739
75740
75741
75742
75743
75744
75745
75751
75758
75760
75762
75763
75765
75767
75772
75773
75774
75778
75782
75783
75785
75787
75789
75790
75793
75796
75797
75800
75801
75802
75804
75805
75809
75810
75813
75816
75819
75820
75821
75822
75823
75827
75828
75829
75830
75831
75832
75835
75836
75838
75841
75842
75843
75847
75849
75851
75852
75853
75861
75862
75864
75866
75869
75871
75873
75874
75875
75876
75879
75880
75881
75883
75888
75889
75890
75891
75895
75896
75898
75899
75900
75904
75905
75906
75909
75910
75914
75915
75918
75919
75922
75923
75926
75927
75936
75940
75941
75942
75945
75946
75948
75949
75950
75951
75953
75954
75957
75959
75961
75962
75964
75966
75969
75971
75972
75975
75976
75981
75982
75983
75984
75986
75987
75988
75990
75994
75995
75997
76000
76002
76005
76007
76009
76010
76012
76018
76019
76023
76026
76027
76031
76032
76033
76035
76036
76040
76045
76046
76048
76049
76050
76055
76057
76059
76060
76061
76063
76064
76065
76066
76067
76068
76069
76070
76072
76074
76077
76078
76079
76080
76081
76082
76083
76088
76090
76093
76095
76096
76097
76098
76100
76101
76102
76105
76106
76107
76111
76113
76114
76115
76116
76117
76121
76122
76123
76124
76127
76130
76134
76137
76138
76139
76142
76143
76144
76145
76146
76149
76150
76152
76153
76155
76157
76158
76159
76163
76164
76169
76170
76172
76173
76174
76177
76179
76181
76182
76184
76185
76186
76188
76190
76191
76193
76196
76197
76199
76201
76212
76213
76214
76215
76218
76220
76221
76226
76228
76229
76231
76234
76236
76237
76238
76240
76243
76244
76245
76246
76251
76253
76255
76257
76258
76260
76261
76262
76267
76268
76269
76275
76276
76278
76279
76280
76281
76282
76283
76284
76289
76293
76296
76297
76300
76302
76305
76306
76308
76309
76310
76311
76312
76315
76316
76317
76318
76319
76321
76324
76326
76328
76329
76330
76333
76334
76336
76339
76340
76342
76344
76350
76351
76353
76356
76357
76360
76363
76364
76376
76377
76378
76379
76381
76385
76387
76388
76390
76391
76393
76394
76395
76397
76401
76407
76410
76411
76416
76417
76419
76420
76421
76422
76423
76424
76425
76426
76429
76431
76433
76435
76436
76438
76439
76441
76442
76447
76448
76450
76452
76453
76455
76457
76458
76460
76463
76466
76468
76472
76475
76479
76486
76487
76488
76489
76490
76492
76494
76496
76497
76498
76501
76503
76505
76507
76508
76509
76512
76513
76517
76518
76521
76525
76527
76530
76535
76539
76540
76545
76547
76558
76559
76562
76564
76565
76568
76570
76571
76573
76576
76581
76582
76583
76586
76588
76589
76591
76592
76593
76595
76596
76597
76600
76601
76602
76603
76604
76605
76607
76610
76612
76615
76616
76617
76618
76620
76622
76623
76624
76625
76626
76632
76634
76635
76636
76642
76643
76645
76649
76653
76654
76656
76657
76658
76659
76660
76661
76663
76666
76667
76668
76669
76670
76677
76678
76680
76681
76682
76683
76685
76687
76688
76690
76691
76692
76694
76695
76696
76697
76698
76700
76701
76702
76707
76708
76710
76711
76712
76714
76715
76716
76722
76723
76724
76725
76729
76730
76733
76735
76737
76740
76741
76744
76745
76748
76749
76751
76752
76754
76755
76756
76757
76762
76768
76769
76771
76772
76774
76775
76776
76780
76784
76786
76788
76793
76795
76796
76806
76808
76809
76810
76811
76814
76815
76819
76821
76822
76823
76824
76825
76826
76828
76830
76831
76832
76833
76836
76839
76840
76841
76842
76843
76846
76847
76848
76849
76850
76851
76853
76855
76856
76857
76861
76862
76866
76869
76870
76874
76875
76877
76878
76880
76882
76883
76885
76887
76890
76893
76894
76899
76903
76905
76906
76907
76909
76910
76911
76913
76914
76917
76920
76921
76923
76924
76925
76926
76927
76928
76932
76933
76937
76940
76943
76945
76947
76948
76952
76953
76954
76955
76957
76959
76960
76963
76964
76966
76967
76968
76973
76977
76978
76982
76983
76984
76987
76989
76991
76992
76993
76994
76995
77001
77002
77004
77005
77006
77008
77013
77017
77018
77022
77025
77027
77029
77033
77034
77035
77036
77039
77040
77042
77043
77044
77046
77047
77048
77049
77050
77053
77056
77062
77066
77070
77073
77076
77078
77082
77083
77084
77085
77086
77087
77089
77091
77097
77098
77100
77101
77103
77106
77107
77109
77110
77112
77114
77115
77118
77119
77120
77122
77123
77126
77128
77129
77130
77133
77134
77135
77136
77137
77140
77142
77143
77144
77148
77151
77153
77156
77157
77158
77159
77161
77162
77163
77164
77166
77167
77168
77169
77176
77178
77181
77182
77183
77184
77187
77188
77191
77192
77193
77195
77196
77198
77203
77206
77207
77208
77209
77213
77214
77218
77219
77220
77221
77222
77226
77227
77229
77230
77231
77234
77235
77236
77237
77239
77241
77242
77243
77246
77249
77250
77251
77252
77256
77259
77262
77264
77265
77269
77274
77275
77277
77278
77280
77282
77283
77289
77290
77292
77294
77296
77297
77298
77301
77304
77306
77310
77312
77314
77315
77317
77319
77320
77321
77322
77324
77325
77327
77328
77330
77331
77335
77336
77338
77342
77343
77344
77346
77347
77351
77353
77354
77355
77357
77359
77360
77361
77362
77364
77366
77367
77369
77372
77373
77374
77376
77378
77382
77385
77386
77389
77390
77391
77392
77394
77396
77401
77404
77405
77406
77409
77410
77411
77412
77414
77416
77418
77419
77420
77429
77430
77434
77436
77437
77439
77441
77443
77448
77451
77452
77454
77455
77458
77459
77463
77464
77466
77468
77470
77476
77477
77478
77481
77483
77490
77491
77492
77495
77496
77497
77499
77500
77501
77505
77508
77509
77510
77512
77516
77517
77520
77524
77525
77530
77531
77532
77533
77535
77538
77539
77540
77543
77544
77545
77549
77550
77551
77552
77554
77555
77556
77560
77561
77563
77564
77566
77569
77572
77573
77574
77576
77577
77578
77580
77581
77584
77585
77587
77589
77591
77592
77593
77595
77598
77599
77603
77604
77605
77606
77607
77608
77609
77615
77617
77620
77621
77622
77623
77624
77625
77626
77629
77630
77631
77632
77635
77636
77642
77644
77645
77646
77647
77649
77651
77655
77657
77659
77660
77661
77663
77667
77671
77673
77675
77679
77681
77683
77685
77687
77688
77689
77690
77691
77692
77694
77696
77697
77699
77700
77701
77703
77704
77707
77709
77712
77714
77715
77716
77717
77720
77723
77724
77726
77729
77730
77731
77733
77735
77737
77747
77748
77751
77752
77754
77755
77759
77761
77762
77764
77767
77770
77771
77774
77775
77776
77777
77778
77780
77781
77783
77784
77787
77789
77796
77798
77799
77800
77802
77803
77804
77806
77807
77808
77809
77810
77811
77812
77815
77816
77820
77821
77823
77824
77825
77826
77833
77837
77839
77840
77841
77845
77846
77848
77849
77852
77853
77854
77857
77860
77861
77862
77863
77864
77865
77868
77869
77871
77872
77873
77876
77884
77886
77888
77890
77891
77892
77894
77897
77898
77901
77903
77913
77914
77916
77921
77924
77928
77931
77935
77936
77937
77939
77942
77948
77953
77954
77956
77962
77963
77964
77965
77966
77969
77970
77971
77973
77975
77977
77980
77981
77983
77984
77986
77987
77988
77990
77991
77996
77997
77998
77999
78001
78003
78004
78005
78007
78009
78013
78015
78017
78020
78022
78024
78026
78027
78028
78029
78030
78031
78035
78036
78037
78039
78040
78042
78043
78044
78045
78048
78052
78053
78056
78057
78058
78060
78061
78064
78065
78066
78069
78070
78071
78076
78078
78083
78086
78088
78092
78095
78097
78098
78105
78107
78108
78109
78110
78113
78116
78118
78119
78123
78124
78125
78126
78127
78128
78129
78130
78131
78132
78135
78136
78137
78139
78140
78142
78146
78148
78151
78152
78157
78161
78163
78165
78166
78167
78168
78172
78175
78181
78182
78183
78184
78186
78187
78192
78194
78197
78199
78200
78202
78205
78206
78208
78209
78211
78212
78214
78215
78218
78220
78223
78224
78225
78226
78228
78232
78234
78235
78236
78237
78240
78244
78245
78246
78251
78253
78256
78257
78258
78259
78260
78261
78262
78264
78265
78266
78268
78269
78273
78274
78278
78281
78284
78285
78290
78292
78294
78302
78303
78305
78306
78308
78309
78310
78312
78314
78315
78322
78324
78325
78326
78328
78329
78332
78333
78338
78339
78341
78344
78346
78347
78348
78350
78352
78353
78354
78356
78357
78362
78366
78367
78370
78372
78378
78380
78381
78384
78385
78389
78390
78391
78392
78393
78397
78398
78399
78401
78403
78404
78406
78407
78408
78409
78410
78412
78413
78415
78416
78417
78420
78422
78423
78424
78425
78426
78429
78430
78432
78434
78439
78440
78442
78444
78445
78448
78449
78451
78452
78454
78456
78457
78462
78463
78466
78469
78470
78472
78473
78474
78475
78479
78481
78482
78484
78487
78488
78491
78492
78497
78498
78500
78501
78502
78503
78506
78507
78510
78512
78515
78516
78517
78521
78523
78526
78527
78531
78532
78533
78534
78537
78540
78543
78545
78547
78552
78553
78558
78559
78562
78567
78568
78569
78574
78576
78578
78581
78583
78584
78586
78587
78590
78591
78592
78600
78602
78603
78604
78609
78610
78611
78612
78614
78615
78616
78618
78619
78620
78621
78623
78625
78628
78629
78632
78633
78634
78637
78639
78642
78643
78645
78647
78648
78649
78652
78659
78660
78661
78663
78666
78671
78675
78676
78677
78679
78681
78682
78683
78684
78687
78690
78691
78692
78693
78694
78697
78699
78704
78706
78707
78709
78711
78714
78715
78717
78720
78721
78723
78726
78727
78728
78730
78732
78736
78737
78739
78744
78746
78752
78753
78754
78755
78756
78760
78761
78763
78765
78767
78768
78770
78772
78773
78775
78778
78781
78782
78783
78785
78787
78788
78789
78791
78795
78798
78799
78801
78802
78807
78809
78810
78811
78818
78819
78823
78825
78827
78828
78829
78833
78835
78839
78840
78841
78842
78846
78849
78851
78853
78855
78860
78861
78862
78865
78866
78868
78870
78871
78873
78875
78877
78878
78879
78881
78884
78885
78886
78888
78891
78892
78893
78897
78898
78899
78900
78902
78903
78904
78907
78910
78912
78913
78916
78917
78918
78919
78920
78922
78924
78927
78929
78930
78933
78935
78936
78937
78939
78940
78943
78944
78946
78947
78948
78949
78950
78953
78955
78956
78957
78959
78960
78962
78964
78965
78966
78967
78969
78970
78972
78973
78981
78982
78983
78984
78985
78988
78989
78990
78992
78993
78995
78997
79000
79005
79006
79007
79011
79015
79017
79019
79021
79022
79023
79024
79025
79026
79029
79030
79032
79033
79034
79035
79036
79039
79040
79041
79042
79043
79044
79045
79046
79047
79048
79049
79050
79052
79055
79057
79058
79061
79062
79063
79064
79066
79068
79069
79071
79073
79075
79079
79088
79095
79096
79097
79098
79100
79101
79102
79103
79104
79107
79108
79109
79111
79113
79114
79116
79119
79121
79122
79123
79131
79132
79133
79134
79135
79139
79140
79143
79144
79146
79147
79148
79149
79152
79153
79154
79164
79167
79169
79170
79172
79174
79175
79176
79180
79183
79184
79185
79186
79188
79190
79193
79194
79197
79198
79199
79200
79201
79203
79204
79206
79207
79208
79211
79213
79214
79216
79220
79223
79224
79225
79226
79227
79228
79229
79233
79236
79242
79246
79250
79252
79253
79254
79256
79257
79259
79261
79264
79266
79269
79272
79274
79275
79276
79278
79281
79282
79284
79285
79286
79288
79291
79292
79295
79299
79300
79301
79304
79305
79307
79309
79315
79319
79321
79324
79325
79326
79328
79329
79331
79333
79339
79341
79344
79345
79348
79349
79350
79351
79353
79354
79356
79359
79363
79364
79365
79369
79371
79372
79374
79375
79376
79378
79381
79382
79383
79384
79387
79389
79392
79396
79399
79403
79404
79407
79409
79411
79413
79414
79415
79416
79418
79420
79421
79423
79424
79427
79428
79429
79430
79432
79433
79434
79436
79440
79442
79444
79446
79448
79449
79455
79456
79458
79463
79465
79474
79475
79476
79477
79478
79481
79482
79485
79486
79487
79489
79495
79496
79497
79498
79499
79508
79509
79511
79512
79513
79514
79515
79516
79517
79518
79519
79520
79521
79522
79525
79526
79527
79528
79529
79530
79532
79535
79536
79537
79539
79541
79545
79546
79547
79548
79549
79551
79552
79560
79561
79563
79564
79566
79567
79569
79570
79572
79573
79574
79576
79578
79581
79582
79585
79587
79593
79594
79598
79599
79600
79602
79603
79605
79606
79610
79612
79614
79616
79617
79619
79622
79624
79626
79627
79628
79630
79631
79634
79636
79637
79638
79640
79641
79643
79646
79648
79649
79650
79651
79653
79655
79656
79657
79659
79664
79665
79667
79669
79672
79673
79681
79683
79684
79686
79687
79688
79692
79693
79696
79697
79698
79700
79702
79703
79704
79705
79706
79708
79711
79712
79717
79718
79720
79722
79723
79724
79727
79729
79734
79735
79737
79739
79741
79742
79745
79746
79747
79752
79755
79756
79758
79759
79760
79761
79762
79765
79766
79767
79768
79770
79772
79773
79774
79775
79778
79782
79788
79790
79791
79792
79793
79795
79796
79797
79799
79801
79803
79810
79811
79812
79814
79815
79819
79824
79830
79832
79834
79835
79836
79837
79838
79840
79842
79843
79846
79847
79848
79849
79850
79852
79859
79867
79869
79870
79872
79875
79876
79878
79882
79883
79884
79888
79890
79891
79892
79894
79895
79896
79901
79902
79903
79904
79905
79908
79912
79913
79915
79917
79920
79921
79923
79924
79926
79928
79929
79930
79931
79932
79933
79936
79937
79940
79942
79944
79947
79948
79949
79950
79951
79954
79955
79958
79959
79960
79963
79964
79969
79970
79972
79974
79975
79979
79992
79993
79998
80003
80006
80008
80010
80015
80016
80017
80018
80019
80020
80024
80027
80028
80029
80031
80033
80036
80039
80040
80041
80042
80044
80045
80047
80048
80049
80052
80058
80059
80060
80063
80066
80067
80068
80069
80071
80072
80074
80075
80076
80077
80078
80079
80080
80083
80090
80091
80092
80094
80096
80098
80100
80109
80112
80119
80120
80123
80125
80126
80129
80130
80132
80133
80136
80137
80139
80140
80143
80144
80149
80150
80154
80157
80158
80160
80161
80162
80163
80164
80165
80170
80176
80181
80182
80185
80186
80188
80189
80192
80193
80194
80196
80198
80199
80205
80213
80216
80217
80218
80220
80221
80223
80224
80225
80227
80228
80230
80231
80232
80233
80238
80239
80241
80244
80247
80248
80249
80251
80254
80255
80257
80258
80260
80261
80267
80268
80269
80271
80272
80274
80275
80277
80279
80280
80282
80283
80284
80286
80290
80294
80295
80296
80297
80298
80300
80301
80302
80304
80309
80310
80311
80312
80313
80315
80316
80318
80320
80324
80325
80329
80331
80335
80337
80343
80344
80347
80348
80350
80351
80352
80354
80360
80361
80365
80367
80368
80369
80371
80372
80373
80376
80378
80379
80380
80381
80385
80387
80388
80389
80390
80394
80395
80397
80401
80402
80403
80406
80407
80408
80412
80414
80415
80417
80419
80420
80422
80423
80424
80425
80430
80431
80432
80433
80434
80436
80437
80438
80442
80444
80448
80451
80453
80455
80456
80460
80461
80463
80464
80466
80468
80469
80470
80471
80472
80475
80477
80478
80480
80481
80482
80484
80485
80487
80488
80489
80490
80494
80495
80497
80498
80505
80506
80507
80509
80516
80517
80518
80519
80521
80522
80527
80528
80531
80535
80536
80538
80540
80541
80542
80543
80546
80547
80552
80553
80556
80558
80559
80562
80565
80566
80567
80571
80575
80578
80579
80580
80581
80585
80589
80590
80591
80593
80594
80596
80598
80599
80600
80602
80604
80605
80606
80609
80611
80612
80613
80614
80617
80618
80619
80622
80624
80626
80627
80628
80631
80633
80634
80635
80638
80640
80642
80643
80647
80648
80657
80661
80663
80664
80665
80667
80671
80673
80674
80676
80677
80687
80688
80690
80693
80698
80699
80700
80701
80702
80704
80705
80706
80707
80709
80710
80711
80712
80713
80714
80715
80716
80718
80720
80723
80725
80728
80729
80730
80732
80736
80737
80739
80743
80745
80746
80747
80749
80752
80753
80764
80774
80775
80776
80777
80781
80783
80785
80786
80787
80789
80790
80792
80793
80795
80797
80798
80799
80800
80801
80802
80803
80805
80809
80813
80815
80817
80820
80821
80822
80824
80825
80826
80827
80829
80830
80832
80833
80835
80836
80839
80841
80842
80844
80846
80851
80854
80856
80857
80858
80859
80865
80866
80873
80874
80876
80877
80878
80880
80881
80885
80886
80887
80891
80893
80898
80899
80900
80901
80902
80903
80904
80907
80908
80910
80912
80915
80916
80917
80918
80919
80923
80925
80926
80927
80928
80930
80933
80934
80935
80937
80938
80940
80942
80943
80944
80945
80946
80950
80952
80954
80956
80958
80961
80963
80966
80969
80970
80971
80972
80974
80976
80978
80979
80982
80983
80984
80985
80986
80988
80989
80990
80993
80994
80996
80998
81000
81002
81003
81006
81007
81008
81011
81012
81014
81015
81017
81018
81019
81021
81025
81026
81038
81039
81044
81046
81049
81051
81052
81053
81054
81056
81060
81061
81062
81064
81066
81067
81068
81069
81070
81071
81073
81075
81080
81081
81082
81083
81086
81088
81089
81090
81091
81094
81095
81097
81098
81100
81103
81107
81111
81117
81118
81119
81120
81122
81125
81128
81129
81130
81132
81134
81135
81136
81140
81143
81144
81145
81146
81147
81149
81151
81152
81153
81154
81157
81162
81164
81165
81166
81168
81172
81173
81176
81177
81178
81179
81180
81181
81182
81184
81187
81189
81190
81191
81193
81194
81198
81202
81203
81204
81207
81211
81212
81214
81215
81216
81217
81218
81221
81225
81227
81228
81230
81231
81232
81233
81234
81236
81238
81242
81243
81244
81247
81248
81250
81252
81256
81257
81258
81259
81261
81262
81264
81265
81267
81272
81274
81279
81282
81284
81285
81286
81287
81289
81290
81292
81294
81295
81297
81298
81303
81305
81307
81308
81309
81310
81312
81313
81315
81316
81318
81319
81320
81324
81325
81326
81328
81329
81330
81332
81333
81334
81335
81338
81341
81342
81344
81346
81347
81348
81350
81351
81352
81353
81354
81355
81358
81364
81367
81369
81370
81371
81372
81375
81376
81377
81378
81383
81388
81392
81395
81396
81397
81399
81402
81405
81407
81408
81409
81416
81417
81419
81422
81426
81427
81429
81430
81431
81434
81438
81441
81443
81445
81446
81448
81450
81452
81456
81457
81460
81463
81467
81468
81470
81474
81475
81476
81482
81484
81485
81487
81489
81494
81495
81498
81500
81503
81506
81507
81508
81510
81511
81515
81517
81520
81521
81523
81526
81527
81529
81533
81534
81535
81537
81540
81546
81547
81550
81551
81553
81557
81558
81561
81562
81563
81564
81566
81567
81568
81570
81571
81575
81576
81578
81579
81583
81585
81587
81589
81593
81594
81596
81597
81598
81603
81604
81607
81608
81609
81612
81615
81617
81619
81620
81621
81625
81628
81629
81632
81633
81634
81638
81639
81640
81642
81643
81644
81646
81648
81649
81652
81653
81656
81657
81659
81662
81665
81666
81668
81669
81670
81671
81672
81673
81675
81676
81680
81683
81684
81685
81687
81694
81698
81700
81703
81704
81705
81706
81707
81708
81709
81710
81711
81714
81716
81719
81720
81721
81722
81725
81726
81728
81729
81730
81732
81733
81735
81737
81738
81739
81740
81741
81742
81746
81748
81749
81750
81752
81756
81758
81759
81760
81763
81764
81765
81772
81776
81777
81778
81781
81782
81783
81784
81785
81787
81788
81791
81792
81794
81802
81804
81806
81807
81808
81811
81813
81820
81822
81823
81826
81827
81829
81831
81835
81837
81841
81842
81843
81844
81849
81850
81853
81854
81856
81857
81861
81862
81866
81868
81875
81877
81879
81884
81888
81890
81891
81893
81898
81899
81900
81901
81902
81905
81906
81908
81909
81910
81912
81913
81914
81916
81917
81920
81923
81925
81927
81932
81933
81934
81935
81939
81940
81942
81943
81944
81945
81946
81947
81948
81949
81953
81955
81956
81958
81960
81961
81963
81964
81966
81968
81969
81972
81973
81974
81976
81978
81979
81982
81984
81986
81988
81994
81995
81998
81999
82001
82004
82006
82007
82009
82010
82011
82013
82015
82021
82022
82025
82027
82029
82031
82032
82033
82034
82036
82041
82042
82044
82046
82047
82048
82049
82052
82054
82056
82057
82058
82060
82061
82062
82064
82066
82069
82070
82071
82073
82074
82078
82079
82080
82083
82085
82086
82091
82094
82095
82097
82098
82101
82102
82104
82106
82107
82108
82109
82110
82111
82112
82115
82117
82119
82121
82123
82127
82129
82132
82133
82134
82135
82136
82137
82138
82139
82140
82142
82145
82146
82147
82151
82152
82154
82155
82156
82158
82159
82160
82161
82168
82170
82172
82174
82175
82180
82182
82183
82184
82186
82192
82194
82195
82200
82203
82204
82205
82207
82210
82211
82212
82213
82215
82216
82221
82222
82224
82225
82226
82229
82230
82231
82232
82233
82235
82239
82240
82241
82244
82251
82257
82261
82262
82263
82264
82266
82267
82270
82271
82274
82275
82276
82277
82280
82287
82288
82290
82292
82295
82297
82298
82300
82303
82305
82306
82311
82313
82314
82315
82318
82320
82321
82322
82323
82324
82325
82327
82328
82333
82337
82339
82341
82342
82351
82354
82355
82358
82362
82363
82364
82365
82366
82367
82369
82370
82371
82376
82377
82379
82381
82382
82384
82385
82386
82389
82391
82395
82397
82398
82404
82405
82406
82409
82413
82415
82419
82420
82421
82422
82424
82425
82430
82431
82434
82435
82436
82437
82439
82440
82445
82446
82450
82451
82455
82456
82457
82458
82459
82462
82463
82466
82469
82470
82475
82476
82478
82479
82480
82481
82482
82485
82486
82489
82490
82492
82495
82496
82497
82499
82503
82504
82506
82508
82509
82512
82513
82516
82517
82518
82520
82521
82522
82523
82524
82527
82530
82537
82538
82539
82540
82542
82543
82547
82550
82551
82553
82555
82556
82557
82563
82564
82565
82567
82570
82571
82572
82573
82574
82576
82578
82579
82580
82581
82582
82584
82587
82588
82590
82593
82594
82601
82602
82604
82607
82610
82612
82613
82615
82618
82619
82620
82622
82623
82624
82626
82627
82628
82630
82633
82634
82635
82636
82639
82640
82642
82646
82647
82648
82649
82651
82652
82656
82657
82663
82664
82666
82667
82669
82670
82671
82672
82673
82676
82677
82680
82684
82685
82688
82689
82690
82691
82693
82694
82695
82696
82698
82701
82712
82713
82714
82715
82718
82720
82723
82727
82731
82735
82736
82738
82739
82740
82743
82744
82745
82748
82751
82752
82756
82758
82759
82760
82762
82764
82766
82768
82769
82770
82771
82772
82773
82774
82775
82777
82778
82779
82780
82786
82787
82791
82792
82799
82800
82805
82807
82808
82811
82814
82815
82818
82821
82822
82823
82825
82826
82829
82831
82835
82836
82837
82840
82842
82848
82849
82851
82854
82857
82860
82862
82867
82871
82872
82873
82874
82876
82877
82878
82880
82881
82882
82884
82888
82889
82890
82891
82893
82894
82896
82899
82901
82902
82905
82907
82908
82909
82911
82912
82914
82915
82920
82921
82922
82927
82929
82930
82931
82932
82933
82936
82938
82939
82942
82943
82945
82948
82949
82950
82951
82952
82953
82955
82958
82960
82967
82968
82970
82973
82981
82983
82984
82985
82987
82988
82989
82990
82991
82993
82994
82996
82998
83000
83001
83007
83009
83011
83015
83017
83018
83019
83020
83021
83024
83025
83026
83028
83029
83037
83041
83042
83044
83045
83046
83047
83048
83049
83050
83051
83057
83058
83059
83060
83061
83062
83063
83064
83066
83068
83071
83072
83073
83078
83079
83080
83085
83088
83089
83091
83093
83095
83096
83099
83103
83106
83108
83112
83113
83117
83121
83122
83124
83126
83128
83131
83133
83135
83139
83140
83141
83144
83147
83150
83151
83152
83153
83154
83160
83161
83162
83166
83167
83168
83169
83170
83172
83173
83176
83178
83180
83182
83183
83187
83190
83195
83196
83197
83198
83201
83204
83205
83206
83207
83208
83210
83214
83215
83218
83219
83221
83224
83225
83228
83229
83234
83235
83236
83238
83240
83241
83243
83244
83246
83247
83248
83249
83250
83252
83254
83256
83261
83265
83269
83270
83273
83274
83275
83276
83277
83279
83281
83282
83284
83285
83287
83288
83289
83299
83302
83303
83307
83309
83310
83314
83317
83318
83321
83322
83323
83325
83327
83329
83330
83332
83333
83336
83338
83341
83343
83346
83348
83349
83351
83353
83357
83363
83364
83366
83368
83369
83371
83373
83375
83376
83377
83378
83379
83381
83382
83384
83385
83386
83388
83389
83391
83392
83393
83394
83395
83396
83397
83399
83408
83410
83411
83414
83415
83416
83419
83422
83423
83424
83426
83427
83428
83429
83430
83437
83439
83440
83441
83442
83443
83444
83445
83447
83448
83449
83450
83452
83456
83457
83458
83459
83464
83466
83467
83468
83469
83471
83475
83479
83480
83481
83484
83486
83489
83491
83492
83495
83497
83498
83500
83504
83505
83507
83508
83509
83511
83515
83516
83524
83525
83526
83529
83530
83533
83534
83535
83536
83537
83538
83539
83546
83547
83554
83555
83562
83564
83565
83566
83567
83568
83570
83571
83572
83573
83574
83576
83578
83580
83581
83582
83583
83585
83587
83589
83590
83592
83593
83594
83595
83596
83597
83598
83599
83600
83602
83604
83608
83609
83616
83617
83619
83624
83625
83627
83628
83630
83631
83632
83633
83635
83636
83638
83640
83642
83648
83649
83652
83653
83656
83659
83660
83661
83663
83664
83665
83666
83669
83675
83676
83680
83683
83686
83690
83691
83696
83697
83698
83700
83702
83703
83704
83705
83707
83708
83710
83714
83715
83716
83717
83720
83722
83723
83727
83729
83733
83739
83740
83742
83744
83747
83750
83754
83757
83758
83760
83762
83765
83766
83768
83770
83771
83772
83773
83776
83782
83787
83788
83789
83790
83792
83793
83794
83795
83796
83799
83802
83804
83810
83812
83815
83817
83818
83820
83823
83825
83826
83827
83828
83829
83831
83834
83837
83838
83840
83845
83846
83847
83848
83850
83856
83857
83858
83859
83861
83864
83865
83869
83870
83871
83872
83874
83875
83876
83877
83878
83879
83880
83881
83884
83888
83889
83893
83895
83897
83901
83902
83905
83907
83908
83909
83912
83914
83915
83922
83923
83924
83925
83926
83929
83930
83932
83934
83935
83936
83937
83938
83939
83942
83943
83945
83947
83948
83949
83952
83953
83957
83960
83962
83963
83964
83965
83968
83969
83970
83971
83975
83976
83977
83978
83980
83981
83985
83986
83987
83988
83991
83993
83995
83998
84000
84002
84004
84006
84007
84008
84010
84011
84012
84013
84015
84016
84018
84020
84021
84023
84024
84025
84026
84028
84031
84034
84036
84037
84038
84039
84041
84042
84043
84044
84046
84047
84048
84049
84051
84052
84059
84060
84063
84064
84065
84072
84073
84074
84076
84078
84079
84081
84082
84088
84089
84099
84103
84104
84105
84106
84107
84114
84120
84121
84122
84124
84127
84128
84130
84133
84134
84135
84136
84137
84138
84140
84141
84143
84145
84146
84147
84148
84150
84152
84158
84159
84160
84165
84168
84170
84171
84172
84173
84175
84176
84177
84178
84179
84180
84182
84183
84185
84187
84192
84193
84194
84198
84199
84200
84202
84203
84204
84205
84206
84211
84213
84214
84215
84216
84218
84221
84222
84223
84225
84228
84229
84231
84236
84240
84241
84242
84245
84246
84247
84248
84250
84252
84253
84261
84263
84264
84265
84269
84270
84271
84275
84278
84279
84282
84283
84288
84289
84290
84292
84294
84295
84296
84297
84298
84299
84304
84305
84306
84307
84309
84311
84312
84314
84318
84319
84322
84324
84325
84326
84327
84332
84334
84336
84337
84340
84341
84342
84343
84345
84347
84348
84349
84351
84353
84355
84357
84359
84360
84362
84364
84365
84368
84369
84371
84377
84379
84380
84381
84382
84385
84386
84389
84393
84394
84395
84399
84401
84402
84405
84406
84409
84413
84414
84418
84423
84424
84426
84427
84429
84430
84431
84432
84435
84436
84437
84441
84443
84446
84447
84451
84455
84456
84458
84460
84464
84465
84471
84472
84474
84475
84476
84480
84481
84485
84487
84488
84492
84494
84499
84500
84502
84503
84504
84507
84509
84512
84513
84515
84522
84523
84527
84529
84530
84534
84535
84536
84537
84539
84541
84542
84544
84547
84548
84549
84550
84551
84553
84556
84557
84559
84565
84567
84568
84570
84571
84573
84574
84575
84578
84585
84586
84587
84588
84589
84591
84593
84599
84601
84605
84606
84607
84608
84609
84613
84614
84615
84616
84618
84620
84621
84622
84623
84625
84628
84629
84631
84633
84637
84641
84644
84647
84649
84650
84652
84653
84660
84663
84666
84672
84677
84678
84679
84681
84682
84684
84685
84687
84692
84693
84694
84695
84696
84698
84700
84701
84702
84703
84704
84705
84708
84709
84710
84711
84712
84715
84716
84717
84720
84724
84725
84728
84735
84736
84739
84741
84742
84746
84747
84748
84750
84751
84753
84754
84755
84758
84759
84760
84763
84764
84765
84768
84769
84775
84776
84777
84779
84782
84783
84784
84785
84790
84791
84792
84794
84795
84799
84802
84805
84808
84810
84811
84812
84813
84815
84817
84818
84820
84824
84825
84828
84830
84831
84832
84834
84835
84836
84837
84838
84840
84843
84845
84846
84847
84848
84852
84853
84855
84857
84858
84860
84861
84862
84863
84866
84867
84868
84870
84873
84874
84877
84880
84881
84882
84883
84888
84889
84890
84891
84892
84893
84894
84897
84898
84900
84904
84905
84908
84912
84915
84918
84923
84924
84926
84928
84929
84930
84932
84936
84937
84939
84942
84943
84944
84945
84950
84951
84953
84954
84955
84958
84959
84963
84966
84967
84968
84973
84974
84976
84977
84979
84980
84981
84984
84986
84987
84989
84991
84996
84998
85004
85006
85011
85014
85015
85016
85021
85022
85027
85029
85030
85033
85036
85037
85039
85040
85046
85051
85053
85054
85056
85059
85062
85064
85067
85068
85070
85075
85076
85077
85078
85081
85083
85086
85089
85090
85091
85093
85094
85095
85097
85098
85101
85105
85106
85107
85108
85109
85110
85111
85112
85114
85115
85116
85120
85121
85122
85123
85125
85126
85129
85130
85134
85135
85139
85140
85141
85142
85143
85144
85146
85147
85148
85149
85150
85151
85152
85153
85156
85158
85159
85160
85162
85163
85164
85168
85170
85175
85177
85181
85183
85189
85192
85195
85203
85205
85206
85208
85209
85210
85213
85214
85217
85218
85219
85221
85223
85229
85231
85234
85236
85237
85238
85239
85240
85241
85243
85244
85245
85246
85247
85248
85252
85255
85256
85258
85259
85261
85262
85263
85265
85266
85267
85269
85271
85276
85278
85283
85284
85285
85286
85287
85288
85290
85293
85294
85299
85300
85302
85304
85305
85307
85310
85311
85313
85318
85319
85320
85321
85322
85324
85325
85326
85332
85338
85347
85349
85357
85358
85360
85361
85362
85363
85366
85368
85372
85373
85377
85378
85380
85381
85382
85383
85384
85385
85386
85388
85389
85393
85394
85396
85398
85401
85402
85404
85405
85409
85413
85416
85417
85420
85421
85422
85423
85424
85426
85428
85429
85430
85432
85433
85436
85437
85440
85442
85444
85445
85446
85447
85450
85452
85453
85459
85460
85461
85462
85463
85464
85470
85471
85474
85475
85476
85478
85480
85481
85483
85484
85485
85486
85487
85488
85489
85492
85493
85494
85495
85496
85497
85498
85503
85504
85510
85516
85517
85519
85523
85525
85526
85529
85530
85531
85532
85538
85540
85543
85545
85546
85547
85548
85549
85552
85553
85555
85557
85558
85559
85560
85562
85565
85566
85569
85570
85572
85574
85575
85577
85579
85580
85581
85582
85585
85587
85588
85593
85595
85596
85597
85598
85600
85602
85603
85604
85606
85608
85609
85610
85611
85612
85613
85615
85616
85617
85618
85619
85620
85622
85623
85624
85625
85628
85629
85630
85632
85633
85635
85636
85637
85642
85645
85646
85647
85648
85653
85654
85655
85656
85661
85662
85663
85664
85667
85668
85670
85671
85672
85674
85677
85680
85683
85685
85686
85688
85689
85690
85691
85696
85699
85703
85706
85707
85708
85712
85714
85716
85719
85720
85722
85723
85725
85728
85729
85733
85734
85735
85736
85738
85747
85749
85752
85754
85755
85759
85762
85765
85768
85770
85779
85783
85785
85786
85789
85790
85798
85800
85802
85803
85804
85805
85806
85808
85810
85811
85812
85814
85816
85817
85819
85823
85826
85829
85830
85831
85832
85833
85834
85836
85838
85841
85842
85844
85845
85846
85848
85850
85851
85852
85857
85858
85860
85862
85864
85865
85870
85871
85873
85874
85880
85881
85883
85884
85885
85886
85889
85890
85891
85893
85896
85898
85899
85901
85902
85904
85905
85908
85910
85911
85912
85915
85917
85919
85922
85923
85925
85927
85928
85929
85930
85931
85936
85937
85938
85940
85943
85945
85948
85949
85950
85952
85955
85956
85958
85964
85965
85966
85969
85972
85974
85975
85979
85983
85984
85987
85989
85990
85991
85992
85994
85997
85999
86000
86002
86003
86004
86006
86007
86012
86014
86015
86017
86018
86026
86028
86030
86031
86034
86036
86037
86039
86041
86042
86043
86044
86045
86047
86050
86051
86054
86058
86059
86061
86068
86069
86070
86071
86078
86079
86081
86082
86083
86084
86087
86088
86089
86090
86093
86098
86099
86101
86102
86104
86105
86106
86107
86108
86109
86110
86111
86113
86117
86118
86119
86120
86121
86126
86127
86130
86134
86135
86136
86138
86143
86144
86147
86148
86149
86150
86155
86161
86163
86165
86170
86171
86174
86177
86178
86179
86180
86181
86182
86183
86185
86186
86189
86190
86192
86193
86194
86199
86200
86201
86202
86203
86205
86210
86213
86214
86215
86216
86217
86218
86223
86224
86225
86228
86229
86231
86232
86234
86236
86237
86238
86239
86241
86242
86243
86244
86245
86246
86247
86254
86258
86259
86261
86263
86266
86267
86268
86269
86270
86274
86277
86279
86280
86281
86283
86284
86285
86287
86290
86292
86297
86303
86304
86305
86306
86308
86310
86312
86315
86319
86321
86322
86325
86326
86328
86329
86330
86331
86334
86335
86336
86337
86340
86341
86344
86346
86347
86351
86356
86357
86360
86362
86363
86366
86367
86368
86370
86371
86376
86377
86379
86380
86382
86383
86384
86385
86388
86390
86394
86396
86397
86400
86403
86404
86405
86406
86410
86414
86415
86418
86421
86422
86423
86426
86427
86431
86433
86438
86440
86441
86442
86449
86452
86453
86454
86456
86457
86458
86459
86460
86461
86462
86463
86465
86466
86468
86471
86472
86473
86476
86478
86479
86482
86486
86487
86491
86492
86495
86498
86500
86502
86503
86505
86506
86507
86509
86511
86512
86514
86515
86516
86520
86521
86522
86523
86525
86526
86527
86528
86530
86541
86544
86545
86547
86548
86551
86553
86556
86557
86563
86564
86568
86569
86571
86574
86578
86579
86580
86581
86582
86586
86588
86589
86590
86594
86597
86598
86600
86603
86604
86605
86608
86613
86617
86620
86621
86622
86624
86626
86627
86631
86636
86637
86638
86640
86645
86647
86651
86653
86655
86656
86657
86658
86661
86662
86664
86668
86669
86671
86672
86673
86680
86681
86682
86684
86685
86687
86689
86692
86693
86694
86698
86699
86700
86701
86703
86704
86705
86707
86708
86710
86711
86713
86716
86718
86720
86723
86724
86725
86726
86728
86732
86733
86737
86740
86743
86744
86745
86746
86749
86750
86751
86753
86754
86755
86756
86757
86760
86761
86762
86763
86765
86766
86768
86771
86773
86774
86775
86778
86779
86781
86783
86785
86786
86788
86789
86790
86791
86795
86798
86799
86800
86801
86802
86803
86804
86806
86807
86809
86813
86816
86819
86820
86824
86826
86827
86828
86829
86830
86833
86835
86836
86837
86838
86839
86843
86850
86852
86858
86860
86862
86868
86869
86871
86872
86873
86874
86875
86876
86878
86882
86883
86885
86887
86889
86891
86892
86893
86894
86902
86908
86909
86914
86916
86917
86918
86920
86922
86924
86926
86927
86928
86929
86933
86934
86935
86937
86942
86943
86947
86952
86954
86957
86959
86960
86961
86962
86963
86964
86965
86967
86970
86971
86973
86974
86975
86978
86980
86982
86984
86985
86987
86990
86991
86992
86993
86996
86998
86999
87004
87005
87006
87007
87011
87012
87013
87018
87019
87020
87023
87024
87027
87029
87033
87035
87038
87041
87042
87044
87045
87047
87048
87049
87050
87051
87053
87054
87056
87057
87061
87062
87064
87067
87069
87071
87072
87074
87077
87078
87083
87084
87087
87089
87090
87093
87094
87098
87102
87103
87107
87109
87111
87115
87116
87117
87118
87119
87120
87124
87127
87128
87130
87135
87136
87137
87138
87142
87143
87144
87145
87146
87147
87148
87149
87151
87152
87153
87154
87165
87166
87167
87168
87170
87171
87173
87174
87175
87176
87179
87180
87183
87184
87185
87187
87189
87191
87193
87194
87195
87196
87198
87199
87200
87203
87204
87205
87206
87207
87208
87211
87215
87216
87221
87222
87223
87224
87225
87226
87227
87228
87231
87235
87240
87242
87243
87244
87246
87247
87249
87250
87252
87253
87254
87255
87257
87262
87263
87265
87267
87272
87274
87275
87277
87279
87281
87282
87283
87284
87287
87289
87290
87291
87296
87297
87298
87299
87303
87306
87308
87309
87310
87313
87316
87317
87318
87319
87322
87323
87326
87327
87333
87334
87336
87339
87340
87342
87347
87348
87349
87351
87354
87357
87360
87373
87374
87375
87376
87378
87379
87387
87388
87390
87391
87392
87394
87397
87398
87399
87401
87403
87404
87406
87407
87410
87411
87412
87413
87414
87415
87416
87417
87420
87426
87427
87428
87436
87439
87441
87448
87449
87450
87453
87455
87463
87464
87465
87466
87467
87469
87470
87472
87473
87476
87477
87480
87481
87482
87483
87484
87485
87486
87489
87490
87491
87493
87494
87495
87496
87497
87500
87501
87505
87508
87512
87514
87515
87516
87517
87519
87521
87522
87523
87524
87525
87528
87529
87534
87536
87540
87542
87543
87547
87548
87549
87550
87551
87553
87556
87557
87559
87560
87561
87562
87564
87566
87571
87572
87573
87574
87575
87576
87578
87579
87580
87582
87587
87589
87592
87595
87596
87597
87598
87599
87601
87608
87610
87612
87613
87614
87618
87619
87620
87622
87623
87626
87629
87630
87631
87632
87633
87635
87638
87639
87640
87643
87645
87647
87650
87651
87654
87655
87657
87658
87659
87661
87664
87666
87667
87670
87674
87675
87677
87684
87687
87690
87695
87696
87699
87703
87704
87705
87708
87709
87710
87711
87712
87713
87716
87717
87720
87723
87728
87729
87734
87735
87736
87739
87741
87742
87746
87752
87754
87756
87757
87758
87759
87763
87766
87769
87771
87772
87774
87775
87776
87779
87780
87781
87784
87786
87790
87792
87793
87795
87796
87797
87800
87802
87803
87805
87806
87808
87811
87812
87817
87819
87820
87821
87824
87825
87826
87827
87829
87830
87831
87833
87834
87835
87836
87839
87840
87841
87842
87843
87850
87853
87854
87857
87859
87862
87863
87865
87867
87868
87876
87878
87880
87882
87884
87886
87887
87890
87893
87895
87896
87897
87898
87899
87900
87901
87907
87912
87914
87918
87919
87921
87922
87923
87926
87927
87930
87932
87933
87934
87938
87941
87943
87944
87945
87949
87951
87952
87953
87955
87956
87958
87959
87961
87963
87965
87968
87971
87974
87975
87978
87979
87980
87982
87983
87986
87987
87988
87989
87990
87991
87992
87995
87996
87998
87999
88001
88002
88004
88005
88006
88008
88010
88013
88018
88019
88020
88021
88022
88024
88026
88028
88029
88030
88033
88035
88036
88037
88039
88041
88044
88046
88047
88048
88049
88054
88058
88060
88061
88062
88063
88064
88065
88069
88070
88073
88074
88076
88080
88081
88083
88084
88086
88089
88092
88093
88094
88095
88097
88098
88101
88102
88105
88106
88107
88111
88115
88118
88120
88122
88124
88125
88126
88128
88129
88130
88132
88134
88136
88141
88144
88145
88147
88150
88151
88152
88153
88154
88158
88161
88163
88167
88170
88174
88175
88178
88179
88180
88181
88182
88183
88184
88185
88188
88190
88191
88194
88196
88197
88201
88203
88204
88205
88206
88207
88209
88210
88211
88214
88216
88218
88219
88220
88221
88222
88224
88226
88228
88231
88232
88233
88234
88236
88238
88239
88240
88241
88244
88245
88246
88251
88252
88254
88256
88257
88258
88260
88261
88263
88265
88266
88269
88270
88271
88273
88276
88279
88280
88282
88283
88288
88289
88293
88295
88296
88298
88302
88304
88310
88312
88313
88314
88315
88316
88318
88319
88324
88325
88327
88330
88331
88332
88333
88334
88337
88339
88344
88345
88347
88349
88351
88360
88362
88364
88365
88369
88370
88372
88373
88374
88377
88379
88380
88384
88385
88386
88391
88394
88399
88402
88403
88406
88407
88408
88410
88412
88414
88415
88416
88417
88422
88424
88426
88428
88429
88431
88432
88436
88438
88442
88445
88447
88449
88453
88454
88455
88456
88457
88458
88462
88464
88466
88467
88469
88470
88472
88473
88476
88478
88488
88489
88490
88492
88493
88494
88497
88501
88505
88506
88508
88511
88512
88513
88515
88516
88517
88520
88521
88522
88524
88527
88528
88534
88535
88536
88537
88540
88541
88542
88544
88545
88546
88547
88548
88549
88554
88555
88556
88557
88559
88562
88563
88564
88566
88567
88568
88570
88573
88577
88578
88579
88583
88586
88587
88589
88590
88592
88593
88596
88598
88600
88604
88606
88610
88611
88614
88615
88617
88619
88620
88621
88622
88625
88628
88629
88634
88636
88637
88638
88642
88647
88648
88649
88652
88655
88657
88660
88661
88664
88666
88667
88669
88670
88673
88675
88676
88677
88681
88682
88688
88690
88691
88694
88695
88697
88702
88706
88708
88709
88710
88711
88712
88714
88719
88720
88723
88724
88725
88728
88732
88733
88735
88736
88738
88739
88740
88741
88743
88745
88748
88749
88750
88752
88757
88759
88761
88762
88763
88764
88765
88767
88771
88772
88775
88777
88778
88780
88784
88785
88787
88790
88791
88793
88795
88796
88797
88799
88800
88801
88805
88806
88807
88808
88809
88811
88813
88814
88817
88818
88819
88822
88823
88825
88827
88832
88833
88835
88836
88838
88845
88847
88848
88850
88851
88852
88853
88854
88855
88862
88863
88864
88865
88868
88869
88870
88871
88873
88874
88875
88879
88881
88884
88885
88887
88888
88892
88897
88898
88899
88903
88904
88907
88909
88911
88912
88913
88914
88917
88919
88920
88921
88922
88924
88926
88927
88928
88931
88933
88934
88936
88938
88940
88943
88944
88945
88946
88948
88951
88953
88956
88957
88959
88962
88966
88972
88975
88978
88981
88983
88985
88986
88987
88988
88990
88991
88995
89001
89003
89005
89008
89010
89011
89012
89013
89014
89015
89021
89022
89023
89025
89027
89028
89029
89030
89031
89032
89033
89034
89037
89039
89042
89044
89046
89047
89049
89050
89052
89054
89058
89060
89061
89063
89064
89069
89070
89073
89076
89081
89082
89083
89084
89086
89088
89089
89090
89098
89103
89104
89105
89106
89108
89109
89110
89111
89115
89120
89121
89122
89123
89124
89126
89128
89129
89133
89135
89136
89138
89140
89143
89146
89148
89152
89154
89155
89156
89157
89162
89164
89165
89166
89167
89169
89171
89173
89175
89177
89178
89179
89182
89183
89184
89186
89190
89195
89196
89198
89201
89202
89205
89206
89207
89208
89211
89216
89218
89219
89220
89221
89223
89224
89225
89227
89229
89230
89232
89234
89235
89238
89240
89242
89244
89249
89250
89251
89252
89255
89258
89266
89270
89272
89273
89277
89279
89280
89282
89285
89287
89291
89292
89293
89294
89295
89296
89299
89301
89302
89303
89308
89309
89311
89313
89314
89316
89317
89318
89320
89321
89322
89328
89329
89331
89333
89334
89342
89347
89351
89352
89355
89356
89358
89359
89360
89361
89362
89363
89365
89369
89370
89372
89374
89375
89377
89382
89383
89385
89386
89387
89388
89389
89391
89393
89394
89395
89398
89399
89400
89403
89404
89405
89407
89408
89409
89410
89411
89412
89414
89416
89417
89418
89421
89422
89423
89425
89426
89430
89431
89435
89436
89438
89442
89446
89450
89451
89452
89458
89459
89460
89461
89463
89466
89470
89471
89472
89473
89478
89479
89480
89482
89484
89487
89488
89493
89494
89496
89498
89499
89501
89502
89503
89505
89508
89509
89510
89511
89512
89513
89516
89517
89519
89520
89523
89530
89532
89533
89539
89540
89541
89542
89545
89548
89549
89550
89551
89552
89555
89556
89557
89558
89561
89562
89564
89566
89567
89570
89571
89573
89575
89576
89577
89578
89580
89581
89582
89584
89586
89587
89588
89592
89593
89597
89598
89599
89603
89606
89608
89610
89612
89613
89614
89615
89616
89619
89620
89624
89627
89631
89634
89638
89639
89641
89643
89644
89645
89646
89648
89649
89650
89652
89653
89655
89658
89659
89660
89662
89663
89664
89665
89666
89669
89670
89672
89673
89676
89677
89678
89682
89683
89684
89685
89688
89690
89693
89694
89695
89699
89700
89701
89703
89705
89709
89710
89713
89714
89717
89718
89719
89723
89727
89728
89730
89732
89734
89735
89737
89738
89739
89742
89744
89745
89747
89749
89751
89753
89754
89755
89756
89758
89760
89761
89763
89766
89769
89770
89772
89773
89776
89777
89778
89779
89782
89783
89784
89785
89786
89787
89792
89797
89798
89799
89801
89802
89803
89812
89813
89816
89817
89819
89822
89824
89825
89833
89834
89835
89836
89837
89838
89840
89841
89843
89846
89847
89848
89849
89850
89851
89854
89856
89857
89860
89861
89865
89867
89872
89874
89878
89879
89881
89882
89883
89884
89885
89886
89889
89890
89891
89892
89893
89895
89898
89900
89902
89908
89909
89911
89914
89915
89917
89918
89920
89921
89922
89927
89930
89934
89936
89937
89940
89943
89950
89951
89954
89955
89957
89959
89963
89965
89971
89972
89973
89976
89980
89984
89987
89990
89997
89998
90001
90002
90004
90005
90007
90008
90011
90013
90014
90015
90017
90019
90020
90025
90026
90028
90029
90033
90034
90035
90037
90039
90041
90042
90043
90044
90045
90046
90050
90051
90052
90053
90054
90055
90056
90058
90060
90061
90062
90069
90070
90071
90074
90075
90076
90078
90080
90082
90084
90086
90087
90089
90091
90092
90095
90096
90097
90098
90100
90102
90103
90104
90109
90111
90112
90114
90115
90116
90120
90121
90125
90126
90129
90133
90134
90137
90139
90140
90144
90145
90149
90150
90156
90159
90160
90161
90162
90163
90166
90168
90171
90172
90175
90176
90178
90179
90181
90183
90187
90188
90189
90193
90195
90196
90197
90198
90199
90201
90202
90204
90206
90207
90208
90209
90210
90212
90213
90217
90218
90220
90221
90223
90226
90228
90231
90232
90234
90235
90238
90243
90244
90245
90249
90250
90251
90252
90254
90257
90258
90259
90262
90264
90266
90267
90268
90270
90274
90275
90277
90278
90280
90283
90284
90285
90286
90287
90288
90291
90294
90296
90297
90299
90302
90304
90305
90313
90314
90317
90318
90320
90323
90324
90328
90329
90330
90331
90332
90334
90338
90339
90340
90341
90343
90344
90345
90347
90348
90351
90352
90353
90354
90364
90365
90366
90369
90370
90371
90372
90374
90375
90379
90380
90386
90389
90390
90392
90393
90396
90398
90399
90403
90407
90409
90410
90412
90414
90424
90427
90428
90430
90431
90433
90435
90441
90445
90447
90448
90449
90452
90458
90461
90464
90467
90468
90472
90473
90475
90476
90479
90480
90483
90484
90485
90489
90491
90493
90494
90495
90496
90498
90501
90504
90507
90508
90509
90510
90511
90512
90513
90514
90515
90517
90521
90524
90525
90528
90529
90534
90535
90537
90539
90540
90541
90542
90545
90547
90548
90553
90554
90556
90557
90558
90559
90560
90561
90562
90563
90564
90565
90567
90568
90571
90572
90574
90577
90578
90579
90581
90582
90584
90586
90588
90590
90591
90594
90595
90598
90603
90605
90606
90609
90614
90618
90621
90623
90624
90625
90626
90627
90628
90629
90632
90634
90635
90637
90638
90640
90641
90643
90646
90655
90658
90659
90660
90662
90663
90665
90667
90669
90670
90671
90672
90673
90675
90676
90678
90679
90680
90681
90687
90690
90691
90693
90694
90695
90697
90699
90702
90706
90709
90710
90713
90714
90715
90718
90720
90721
90722
90725
90726
90727
90735
90736
90738
90739
90740
90743
90744
90745
90747
90749
90750
90751
90752
90759
90760
90764
90765
90769
90770
90779
90781
90783
90784
90790
90791
90794
90795
90796
90797
90799
90802
90803
90804
90805
90807
90808
90809
90810
90815
90816
90818
90820
90821
90822
90824
90826
90829
90832
90836
90837
90839
90841
90844
90845
90847
90848
90849
90851
90852
90855
90864
90867
90868
90871
90872
90874
90875
90878
90880
90881
90884
90886
90888
90891
90892
90893
90895
90899
90901
90905
90906
90909
90910
90912
90913
90915
90916
90917
90919
90921
90923
90925
90926
90932
90934
90935
90938
90940
90941
90942
90944
90945
90947
90949
90951
90952
90954
90956
90957
90959
90962
90963
90965
90966
90967
90969
90970
90972
90973
90975
90978
90979
90980
90981
90989
90991
90992
90995
90996
91001
91003
91005
91006
91008
91009
91011
91012
91014
91015
91016
91017
91018
91019
91021
91025
91026
91033
91035
91038
91040
91041
91045
91046
91048
91050
91051
91055
91058
91059
91060
91062
91063
91067
91069
91072
91074
91075
91076
91077
91080
91082
91086
91088
91089
91092
91093
91094
91095
91096
91098
91099
91102
91103
91104
91105
91107
91108
91109
91112
91114
91117
91119
91121
91126
91129
91135
91136
91137
91138
91139
91142
91143
91145
91149
91150
91153
91154
91155
91161
91163
91164
91165
91166
91167
91168
91169
91172
91173
91174
91176
91177
91179
91181
91183
91184
91191
91192
91194
91195
91197
91199
91200
91203
91204
91206
91211
91212
91213
91214
91218
91228
91232
91234
91235
91237
91242
91244
91245
91247
91248
91249
91250
91253
91255
91256
91257
91258
91260
91262
91263
91271
91272
91273
91274
91276
91277
91278
91280
91281
91282
91285
91286
91288
91291
91292
91293
91296
91297
91298
91300
91302
91304
91305
91308
91309
91310
91313
91314
91315
91316
91317
91319
91321
91323
91324
91325
91327
91333
91334
91336
91339
91340
91343
91344
91347
91348
91349
91352
91354
91356
91358
91359
91360
91363
91364
91366
91367
91369
91370
91371
91373
91375
91376
91377
91379
91382
91385
91389
91392
91393
91394
91395
91398
91399
91402
91403
91405
91411
91414
91415
91417
91419
91420
91422
91423
91424
91429
91432
91434
91435
91438
91440
91442
91447
91448
91451
91452
91454
91455
91456
91459
91463
91465
91468
91470
91471
91472
91474
91476
91477
91478
91480
91486
91489
91491
91495
91496
91497
91498
91502
91505
91506
91507
91509
91511
91512
91513
91514
91516
91517
91518
91520
91522
91525
91527
91528
91531
91532
91535
91536
91538
91539
91540
91543
91549
91551
91552
91555
91556
91558
91566
91570
91572
91574
91578
91580
91581
91582
91586
91587
91588
91593
91594
91595
91597
91599
91601
91604
91605
91606
91607
91609
91610
91614
91616
91617
91618
91622
91625
91627
91630
91633
91634
91635
91636
91637
91638
91645
91647
91648
91649
91650
91652
91655
91656
91657
91658
91660
91661
91662
91663
91666
91672
91674
91675
91676
91680
91685
91686
91687
91689
91690
91693
91697
91698
91701
91703
91705
91706
91710
91711
91713
91715
91716
91717
91718
91719
91722
91724
91726
91727
91728
91729
91732
91733
91735
91736
91742
91743
91744
91748
91749
91750
91751
91752
91754
91756
91760
91761
91764
91765
91766
91767
91769
91773
91775
91776
91777
91779
91780
91781
91785
91786
91787
91788
91790
91791
91792
91801
91802
91803
91805
91807
91808
91810
91813
91817
91818
91821
91823
91824
91825
91834
91835
91838
91840
91842
91846
91848
91849
91855
91859
91860
91864
91865
91866
91869
91870
91873
91874
91876
91878
91879
91881
91882
91883
91885
91886
91887
91888
91889
91890
91891
91892
91896
91897
91898
91900
91902
91905
91906
91907
91908
91909
91911
91912
91914
91915
91918
91921
91922
91923
91925
91928
91931
91934
91935
91936
91937
91938
91939
91942
91943
91947
91948
91949
91950
91951
91952
91955
91956
91958
91961
91962
91963
91966
91967
91972
91982
91983
91984
91986
91989
91990
91992
91993
91994
91995
91999
92000
92001
92002
92004
92007
92009
92011
92013
92018
92020
92021
92022
92024
92026
92028
92029
92031
92032
92034
92035
92036
92037
92038
92039
92040
92043
92044
92045
92047
92049
92052
92053
92055
92056
92057
92058
92065
92066
92067
92072
92073
92077
92078
92079
92083
92085
92088
92090
92091
92092
92095
92096
92097
92098
92101
92103
92105
92106
92112
92114
92118
92122
92123
92124
92126
92127
92128
92129
92131
92132
92133
92135
92137
92138
92140
92142
92145
92146
92149
92150
92151
92153
92154
92155
92157
92160
92161
92165
92166
92169
92170
92172
92173
92177
92178
92182
92185
92188
92189
92192
92193
92195
92196
92197
92198
92199
92201
92202
92203
92208
92209
92210
92212
92213
92215
92216
92220
92226
92227
92228
92232
92236
92237
92240
92241
92242
92243
92244
92247
92248
92249
92255
92256
92257
92258
92266
92267
92270
92271
92272
92273
92274
92277
92281
92284
92287
92288
92290
92291
92292
92294
92296
92297
92299
92301
92302
92304
92306
92310
92311
92313
92315
92317
92320
92321
92323
92324
92325
92326
92328
92332
92334
92335
92337
92347
92348
92349
92350
92351
92352
92360
92364
92366
92367
92368
92369
92374
92375
92377
92379
92380
92381
92382
92384
92385
92388
92389
92390
92392
92393
92399
92401
92403
92404
92407
92408
92410
92411
92413
92414
92416
92417
92419
92420
92421
92424
92425
92430
92434
92435
92436
92438
92440
92442
92451
92452
92455
92457
92460
92465
92468
92470
92471
92472
92473
92476
92477
92478
92479
92481
92485
92487
92488
92489
92490
92491
92492
92495
92496
92497
92502
92503
92505
92510
92511
92512
92515
92520
92523
92525
92529
92531
92533
92534
92537
92539
92548
92549
92550
92551
92552
92555
92559
92560
92563
92564
92565
92567
92568
92569
92571
92573
92574
92575
92577
92582
92584
92586
92587
92588
92594
92595
92597
92599
92600
92601
92604
92605
92607
92608
92610
92616
92619
92620
92623
92627
92630
92631
92632
92633
92636
92637
92638
92639
92640
92641
92643
92644
92645
92646
92647
92649
92651
92652
92653
92655
92656
92659
92661
92662
92667
92668
92672
92673
92674
92677
92679
92680
92682
92683
92685
92686
92687
92697
92701
92703
92704
92705
92706
92707
92708
92709
92713
92715
92716
92717
92719
92721
92722
92726
92728
92729
92730
92731
92732
92739
92740
92744
92746
92748
92750
92752
92753
92757
92759
92760
92767
92768
92769
92771
92773
92777
92778
92779
92780
92781
92782
92784
92785
92788
92792
92793
92794
92795
92796
92797
92798
92799
92800
92805
92808
92812
92813
92815
92819
92822
92825
92828
92830
92831
92832
92833
92834
92836
92838
92839
92840
92841
92844
92845
92852
92856
92857
92860
92861
92862
92863
92864
92865
92866
92869
92875
92876
92878
92879
92880
92881
92882
92883
92885
92888
92889
92892
92894
92897
92899
92901
92903
92905
92906
92907
92908
92911
92912
92915
92916
92917
92918
92919
92921
92922
92923
92925
92927
92928
92929
92932
92933
92938
92941
92942
92943
92944
92947
92949
92950
92953
92955
92957
92958
92959
92960
92961
92962
92963
92964
92965
92966
92967
92970
92971
92974
92976
92978
92981
92984
92993
92994
92995
92998
93000
93002
93004
93006
93007
93015
93020
93022
93025
93027
93031
93032
93035
93036
93038
93040
93042
93044
93045
93046
93047
93048
93050
93051
93052
93054
93058
93060
93061
93064
93065
93067
93069
93072
93075
93076
93077
93078
93079
93081
93084
93086
93088
93089
93090
93091
93095
93096
93098
93100
93101
93102
93103
93104
93105
93106
93107
93108
93109
93110
93111
93114
93116
93117
93118
93121
93122
93124
93125
93130
93133
93135
93136
93138
93139
93145
93147
93148
93152
93154
93156
93158
93160
93161
93163
93164
93165
93166
93167
93168
93171
93172
93173
93175
93176
93177
93178
93179
93180
93182
93184
93185
93189
93190
93191
93195
93199
93202
93204
93206
93208
93212
93219
93220
93221
93223
93226
93228
93229
93230
93232
93233
93236
93238
93239
93241
93242
93243
93244
93245
93246
93247
93249
93252
93253
93256
93261
93263
93264
93266
93270
93273
93275
93276
93278
93281
93284
93285
93286
93287
93288
93290
93293
93294
93295
93301
93307
93308
93312
93314
93317
93325
93326
93328
93329
93331
93333
93334
93337
93341
93345
93348
93349
93350
93351
93356
93358
93359
93361
93363
93365
93366
93367
93369
93375
93377
93379
93380
93381
93384
93387
93392
93393
93394
93396
93397
93398
93401
93402
93405
93407
93409
93410
93412
93413
93414
93417
93423
93424
93426
93427
93429
93430
93434
93436
93438
93439
93440
93441
93446
93449
93450
93451
93452
93453
93455
93457
93459
93460
93461
93463
93470
93471
93473
93475
93476
93478
93480
93481
93483
93484
93486
93489
93490
93491
93493
93494
93496
93497
93498
93501
93504
93506
93508
93511
93512
93520
93521
93522
93523
93524
93527
93529
93532
93533
93535
93537
93541
93543
93546
93551
93553
93555
93556
93562
93563
93564
93565
93566
93574
93575
93577
93579
93580
93581
93584
93585
93586
93587
93591
93592
93593
93595
93596
93597
93598
93599
93600
93602
93603
93604
93605
93606
93608
93609
93610
93612
93613
93615
93616
93617
93620
93621
93623
93626
93631
93633
93636
93637
93638
93641
93642
93643
93646
93647
93649
93654
93658
93659
93661
93664
93665
93667
93669
93670
93673
93674
93675
93676
93678
93679
93681
93682
93684
93685
93688
93690
93691
93696
93697
93698
93699
93701
93705
93708
93712
93716
93717
93718
93722
93724
93732
93734
93736
93737
93740
93741
93743
93744
93745
93746
93747
93748
93750
93751
93755
93756
93758
93759
93760
93761
93762
93763
93764
93768
93770
93773
93774
93776
93777
93778
93784
93785
93787
93788
93789
93793
93794
93796
93798
93801
93803
93804
93805
93806
93808
93813
93816
93818
93819
93820
93821
93822
93823
93824
93826
93829
93830
93831
93834
93840
93842
93843
93844
93846
93847
93848
93849
93850
93853
93855
93859
93862
93863
93866
93868
93871
93872
93873
93875
93877
93878
93880
93881
93884
93890
93892
93894
93898
93904
93906
93907
93910
93912
93918
93920
93922
93925
93928
93929
93930
93933
93934
93936
93937
93938
93939
93943
93946
93947
93948
93949
93950
93951
93953
93954
93955
93959
93960
93961
93963
93965
93967
93968
93969
93970
93971
93972
93976
93978
93979
93980
93985
93986
93987
93988
93990
93995
93996
93999
94001
94002
94003
94005
94008
94013
94015
94020
94023
94025
94027
94032
94036
94038
94040
94041
94044
94048
94049
94050
94055
94057
94059
94062
94064
94065
94068
94069
94070
94071
94073
94076
94077
94078
94080
94081
94082
94083
94084
94085
94087
94089
94090
94092
94097
94098
94099
94100
94101
94102
94103
94107
94109
94111
94112
94113
94114
94119
94120
94121
94122
94123
94124
94125
94127
94128
94129
94131
94133
94134
94135
94136
94137
94141
94145
94146
94150
94152
94155
94156
94158
94159
94162
94166
94169
94171
94172
94173
94175
94176
94178
94179
94188
94189
94190
94196
94198
94199
94202
94203
94205
94207
94208
94210
94211
94215
94217
94221
94222
94224
94225
94229
94231
94232
94233
94235
94236
94237
94238
94239
94240
94241
94242
94243
94247
94249
94253
94254
94255
94256
94257
94259
94262
94263
94264
94266
94268
94272
94275
94278
94279
94280
94282
94283
94285
94289
94292
94293
94296
94297
94299
94300
94301
94302
94304
94306
94309
94310
94311
94313
94314
94317
94322
94325
94327
94331
94332
94333
94334
94335
94337
94340
94342
94343
94348
94349
94350
94351
94354
94356
94358
94359
94360
94361
94362
94363
94364
94365
94368
94369
94371
94372
94373
94374
94375
94376
94378
94379
94380
94381
94382
94385
94394
94396
94400
94401
94406
94408
94412
94413
94416
94417
94418
94422
94424
94426
94427
94434
94436
94437
94439
94440
94441
94445
94446
94449
94450
94451
94452
94453
94455
94460
94462
94465
94469
94470
94471
94474
94476
94481
94482
94485
94487
94488
94490
94492
94494
94496
94498
94499
94500
94502
94503
94505
94507
94509
94512
94513
94516
94520
94522
94525
94526
94527
94528
94530
94534
94536
94537
94540
94541
94542
94543
94544
94545
94547
94549
94550
94551
94552
94553
94554
94558
94561
94562
94563
94566
94569
94572
94573
94575
94576
94580
94581
94584
94585
94588
94589
94590
94593
94594
94595
94596
94597
94598
94599
94600
94610
94611
94614
94617
94619
94620
94622
94623
94624
94625
94626
94629
94634
94635
94637
94638
94639
94640
94642
94645
94646
94655
94656
94657
94658
94659
94669
94670
94676
94677
94679
94682
94683
94684
94687
94690
94692
94693
94695
94696
94700
94703
94704
94707
94708
94709
94711
94713
94715
94717
94723
94725
94727
94728
94729
94732
94734
94736
94738
94742
94744
94745
94746
94748
94750
94753
94755
94756
94757
94758
94762
94763
94764
94767
94769
94770
94773
94774
94775
94776
94778
94779
94780
94781
94782
94784
94785
94787
94788
94793
94794
94796
94798
94802
94803
94806
94807
94812
94813
94814
94815
94820
94822
94823
94824
94828
94829
94830
94840
94841
94842
94843
94844
94845
94846
94848
94850
94851
94852
94855
94856
94859
94860
94861
94862
94866
94867
94869
94871
94872
94875
94876
94878
94881
94882
94883
94885
94887
94888
94890
94892
94893
94895
94898
94899
94901
94902
94903
94904
94906
94907
94908
94909
94912
94913
94914
94915
94919
94928
94931
94933
94934
94937
94940
94943
94945
94946
94950
94951
94956
94958
94960
94963
94964
94967
94968
94970
94971
94973
94974
94976
94977
94979
94980
94981
94982
94983
94985
94988
94990
94992
94993
94995
95000
95001
95008
95010
95011
95012
95013
95014
95015
95016
95021
95023
95024
95025
95027
95029
95033
95036
95038
95039
95040
95042
95046
95047
95049
95050
95054
95055
95057
95059
95060
95063
95065
95066
95068
95070
95071
95072
95075
95077
95079
95081
95084
95085
95086
95088
95089
95090
95093
95097
95099
95102
95105
95106
95107
95108
95111
95113
95114
95115
95118
95119
95121
95123
95127
95131
95133
95136
95137
95140
95142
95143
95145
95146
95147
95148
95149
95150
95151
95152
95154
95155
95157
95159
95160
95161
95163
95165
95166
95167
95171
95172
95173
95176
95177
95179
95182
95184
95185
95186
95187
95189
95191
95196
95198
95200
95201
95202
95203
95207
95208
95209
95210
95212
95213
95214
95215
95216
95217
95220
95222
95223
95225
95230
95231
95233
95235
95236
95239
95244
95246
95248
95249
95250
95251
95252
95253
95256
95257
95259
95262
95266
95268
95270
95271
95276
95277
95279
95280
95281
95284
95289
95290
95293
95297
95301
95305
95307
95310
95312
95313
95314
95316
95318
95319
95321
95322
95330
95331
95333
95334
95335
95336
95337
95338
95339
95340
95341
95342
95345
95348
95350
95351
95353
95354
95355
95356
95357
95358
95361
95362
95364
95369
95372
95376
95377
95379
95383
95384
95385
95387
95400
95401
95404
95406
95408
95411
95412
95414
95415
95416
95420
95421
95423
95424
95428
95431
95436
95438
95440
95441
95444
95445
95446
95450
95452
95453
95455
95459
95460
95461
95468
95469
95470
95471
95472
95473
95474
95476
95477
95481
95483
95487
95488
95493
95494
95495
95497
95498
95499
95500
95501
95502
95503
95509
95512
95515
95516
95517
95520
95521
95523
95524
95526
95527
95529
95532
95534
95535
95542
95543
95544
95546
95547
95548
95551
95552
95556
95557
95558
95560
95563
95565
95569
95573
95574
95575
95576
95577
95578
95579
95580
95581
95582
95583
95584
95586
95587
95589
95590
95594
95595
95596
95597
95600
95601
95604
95605
95607
95610
95616
95617
95619
95620
95623
95630
95633
95634
95635
95636
95637
95638
95640
95643
95647
95648
95653
95655
95656
95657
95658
95661
95662
95665
95666
95667
95669
95670
95671
95672
95673
95675
95682
95684
95689
95691
95693
95695
95697
95698
95699
95700
95701
95702
95704
95710
95713
95715
95718
95719
95721
95728
95730
95731
95733
95734
95735
95736
95737
95738
95739
95740
95741
95742
95743
95747
95749
95750
95752
95754
95755
95757
95759
95764
95765
95767
95769
95771
95773
95777
95778
95781
95782
95783
95784
95785
95788
95792
95794
95799
95800
95802
95807
95809
95811
95813
95814
95815
95816
95818
95820
95823
95825
95826
95827
95830
95832
95833
95834
95838
95839
95841
95844
95845
95846
95848
95850
95851
95853
95857
95858
95859
95861
95862
95863
95865
95867
95871
95876
95879
95880
95881
95882
95884
95885
95889
95890
95894
95896
95897
95898
95904
95905
95908
95910
95912
95917
95918
95922
95928
95929
95931
95936
95938
95940
95942
95943
95947
95948
95949
95950
95953
95954
95955
95958
95959
95960
95961
95964
95968
95969
95971
95973
95976
95978
95982
95983
95984
95985
95986
95987
95988
95989
95990
95991
95993
95995
95996
95997
95998
96001
96002
96008
96010
96014
96015
96017
96018
96020
96021
96022
96023
96024
96025
96026
96027
96030
96031
96032
96033
96034
96036
96039
96041
96043
96049
96050
96056
96059
96060
96061
96062
96063
96069
96073
96081
96083
96085
96086
96087
96088
96089
96092
96094
96095
96098
96101
96103
96104
96105
96108
96112
96113
96114
96115
96120
96122
96127
96132
96138
96139
96140
96141
96142
96147
96148
96149
96150
96152
96154
96156
96157
96161
96162
96163
96165
96167
96168
96169
96170
96171
96172
96173
96177
96178
96179
96180
96182
96184
96185
96186
96187
96189
96190
96192
96195
96196
96198
96199
96200
96201
96205
96207
96208
96209
96215
96218
96221
96223
96225
96226
96227
96228
96230
96231
96233
96236
96237
96240
96241
96243
96245
96246
96247
96248
96249
96252
96253
96254
96258
96260
96261
96263
96268
96270
96271
96272
96273
96276
96277
96278
96279
96282
96286
96291
96292
96295
96296
96299
96300
96301
96302
96304
96306
96308
96309
96311
96312
96315
96316
96320
96323
96324
96325
96327
96328
96330
96333
96334
96336
96338
96340
96341
96344
96346
96348
96350
96352
96353
96354
96355
96356
96357
96358
96362
96363
96364
96366
96368
96377
96380
96383
96384
96385
96387
96389
96390
96392
96393
96395
96396
96400
96401
96402
96403
96406
96408
96409
96414
96415
96417
96418
96420
96423
96425
96426
96431
96434
96439
96442
96444
96445
96446
96451
96452
96454
96455
96456
96457
96460
96461
96462
96464
96465
96466
96467
96469
96471
96473
96475
96476
96478
96479
96480
96486
96488
96489
96494
96497
96498
96500
96502
96504
96509
96510
96511
96512
96513
96514
96515
96517
96518
96520
96521
96522
96523
96524
96527
96528
96529
96530
96535
96537
96539
96542
96545
96547
96549
96553
96554
96558
96560
96563
96564
96565
96567
96568
96569
96571
96574
96575
96577
96580
96585
96587
96589
96590
96592
96593
96595
96597
96598
96602
96603
96604
96605
96606
96608
96609
96610
96613
96615
96617
96618
96619
96621
96622
96624
96625
96627
96632
96633
96634
96635
96642
96645
96647
96649
96651
96653
96654
96655
96656
96657
96661
96663
96665
96666
96667
96670
96671
96674
96675
96676
96679
96680
96683
96685
96686
96687
96689
96693
96699
96700
96703
96704
96707
96711
96713
96715
96719
96720
96721
96727
96728
96732
96734
96735
96740
96741
96744
96745
96747
96749
96751
96752
96755
96759
96760
96763
96765
96767
96768
96769
96770
96772
96773
96774
96775
96776
96777
96778
96780
96785
96786
96788
96790
96791
96793
96794
96795
96797
96800
96801
96803
96805
96806
96810
96816
96818
96819
96822
96824
96828
96829
96831
96833
96835
96838
96839
96842
96844
96845
96846
96847
96848
96849
96850
96854
96855
96856
96858
96860
96861
96865
96867
96868
96869
96871
96872
96874
96878
96880
96883
96886
96887
96888
96892
96894
96896
96897
96904
96905
96906
96908
96909
96911
96914
96915
96918
96922
96924
96925
96927
96929
96930
96935
96936
96938
96940
96942
96944
96947
96948
96949
96950
96955
96960
96962
96963
96966
96968
96969
96970
96971
96973
96974
96977
96978
96980
96982
96987
96989
96990
96992
96994
96995
96996
96997
96999
97005
97008
97009
97011
97012
97013
97014
97015
97016
97017
97021
97022
97023
97024
97026
97032
97037
97039
97040
97042
97044
97052
97053
97056
97058
97060
97061
97068
97071
97072
97073
97075
97077
97079
97080
97084
97086
97088
97089
97090
97093
97094
97098
97102
97105
97106
97108
97109
97110
97111
97112
97113
97114
97115
97117
97118
97122
97123
97124
97125
97131
97132
97136
97137
97139
97142
97148
97149
97150
97151
97152
97153
97156
97158
97160
97161
97166
97167
97168
97172
97174
97177
97179
97180
97184
97185
97187
97191
97192
97196
97197
97198
97199
97200
97204
97205
97206
97209
97213
97214
97215
97216
97220
97222
97224
97226
97227
97229
97230
97231
97233
97234
97236
97237
97238
97239
97240
97242
97248
97250
97251
97252
97253
97254
97255
97256
97257
97260
97261
97263
97265
97266
97268
97269
97270
97271
97273
97274
97275
97276
97280
97282
97285
97288
97289
97291
97292
97295
97297
97299
97301
97303
97307
97311
97312
97313
97315
97316
97319
97322
97329
97331
97333
97336
97337
97338
97340
97341
97342
97343
97344
97349
97351
97352
97354
97356
97359
97361
97362
97363
97368
97369
97370
97371
97373
97375
97376
97377
97383
97384
97386
97391
97392
97393
97395
97396
97398
97399
97402
97404
97405
97408
97410
97413
97414
97415
97418
97419
97420
97421
97422
97424
97426
97427
97430
97433
97435
97438
97439
97440
97441
97442
97443
97444
97445
97449
97450
97451
97454
97455
97457
97458
97460
97462
97463
97468
97470
97471
97474
97475
97476
97481
97483
97484
97485
97489
97490
97491
97492
97499
97500
97501
97502
97504
97506
97508
97510
97511
97513
97514
97515
97517
97518
97521
97522
97527
97528
97529
97530
97531
97532
97533
97534
97535
97536
97537
97538
97543
97544
97545
97546
97547
97549
97551
97552
97553
97554
97555
97556
97557
97558
97560
97563
97567
97571
97572
97574
97575
97581
97583
97587
97590
97592
97594
97595
97597
97598
97599
97600
97602
97606
97607
97608
97609
97612
97615
97616
97617
97622
97624
97626
97627
97630
97632
97635
97637
97641
97643
97645
97646
97647
97650
97654
97655
97658
97659
97661
97664
97665
97668
97669
97671
97676
97677
97679
97680
97686
97687
97690
97692
97696
97702
97703
97704
97706
97707
97708
97709
97710
97711
97712
97713
97717
97719
97722
97723
97726
97729
97733
97734
97735
97736
97737
97739
97741
97745
97754
97756
97757
97758
97759
97761
97762
97765
97766
97769
97770
97774
97775
97776
97778
97779
97781
97782
97784
97785
97787
97791
97796
97799
97800
97803
97809
97812
97814
97815
97820
97821
97824
97826
97827
97829
97831
97832
97833
97835
97837
97839
97840
97842
97843
97844
97846
97848
97849
97850
97853
97854
97856
97857
97858
97860
97862
97863
97866
97867
97872
97874
97876
97877
97880
97882
97888
97890
97891
97895
97896
97899
97900
97904
97906
97907
97910
97912
97913
97914
97915
97917
97919
97921
97923
97925
97926
97927
97929
97932
97933
97935
97936
97939
97940
97942
97943
97945
97949
97950
97954
97955
97958
97962
97968
97969
97971
97973
97974
97976
97979
97980
97982
97983
97984
97986
97988
97989
97990
97993
97994
97995
97998
97999
98004
98005
98008
98009
98010
98011
98013
98014
98015
98016
98020
98021
98023
98029
98030
98032
98033
98034
98035
98036
98037
98038
98042
98047
98050
98051
98053
98055
98057
98058
98059
98067
98069
98070
98071
98073
98075
98080
98082
98084
98086
98088
98094
98096
98097
98098
98099
98101
98104
98106
98107
98110
98111
98112
98115
98116
98120
98123
98124
98126
98127
98129
98131
98132
98136
98137
98141
98143
98148
98150
98151
98152
98153
98155
98156
98157
98160
98169
98172
98173
98174
98175
98178
98179
98182
98183
98185
98188
98190
98192
98195
98196
98198
98200
98201
98202
98204
98205
98206
98207
98209
98210
98211
98212
98214
98215
98216
98217
98218
98220
98222
98224
98228
98229
98230
98231
98232
98236
98238
98239
98242
98243
98244
98245
98247
98249
98250
98254
98255
98258
98259
98260
98262
98264
98265
98266
98268
98270
98273
98274
98278
98279
98281
98282
98283
98284
98285
98287
98291
98292
98293
98295
98296
98303
98305
98307
98310
98311
98312
98314
98317
98319
98322
98323
98325
98327
98329
98330
98331
98336
98338
98341
98342
98343
98348
98350
98352
98354
98356
98359
98360
98363
98364
98366
98368
98370
98371
98372
98373
98375
98380
98384
98388
98391
98394
98396
98399
98406
98407
98410
98412
98414
98415
98418
98419
98421
98423
98426
98427
98428
98431
98432
98436
98438
98441
98443
98444
98445
98446
98447
98448
98449
98450
98451
98452
98455
98456
98458
98459
98460
98462
98465
98467
98469
98472
98473
98474
98477
98479
98480
98481
98483
98484
98486
98487
98489
98490
98493
98496
98497
98500
98503
98506
98508
98509
98510
98511
98512
98513
98515
98516
98518
98519
98523
98524
98528
98531
98535
98536
98540
98542
98543
98544
98546
98553
98554
98555
98556
98557
98559
98561
98562
98563
98564
98565
98566
98567
98568
98569
98572
98574
98578
98580
98581
98582
98583
98586
98588
98591
98592
98594
98595
98597
98601
98602
98604
98606
98611
98612
98613
98614
98619
98622
98624
98626
98628
98630
98632
98634
98636
98639
98645
98646
98648
98649
98650
98652
98656
98661
98662
98666
98668
98669
98670
98671
98674
98676
98680
98682
98683
98684
98685
98688
98689
98693
98697
98700
98702
98705
98708
98710
98711
98712
98713
98715
98718
98722
98728
98730
98732
98734
98736
98739
98741
98743
98744
98746
98749
98750
98752
98754
98755
98756
98757
98759
98760
98763
98769
98770
98771
98772
98773
98775
98776
98778
98779
98780
98781
98782
98783
98786
98789
98792
98795
98798
98800
98802
98803
98804
98806
98808
98809
98810
98812
98816
98817
98819
98822
98824
98826
98828
98831
98832
98833
98839
98842
98844
98847
98848
98849
98851
98852
98858
98859
98860
98861
98862
98866
98868
98871
98872
98873
98874
98875
98877
98878
98880
98882
98883
98886
98887
98888
98889
98892
98896
98898
98903
98905
98907
98908
98911
98912
98913
98915
98916
98918
98919
98921
98922
98923
98924
98926
98928
98931
98932
98933
98936
98937
98938
98939
98940
98941
98943
98945
98946
98947
98949
98950
98953
98956
98957
98958
98959
98960
98964
98965
98967
98971
98972
98975
98978
98979
98980
98985
98987
98989
98991
98992
98995
98996
99002
99004
99005
99008
99009
99010
99014
99015
99016
99017
99019
99022
99023
99024
99032
99034
99035
99037
99039
99046
99047
99048
99050
99053
99054
99055
99057
99066
99068
99069
99070
99073
99074
99078
99081
99082
99083
99084
99087
99088
99092
99093
99094
99095
99096
99098
99100
99101
99102
99103
99105
99106
99109
99111
99115
99116
99119
99120
99121
99122
99123
99124
99125
99128
99129
99130
99131
99133
99137
99138
99140
99141
99145
99146
99147
99149
99152
99155
99159
99161
99164
99167
99168
99171
99174
99175
99178
99179
99180
99183
99184
99187
99189
99196
99198
99199
99200
99201
99203
99204
99205
99207
99209
99210
99211
99213
99215
99216
99225
99226
99228
99230
99232
99234
99235
99237
99239
99240
99241
99242
99245
99246
99248
99249
99251
99252
99254
99255
99256
99258
99261
99262
99263
99264
99265
99269
99270
99276
99279
99281
99282
99283
99284
99285
99288
99289
99290
99294
99295
99296
99299
99301
99303
99304
99305
99310
99311
99314
99316
99317
99319
99320
99322
99325
99328
99329
99334
99335
99337
99338
99340
99345
99346
99347
99349
99352
99354
99355
99357
99358
99359
99360
99364
99366
99368
99371
99372
99374
99375
99376
99378
99379
99380
99381
99383
99384
99385
99387
99391
99393
99395
99397
99401
99402
99403
99404
99406
99407
99408
99410
99414
99415
99417
99418
99419
99422
99424
99430
99431
99432
99434
99437
99440
99443
99445
99449
99450
99455
99457
99458
99459
99460
99463
99464
99465
99468
99470
99471
99477
99478
99485
99489
99490
99491
99492
99495
99496
99497
99498
99499
99502
99504
99506
99508
99511
99517
99518
99522
99524
99526
99529
99530
99533
99535
99539
99540
99542
99543
99544
99546
99548
99553
99554
99555
99558
99559
99561
99563
99566
99567
99568
99569
99571
99574
99575
99578
99580
99581
99583
99587
99590
99593
99595
99597
99598
99601
99603
99606
99607
99610
99611
99613
99614
99615
99617
99622
99624
99627
99629
99630
99632
99633
99636
99638
99639
99640
99641
99642
99647
99652
99655
99657
99659
99660
99661
99662
99663
99666
99668
99669
99674
99675
99676
99683
99686
99688
99690
99692
99694
99696
99700
99703
99704
99709
99710
99711
99713
99714
99716
99717
99719
99720
99721
99723
99727
99728
99730
99732
99735
99736
99737
99739
99740
99741
99743
99747
99749
99750
99751
99754
99755
99756
99757
99760
99762
99763
99764
99765
99774
99775
99776
99779
99780
99782
99785
99788
99789
99790
99791
99797
99798
99803
99804
99805
99806
99807
99808
99809
99811
99812
99814
99815
99816
99817
99820
99822
99823
99824
99831
99832
99834
99835
99836
99837
99842
99846
99847
99848
99849
99853
99854
99856
99857
99859
99860
99862
99864
99865
99866
99867
99870
99874
99875
99876
99877
99878
99879
99882
99883
99886
99887
99891
99892
99895
99899
99900
99901
99902
99903
99904
99906
99907
99908
99911
99913
99914
99915
99916
99917
99918
99920
99921
99923
99927
99928
99932
99935
99938
99940
99942
99943
99947
99948
99950
99951
99953
99954
99959
99964
99965
99969
99971
99974
99976
99977
99978
99979
99980
99981
99982
99983
99984
99985
99986
99987
99991
99992
99995
99998
99999
