{
  "dataset": "cifar10",
  "model_name": "resnet50",
  "method": "my_learned",
  "weight_group": "22",
  "clip_model": "ViT-B/32",
  "adapter_path": "adapter_weights\\cifar10\\adapter_cifar10_ViT-B-32.pt",
  "cr": 40,
  "num_samples": 50000,
  "selected_count": 20000,
  "selected_by_class": {
    "0": 2000,
    "1": 2000,
    "2": 2000,
    "3": 2000,
    "4": 2000,
    "5": 2000,
    "6": 2000,
    "7": 2000,
    "8": 2000,
    "9": 2000
  },
  "selection_strategy": "topk_per_class",
  "seeds": [
    22
  ],
  "timing": {
    "dds_seconds": 35.34832859999733,
    "div_seconds": 34.79316320002545,
    "sa_seconds": 34.72120359999826,
    "total_seconds": 111.60106720001204
  }
}