{
  "dataset": "cifar10",
  "model_name": "resnet50",
  "method": "my_learned",
  "weight_group": "22",
  "clip_model": "ViT-B/32",
  "adapter_path": "adapter_weights\\cifar10\\adapter_cifar10_ViT-B-32.pt",
  "cr": 70,
  "num_samples": 50000,
  "selected_count": 35000,
  "selected_by_class": {
    "0": 3500,
    "1": 3500,
    "2": 3500,
    "3": 3500,
    "4": 3500,
    "5": 3500,
    "6": 3500,
    "7": 3500,
    "8": 3500,
    "9": 3500
  },
  "selection_strategy": "topk_per_class",
  "seeds": [
    22
  ],
  "timing": {
    "dds_seconds": 36.64046889997553,
    "div_seconds": 35.09146230004262,
    "sa_seconds": 34.31425100000342,
    "total_seconds": 113.1084621999762
  }
}