kr,topk,random_mean,random_max,group_old_mean,group_old_max,herding_mean,herding_max
20,4407.473919534381,3733.2264657769683,3741.7517894895764,4528.064842149125,4553.832145970126,3745.315420208081,3745.41421280676
30,6302.200273118829,5601.830141437737,5619.450448837939,6429.823861541954,6444.197995103379,5601.481647741571,5601.540318881183
40,8110.093426422123,7469.419517500734,7482.1938855233,8297.550777353556,8338.77104050965,7477.767323214459,7477.976197039154
50,9886.466947794825,9333.675115202728,9356.850801955345,10093.850971939957,10123.21925757734,9348.380474435406,9348.516573864958
60,11751.71909252198,11207.893499211468,11230.869361576422,11887.76790387367,11924.742166972099,11217.072018512687,11217.33634469192
70,13566.59725461889,13072.57104091993,13092.723061920879,13630.06006986856,13657.217072481068,13097.742435758288,13097.930844924236
80,15310.316682215951,14934.362040575017,14946.568526633831,15345.87367455639,15365.128981069494,14959.67312825256,14959.8298034823
90,16979.799681182256,16806.353350707606,16827.12440587511,17014.192787854005,17044.327881005207,16812.157818318115,16812.480587963983
