kr,topk,random_mean,random_max,group_old_mean,group_old_max,herding_mean,herding_max
20,4208.155280333143,3714.317203376546,3726.2078988907233,3717.935120564516,3726.6179249889656,3739.3612921032077,3739.736703978189
30,6160.04974035681,5583.417391896877,5599.702966158822,5578.054035965106,5589.151106873361,5596.284867946342,5596.484349821023
40,8049.999256327477,7451.176562489592,7462.819690178039,7447.789643767159,7461.90768083042,7472.487516518379,7473.114137992461
50,9916.628639035338,9316.440280118399,9340.80307983137,9313.220509500841,9322.601516692594,9344.35017103205,9344.70402954889
60,11833.66107411685,11193.966636998613,11215.008960314948,11332.277995926552,11410.948161526043,11214.010784477912,11214.59230207222
70,13660.974158924535,13061.934506493431,13083.40965968443,13309.876615231036,13357.785989935033,13095.879353114919,13096.218489613626
80,15389.106592598697,14927.06385131371,14940.474877766846,15197.18527470583,15230.573239205378,14958.847457678587,14959.06680300022
90,17036.11139535184,16800.48250970961,16823.290159178898,16958.144626987076,16998.59079541467,16812.157818318115,16812.480587963983
