cr,topk,random_mean,random_max,group_old_mean,group_old_max
20,4773.49362023364,3737.5717613854854,3747.7468435078254,4989.569775659229,5003.382480504523
30,6739.624631310338,5610.049451388935,5635.643400247001,6960.385572351008,6977.06848074883
40,8556.821794694008,7466.241336840787,7487.471881684205,8797.94694864097,8810.366454481817
50,10337.47442475296,9333.838287998642,9366.084207808537,10533.116986573414,10537.60028433337
60,12081.268585897136,11205.796548612334,11237.621598976342,12220.082281878571,12228.049280603762
70,13757.08359794083,13064.543174332457,13115.360484973764,13855.821342025753,13860.549678530246
80,15417.020135272604,14939.167460849367,14965.405444743361,15467.887720103952,15474.580829478828
90,17003.43743823221,16804.086652465026,16828.20965898089,17042.94751733172,17048.96069637064
