cr,topk,random_mean,random_max,group_old_mean,group_old_max
20,4788.3916015625,3736.4766438802085,3742.83837890625,5013.364420572917,5028.9013671875
30,6757.6611328125,5601.992757161458,5621.68115234375,6992.929443359375,6996.89794921875
40,8575.6796875,7472.927734375,7506.166015625,8829.40625,8841.9970703125
50,10356.193359375,9342.464680989584,9361.95703125,10559.8681640625,10575.609375
60,12111.896484375,11215.904296875,11233.02734375,12242.94482421875,12258.4814453125
70,13787.0546875,13065.85791015625,13101.517578125,13878.648274739584,13885.720703125
80,15446.982421875,14936.78076171875,14970.76171875,15501.471028645834,15506.8525390625
90,17038.556640625,16810.905924479168,16832.826171875,17078.136393229168,17084.69921875
