kr,topk,random_mean,random_max,group_old_mean,group_old_max,herding_mean,herding_max
20,4512.9735279071965,4024.8302335871144,4032.4754264304115,4755.726671454068,4769.455129755457,4021.962806336898,4022.1369689470157
30,6553.591593524982,6036.5531886049785,6055.134162177431,6824.049277251693,6850.082430043544,6038.807075417542,6038.931572515947
40,8546.895586986855,8056.249110497974,8086.259966800961,8730.43835168197,8782.803766390916,8067.302459863221,8067.639850973816
50,10396.304466584563,10070.602315892711,10088.63108052804,10698.736988848905,10740.767587337506,10075.609807525909,10075.958259074894
60,12344.323991119703,12092.870345797797,12105.364016858408,12608.816619567742,12635.699212448011,12116.63857958484,12116.81831518247
70,14369.626281904688,14098.950237023251,14122.780210428595,14461.098182285867,14510.585731234389,14127.632840988206,14128.01207313395
80,16355.659804375618,16102.128873169677,16121.011058754812,16379.814738360466,16449.76344412369,16141.446860708524,16142.1722309998
90,18123.52691560694,18129.937800730284,18152.02557132122,18213.685136185177,18257.93795728375,18124.71525143291,18125.128057701993
