cr,topk,random_mean,random_max,group_old_mean,group_old_max
20,4978.118884402976,4031.5359675897043,4038.840156542486,5100.458161099513,5106.464587865989
30,7086.838236513988,6051.60740230927,6072.980190806741,7226.861271504965,7253.140431826494
40,9124.188399214345,8057.004319513634,8073.453484348096,9224.621154420704,9235.952917947265
50,11092.14717551817,10072.462808403692,10098.018497418045,11183.061598901457,11186.149266247308
60,13026.536379167306,12092.197800540527,12117.755587900007,13086.030595278786,13090.313851330215
70,14925.733545139505,14098.886661586026,14143.877583416026,14960.771303412188,14968.915917712124
80,16751.83001481777,16119.722052127032,16145.342463516057,16767.822247053795,16770.944560838765
90,18499.458760221303,18132.763205185598,18156.183238884703,18505.89090024573,18521.566609879268
