cr,topk,random_mean,random_max,group_old_mean,group_old_max
20,4989.49951171875,4031.660847981771,4037.49365234375,5112.469401041667,5123.2724609375
30,7102.8017578125,6045.071858723958,6063.1142578125,7251.447102864583,7271.4443359375
40,9143.2041015625,8063.3779296875,8094.4296875,9249.98193359375,9265.9111328125
50,11113.990234375,10080.532389322916,10096.177734375,11202.30859375,11211.7626953125
60,13060.4814453125,12100.537923177084,12114.939453125,13115.822428385416,13123.1806640625
70,14959.2021484375,14099.141276041666,14132.1884765625,14997.895345052084,15001.52734375
80,16785.560546875,16117.961263020834,16150.1923828125,16809.457356770832,16819.138671875
90,18544.4296875,18138.891276041668,18160.38671875,18549.60546875,18553.513671875
