kr,topk,random_mean,random_max,group_old_mean,group_old_max,herding_mean,herding_max
20,3706.8140276322256,4012.3513851879597,4023.1384769614183,4014.013442867386,4023.1601558774137,4032.9958885380584,4033.3538676749495
30,5765.634605794091,6028.720046449117,6043.67457121558,6023.55801865947,6033.934729212865,6036.995716289559,6037.146267390255
40,7892.50631057862,8043.643183916545,8053.765963621184,8120.447791084479,8204.51272311726,8059.84906210424,8060.471639264359
50,9965.118966758928,10057.726197896705,10079.236759505351,10266.628633819251,10316.844762850445,10078.813564151418,10079.120631525846
60,12261.39525478929,12080.868407052169,12099.896534233367,12459.687963498558,12525.22497378303,12095.704105415052,12096.304052830768
70,14470.518536555646,14096.548511393063,14115.938891979229,14516.529004363636,14556.185740289222,14125.402126581519,14125.701547481734
80,16476.591033284996,16110.256470339255,16123.483460808051,16511.066831619002,16541.746017676633,16136.92659638413,16137.138586784613
90,18343.024250766324,18129.440651831403,18151.394767831807,18393.597950356605,18431.313133503445,18139.90318964257,18140.169860194488
