kr,topk,random_mean,random_max,group_old_mean,group_old_max,herding_mean,herding_max
20,2727.816480779437,4274.775316254746,4287.817822573207,4280.302682107634,4286.180290557436,4372.451199438997,4380.698597496368
30,4193.511554583363,6482.884623836614,6505.064557562324,6468.922344406492,6477.384287120688,6577.61666303145,6583.485909019548
40,6484.44470444418,8716.579340883225,8737.339440569003,8696.143015380358,8711.325898464052,8813.02397462135,8815.457983158694
50,9128.369776290367,10951.54988808814,10987.23892561379,10931.42857414228,10941.396536440676,11052.92203796534,11062.854606347331
60,10951.875027287828,13188.895211799214,13219.217623105791,13162.799935346075,13179.042181999146,13296.902017243949,13309.35659693536
70,13446.759058326297,15423.565404821231,15456.617853700664,15406.680095517315,15449.719023231866,15522.407822877378,15538.84107209799
80,16966.739288966088,17680.67822477633,17695.469722901966,17675.633249129227,17695.982158033923,17772.391161017455,17776.404048151162
90,19672.01074748434,19935.320884291592,19956.839767994737,19938.818773122635,19952.503591852434,19992.22489655186,19995.579753573475
