kr,topk,random_mean,random_max,group_old_mean,group_old_max
20,4997.434660737126,4069.8060317671516,4082.9261297140565,4857.851838490509,4894.2123871396
30,7616.840328302228,6136.545553067013,6156.487779588809,7669.918717441402,7704.300034558799
40,10060.924740980543,8276.267631404744,8309.109725656524,10501.055014918962,10525.306245244567
50,12274.321411306048,10468.07562666066,10493.65667412461,12851.657171441042,12884.31165784792
60,14276.663410805686,12728.311749982586,12763.502912710328,14905.310580905778,14920.810288864917
70,16225.147444201128,15012.400218076316,15064.72141945514,16830.563874395408,16853.266056863355
80,18193.04152641083,17384.369276626756,17430.311342460813,18556.68844372592,18585.378023955178
90,20171.25040287287,19790.885248404877,19812.4717680404,20274.934453144066,20278.829928072108
