kr,topk,random_mean,random_max,group_old_mean,group_old_max,herding_mean,herding_max
20,3478.579435274876,4347.682019306474,4361.460050525026,4350.21693166157,4362.473009769562,4394.980009806673,4395.080087260225
30,4749.5383642201505,6533.743855671283,6568.997793325469,6516.048310226619,6520.0418692842195,6581.855164095014,6582.089719280666
40,6159.882885278106,8736.748320042916,8758.846373506127,8712.716514681744,8727.6683206291,8794.106864585445,8794.480497528426
50,8052.218782225056,10948.931930955927,10968.418116383566,10925.647409745461,10927.910964592002,11012.763319716287,11013.134641321152
60,10566.740653209654,13189.46865617065,13206.348123098678,13155.976747034685,13164.000177058397,13259.687314848314,13260.122337713361
70,13450.637975377014,15426.308878838849,15447.30721830898,15404.349889476764,15419.068709202918,15487.086613518293,15487.183580949893
80,16564.333968818166,17688.793940085572,17708.14251691461,17683.804398461634,17697.85150761938,17743.60239742359,17743.634384099918
90,19701.6043161228,19967.120514915212,19979.529786629075,19969.713177913512,19981.926716152764,19987.33345500108,19987.432012769787
