kr,topk,random_mean,random_max,group_old_mean,group_old_max,herding_mean,herding_max
20,4189.540526870644,4375.425612466469,4389.241038549961,4736.845026718988,4749.0635614711155,4427.254576850281,4427.321295152649
30,5822.807083633098,6568.841342954122,6600.516866263931,6554.246265696444,6558.6705222414585,6623.716593771675,6623.872963895445
40,7484.182917121144,8776.122708074114,8795.874568999876,8755.268498637013,8770.165271312711,8841.324498265296,8841.573586893952
50,9453.966069362476,10989.909710019021,11008.33807387743,10968.455137503255,10971.47694405131,11062.709726165025,11062.957273901602
60,11816.039683791652,13227.685442918186,13240.750474483117,13197.992999611995,13208.337446391548,13307.192584898876,13307.48260014224
70,14413.87225523028,15460.601620434338,15479.239115076774,15441.136840734034,15457.543382129832,15530.985151199695,15531.049796154095
80,17156.675934372823,17714.965284132308,17731.426632508996,17709.948370906448,17725.496335468153,17776.651598282395,17776.67292273328
90,19915.17228378462,19982.033859625124,19993.96117584569,19995.352326953926,19997.26278867608,20006.382459584056,20006.44816476319
