kr,topk,random_mean,random_max,group_old_mean,group_old_max,herding_mean,herding_max
20,5385.913115904025,4458.919838886689,4473.528145110769,5662.121540419911,5669.779682877151,4475.666407713318,4475.6830873340605
30,7563.119148865966,6676.550897885626,6709.211659462142,7925.124775862342,7950.553484498047,6685.802321442741,6686.780529107425
40,9742.362157244865,8900.842982668812,8924.21530690727,10118.675691488344,10129.646916461303,8913.4441672607,8913.88671426749
50,11932.534111508074,11121.726253659295,11137.536066372759,12274.975651011875,12328.610627333428,11140.666438843067,11142.652952519466
60,13854.203231540132,13348.967006933926,13364.321029928167,14289.56843964962,14366.40647215684,13378.802878831988,13381.570563207857
70,15871.989616427216,15563.268523682042,15585.457845669103,16268.112910194666,16360.344956491885,15594.68862564122,15598.796937946372
80,18123.90216394106,17788.104318686313,17803.180043642158,18319.15132197032,18338.569010050524,17822.647474576417,17823.794013757477
90,20213.538224713113,20014.112397977144,20027.45001618751,20252.7355330425,20269.070399844335,20027.061944683952,20028.180230357826
