kr,topk,random_mean,random_max,group_old_mean,group_old_max,herding_mean,herding_max
20,3549.07226268674,4474.36545984603,4485.062277243815,4477.9299355908925,4484.655877468395,4557.72573205444,4564.302039276761
30,5351.232264440303,6772.871120782261,6787.749785244868,6758.173757278851,6762.554109662907,6851.567915093845,6857.370478798361
40,7818.611252008891,9091.333486852522,9104.943273609946,9071.523781290014,9087.883527710486,9171.951170445847,9172.881386925132
50,10450.64031502133,11409.617022563683,11441.80243112055,11390.873130836948,11404.03317343014,11497.197370519158,11507.58355422849
60,12396.64963805957,13729.913107129563,13757.041421539796,13705.532292171158,13715.663980582676,13822.783217680013,13834.733493691081
70,14893.397008205275,16050.728473172729,16078.55605522396,16035.257937663007,16069.397869671095,16136.839310984478,16150.249697282745
80,18166.377238201865,18392.07442952057,18403.004341910837,18385.651255074645,18405.482309177918,18471.07169477484,18473.680054992987
90,20685.836701907243,20729.463066717977,20747.809770687694,20760.21432464879,20786.53875798401,20776.972079127743,20779.96019412222
