cr,topk,random_mean,random_max,group_old_mean,group_old_max
20,4136.147242678954,4330.601292348443,4355.706048874125,6078.553051867557,6097.425001086071
30,6292.261495170869,6536.934237210716,6576.958546707199,8776.047071312936,8802.059578047452
40,8460.995327096602,8736.392129863441,8763.24565504023,11055.767414735998,11071.699357974276
50,10702.606327162819,10929.569492972389,10969.703099036331,13173.685076616672,13196.434683222144
60,12955.017619584358,13133.151972616828,13186.685261978264,15053.124568624737,15060.952494591838
70,15265.294704881358,15329.216380230242,15364.895547005772,16959.22188848939,16985.238464898746
80,17567.451790012237,17549.63953969077,17581.623697437753,18771.456908237196,18781.54651421273
90,19838.859696082454,19742.124717279225,19790.16402365335,20460.51662056709,20467.02209058419
