{
  "dataset": "cifar10",
  "model_name": "resnet50",
  "method": "my_naive",
  "weight_group": "naive",
  "clip_model": "ViT-B/32",
  "adapter_path": "adapter_weights\\cifar10\\adapter_cifar10_ViT-B-32.pt",
  "cr": 40,
  "num_samples": 50000,
  "selected_count": 20000,
  "selected_by_class": {
    "0": 2000,
    "1": 2000,
    "2": 2000,
    "3": 2000,
    "4": 2000,
    "5": 2000,
    "6": 2000,
    "7": 2000,
    "8": 2000,
    "9": 2000
  },
  "selection_strategy": "topk_per_class",
  "seeds": [
    42
  ],
  "timing": {
    "dds_seconds": 39.38772079999035,
    "div_seconds": 38.920596899988595,
    "sa_seconds": 37.92916910001077,
    "total_seconds": 123.11459340000874
  }
}