{
  "dataset": "cifar10",
  "model_name": "resnet50",
  "method": "my_naive",
  "weight_group": "naive",
  "clip_model": "ViT-B/32",
  "adapter_path": "adapter_weights\\cifar10\\adapter_cifar10_ViT-B-32.pt",
  "cr": 90,
  "num_samples": 50000,
  "selected_count": 45000,
  "selected_by_class": {
    "0": 4500,
    "1": 4500,
    "2": 4500,
    "3": 4500,
    "4": 4500,
    "5": 4500,
    "6": 4500,
    "7": 4500,
    "8": 4500,
    "9": 4500
  },
  "selection_strategy": "topk_per_class",
  "seeds": [
    42
  ],
  "timing": {
    "dds_seconds": 34.26848749999954,
    "div_seconds": 33.45026719999987,
    "sa_seconds": 33.38554490000024,
    "total_seconds": 107.43929639999988
  }
}