{
  "cifar100": {
    "22": {
      "sa": 0.29266870952597124,
      "div": 0.4073930275946069,
      "dds": 0.2999382628794219,
      "bias": 3.333122798139238e-11,
      "ridge_lambda": 1.0,
      "proxy_log": "weights/proxy_logs/cifar100/resnet18/22/200",
      "dynamic_components": [
        "A",
        "C",
        "T"
      ],
      "dynamic_cache_path": "weights/dynamic_cache/cifar100/resnet18/22/200",
      "dynamic_component_cache_paths": {
        "A": "weights/dynamic_cache/cifar100/resnet18/22/200/A.npz",
        "C": "weights/dynamic_cache/cifar100/resnet18/22/200/C.npz",
        "T": "weights/dynamic_cache/cifar100/resnet18/22/200/T.npz"
      },
      "proxy_training_seed": 22,
      "proxy_log_seed_free": false,
      "dynamic_cache_seed_free": false,
      "output_seed": 22,
      "adapter_seed": 22,
      "diagnostics": {
        "dynamic_static_pearson": {
          "A": {
            "SA": -0.26661224073411444,
            "Div": 0.26219651287431145,
            "DDS": 0.04792986157991472
          },
          "C": {
            "SA": -0.036900531898360865,
            "Div": 0.11924015643602469,
            "DDS": 0.09008718978535685
          },
          "T": {
            "SA": 0.03276290411110385,
            "Div": -0.02984284577561768,
            "DDS": 0.0036510752628662662
          }
        },
        "weight_solver": "positive_simplex_ridge_softmax",
        "weights_sum": 1.0,
        "weights_min": 0.29266870952597124,
        "sa_gt_one_third_warning": false,
        "div_is_lowest_warning": false
      }
    },
    "42": {
      "sa": 0.2898154647265614,
      "div": 0.4091287385733862,
      "dds": 0.3010557967000525,
      "bias": -2.0307076843408787e-10,
      "ridge_lambda": 1.0,
      "proxy_log": "weights/proxy_logs/cifar100/resnet18/42/200",
      "dynamic_components": [
        "A",
        "C",
        "T"
      ],
      "dynamic_cache_path": "weights/dynamic_cache/cifar100/resnet18/42/200",
      "dynamic_component_cache_paths": {
        "A": "weights/dynamic_cache/cifar100/resnet18/42/200/A.npz",
        "C": "weights/dynamic_cache/cifar100/resnet18/42/200/C.npz",
        "T": "weights/dynamic_cache/cifar100/resnet18/42/200/T.npz"
      },
      "proxy_training_seed": 42,
      "proxy_log_seed_free": false,
      "dynamic_cache_seed_free": false,
      "output_seed": 42,
      "adapter_seed": 42,
      "diagnostics": {
        "dynamic_static_pearson": {
          "A": {
            "SA": -0.2626040722087375,
            "Div": 0.26337362636964234,
            "DDS": 0.05140039429258124
          },
          "C": {
            "SA": -0.04291611311713914,
            "Div": 0.12641194183246293,
            "DDS": 0.0880886342223043
          },
          "T": {
            "SA": 0.024776157157267286,
            "Div": -0.025674293056708423,
            "DDS": 0.010313091906155343
          }
        },
        "weight_solver": "positive_simplex_ridge_softmax",
        "weights_sum": 1.0,
        "weights_min": 0.2898154647265614,
        "sa_gt_one_third_warning": false,
        "div_is_lowest_warning": false
      }
    },
    "96": {
      "sa": 0.2903784715411998,
      "div": 0.4110608014031629,
      "dds": 0.29856072705563735,
      "bias": 1.5986824478417788e-10,
      "ridge_lambda": 1.0,
      "proxy_log": "weights/proxy_logs/cifar100/resnet18/96/200",
      "dynamic_components": [
        "A",
        "C",
        "T"
      ],
      "dynamic_cache_path": "weights/dynamic_cache/cifar100/resnet18/96/200",
      "dynamic_component_cache_paths": {
        "A": "weights/dynamic_cache/cifar100/resnet18/96/200/A.npz",
        "C": "weights/dynamic_cache/cifar100/resnet18/96/200/C.npz",
        "T": "weights/dynamic_cache/cifar100/resnet18/96/200/T.npz"
      },
      "proxy_training_seed": 96,
      "proxy_log_seed_free": false,
      "dynamic_cache_seed_free": false,
      "output_seed": 96,
      "adapter_seed": 96,
      "diagnostics": {
        "dynamic_static_pearson": {
          "A": {
            "SA": -0.26443151263473963,
            "Div": 0.26049111444581635,
            "DDS": 0.04835678383449642
          },
          "C": {
            "SA": -0.035927446500884315,
            "Div": 0.11913965205502099,
            "DDS": 0.0842769201602039
          },
          "T": {
            "SA": 0.0211957597314024,
            "Div": -0.012812220905343893,
            "DDS": 0.006244466817885249
          }
        },
        "weight_solver": "positive_simplex_ridge_softmax",
        "weights_sum": 1.0,
        "weights_min": 0.2903784715411998,
        "sa_gt_one_third_warning": false,
        "div_is_lowest_warning": false
      }
    },
    "naive": {
      "dds": 0.3333333333333333,
      "div": 0.3333333333333333,
      "sa": 0.3333333333333333
    }
  },
  "cifar10": {
    "22": {
      "sa": 0.3017581608850678,
      "div": 0.4098387637158756,
      "dds": 0.28840307539905663,
      "bias": -1.3688696586946519e-10,
      "ridge_lambda": 1.0,
      "proxy_log": "weights/proxy_logs/cifar10/resnet18/22/200",
      "dynamic_components": [
        "A",
        "C",
        "T"
      ],
      "dynamic_cache_path": "weights/dynamic_cache/cifar10/resnet18/22/200",
      "dynamic_component_cache_paths": {
        "A": "weights/dynamic_cache/cifar10/resnet18/22/200/A.npz",
        "C": "weights/dynamic_cache/cifar10/resnet18/22/200/C.npz",
        "T": "weights/dynamic_cache/cifar10/resnet18/22/200/T.npz"
      },
      "proxy_training_seed": 22,
      "proxy_log_seed_free": false,
      "dynamic_cache_seed_free": false,
      "output_seed": 22,
      "adapter_seed": 22,
      "diagnostics": {
        "dynamic_static_pearson": {
          "A": {
            "SA": -0.41990630743839347,
            "Div": 0.3904723188033299,
            "DDS": 0.19933302974915035
          },
          "C": {
            "SA": -0.02936703582850056,
            "Div": 0.11025413942391425,
            "DDS": 0.06111348494750649
          },
          "T": {
            "SA": 0.04968850997610307,
            "Div": -0.042438619890353114,
            "DDS": -0.023001534777621686
          }
        },
        "weight_solver": "positive_simplex_ridge_softmax",
        "weights_sum": 1.0,
        "weights_min": 0.28840307539905663,
        "sa_gt_one_third_warning": false,
        "div_is_lowest_warning": false
      }
    },
    "42": {
      "sa": 0.3009902866298632,
      "div": 0.40958378842895204,
      "dds": 0.28942592494118474,
      "bias": -1.0393223360125602e-10,
      "ridge_lambda": 1.0,
      "proxy_log": "weights/proxy_logs/cifar10/resnet18/42/200",
      "dynamic_components": [
        "A",
        "C",
        "T"
      ],
      "dynamic_cache_path": "weights/dynamic_cache/cifar10/resnet18/42/200",
      "dynamic_component_cache_paths": {
        "A": "weights/dynamic_cache/cifar10/resnet18/42/200/A.npz",
        "C": "weights/dynamic_cache/cifar10/resnet18/42/200/C.npz",
        "T": "weights/dynamic_cache/cifar10/resnet18/42/200/T.npz"
      },
      "proxy_training_seed": 42,
      "proxy_log_seed_free": false,
      "dynamic_cache_seed_free": false,
      "output_seed": 42,
      "adapter_seed": 42,
      "diagnostics": {
        "dynamic_static_pearson": {
          "A": {
            "SA": -0.41896994167735385,
            "Div": 0.3942885040016574,
            "DDS": 0.20371056596669215
          },
          "C": {
            "SA": -0.029719372951555377,
            "Div": 0.12471790761929383,
            "DDS": 0.06701449292069096
          },
          "T": {
            "SA": 0.05455659065151134,
            "Div": -0.052969042050443754,
            "DDS": -0.029389684412248727
          }
        },
        "weight_solver": "positive_simplex_ridge_softmax",
        "weights_sum": 1.0,
        "weights_min": 0.28942592494118474,
        "sa_gt_one_third_warning": false,
        "div_is_lowest_warning": false
      }
    },
    "96": {
      "sa": 0.30323514757410475,