{
  "cifar10": {
    "naive": {
      "dds": 1.0,
      "div": 1.0,
      "sa": 1.0
    },
    "learned": {
      "sa": 0.46914060199166446,
      "div": 0.0,
      "dds": 0.5308593980083355
    },
    "learned_meta": {
      "raw_sa": 0.019215679664926613,
      "raw_div": -0.005795816575021729,
      "raw_dds": 0.02174363953138552,
      "bias": 0.4289982329290889,
      "ridge_lambda": 0.01,
      "proxy_log": "weights\\proxy_logs\\cifar10_resnet18_2026_01_12_14_31.npz"
    }
  }
}