{
  "cifar10": {
    "naive": {
      "dds": 0.3333333333333333,
      "div": 0.3333333333333333,
      "sa": 0.3333333333333333
    },
    "22": {
      "sa": 0.44129851456841734,
      "div": 0.2525033123254979,
      "dds": 0.3061981731060849,
      "bias": 0.18844525628235834,
      "ridge_lambda": 0.01,
      "proxy_log": "weights\\proxy_logs\\cifar10\\resnet18\\22\\100",
      "dynamic_version": "v2",
      "dynamic_components": [
        "A",
        "C",
        "G",
        "D"
      ],
      "dynamic_cache_path": "weights\\dynamic_cache\\cifar10\\22\\dynamic_components_v2.npz"
    },
    "42": {
      "sa": 0.4435335972153464,
      "div": 0.2511675242688885,
      "dds": 0.30529887851576504,
      "bias": 0.1900938184693321,
      "ridge_lambda": 0.01,
      "proxy_log": "weights\\proxy_logs\\cifar10\\resnet18\\42\\100",
      "dynamic_version": "v2",
      "dynamic_components": [
        "A",
        "C",
        "G",
        "D"
      ],
      "dynamic_cache_path": "weights\\dynamic_cache\\cifar10\\42\\dynamic_components_v2.npz"
    },
    "96": {
      "sa": 0.4376275627551627,
      "div": 0.25120444143179976,
      "dds": 0.3111679958130376,
      "bias": 0.19007865930176168,
      "ridge_lambda": 0.01,
      "proxy_log": "weights\\proxy_logs\\cifar10\\resnet18\\96\\100",
      "dynamic_version": "v2",
      "dynamic_components": [
        "A",
        "C",
        "G",
        "D"
      ],
      "dynamic_cache_path": "weights\\dynamic_cache\\cifar10\\96\\dynamic_components_v2.npz"
    }
  },
  "cifar100": {
    "naive": {
      "dds": 0.3333333333333333,
      "div": 0.3333333333333333,
      "sa": 0.3333333333333333
    },
    "22": {
      "sa": 0.5277170291231564,
      "div": 0.19769590386768043,
      "dds": 0.2745870670091631,
      "bias": 0.016750875269707567,
      "ridge_lambda": 0.01,
      "proxy_log": "weights\\proxy_logs\\cifar100\\resnet18\\22\\100",
      "dynamic_version": "v2",
      "dynamic_components": [
        "A",
        "C",
        "G",
        "D"
      ],
      "dynamic_cache_path": "weights\\dynamic_cache\\cifar100\\22\\dynamic_components_v2.npz"
    },
    "42": {
      "sa": 0.5251260915722208,
      "div": 0.19910879868525028,
      "dds": 0.27576510974252894,
      "bias": 0.021816537871338876,
      "ridge_lambda": 0.01,
      "proxy_log": "weights\\proxy_logs\\cifar100\\resnet18\\42\\100",
      "dynamic_version": "v2",
      "dynamic_components": [
        "A",
        "C",
        "G",
        "D"
      ],
      "dynamic_cache_path": "weights\\dynamic_cache\\cifar100\\42\\dynamic_components_v2.npz"
    },
    "96": {
      "sa": 0.5273880137897904,
      "div": 0.19746515011581334,
      "dds": 0.27514683609439633,
      "bias": 0.023888954840789716,
      "ridge_lambda": 0.01,
      "proxy_log": "weights\\proxy_logs\\cifar100\\resnet18\\96\\100",
      "dynamic_version": "v2",
      "dynamic_components": [
        "A",
        "C",
        "G",
        "D"
      ],
      "dynamic_cache_path": "weights\\dynamic_cache\\cifar100\\96\\dynamic_components_v2.npz"
    }
  },
  "tiny-imagenet": {
    "22": {
      "sa": 0.22132137730208545,
      "div": 0.40272782465449364,
      "dds": 0.3759507980434209,
      "bias": -0.014353466193466967,
      "ridge_lambda": 0.01,
      "proxy_log": "weights/proxy_logs/tiny-imagenet/resnet18/22/90"
    },
    "42": {
      "sa": 0.21866537867240646,
      "div": 0.40326444573687004,
      "dds": 0.3780701755907235,
      "bias": -0.009980476959981858,
      "ridge_lambda": 0.01,
      "proxy_log": "weights/proxy_logs/tiny-imagenet/resnet18/42/90"
    },
    "96": {
      "sa": 0.21970611961953151,
      "div": 0.4028094657224808,
      "dds": 0.37748441465798765,
      "bias": -0.01274506726246794,
      "ridge_lambda": 0.01,
      "proxy_log": "weights/proxy_logs/tiny-imagenet/resnet18/96/90"
    },
    "naive": {
      "dds": 0.3333333333333333,
      "div": 0.3333333333333333,
      "sa": 0.3333333333333333
    }
  }
}