{
  "cifar100": {
    "22": {
      "sa": 0.27092310762880256,
      "div": 0.4220536643847132,
      "dds": 0.3070232279864842,
      "bias": -4.599601335684149e-11,
      "ridge_lambda": 1.0,
      "proxy_log": "",
      "dynamic_components": [
        "A",
        "C",
        "T"
      ],
      "dynamic_cache_path": "weights/dynamic_cache/cifar100/resnet18/22/200",
      "dynamic_component_cache_paths": {
        "A": "weights/dynamic_cache/cifar100/resnet18/22/200/A.npz",
        "C": "weights/dynamic_cache/cifar100/resnet18/22/200/C.npz",
        "T": "weights/dynamic_cache/cifar100/resnet18/22/200/T.npz"
      },
      "proxy_training_seed": 22,
      "proxy_log_seed_free": false,
      "dynamic_cache_seed_free": false,
      "output_seed": 22,
      "adapter_seed": 22,
      "diagnostics": {
        "dynamic_static_pearson": {
          "A": {
            "SA": -0.38977447465253734,
            "Div": 0.3786494212700519,
            "DDS": 0.11182476339007338
          },
          "C": {
            "SA": -0.036900531898360865,
            "Div": 0.11924015643602469,
            "DDS": 0.09008718978535685
          },
          "T": {
            "SA": 0.03276290411110385,
            "Div": -0.02984284577561768,
            "DDS": 0.0036510752628662662
          }
        },
        "weight_solver": "positive_simplex_ridge_softmax",
        "weights_sum": 1.0,
        "weights_min": 0.27092310762880256,
        "sa_gt_one_third_warning": false,
        "div_is_lowest_warning": false
      }
    },
    "42": {
      "sa": 0.2684347225328629,
      "div": 0.4238803260623113,
      "dds": 0.30768495140482593,
      "bias": 1.0687909151094747e-10,
      "ridge_lambda": 1.0,
      "proxy_log": "",
      "dynamic_components": [
        "A",
        "C",
        "T"
      ],
      "dynamic_cache_path": "weights/dynamic_cache/cifar100/resnet18/42/200",
      "dynamic_component_cache_paths": {
        "A": "weights/dynamic_cache/cifar100/resnet18/42/200/A.npz",
        "C": "weights/dynamic_cache/cifar100/resnet18/42/200/C.npz",
        "T": "weights/dynamic_cache/cifar100/resnet18/42/200/T.npz"
      },
      "proxy_training_seed": 42,
      "proxy_log_seed_free": false,
      "dynamic_cache_seed_free": false,
      "output_seed": 42,
      "adapter_seed": 42,
      "diagnostics": {
        "dynamic_static_pearson": {
          "A": {
            "SA": -0.3849910851777006,
            "Div": 0.3807427683566331,
            "DDS": 0.11381469926650482
          },
          "C": {
            "SA": -0.04291611311713914,
            "Div": 0.12641194183246293,
            "DDS": 0.0880886342223043
          },
          "T": {
            "SA": 0.024776157157267286,
            "Div": -0.025674293056708423,
            "DDS": 0.010313091906155343
          }
        },
        "weight_solver": "positive_simplex_ridge_softmax",
        "weights_sum": 1.0,
        "weights_min": 0.2684347225328629,
        "sa_gt_one_third_warning": false,
        "div_is_lowest_warning": false
      }
    },
    "96": {
      "sa": 0.2687195679418191,
      "div": 0.42588935448357973,
      "dds": 0.3053910775746011,
      "bias": 1.3684931463942005e-10,
      "ridge_lambda": 1.0,
      "proxy_log": "",
      "dynamic_components": [
        "A",
        "C",
        "T"
      ],
      "dynamic_cache_path": "weights/dynamic_cache/cifar100/resnet18/96/200",
      "dynamic_component_cache_paths": {
        "A": "weights/dynamic_cache/cifar100/resnet18/96/200/A.npz",
        "C": "weights/dynamic_cache/cifar100/resnet18/96/200/C.npz",
        "T": "weights/dynamic_cache/cifar100/resnet18/96/200/T.npz"
      },
      "proxy_training_seed": 96,
      "proxy_log_seed_free": false,
      "dynamic_cache_seed_free": false,
      "output_seed": 96,
      "adapter_seed": 96,
      "diagnostics": {
        "dynamic_static_pearson": {
          "A": {
            "SA": -0.3874579846412961,
            "Div": 0.3794764315273232,
            "DDS": 0.11181098825545019
          },
          "C": {
            "SA": -0.035927446500884315,
            "Div": 0.11913965205502099,
            "DDS": 0.0842769201602039
          },
          "T": {
            "SA": 0.0211957597314024,
            "Div": -0.012812220905343893,
            "DDS": 0.006244466817885249
          }
        },
        "weight_solver": "positive_simplex_ridge_softmax",
        "weights_sum": 1.0,
        "weights_min": 0.2687195679418191,
        "sa_gt_one_third_warning": false,
        "div_is_lowest_warning": false
      }
    },
    "naive": {
      "dds": 0.3333333333333333,
      "div": 0.3333333333333333,
      "sa": 0.3333333333333333
    }
  },
  "cifar10": {
    "22": {
      "sa": 0.2981085859791826,
      "div": 0.35808512244861823,
      "dds": 0.3438062915721991,
      "bias": -0.11703176330275382,
      "ridge_lambda": 0.01,
      "proxy_log": "",
      "dynamic_components": [
        "A",
        "C",
        "T"
      ],
      "dynamic_cache_path": "weights/dynamic_cache/cifar10/resnet18/22/200",
      "dynamic_component_cache_paths": {
        "A": "weights/dynamic_cache/cifar10/resnet18/22/200/A.npz",
        "C": "weights/dynamic_cache/cifar10/resnet18/22/200/C.npz",
        "T": "weights/dynamic_cache/cifar10/resnet18/22/200/T.npz"
      },
      "proxy_training_seed": 22,
      "proxy_log_seed_free": false,
      "dynamic_cache_seed_free": false,
      "output_seed": 22,
      "adapter_seed": 22,
      "diagnostics": {
        "dynamic_static_pearson": {
          "A": {
            "SA": -0.39585389267659166,
            "Div": 0.39489704283883065,
            "DDS": 0.2110543895473152
          },
          "C": {
            "SA": -0.030895819993135443,
            "Div": 0.14380041272670377,
            "DDS": 0.048182078659972545
          },
          "T": {
            "SA": 0.026451389104368978,
            "Div": -0.020682478800737383,
            "DDS": -0.020973361880468944
          }
        },
        "sa_gt_one_third_warning": false,
        "div_is_lowest_warning": false
      }
    },
    "42": {
      "sa": 0.3016569030078205,
      "div": 0.40565593445362097,
      "dds": 0.29268716253855864,
      "bias": -9.37845358890854e-11,
      "ridge_lambda": 1.0,
      "proxy_log": "weights/proxy_logs/cifar10/resnet18/42/200",
      "dynamic_components": [
        "A",
        "C",
        "T"
      ],
      "dynamic_cache_path": "weights/dynamic_cache/cifar10/resnet18/42/200",
      "dynamic_component_cache_paths": {
        "A": "weights/dynamic_cache/cifar10/resnet18/42/200/A.npz",
        "C": "weights/dynamic_cache/cifar10/resnet18/42/200/C.npz",
        "T": "weights/dynamic_cache/cifar10/resnet18/42/200/T.npz"
      },
      "proxy_training_seed": 42,
      "proxy_log_seed_free": false,
      "dynamic_cache_seed_free": false,
      "output_seed": 42,
      "adapter_seed": 42,
      "diagnostics": {
        "dynamic_static_pearson": {
          "A": {
            "SA": -0.416553640159473,
            "Div": 0.3944221759402948,
            "DDS": 0.22721750935883347
          },
          "C": {
            "SA": -0.029719372951555377,
            "Div": 0.12471790761929383,
            "DDS": 0.06701449292069096
          },
          "T": {
            "SA": 0.05455659065151134,
            "Div": -0.052969042050443754,
            "DDS": -0.029389684412248727
          }
        },
        "weight_solver": "positive_simplex_ridge_softmax",
        "weights_sum": 1.0,
        "weights_min": 0.29268716253855864,
        "sa_gt_one_third_warning": false,
        "div_is_lowest_warning": false
      }
    },
    "96": {
      "sa": 0.2981977204548542,
      "div": 0.35870031854280254,
      "dds": 0.34310196100234336,
      "bias": -0.12095377169647405,
      "ridge_lambda": 0.01,
      "proxy_log": "",
      "dynamic_components": [
        "A",
        "C",
        "T"
      ],
      "dynamic_cache_path": "weights/dynamic_cache/cifar10/resnet18/96/200",