{
  "cifar10": {
    "naive": {
      "dds": 0.3333333333333333,
      "div": 0.3333333333333333,
      "sa": 0.3333333333333333
    },
    "22": {
      "sa": 0.25966968813868485,
      "div": 0.3814929026842234,
      "dds": 0.35883740917709167,
      "bias": 0.08933287044384261,
      "ridge_lambda": 0.01,
      "proxy_log": "weights\\proxy_logs\\cifar10\\resnet18\\22\\100"
    },
    "42": {
      "sa": 0.26504678788807295,
      "div": 0.3754471815723807,
      "dds": 0.3595060305395464,
      "bias": 0.07574615051284005,
      "ridge_lambda": 0.01,
      "proxy_log": "weights\\proxy_logs\\cifar10\\resnet18\\42\\100"
    },
    "96": {
      "sa": 0.26114019779305914,
      "div": 0.3800519036719936,
      "dds": 0.3588078985349474,
      "bias": 0.07232118861374849,
      "ridge_lambda": 0.01,
      "proxy_log": "weights\\proxy_logs\\cifar10\\resnet18\\96\\100"
    }
  },
  "cifar100": {
    "naive": {
      "dds": 0.3333333333333333,
      "div": 0.3333333333333333,
      "sa": 0.3333333333333333
    },
    "22": {
      "sa": 0.2597541352512193,
      "div": 0.38636395954613045,
      "dds": 0.35388190520265034,
      "bias": 0.07181236036302309,
      "ridge_lambda": 0.01,
      "proxy_log": "weights\\proxy_logs\\cifar100\\resnet18\\22\\100"
    },
    "42": {
      "sa": 0.2598178177832074,
      "div": 0.38593686889221457,
      "dds": 0.3542453133245781,
      "bias": 0.06954895084910222,
      "ridge_lambda": 0.01,
      "proxy_log": "weights\\proxy_logs\\cifar100\\resnet18\\42\\100"
    },
    "96": {
      "sa": 0.25859299979351175,
      "div": 0.38826388099108866,
      "dds": 0.35314311921539954,
      "bias": 0.06417918009709683,
      "ridge_lambda": 0.01,
      "proxy_log": "weights\\proxy_logs\\cifar100\\resnet18\\96\\100"
    }
  },
  "tiny-imagenet": {
    "22": {
      "sa": 0.22132137730208545,
      "div": 0.40272782465449364,
      "dds": 0.3759507980434209,
      "bias": -0.014353466193466967,
      "ridge_lambda": 0.01,
      "proxy_log": "weights/proxy_logs/tiny-imagenet/resnet18/22/90"
    },
    "42": {
      "sa": 0.21866537867240646,
      "div": 0.40326444573687004,
      "dds": 0.3780701755907235,
      "bias": -0.009980476959981858,
      "ridge_lambda": 0.01,
      "proxy_log": "weights/proxy_logs/tiny-imagenet/resnet18/42/90"
    },
    "96": {
      "sa": 0.21970611961953151,
      "div": 0.4028094657224808,
      "dds": 0.37748441465798765,
      "bias": -0.01274506726246794,
      "ridge_lambda": 0.01,
      "proxy_log": "weights/proxy_logs/tiny-imagenet/resnet18/96/90"
    },
    "naive": {
      "dds": 0.3333333333333333,
      "div": 0.3333333333333333,
      "sa": 0.3333333333333333
    }
  }
}