{
  "cifar10": {
    "naive": {
      "dds": 1.0,
      "div": 1.0,
      "sa": 1.0
    },
    "22": {
      "sa": 0.4280492434304791,
      "div": 0.30992631476777704,
      "dds": 0.26202444180174383
    },
    "22_meta": {
      "raw_sa": 0.11513567796637952,
      "raw_div": 0.08336325064946655,
      "raw_dds": 0.07047871760928758,
      "bias": 0.2997263938951859,
      "ridge_lambda": 0.1,
      "proxy_log": "weights\\proxy_logs\\22\\cifar10_resnet18_2026_01_20_11_42.npz"
    },
    "42": {
      "sa": 0.43069232731025053,
      "div": 0.308569981569202,
      "dds": 0.26073769112054734
    },
    "42_meta": {
      "raw_sa": 0.11584489142222633,
      "raw_div": 0.08299719717387179,
      "raw_dds": 0.07013157096662982,
      "bias": 0.3095737997661895,
      "ridge_lambda": 0.1,
      "proxy_log": "weights\\proxy_logs\\42\\cifar10_resnet18_2026_01_20_12_14.npz"
    },
    "96": {
      "sa": 0.4298016340293989,
      "div": 0.3086726279435233,
      "dds": 0.26152573802707785
    },
    "96_meta": {
      "raw_sa": 0.11558692257884284,
      "raw_div": 0.0830115949393425,
      "raw_dds": 0.07033234134154755,
      "bias": 0.31136068993681654,
      "ridge_lambda": 0.1,
      "proxy_log": "weights\\proxy_logs\\96\\cifar10_resnet18_2026_01_20_12_44.npz"
    }
  }
}