{
  "cifar10": {
    "naive": {
      "dds": 1.0,
      "div": 1.0,
      "sa": 1.0
    },
    "learned": {
      "sa": 0.4128899820165735,
      "div": 0.20524432496572323,
      "dds": 0.3818656930177032
    },
    "learned_meta": {
      "raw_sa": 0.10982459326469507,
      "raw_div": 0.054592931509640404,
      "raw_dds": 0.10157244361459647,
      "bias": 0.30442091417823114,
      "ridge_lambda": 0.1,
      "proxy_log": "weights\\proxy_logs\\cifar10_resnet18_2026_01_12_14_31.npz"
    }
  }
}