{
  "cifar10": {
    "naive": {
      "dds": 1.0,
      "div": 1.0,
      "sa": 1.0
    },
    "22": {
      "sa": 0.26368118486827885,
      "div": 0.3771509015423337,
      "dds": 0.3591679135893875
    },
    "22_meta": {
      "raw_sa": 0.26368118486827885,
      "raw_div": 0.3771509015423337,
      "raw_dds": 0.3591679135893875,
      "bias": 0.09285470858944107,
      "ridge_lambda": 0.01,
      "proxy_log": "weights\\proxy_logs\\cifar10\\resnet18\\22\\100"
    },
    "42": {
      "sa": 0.40521944807297583,
      "div": 0.3273750561390463,
      "dds": 0.2674054957879779
    },
    "42_meta": {
      "raw_sa": 0.40521944807297583,
      "raw_div": 0.3273750561390463,
      "raw_dds": 0.2674054957879779,
      "bias": 0.13671591961485308,
      "ridge_lambda": 0.01,
      "proxy_log": "weights\\proxy_logs\\42\\cifar10_resnet18_2026_01_20_12_14.npz"
    },
    "96": {
      "sa": 0.4010645719903854,
      "div": 0.33001226210397117,
      "dds": 0.26892316590564347
    },
    "96_meta": {
      "raw_sa": 0.4010645719903854,
      "raw_div": 0.33001226210397117,
      "raw_dds": 0.26892316590564347,
      "bias": 0.13320849141449265,
      "ridge_lambda": 0.01,
      "proxy_log": "weights\\proxy_logs\\96\\cifar10_resnet18_2026_01_20_12_44.npz"
    }
  }
}