{
  "cifar10": {
    "naive": {
      "dds": 1.0,
      "div": 1.0,
      "sa": 1.0
    },
    "22": {
      "sa": 0.6293149045596228,
      "div": 0.2027496679031704,
      "dds": 0.16793542753720672
    },
    "22_meta": {
      "raw_sa": 0.26611840768934847,
      "raw_div": 0.08573675657609352,
      "raw_dds": 0.07101485797814489,
      "bias": 0.2818550647005275,
      "ridge_lambda": 0.01,
      "proxy_log": "weights\\proxy_logs\\22\\cifar10_resnet18_2026_01_20_11_42.npz"
    },
    "42": {
      "sa": 0.6269083301414454,
      "div": 0.20390941902263549,
      "dds": 0.16918225083591912
    },
    "42_meta": {
      "raw_sa": 0.26479641147783517,
      "raw_div": 0.08612819423143038,
      "raw_dds": 0.07145997389600274,
      "bias": 0.2669429449794513,
      "ridge_lambda": 0.01,
      "proxy_log": "weights\\proxy_logs\\42\\cifar10_resnet18_2026_01_20_12_14.npz"
    },
    "96": {
      "sa": 0.6176248758209221,
      "div": 0.20862393553446298,
      "dds": 0.17375118864461506
    },
    "96_meta": {
      "raw_sa": 0.26263412095938526,
      "raw_div": 0.08871366109947262,
      "raw_dds": 0.07388463852702382,
      "bias": 0.26548156064550926,
      "ridge_lambda": 0.01,
      "proxy_log": "weights\\proxy_logs\\96\\cifar10_resnet18_2026_01_20_12_44.npz"
    }
  }
}