{
  "cifar10": {
    "naive": {
      "dds": 1.0,
      "div": 1.0,
      "sa": 1.0
    },
    "22": {
      "sa": 0.8557261579946319,
      "div": 0.06378538343298344,
      "dds": 0.08048845857238462
    },
    "22_meta": {
      "raw_sa": 0.17710939586483884,
      "raw_div": 0.013201642393750063,
      "raw_dds": 0.016658673033034213,
      "bias": 0.4734240412885887,
      "ridge_lambda": 0.1,
      "proxy_log": "weights\\proxy_logs\\22\\cifar10_resnet18_2026_01_20_11_42.npz"
    },
    "42": {
      "sa": 0.8582772298643054,
      "div": 0.0578366743106107,
      "dds": 0.08388609582508391
    },
    "42_meta": {
      "raw_sa": 0.17754535765736032,
      "raw_div": 0.011964237974498197,
      "raw_dds": 0.017352885952827638,
      "bias": 0.45572223991585353,
      "ridge_lambda": 0.1,
      "proxy_log": "weights\\proxy_logs\\42\\cifar10_resnet18_2026_01_20_12_14.npz"
    },
    "96": {
      "sa": 0.842817383469662,
      "div": 0.06759094623448858,
      "dds": 0.08959167029584952
    },
    "96_meta": {
      "raw_sa": 0.17548357015141952,
      "raw_div": 0.014073156045158453,
      "raw_dds": 0.018653941491597728,
      "bias": 0.4463982797340753,
      "ridge_lambda": 0.1,
      "proxy_log": "weights\\proxy_logs\\96\\cifar10_resnet18_2026_01_20_12_44.npz"
    }
  }
}