{
  "cifar100": {
    "22": {
      "sa": 0.24711795483356788,
      "div": 0.39943798098410704,
      "dds": 0.35344406418232505,
      "bias": -0.031829089654899764,
      "ridge_lambda": 0.01,
      "proxy_log": "",
      "dynamic_components": [
        "A",
        "C",
        "T",
        "P"
      ],
      "dynamic_cache_path": "weights\\dynamic_cache\\cifar100\\resnet18\\200",
      "dynamic_component_cache_paths": {
        "A": "weights\\dynamic_cache\\cifar100\\resnet18\\200\\A.npz",
        "C": "weights\\dynamic_cache\\cifar100\\resnet18\\200\\C.npz",
        "T": "weights\\dynamic_cache\\cifar100\\resnet18\\200\\T.npz",
        "P": "weights\\dynamic_cache\\cifar100\\resnet18\\200\\P.npz"
      },
      "proxy_training_seed": 42,
      "proxy_log_seed_free": true,
      "dynamic_cache_seed_free": true,
      "output_seed": 22,
      "diagnostics": {
        "dynamic_static_pearson": {
          "A": {
            "SA": -0.44955585754841443,
            "Div": 0.4586879501701466,
            "DDS": 0.1319599997220357
          },
          "C": {
            "SA": -0.08092058809099784,
            "Div": 0.18507989234483133,
            "DDS": 0.10548103646243022
          },
          "T": {
            "SA": 0.01277783457084973,
            "Div": -0.009409252454940693,
            "DDS": 0.013389550221665355
          },
          "P": {
            "SA": -0.4686386601904152,
            "Div": 0.4707284771790361,
            "DDS": 0.12058478933275481
          }
        },
        "sa_gt_one_third_warning": false,
        "div_is_lowest_warning": false
      }
    },
    "42": {
      "sa": 0.25380834327683655,
      "div": 0.37998894856590737,
      "dds": 0.36620270815725603,
      "bias": -0.0252154233020268,
      "ridge_lambda": 0.01,
      "proxy_log": "",
      "dynamic_components": [
        "A",
        "C",
        "T",
        "P"
      ],
      "dynamic_cache_path": "weights\\dynamic_cache\\cifar100\\resnet18\\200",
      "dynamic_component_cache_paths": {
        "A": "weights\\dynamic_cache\\cifar100\\resnet18\\200\\A.npz",
        "C": "weights\\dynamic_cache\\cifar100\\resnet18\\200\\C.npz",
        "T": "weights\\dynamic_cache\\cifar100\\resnet18\\200\\T.npz",
        "P": "weights\\dynamic_cache\\cifar100\\resnet18\\200\\P.npz"
      },
      "proxy_training_seed": 42,
      "proxy_log_seed_free": true,
      "dynamic_cache_seed_free": true,
      "output_seed": 42,
      "diagnostics": {
        "dynamic_static_pearson": {
          "A": {
            "SA": -0.4397621934523132,
            "Div": 0.4590588051595535,
            "DDS": 0.24435527655280811
          },
          "C": {
            "SA": -0.07192285451907647,
            "Div": 0.19424651129311962,
            "DDS": 0.1288739131070213
          },
          "T": {
            "SA": 0.013549187133834111,
            "Div": -0.009142858778965651,
            "DDS": 0.00461745729872051
          },
          "P": {
            "SA": -0.46278106464472596,
            "Div": 0.47154685519469247,
            "DDS": 0.2490313778885905
          }
        },
        "sa_gt_one_third_warning": false,
        "div_is_lowest_warning": false
      }
    },
    "96": {
      "sa": 0.24642935904052346,
      "div": 0.39918935106389775,
      "dds": 0.3543812898955788,
      "bias": -0.029796845328077616,
      "ridge_lambda": 0.01,
      "proxy_log": "",
      "dynamic_components": [
        "A",
        "C",
        "T",
        "P"
      ],
      "dynamic_cache_path": "weights\\dynamic_cache\\cifar100\\resnet18\\200",
      "dynamic_component_cache_paths": {
        "A": "weights\\dynamic_cache\\cifar100\\resnet18\\200\\A.npz",
        "C": "weights\\dynamic_cache\\cifar100\\resnet18\\200\\C.npz",
        "T": "weights\\dynamic_cache\\cifar100\\resnet18\\200\\T.npz",
        "P": "weights\\dynamic_cache\\cifar100\\resnet18\\200\\P.npz"
      },
      "proxy_training_seed": 42,
      "proxy_log_seed_free": true,
      "dynamic_cache_seed_free": true,
      "output_seed": 96,
      "diagnostics": {
        "dynamic_static_pearson": {
          "A": {
            "SA": -0.4474690959163048,
            "Div": 0.45611242122722767,
            "DDS": 0.12875251927935785
          },
          "C": {
            "SA": -0.07549657362137223,
            "Div": 0.19097019465876539,
            "DDS": 0.09535018663948952
          },
          "T": {
            "SA": 0.015236833450569491,
            "Div": -0.008256460631652196,
            "DDS": 0.009749340661717046
          },
          "P": {
            "SA": -0.4691149805318208,
            "Div": 0.46968000336140436,
            "DDS": 0.11848895721032049
          }
        },
        "sa_gt_one_third_warning": false,
        "div_is_lowest_warning": false
      }
    },
    "naive": {
      "dds": 0.3333333333333333,
      "div": 0.3333333333333333,
      "sa": 0.3333333333333333
    }
  },
  "cifar10": {
    "22": {
      "sa": 0.276603556791902,
      "div": 0.37282372710295575,
      "dds": 0.3505727161051423,
      "bias": -0.15900376539497985,
      "ridge_lambda": 0.01,
      "proxy_log": "",
      "dynamic_components": [
        "A",
        "C",
        "T",
        "P"
      ],
      "dynamic_cache_path": "weights\\dynamic_cache\\cifar10\\resnet18\\200",
      "dynamic_component_cache_paths": {
        "A": "weights\\dynamic_cache\\cifar10\\resnet18\\200\\A.npz",
        "C": "weights\\dynamic_cache\\cifar10\\resnet18\\200\\C.npz",
        "T": "weights\\dynamic_cache\\cifar10\\resnet18\\200\\T.npz",
        "P": "weights\\dynamic_cache\\cifar10\\resnet18\\200\\P.npz"
      },
      "proxy_training_seed": 42,
      "proxy_log_seed_free": true,
      "dynamic_cache_seed_free": true,
      "output_seed": 22,
      "diagnostics": {
        "dynamic_static_pearson": {
          "A": {
            "SA": -0.3969787397692528,
            "Div": 0.39629835747474845,
            "DDS": 0.21118566280704074
          },
          "C": {
            "SA": -0.03376261452431175,
            "Div": 0.1437995813385312,
            "DDS": 0.053876473173005576
          },
          "T": {
            "SA": 0.04936912671041495,
            "Div": -0.02861938267162165,
            "DDS": -0.03320128115802776
          },
          "P": {
            "SA": -0.4209417831706359,
            "Div": 0.38738976472606906,
            "DDS": 0.22783589618582098
          }
        },
        "sa_gt_one_third_warning": false,
        "div_is_lowest_warning": false
      }
    },
    "42": {
      "sa": 0.27604896257688444,
      "div": 0.37242749391657193,
      "dds": 0.3515235435065435,
      "bias": -0.15668507807552318,
      "ridge_lambda": 0.01,
      "proxy_log": "",
      "dynamic_components": [
        "A",
        "C",
        "T",
        "P"
      ],
      "dynamic_cache_path": "weights\\dynamic_cache\\cifar10\\resnet18\\200",
      "dynamic_component_cache_paths": {
        "A": "weights\\dynamic_cache\\cifar10\\resnet18\\200\\A.npz",
        "C": "weights\\dynamic_cache\\cifar10\\resnet18\\200\\C.npz",
        "T": "weights\\dynamic_cache\\cifar10\\resnet18\\200\\T.npz",
        "P": "weights\\dynamic_cache\\cifar10\\resnet18\\200\\P.npz"
      },
      "proxy_training_seed": 42,
      "proxy_log_seed_free": true,
      "dynamic_cache_seed_free": true,
      "output_seed": 42,
      "diagnostics": {
        "dynamic_static_pearson": {
          "A": {
            "SA": -0.3987519328780456,
            "Div": 0.40472723818188744,
            "DDS": 0.21660836940808065
          },
          "C": {
            "SA": -0.0222281364921499,
            "Div": 0.14512627632141517,
            "DDS": 0.0544269689223832
          },
          "T": {
            "SA": 0.054751368537155023,
            "Div": -0.034246947062713924,
            "DDS": -0.03462837222923895
          },
          "P": {
            "SA": -0.4247967621558779,
            "Div": 0.39480210270266064,