{
  "cifar100": {
    "22": {
      "sa": 0.25271968836502046,
      "div": 0.3798318367135304,
      "dds": 0.36744847492144916,
      "bias": -0.025071205464570208,
      "ridge_lambda": 0.01,
      "proxy_log": "weights/proxy_logs/cifar100/resnet18/200",
      "dynamic_components": [
        "A",
        "C",
        "T",
        "P"
      ],
      "dynamic_cache_path": "weights/dynamic_cache/cifar100/resnet18/200",
      "dynamic_component_cache_paths": {
        "A": "weights/dynamic_cache/cifar100/resnet18/200/A.npz",
        "C": "weights/dynamic_cache/cifar100/resnet18/200/C.npz",
        "T": "weights/dynamic_cache/cifar100/resnet18/200/T.npz",
        "P": "weights/dynamic_cache/cifar100/resnet18/200/P.npz"
      },
      "proxy_training_seed": 42,
      "proxy_log_seed_free": true,
      "dynamic_cache_seed_free": true,
      "output_seed": 22,
      "diagnostics": {
        "dynamic_static_pearson": {
          "A": {
            "SA": -0.44922546345494313,
            "Div": 0.458734079243009,
            "DDS": 0.24219606916464728
          },
          "C": {
            "SA": -0.0807428269383288,
            "Div": 0.1851343629609451,
            "DDS": 0.1416051937491376
          },
          "T": {
            "SA": 0.012815755608722789,
            "Div": -0.009443712595620608,
            "DDS": 0.012738051048727146
          },
          "P": {
            "SA": -0.4684251848542814,
            "Div": 0.47077461003031207,
            "DDS": 0.24613759345039402
          }
        },
        "sa_gt_one_third_warning": false,
        "div_is_lowest_warning": false
      }
    },
    "42": {
      "sa": 0.25380157189343183,
      "div": 0.3799393181832971,
      "dds": 0.3662591099232711,
      "bias": -0.025240382270704798,
      "ridge_lambda": 0.01,
      "proxy_log": "weights/proxy_logs/cifar100/resnet18/200",
      "dynamic_components": [
        "A",
        "C",
        "T",
        "P"
      ],
      "dynamic_cache_path": "weights/dynamic_cache/cifar100/resnet18/200",
      "dynamic_component_cache_paths": {
        "A": "weights/dynamic_cache/cifar100/resnet18/200/A.npz",
        "C": "weights/dynamic_cache/cifar100/resnet18/200/C.npz",
        "T": "weights/dynamic_cache/cifar100/resnet18/200/T.npz",
        "P": "weights/dynamic_cache/cifar100/resnet18/200/P.npz"
      },
      "proxy_training_seed": 42,
      "proxy_log_seed_free": true,
      "dynamic_cache_seed_free": true,
      "output_seed": 42,
      "diagnostics": {
        "dynamic_static_pearson": {
          "A": {
            "SA": -0.439522028779665,
            "Div": 0.45901878385625733,
            "DDS": 0.24463891414466815
          },
          "C": {
            "SA": -0.07168107802703118,
            "Div": 0.1942592749905315,
            "DDS": 0.12914975219666328
          },
          "T": {
            "SA": 0.01357705988098619,
            "Div": -0.009163675532914906,
            "DDS": 0.004620445171747697
          },
          "P": {
            "SA": -0.4626319797690918,
            "Div": 0.4715343393248549,
            "DDS": 0.2493199691802353
          }
        },
        "sa_gt_one_third_warning": false,
        "div_is_lowest_warning": false
      }
    },
    "96": {
      "sa": 0.24678702467458902,
      "div": 0.3986596254687035,
      "dds": 0.3545533498567076,
      "bias": -0.03314990291743363,
      "ridge_lambda": 0.01,
      "proxy_log": "",
      "dynamic_components": [
        "A",
        "C",
        "T",
        "P"
      ],
      "dynamic_cache_path": "weights/dynamic_cache/cifar100/resnet18/200",
      "dynamic_component_cache_paths": {
        "A": "weights/dynamic_cache/cifar100/resnet18/200/A.npz",
        "C": "weights/dynamic_cache/cifar100/resnet18/200/C.npz",
        "T": "weights/dynamic_cache/cifar100/resnet18/200/T.npz",
        "P": "weights/dynamic_cache/cifar100/resnet18/200/P.npz"
      },
      "proxy_training_seed": 42,
      "proxy_log_seed_free": true,
      "dynamic_cache_seed_free": true,
      "output_seed": 96,
      "diagnostics": {
        "dynamic_static_pearson": {
          "A": {
            "SA": -0.4471119998518612,
            "Div": 0.45659141872002496,
            "DDS": 0.1299178202962811
          },
          "C": {
            "SA": -0.077350939822218,
            "Div": 0.19159621796611792,
            "DDS": 0.09702562221555891
          },
          "T": {
            "SA": 0.027539254277195228,
            "Div": -0.016654583898162975,
            "DDS": 0.0109924390592856
          },
          "P": {
            "SA": -0.4693204275341123,
            "Div": 0.4712892472345483,
            "DDS": 0.11952876829338939
          }
        },
        "sa_gt_one_third_warning": false,
        "div_is_lowest_warning": false
      }
    },
    "naive": {
      "dds": 0.3333333333333333,
      "div": 0.3333333333333333,
      "sa": 0.3333333333333333
    }
  },
  "cifar10": {
    "22": {
      "sa": 0.2766753158127604,
      "div": 0.3724935820405507,
      "dds": 0.35083110214668894,
      "bias": -0.15764598394465912,
      "ridge_lambda": 0.01,
      "proxy_log": "weights/proxy_logs/cifar10/resnet18/200",
      "dynamic_components": [
        "A",
        "C",
        "T",
        "P"
      ],
      "dynamic_cache_path": "weights/dynamic_cache/cifar10/resnet18/200",
      "dynamic_component_cache_paths": {
        "A": "weights/dynamic_cache/cifar10/resnet18/200/A.npz",
        "C": "weights/dynamic_cache/cifar10/resnet18/200/C.npz",
        "T": "weights/dynamic_cache/cifar10/resnet18/200/T.npz",
        "P": "weights/dynamic_cache/cifar10/resnet18/200/P.npz"
      },
      "proxy_training_seed": 42,
      "proxy_log_seed_free": true,
      "dynamic_cache_seed_free": true,
      "output_seed": 22,
      "diagnostics": {
        "dynamic_static_pearson": {
          "A": {
            "SA": -0.3946204981417922,
            "Div": 0.3942681121624368,
            "DDS": 0.21310831373268158
          },
          "C": {
            "SA": -0.03501305224922103,
            "Div": 0.1472373998976623,
            "DDS": 0.05445560824386637
          },
          "T": {
            "SA": 0.04412468750849762,
            "Div": -0.03433228488164503,
            "DDS": -0.031186639973971413
          },
          "P": {
            "SA": -0.42533987036922816,
            "Div": 0.3898095617207183,
            "DDS": 0.2301746120691406
          }
        },
        "sa_gt_one_third_warning": false,
        "div_is_lowest_warning": false
      }
    },
    "42": {
      "sa": 0.276188137973607,
      "div": 0.37232431839234337,
      "dds": 0.3514875436340496,
      "bias": -0.1553780879445798,
      "ridge_lambda": 0.01,
      "proxy_log": "weights/proxy_logs/cifar10/resnet18/200",
      "dynamic_components": [
        "A",
        "C",
        "T",
        "P"
      ],
      "dynamic_cache_path": "weights/dynamic_cache/cifar10/resnet18/200",
      "dynamic_component_cache_paths": {
        "A": "weights/dynamic_cache/cifar10/resnet18/200/A.npz",
        "C": "weights/dynamic_cache/cifar10/resnet18/200/C.npz",
        "T": "weights/dynamic_cache/cifar10/resnet18/200/T.npz",
        "P": "weights/dynamic_cache/cifar10/resnet18/200/P.npz"
      },
      "proxy_training_seed": 42,
      "proxy_log_seed_free": true,
      "dynamic_cache_seed_free": true,
      "output_seed": 42,
      "diagnostics": {
        "dynamic_static_pearson": {
          "A": {
            "SA": -0.39589474964309906,
            "Div": 0.40258767075940083,
            "DDS": 0.21687789657667364
          },
          "C": {
            "SA": -0.02389455901898588,
            "Div": 0.14893752515664885,
            "DDS": 0.05529280375012614
          },
          "T": {
            "SA": 0.048746538228055185,
            "Div": -0.03623701393731805,
            "DDS": -0.03564691507897688
          },
          "P": {
            "SA": -0.4291433970495761,
            "Div": 0.3975809951500351,