{
  "cifar10": {
    "naive": {
      "dds": 0.3333333333333333,
      "div": 0.3333333333333333,
      "sa": 0.3333333333333333
    },
    "22": {
      "sa": 0.43596388053667423,
      "div": 0.26295095447756756,
      "dds": 0.30108516498575827,
      "bias": 0.1827932190889812,
      "ridge_lambda": 0.01,
      "proxy_log": "weights\\proxy_logs\\cifar10\\resnet18\\22\\100",
      "dynamic_version": "v2",
      "dynamic_components": [
        "A",
        "C",
        "G",
        "D"
      ],
      "dynamic_cache_path": "weights\\dynamic_cache\\cifar10\\22\\dynamic_components_v2.npz"
    },
    "42": {
      "sa": 0.444858874021801,
      "div": 0.25023992737663325,
      "dds": 0.30490119860156584,
      "bias": 0.1930079440374521,
      "ridge_lambda": 0.01,
      "proxy_log": "weights\\proxy_logs\\cifar10\\resnet18\\42\\100",
      "dynamic_version": "v2",
      "dynamic_components": [
        "A",
        "C",
        "G",
        "D"
      ],
      "dynamic_cache_path": "weights\\dynamic_cache\\cifar10\\42\\dynamic_components_v2.npz"
    },
    "96": {
      "sa": 0.4376275627551627,
      "div": 0.25120444143179976,
      "dds": 0.3111679958130376,
      "bias": 0.19007865930176168,
      "ridge_lambda": 0.01,
      "proxy_log": "weights\\proxy_logs\\cifar10\\resnet18\\96\\100",
      "dynamic_version": "v2",
      "dynamic_components": [
        "A",
        "C",
        "G",
        "D"
      ],
      "dynamic_cache_path": "weights\\dynamic_cache\\cifar10\\96\\dynamic_components_v2.npz"
    }
  },
  "cifar100": {
    "naive": {
      "dds": 0.3333333333333333,
      "div": 0.3333333333333333,
      "sa": 0.3333333333333333
    },
    "22": {
      "sa": 0.4713654879333516,
      "div": 0.19565297550300792,
      "dds": 0.33298153656364055,
      "bias": 0.02647635230492457,
      "ridge_lambda": 0.01,
      "proxy_log": "weights\\proxy_logs\\cifar100\\resnet18\\22\\100",
      "dynamic_version": "v2",
      "dynamic_components": [
        "A",
        "C",
        "G",
        "D"
      ],
      "dynamic_cache_path": "weights\\dynamic_cache\\cifar100\\22\\dynamic_components_v2.npz"
    },
    "42": {
      "sa": 0.5261427676832899,
      "div": 0.19833318189295587,
      "dds": 0.27552405042375416,
      "bias": 0.02410592901503803,
      "ridge_lambda": 0.01,
      "proxy_log": "weights\\proxy_logs\\cifar100\\resnet18\\42\\100",
      "dynamic_version": "v2",
      "dynamic_components": [
        "A",
        "C",
        "G",
        "D"
      ],
      "dynamic_cache_path": "weights\\dynamic_cache\\cifar100\\42\\dynamic_components_v2.npz"
    },
    "96": {
      "sa": 0.5273880137897904,
      "div": 0.19746515011581334,
      "dds": 0.27514683609439633,
      "bias": 0.023888954840789716,
      "ridge_lambda": 0.01,
      "proxy_log": "weights\\proxy_logs\\cifar100\\resnet18\\96\\100",
      "dynamic_version": "v2",
      "dynamic_components": [
        "A",
        "C",
        "G",
        "D"
      ],
      "dynamic_cache_path": "weights\\dynamic_cache\\cifar100\\96\\dynamic_components_v2.npz"
    }
  },
  "tiny-imagenet": {
    "22": {
      "sa": 0.22132137730208545,
      "div": 0.40272782465449364,
      "dds": 0.3759507980434209,
      "bias": -0.014353466193466967,
      "ridge_lambda": 0.01,
      "proxy_log": "weights/proxy_logs/tiny-imagenet/resnet18/22/90"
    },
    "42": {
      "sa": 0.21866537867240646,
      "div": 0.40326444573687004,
      "dds": 0.3780701755907235,
      "bias": -0.009980476959981858,
      "ridge_lambda": 0.01,
      "proxy_log": "weights/proxy_logs/tiny-imagenet/resnet18/42/90"
    },
    "96": {
      "sa": 0.21970611961953151,
      "div": 0.4028094657224808,
      "dds": 0.37748441465798765,
      "bias": -0.01274506726246794,
      "ridge_lambda": 0.01,
      "proxy_log": "weights/proxy_logs/tiny-imagenet/resnet18/96/90"
    },
    "naive": {
      "dds": 0.3333333333333333,
      "div": 0.3333333333333333,
      "sa": 0.3333333333333333
    }
  }
}