{
  "cifar10": {
    "naive": {
      "dds": 1.0,
      "div": 1.0,
      "sa": 1.0
    },
    "22": {
      "sa": 0.4478350386239139,
      "div": 0.30360151023386134,
      "dds": 0.24856345114222483
    },
    "22_meta": {
      "raw_sa": 0.4478350386239139,
      "raw_div": 0.30360151023386134,
      "raw_dds": 0.24856345114222483,
      "bias": 0.02432688723563009,
      "ridge_lambda": 0.01,
      "proxy_log": "weights\\proxy_logs\\22\\cifar10_resnet18_2026_01_20_11_42.npz"
    },
    "42": {
      "sa": 0.44663617864749033,
      "div": 0.304078095882967,
      "dds": 0.2492857254695426
    },
    "42_meta": {
      "raw_sa": 0.44663617864749033,
      "raw_div": 0.304078095882967,
      "raw_dds": 0.2492857254695426,
      "bias": 0.008269590999811373,
      "ridge_lambda": 0.01,
      "proxy_log": "weights\\proxy_logs\\42\\cifar10_resnet18_2026_01_20_12_14.npz"
    },
    "96": {
      "sa": 0.44371868759111693,
      "div": 0.30563286586304533,
      "dds": 0.2506484465458378
    },
    "96_meta": {
      "raw_sa": 0.44371868759111693,
      "raw_div": 0.30563286586304533,
      "raw_dds": 0.2506484465458378,
      "bias": 0.009531127207786937,
      "ridge_lambda": 0.01,
      "proxy_log": "weights\\proxy_logs\\96\\cifar10_resnet18_2026_01_20_12_44.npz"
    }
  }
}