{
  "cifar10": {
    "naive": {
      "dds": 1.0,
      "div": 1.0,
      "sa": 1.0
    },
    "22": {
      "sa": 0.6140085414427209,
      "div": 0.2155765283039199,
      "dds": 0.17041493025335935
    },
    "22_meta": {
      "raw_sa": 0.2613437205469938,
      "raw_div": 0.09175698409206332,
      "raw_dds": 0.07253461296242261,
      "bias": 0.29144422045980006,
      "ridge_lambda": 0.01,
      "proxy_log": "weights\\proxy_logs\\22\\cifar10_resnet18_2026_01_20_11_42.npz"
    },
    "42": {
      "sa": 0.613743135110841,
      "div": 0.21395164298950511,
      "dds": 0.17230522189965378
    },
    "42_meta": {
      "raw_sa": 0.2609616000894841,
      "raw_div": 0.09097154803406791,
      "raw_dds": 0.07326362420752235,
      "bias": 0.2763917183212659,
      "ridge_lambda": 0.01,
      "proxy_log": "weights\\proxy_logs\\42\\cifar10_resnet18_2026_01_20_12_14.npz"
    },
    "96": {
      "sa": 0.6067944828338727,
      "div": 0.21768349610327492,
      "dds": 0.17552202106285245
    },
    "96_meta": {
      "raw_sa": 0.2590249110944733,
      "raw_div": 0.09292346885151563,
      "raw_dds": 0.07492582280675555,
      "bias": 0.27483229669913145,
      "ridge_lambda": 0.01,
      "proxy_log": "weights\\proxy_logs\\96\\cifar10_resnet18_2026_01_20_12_44.npz"
    }
  }
}