{
  "cifar10": {
    "naive": {
      "dds": 0.3333333333333333,
      "div": 0.3333333333333333,
      "sa": 0.3333333333333333
    },
    "22": {
      "sa": 0.25966968813868485,
      "div": 0.3814929026842234,
      "dds": 0.35883740917709167,
      "bias": 0.08933287044384261,
      "ridge_lambda": 0.01,
      "proxy_log": "weights\\proxy_logs\\cifar10\\resnet18\\22\\100"
    },
    "42": {
      "sa": 0.26504678788807295,
      "div": 0.3754471815723807,
      "dds": 0.3595060305395464,
      "bias": 0.07574615051284005,
      "ridge_lambda": 0.01,
      "proxy_log": "weights\\proxy_logs\\cifar10\\resnet18\\42\\100"
    },
    "96": {
      "sa": 0.26114019779305914,
      "div": 0.3800519036719936,
      "dds": 0.3588078985349474,
      "bias": 0.07232118861374849,
      "ridge_lambda": 0.01,
      "proxy_log": "weights\\proxy_logs\\cifar10\\resnet18\\96\\100"
    }
  },
  "cifar100": {
    "naive": {
      "dds": 0.3333333333333333,
      "div": 0.3333333333333333,
      "sa": 0.3333333333333333
    }
  }
}