{
  "cifar10": {
    "naive": {
      "dds": 1.0,
      "div": 1.0,
      "sa": 1.0
    },
    "learned": {
      "sa": 0.44929767594044606,
      "div": 0.0,
      "dds": 0.5507023240595539
    },
    "learned_meta": {
      "raw_sa": 0.018395587870403237,
      "raw_div": -0.0055235548861742,
      "raw_dds": 0.022547396826543095,
      "bias": 0.4293368396888184,
      "ridge_lambda": 0.01,
      "proxy_log": "weights\\proxy_logs\\cifar10_resnet18_2026_01_12_14_31.npz"
    }
  }
}