{
  "cifar10": {
    "naive": {
      "dds": 1.0,
      "div": 1.0,
      "sa": 1.0
    },
    "22": {
      "sa": 0.7366976845677986,
      "div": 0.12155952651027475,
      "dds": 0.14174278892192665
    },
    "22_meta": {
      "raw_sa": 0.164432088409071,
      "raw_div": 0.027132278584300038,
      "raw_dds": 0.03163721467786638,
      "bias": 0.5630002056909589,
      "ridge_lambda": 0.1,
      "proxy_log": "weights\\proxy_logs\\22\\cifar10_resnet18_2026_01_20_11_42.npz"
    },
    "42": {
      "sa": 0.7306195319687477,
      "div": 0.12191026524725602,
      "dds": 0.1474702027839962
    },
    "42_meta": {
      "raw_sa": 0.16434252772054123,
      "raw_div": 0.027421989515977935,
      "raw_dds": 0.0331713358711842,
      "bias": 0.5424521861290464,
      "ridge_lambda": 0.1,
      "proxy_log": "weights\\proxy_logs\\42\\cifar10_resnet18_2026_01_20_12_14.npz"
    },
    "96": {
      "sa": 0.7174391553355904,
      "div": 0.1304278358953136,
      "dds": 0.15213300876909594
    },
    "96_meta": {
      "raw_sa": 0.16251342217467135,
      "raw_div": 0.02954435062617826,
      "raw_dds": 0.034460979299673566,
      "bias": 0.5293053831631608,
      "ridge_lambda": 0.1,
      "proxy_log": "weights\\proxy_logs\\96\\cifar10_resnet18_2026_01_20_12_44.npz"
    }
  }
}