{
  "cifar10": {
    "naive": {
      "dds": 0.3333333333333333,
      "div": 0.3333333333333333,
      "sa": 0.3333333333333333
    },
    "22": {
      "sa": 0.25966968813868485,
      "div": 0.3814929026842234,
      "dds": 0.35883740917709167,
      "bias": 0.08933287044384261,
      "ridge_lambda": 0.01,
      "proxy_log": "weights\\proxy_logs\\cifar10\\resnet18\\22\\100"
    },
    "42": {
      "sa": 0.40521944807297583,
      "div": 0.3273750561390463,
      "dds": 0.2674054957879779,
      "bias": 0.13671591961485308,
      "ridge_lambda": 0.01,
      "proxy_log": "weights\\proxy_logs\\42\\cifar10_resnet18_2026_01_20_12_14.npz"
    },
    "96": {
      "sa": 0.4010645719903854,
      "div": 0.33001226210397117,
      "dds": 0.26892316590564347,
      "bias": 0.13320849141449265,
      "ridge_lambda": 0.01,
      "proxy_log": "weights\\proxy_logs\\96\\cifar10_resnet18_2026_01_20_12_44.npz"
    }
  }
}