{
  "cifar100": {
    "22": {
      "sa": 0.38200354024594935,
      "div": 0.41296233170445207,
      "dds": 0.2050341280495986,
      "bias": 0.0004172730084228597,
      "method_version": "softplus_ratio",
      "ratio_lambda": 0.005,
      "proxy_log": "weights/proxy_logs/cifar100/resnet18/22/200",
      "dynamic_components": [
        "A",
        "C",
        "T"
      ],
      "dynamic_cache_path": "weights/dynamic_cache/cifar100/resnet18/22/160",
      "dynamic_component_cache_paths": {
        "A": "weights/dynamic_cache/cifar100/resnet18/22/160/A.npz",
        "C": "weights/dynamic_cache/cifar100/resnet18/22/160/C.npz",
        "T": "weights/dynamic_cache/cifar100/resnet18/22/160/T.npz"
      },
      "proxy_training_seed": 22,
      "proxy_log_seed_free": false,
      "dynamic_cache_seed_free": false,
      "output_seed": 22,
      "adapter_seed": 22,
      "diagnostics": {
        "dynamic_static_pearson": {
          "A": {
            "SA": 0.030425188056160565,
            "Div": 0.02716392769088824,
            "DDS": -0.0437183272080244
          },
          "C": {
            "SA": -0.018816471390921942,
            "Div": 0.10893572567567801,
            "DDS": 0.08139061273275593
          },
          "T": {
            "SA": 0.0370420091802954,
            "Div": -0.03030022776099,
            "DDS": -0.001207635007363394
          }
        },
        "weight_solver": "softplus_ratio_no_simplex",
        "method_version": "softplus_ratio",
        "raw_weights": [
          0.15500461973032523,
          0.1675666909986858,
          0.08319618459453228
        ],
        "mse": 0.9840047021303774,
        "ratio_regularizer": 0.07550185067593218,
        "iterations": 5318,
        "weights_sum": 1.0,
        "weights_min": 0.2050341280495986,
        "sa_gt_one_third_warning": true,
        "div_is_lowest_warning": false
      }
    },
    "42": {
      "sa": 0.3718600312566769,
      "div": 0.4161153577711759,
      "dds": 0.21202461097214717,
      "bias": -0.0003713862470695627,
      "method_version": "softplus_ratio",
      "ratio_lambda": 0.005,
      "proxy_log": "weights/proxy_logs/cifar100/resnet18/42/200",
      "dynamic_components": [
        "A",
        "C",
        "T"
      ],
      "dynamic_cache_path": "weights/dynamic_cache/cifar100/resnet18/42/160",
      "dynamic_component_cache_paths": {
        "A": "weights/dynamic_cache/cifar100/resnet18/42/160/A.npz",
        "C": "weights/dynamic_cache/cifar100/resnet18/42/160/C.npz",
        "T": "weights/dynamic_cache/cifar100/resnet18/42/160/T.npz"
      },
      "proxy_training_seed": 42,
      "proxy_log_seed_free": false,
      "dynamic_cache_seed_free": false,
      "output_seed": 42,
      "adapter_seed": 42,
      "diagnostics": {
        "dynamic_static_pearson": {
          "A": {
            "SA": 0.03405772863265166,
            "Div": 0.023917531511658575,
            "DDS": -0.040934723493828075
          },
          "C": {
            "SA": -0.023570181091251873,
            "Div": 0.11572159554709928,
            "DDS": 0.07885857101453723
          },
          "T": {
            "SA": 0.028589744758773652,
            "Div": -0.0261996488540978,
            "DDS": 0.006473628332618345
          }
        },
        "weight_solver": "softplus_ratio_no_simplex",
        "method_version": "softplus_ratio",
        "raw_weights": [
          0.15240024779696718,
          0.17053750956277908,
          0.08689453163872558
        ],
        "mse": 0.9834914053410103,
        "ratio_regularizer": 0.06915150168789656,
        "iterations": 5288,
        "weights_sum": 1.0,
        "weights_min": 0.21202461097214717,
        "sa_gt_one_third_warning": true,
        "div_is_lowest_warning": false
      }
    },
    "96": {
      "sa": 0.3761215943982136,
      "div": 0.42256858182810164,
      "dds": 0.2013098237736848,
      "bias": -0.00032795542741957136,
      "method_version": "softplus_ratio",
      "ratio_lambda": 0.005,
      "proxy_log": "weights/proxy_logs/cifar100/resnet18/96/200",
      "dynamic_components": [
        "A",
        "C",
        "T"
      ],
      "dynamic_cache_path": "weights/dynamic_cache/cifar100/resnet18/96/160",
      "dynamic_component_cache_paths": {
        "A": "weights/dynamic_cache/cifar100/resnet18/96/160/A.npz",
        "C": "weights/dynamic_cache/cifar100/resnet18/96/160/C.npz",
        "T": "weights/dynamic_cache/cifar100/resnet18/96/160/T.npz"
      },
      "proxy_training_seed": 96,
      "proxy_log_seed_free": false,
      "dynamic_cache_seed_free": false,
      "output_seed": 96,
      "adapter_seed": 96,
      "diagnostics": {
        "dynamic_static_pearson": {
          "A": {
            "SA": 0.033687522517929884,
            "Div": 0.021090173675842108,
            "DDS": -0.04392413773493347
          },
          "C": {
            "SA": -0.01687722450845287,
            "Div": 0.10915350972383586,
            "DDS": 0.0754032663636624
          },
          "T": {
            "SA": 0.025319680816718315,
            "Div": -0.012856442498170159,
            "DDS": 0.0015357488541546845
          }
        },
        "weight_solver": "softplus_ratio_no_simplex",
        "method_version": "softplus_ratio",
        "raw_weights": [
          0.15490848909538948,
          0.17403802792792689,
          0.08291095514134283
        ],
        "mse": 0.9833810651592022,
        "ratio_regularizer": 0.08166003040197392,
        "iterations": 5103,
        "weights_sum": 1.0,
        "weights_min": 0.2013098237736848,
        "sa_gt_one_third_warning": true,
        "div_is_lowest_warning": false
      }
    },
    "naive": {
      "dds": 0.3333333333333333,
      "div": 0.3333333333333333,
      "sa": 0.3333333333333333,
      "method_version": "softplus_ratio"
    }
  },
  "cifar10": {
    "22": {
      "sa": 0.2749941429373078,
      "div": 0.5532277484743622,
      "dds": 0.17177810858833012,
      "bias": -0.00047999423984718375,
      "method_version": "softplus_ratio",
      "ratio_lambda": 0.005,
      "proxy_log": "weights/proxy_logs/cifar10/resnet18/22/200",
      "dynamic_components": [
        "A",
        "C",
        "T"
      ],
      "dynamic_cache_path": "weights/dynamic_cache/cifar10/resnet18/22/160",
      "dynamic_component_cache_paths": {
        "A": "weights/dynamic_cache/cifar10/resnet18/22/160/A.npz",
        "C": "weights/dynamic_cache/cifar10/resnet18/22/160/C.npz",
        "T": "weights/dynamic_cache/cifar10/resnet18/22/160/T.npz"
      },
      "proxy_training_seed": 22,
      "proxy_log_seed_free": false,
      "dynamic_cache_seed_free": false,
      "output_seed": 22,
      "adapter_seed": 22,
      "diagnostics": {
        "dynamic_static_pearson": {
          "A": {
            "SA": -0.25419795297914344,
            "Div": 0.2668237999990269,
            "DDS": 0.09573960723855199
          },
          "C": {
            "SA": -0.0007643630540260416,
            "Div": 0.08868108306586465,
            "DDS": 0.04344930537894774
          },
          "T": {
            "SA": 0.05207597966509906,
            "Div": -0.041858024517387286,
            "DDS": -0.02301256747933563
          }
        },
        "weight_solver": "softplus_ratio_no_simplex",
        "method_version": "softplus_ratio",
        "raw_weights": [
          0.12892509201923547,
          0.25936893643553716,
          0.08053447328036208
        ],
        "mse": 0.9643689472927252,
        "ratio_regularizer": 0.2335484506196816,
        "iterations": 5275,
        "weights_sum": 1.0,
        "weights_min": 0.17177810858833012,
        "sa_gt_one_third_warning": false,
        "div_is_lowest_warning": false
      }
    },
    "42": {
      "sa": 0.27883805496472547,
      "div": 0.5536288419071889,
      "dds": 0.16753310312808573,
      "bias": 0.00045569165518954626,
      "method_version": "softplus_ratio",
      "ratio_lambda": 0.005,