{
  "cifar100": {
    "22": {
      "sa": 0.2760076587884769,
      "div": 0.37343350677478837,
      "dds": 0.35055883443673475,
      "bias": -0.035030971187536696,
      "ridge_lambda": 0.01,
      "proxy_log": "",
      "dynamic_components": [
        "A",
        "C",
        "T"
      ],
      "dynamic_cache_path": "weights/dynamic_cache/cifar100/resnet18/22/200",
      "dynamic_component_cache_paths": {
        "A": "weights/dynamic_cache/cifar100/resnet18/22/200/A.npz",
        "C": "weights/dynamic_cache/cifar100/resnet18/22/200/C.npz",
        "T": "weights/dynamic_cache/cifar100/resnet18/22/200/T.npz"
      },
      "proxy_training_seed": 22,
      "proxy_log_seed_free": false,
      "dynamic_cache_seed_free": false,
      "output_seed": 22,
      "adapter_seed": 22,
      "diagnostics": {
        "dynamic_static_pearson": {
          "A": {
            "SA": -0.44828215595162263,
            "Div": 0.45733395101722085,
            "DDS": 0.13093028539441634
          },
          "C": {
            "SA": -0.0771304974032051,
            "Div": 0.18040004995754727,
            "DDS": 0.11041280409086597
          },
          "T": {
            "SA": 0.019201758469610756,
            "Div": -0.016473161757921,
            "DDS": 0.006916375790793467
          }
        },
        "sa_gt_one_third_warning": false,
        "div_is_lowest_warning": false
      }
    },
    "42": {
      "sa": 0.27681879687830563,
      "div": 0.372265292944162,
      "dds": 0.3509159101775323,
      "bias": -0.03605852153926829,
      "ridge_lambda": 0.01,
      "proxy_log": "",
      "dynamic_components": [
        "A",
        "C",
        "T"
      ],
      "dynamic_cache_path": "weights/dynamic_cache/cifar100/resnet18/42/200",
      "dynamic_component_cache_paths": {
        "A": "weights/dynamic_cache/cifar100/resnet18/42/200/A.npz",
        "C": "weights/dynamic_cache/cifar100/resnet18/42/200/C.npz",
        "T": "weights/dynamic_cache/cifar100/resnet18/42/200/T.npz"
      },
      "proxy_training_seed": 42,
      "proxy_log_seed_free": false,
      "dynamic_cache_seed_free": false,
      "output_seed": 42,
      "adapter_seed": 42,
      "diagnostics": {
        "dynamic_static_pearson": {
          "A": {
            "SA": -0.439585662053804,
            "Div": 0.4595521719422771,
            "DDS": 0.13396283966605496
          },
          "C": {
            "SA": -0.07234401943886722,
            "Div": 0.19456322677975355,
            "DDS": 0.10078567174721471
          },
          "T": {
            "SA": 0.02383057452193156,
            "Div": -0.018650932230484547,
            "DDS": 0.009742370876967724
          }
        },
        "sa_gt_one_third_warning": false,
        "div_is_lowest_warning": false
      }
    },
    "96": {
      "sa": 0.27503976923492035,
      "div": 0.37377703430254977,
      "dds": 0.35118319646253,
      "bias": -0.030381439109961127,
      "ridge_lambda": 0.01,
      "proxy_log": "",
      "dynamic_components": [
        "A",
        "C",
        "T"
      ],
      "dynamic_cache_path": "weights/dynamic_cache/cifar100/resnet18/96/200",
      "dynamic_component_cache_paths": {
        "A": "weights/dynamic_cache/cifar100/resnet18/96/200/A.npz",
        "C": "weights/dynamic_cache/cifar100/resnet18/96/200/C.npz",
        "T": "weights/dynamic_cache/cifar100/resnet18/96/200/T.npz"
      },
      "proxy_training_seed": 96,
      "proxy_log_seed_free": false,
      "dynamic_cache_seed_free": false,
      "output_seed": 96,
      "adapter_seed": 96,
      "diagnostics": {
        "dynamic_static_pearson": {
          "A": {
            "SA": -0.44751053601445934,
            "Div": 0.4564865196329179,
            "DDS": 0.12899567609380827
          },
          "C": {
            "SA": -0.07151125373497792,
            "Div": 0.18489952929224543,
            "DDS": 0.09520115856646305
          },
          "T": {
            "SA": 0.018257820399330205,
            "Div": -0.0063223877519564264,
            "DDS": 0.00589273825003313
          }
        },
        "sa_gt_one_third_warning": false,
        "div_is_lowest_warning": false
      }
    },
    "naive": {
      "dds": 0.3333333333333333,
      "div": 0.3333333333333333,
      "sa": 0.3333333333333333
    }
  },
  "cifar10": {
    "22": {
      "sa": 0.2981085859791826,
      "div": 0.35808512244861823,
      "dds": 0.3438062915721991,
      "bias": -0.11703176330275382,
      "ridge_lambda": 0.01,
      "proxy_log": "",
      "dynamic_components": [
        "A",
        "C",
        "T"
      ],
      "dynamic_cache_path": "weights/dynamic_cache/cifar10/resnet18/22/200",
      "dynamic_component_cache_paths": {
        "A": "weights/dynamic_cache/cifar10/resnet18/22/200/A.npz",
        "C": "weights/dynamic_cache/cifar10/resnet18/22/200/C.npz",
        "T": "weights/dynamic_cache/cifar10/resnet18/22/200/T.npz"
      },
      "proxy_training_seed": 22,
      "proxy_log_seed_free": false,
      "dynamic_cache_seed_free": false,
      "output_seed": 22,
      "adapter_seed": 22,
      "diagnostics": {
        "dynamic_static_pearson": {
          "A": {
            "SA": -0.39585389267659166,
            "Div": 0.39489704283883065,
            "DDS": 0.2110543895473152
          },
          "C": {
            "SA": -0.030895819993135443,
            "Div": 0.14380041272670377,
            "DDS": 0.048182078659972545
          },
          "T": {
            "SA": 0.026451389104368978,
            "Div": -0.020682478800737383,
            "DDS": -0.020973361880468944
          }
        },
        "sa_gt_one_third_warning": false,
        "div_is_lowest_warning": false
      }
    },
    "42": {
      "sa": 0.29912626843792384,
      "div": 0.35676141059205074,
      "dds": 0.3441123209700255,
      "bias": -0.11746062451951449,
      "ridge_lambda": 0.01,
      "proxy_log": "weights/proxy_logs/cifar10/resnet18/42/200",
      "dynamic_components": [
        "A",
        "C",
        "T"
      ],
      "dynamic_cache_path": "weights/dynamic_cache/cifar10/resnet18/42/200",
      "dynamic_component_cache_paths": {
        "A": "weights/dynamic_cache/cifar10/resnet18/42/200/A.npz",
        "C": "weights/dynamic_cache/cifar10/resnet18/42/200/C.npz",
        "T": "weights/dynamic_cache/cifar10/resnet18/42/200/T.npz"
      },
      "proxy_training_seed": 42,
      "proxy_log_seed_free": false,
      "dynamic_cache_seed_free": false,
      "output_seed": 42,
      "adapter_seed": 42,
      "diagnostics": {
        "dynamic_static_pearson": {
          "A": {
            "SA": -0.39589474964309906,
            "Div": 0.40258767075940083,
            "DDS": 0.21687789657667364
          },
          "C": {
            "SA": -0.02389455901898588,
            "Div": 0.14893752515664885,
            "DDS": 0.05529280375012614
          },
          "T": {
            "SA": 0.048746538228055185,
            "Div": -0.03623701393731805,
            "DDS": -0.03564691507897688
          }
        },
        "sa_gt_one_third_warning": false,
        "div_is_lowest_warning": false
      }
    },
    "96": {
      "sa": 0.2981977204548542,
      "div": 0.35870031854280254,
      "dds": 0.34310196100234336,
      "bias": -0.12095377169647405,
      "ridge_lambda": 0.01,
      "proxy_log": "",
      "dynamic_components": [
        "A",
        "C",
        "T"
      ],
      "dynamic_cache_path": "weights/dynamic_cache/cifar10/resnet18/96/200",
      "dynamic_component_cache_paths": {
        "A": "weights/dynamic_cache/cifar10/resnet18/96/200/A.npz",
        "C": "weights/dynamic_cache/cifar10/resnet18/96/200/C.npz",
        "T": "weights/dynamic_cache/cifar10/resnet18/96/200/T.npz"
      },
      "proxy_training_seed": 96,
      "proxy_log_seed_free": false,
      "dynamic_cache_seed_free": false,
      "output_seed": 96,
      "adapter_seed": 96,
      "diagnostics": {
        "dynamic_static_pearson": {
          "A": {
            "SA": -0.39669361871707676,