{
  "cifar10": {
    "naive": {
      "dds": 1.0,
      "div": 1.0,
      "sa": 1.0
    },
    "learned": {
      "sa": 0.9497867803543483,
      "div": 0.050213219645651716,
      "dds": 0.0
    },
    "learned_meta": {
      "raw_sa": 0.059139156645257734,
      "raw_div": 0.0031265622176579865,
      "raw_dds": -0.05217910964271172,
      "bias": 0.4424460005477412,
      "ridge_lambda": 0.1,
      "proxy_log": "weights\\proxy_logs\\cifar10_resnet18_2026_01_12_14_31.npz"
    }
  }
}